#pragma once
#include <Arduino.h>
#include "PhotoDigitTypes.h"

// Hero Face digit glyphs (0-9): embossed red web-textured numerals with a
// blue lower panel and a metallic bevel edge, traced from a fan-made
// digit-font reference image, converted to RGB565 and matted onto
// COL_HERO_BG (clock_display.cpp) - the same flat colour the rest of the
// face's background is filled with, so there's no visible seam where a
// glyph's edge meets the page around it. Plain opaque bitmaps, same as
// Botanical/Silver's own photo digits - no transparency needed, since this
// face's background is a fixed colour rather than a live video frame.

// hero_img_0  39 x 85  (RGB565)
const uint16_t hero_img_0[] PROGMEM = {
  0xF77C, 0xF77C, 0xF77C, 0xF77C, 0xF77C, 0xF77C, 0xF77C, 0xF77C, 0xF77C, 0xEF5B, 0xEF5B, 0xEF5B, 0xEF5B, 0xEF5B, 0xEF5B, 0xEF5B,
  0xEF7C, 0xF77C, 0xF77C, 0xF77C, 0xF77C, 0xF77C, 0xEF7C, 0xEF5C, 0xEF5B, 0xEF5B, 0xEF5B, 0xEF5B, 0xEF5B, 0xEF5B, 0xF77C, 0xF77C,
  0xF77C, 0xF77C, 0xF77C, 0xF77C, 0xF77C, 0xF77C, 0xF77C, 0xF77C, 0xF77C, 0xF77C, 0xF77C, 0xF77C, 0xF77C, 0xF77C, 0xF77C, 0xF77C,
  0xF77C, 0xF77C, 0xF77C, 0xF77C, 0xF77C, 0xF77C, 0xF77C, 0xF77C, 0xF77C, 0xF77C, 0xF77C, 0xF77C, 0xF77C, 0xF77C, 0xF77C, 0xF77C,
  0xF77C, 0xF77C, 0xF77C, 0xF77C, 0xF77C, 0xF77C, 0xF77C, 0xF77C, 0xF77C, 0xF77C, 0xF77C, 0xF77C, 0xF77C, 0xF77C, 0xF77C, 0xF77C,
  0xF77C, 0xF77C, 0xF77C, 0xF77C, 0xF77C, 0xF77C, 0xF77C, 0xE6FA, 0xEF1B, 0xE71B, 0xE71B, 0xE71B, 0xEF3B, 0xEF3B, 0xEF3B, 0xEF3B,
  0xEF5C, 0xEF7C, 0xEF5C, 0xEF5C, 0xEF5B, 0xEF3B, 0xEF3B, 0xE71B, 0xE71A, 0xE71A, 0xEF3B, 0xE6FA, 0xF77C, 0xEF5B, 0xF77C, 0xF77C,
  0xF77C, 0xF77C, 0xF77C, 0xF77C, 0xF77C, 0xF77C, 0xF77C, 0xF77C, 0xF77C, 0xF77C, 0xF77C, 0xEF5B, 0xF77C, 0xA534, 0xDF1C, 0xEF9E,
  0xEF9E, 0xEF9D, 0xEF9D, 0xEF9E, 0xEF7D, 0xEF9E, 0xEFBE, 0xE75D, 0xEF7D, 0xE75D, 0xE75D, 0xE75D, 0xEF9E, 0xEF9D, 0xEF9E, 0xEF9D,
  0xE75D, 0xE75D, 0xC639, 0xA513, 0xF77C, 0xEF5B, 0xF77C, 0xF77C, 0xF77C, 0xF77C, 0xF77C, 0xF77C, 0xF77C, 0xF77C, 0xF77C, 0xF77C,
  0xF77C, 0xEF5B, 0xF77C, 0xCE58, 0xA597, 0x9CB2, 0x8B2C, 0x8B8D, 0x7248, 0x7A69, 0x7A48, 0x82AA, 0x7AEB, 0x7248, 0x6A28, 0x6ACA,
  0x48E3, 0x7248, 0x8B2C, 0x7289, 0x7269, 0x7269, 0x7249, 0x7269, 0x51A6, 0xAD75, 0x7C11, 0xD698, 0xF77C, 0xEF5B, 0xF77C, 0xF77C,
  0xF77C, 0xF77C, 0xF77C, 0xF77C, 0xF77C, 0xF77C, 0xF77C, 0xEF5B, 0xEF5C, 0xEF3B, 0x9D55, 0xA4B3, 0x7ACA, 0xC208, 0xE0A3, 0xD904,
  0xD904, 0xE124, 0xE0A3, 0xD0E3, 0xD062, 0xC104, 0xAACB, 0xD8A3, 0xD882, 0xD8E3, 0xD8E3, 0xD945, 0xD8E4, 0xD8C3, 0xE145, 0xB34C,
  0x9A69, 0x9CF3, 0x8C92, 0xF77C, 0xEF5B, 0xEF5B, 0xF77C, 0xF77C, 0xF77C, 0xF77C, 0xF77C, 0xF77C, 0xF77C, 0xF77C, 0xEF5B, 0xF77C,
  0xAD95, 0xB5F8, 0x81C7, 0xB1E8, 0xA2EB, 0xF0E4, 0xE904, 0xE945, 0xE945, 0xE105, 0xE0E4, 0xF0C4, 0xD1C7, 0xAB6D, 0xF945, 0xE0E3,
  0xF165, 0xF1A6, 0xE924, 0xE904, 0xE905, 0xCA08, 0xB36D, 0xF146, 0xAAEB, 0x9514, 0xB575, 0xF77C, 0xEF5B, 0xF77C, 0xF77C, 0xF77C,
  0xF77C, 0xF77C, 0xF77C, 0xF77C, 0xEF5B, 0xF77C, 0xDEB9, 0xB639, 0x8AAB, 0xC9E7, 0xD042, 0xA289, 0xDA28, 0xF8E4, 0xE8E4, 0xE883,
  0xF0C4, 0xD925, 0xCAAA, 0xABAE, 0xB491, 0xBAEB, 0xEA8A, 0xF124, 0xF0C3, 0xE0C4, 0xE0C4, 0xE8A4, 0xAB0C, 0xB904, 0xE145, 0xD1A6,
  0x8A8A, 0x9D55, 0xD698, 0xF77C, 0xEF5B, 0xF77C, 0xF77C, 0xF77C, 0xF77C, 0xF77C, 0xF77C, 0xF77C, 0xF77C, 0xB5D7, 0x9C51, 0xB1A5,
  0xD925, 0xD8C3, 0xC145, 0xBBCE, 0xE1A7, 0xD9E7, 0xCA07, 0xB2CB, 0xAB8D, 0xBA69, 0xC924, 0xA1C7, 0xB945, 0x9B0B, 0xBBAE, 0xCA49,
  0xC186, 0xC1A7, 0xCB4D, 0xC30B, 0xF0C3, 0xD862, 0xE9E7, 0xB1C7, 0x9C31, 0x9D14, 0xF77C, 0xEF5B, 0xF77C, 0xF77C, 0xF77C, 0xF77C,
  0xF77C, 0xEF5B, 0xF77C, 0xB5B6, 0xBDF8, 0x91A6, 0xE1C7, 0xC862, 0xD8E3, 0xD882, 0xB4B2, 0xAB6D, 0xB289, 0xAA49, 0xC186, 0xD0A3,
  0xF105, 0xD0C3, 0xBA69, 0xF104, 0xE0A2, 0xC186, 0xA249, 0xA28A, 0xB2AB, 0xAD13, 0xB165, 0xF0E4, 0xD8E4, 0xD8E3, 0xEA49, 0x9186,
  0x9515, 0xBDB6, 0xF77C, 0xEF5B, 0xF77C, 0xF77C, 0xF77C, 0xEF5B, 0xF77C, 0xCE37, 0xB639, 0x8ACA, 0xD207, 0xD882, 0xD0E4, 0xD0A3,
  0xC104, 0xBC2F, 0xAA69, 0xE0A2, 0xE8A3, 0xE904, 0xE125, 0xE0E4, 0xC965, 0xB2CB, 0xD904, 0xE0E4, 0xE8E4, 0xE0E4, 0xE8C4, 0xC946,
  0x9AAA, 0x78A2, 0xE8A3, 0xE0C3, 0xD904, 0xD8C3, 0xC924, 0x7A6A, 0x9515, 0xD678, 0xF77C, 0xEF5B, 0xF77C, 0xEF5B, 0xEF7C, 0xEF3B,
  0xA5B7, 0xA4D3, 0xA9E6, 0xE165, 0xD8A2, 0xD0C3, 0xD8A3, 0xBB0C, 0xC145, 0xB32C, 0xB986, 0xE8E4, 0xD083, 0xD0C4, 0xE0C4, 0xD104,
  0xAA8A, 0xD8C4, 0xD8C3, 0xD0A3, 0xD8C3, 0xE8E4, 0xBB2D, 0xE207, 0x7861, 0xB104, 0xE0A3, 0xD0A3, 0xC882, 0xD924, 0xA0E4, 0x9451,
  0x94F4, 0xEF5B, 0xEF5B, 0xEF5B, 0xEF5B, 0xF77C, 0xB5B6, 0xB5D7, 0x9207, 0xE1A7, 0xC862, 0xD8C3, 0xE0A2, 0xC125, 0xB32C, 0xD8C3,
  0xA104, 0x9A28, 0xE8A3, 0xD8C4, 0xD083, 0xD062, 0xC0E4, 0xAAAA, 0xD062, 0xD882, 0xD904, 0xE082, 0xC125, 0xB2CB, 0xF165, 0xC8C3,
  0x8248, 0xC8E4, 0xC8A3, 0xD0A3, 0xC882, 0xD125, 0x89C7, 0x9515, 0xAD55, 0xF77C, 0xEF5B, 0xF77C, 0xDEB9, 0xC69A, 0x9B8D, 0xD966,
  0xC862, 0xC0A3, 0xD082, 0xE0A3, 0xB32D, 0xC945, 0xE104, 0xD8A3, 0x89C7, 0xB883, 0xE062, 0xD0C3, 0xE125, 0xD165, 0xAA69, 0xF1A6,
  0xE104, 0xE0C3, 0xE0A3, 0x91A6, 0xC945, 0xE0A2, 0xE0C4, 0x9104, 0xA1C7, 0xE063, 0xC0A3, 0xC882, 0xD883, 0xC062, 0x934D, 0x8CD4,
  0xCE58, 0xF77C, 0xEF5B, 0x7C10, 0xAD34, 0xBC0F, 0xBA49, 0xC8C3, 0xC862, 0xD862, 0xA987, 0xC289, 0xE8A2, 0xD8A3, 0xE8A3, 0xB9C6,
  0xAA69, 0xB0E4, 0x89A6, 0xA1C7, 0x99A6, 0xC4D2, 0x9125, 0xA1E7, 0xBAAA, 0xB289, 0xAA28, 0xD883, 0xC062, 0xC8A3, 0xD105, 0x81E7,
  0xC145, 0xE062, 0xD862, 0xC0C3, 0xB1E8, 0xBBCE, 0x7C10, 0x6B6E, 0xF77C, 0xEF1A, 0x424A, 0x6228, 0xD0E4, 0xB249, 0xB32C, 0xBA48,
  0xB125, 0xAA08, 0xE881, 0xD0E3, 0xD0A3, 0xD0A3, 0xD904, 0xA2AA, 0x5A69, 0xCE58, 0xBDB5, 0x6B2C, 0x8BEF, 0x41E7, 0x4208, 0x7BEF,
  0xA4F2, 0xD9C7, 0xD8C3, 0xC083, 0xC862, 0xD924, 0xC883, 0xA269, 0xD9E7, 0xBA6A, 0xA30B, 0xC1E7, 0xA8C3, 0x528A, 0x5AAB, 0xEF3B,
  0xEF3B, 0x5B0D, 0x4125, 0xC8C3, 0xD062, 0xD883, 0xC2EB, 0xB574, 0xB1E7, 0xE0A2, 0xE0A3, 0xC042, 0xD0C3, 0xB082, 0x69E7, 0x9C0F,
  0xCE16, 0x93EF, 0x9BEE, 0x832C, 0x7ACA, 0x5A08, 0x49C7, 0x79A6, 0x91A6, 0xE0E4, 0xC0A3, 0xC842, 0xD042, 0xE105, 0xB289, 0xCE57,
  0xBB0C, 0xD083, 0xD883, 0x9082, 0x52EB, 0x5209, 0xEF1A, 0xF75B, 0x5B0D, 0x6A8A, 0xD0E4, 0xC062, 0xE062, 0xC062, 0xB34D, 0xC9C7,
  0xB2AA, 0xA9A6, 0xD0A2, 0xD882, 0x58C3, 0x78C3, 0x8A69, 0xEF3B, 0xE6FA, 0xB5B5, 0xEF5B, 0xF77C, 0xF77C, 0xD699, 0x8145, 0x7A48,
  0xBA08, 0xD8C3, 0xB8A3, 0xA987, 0xAAEB, 0xBA08, 0xA2EB, 0xD0A4, 0xD082, 0xC8A2, 0x9882, 0x5AEC, 0x6249, 0xEF1A, 0xF75B, 0x634D,
  0x72CB, 0xD104, 0xD083, 0xD041, 0xB883, 0xB36D, 0xD062, 0xC083, 0xB249, 0xBB8D, 0x7104, 0x4841, 0x80A3, 0x4249, 0xF77C, 0xDED9,
  0xAD74, 0xE6FA, 0xEF3B, 0xEF3B, 0xF77C, 0xB4B2, 0x8186, 0xC553, 0xC249, 0xB34C, 0xC269, 0xD905, 0xC0A3, 0xCBAE, 0xD883, 0xD082,
  0xD8A3, 0x9082, 0x5AEC, 0x624A, 0xEF1A, 0xF77B, 0x636E, 0x6AAB, 0xC8E3, 0xC082, 0xC842, 0xB8A3, 0xA229, 0xC0A3, 0xB041, 0xD062,
  0xB124, 0x9C50, 0x80C3, 0x38E4, 0x73EF, 0xF77C, 0xF77C, 0xF77C, 0xF77C, 0xF77C, 0xEF5B, 0xEF5B, 0xDEB9, 0x4925, 0x8B4D, 0xBC50,
  0xD904, 0xD862, 0xD082, 0xB924, 0xB2AA, 0xE082, 0xC882, 0xC082, 0x9082, 0x52EB, 0x6A6A, 0xEF1A, 0xF77B, 0x6B6E, 0x6ACB, 0xC0E3,
  0xB842, 0xC882, 0xA8A3, 0x99A6, 0xD882, 0xC8A3, 0xC882, 0xB021, 0xA34C, 0xA1E7, 0x4249, 0xEF5B, 0xEF5B, 0xEF5B, 0xEF5B, 0xEF5B,
  0xF77C, 0xF77C, 0xEF5B, 0xF77C, 0x838D, 0xB3EF, 0xC30B, 0xD882, 0xD0A3, 0xD862, 0xC0A3, 0xA228, 0xD842, 0xC862, 0xC0A3, 0x9082,
  0x5AEC, 0x6A8B, 0xEF1A, 0xF77B, 0x6B8F, 0x62AB, 0xC0C3, 0xA862, 0xC041, 0xA0E4, 0xB228, 0xE882, 0xC861, 0xD062, 0xA062, 0xA38D,
  0xA208, 0xA533, 0xF77C, 0xEF5B, 0xF77C, 0xF77C, 0xF77C, 0xF77C, 0xF77C, 0xEF5B, 0xF77C, 0xEE99, 0xD491, 0xBB4C, 0xD061, 0xC8A3,
  0xC862, 0xC8A3, 0xB2CA, 0xC882, 0xB862, 0xB862, 0x9061, 0x5AEC, 0x72AB, 0xEF1A, 0xF77B, 0x6B8E, 0x6A8A, 0xB882, 0xB862, 0xD862,
  0xA1E8, 0xC965, 0xD041, 0xD082, 0xD8A3, 0xA062, 0xD574, 0x9A28, 0x9CD2, 0xEF5B, 0xEF5B, 0xF77C, 0xF77C, 0xF77C, 0xF77C, 0xF77C,
  0xEF5B, 0xF77C, 0xE698, 0xCC91, 0xA32C, 0xC062, 0xC0A3, 0xC882, 0xC883, 0xAA69, 0xB8A3, 0xC862, 0xC882, 0x9062, 0x5B0C, 0x7ACB,
  0xEF1A, 0xF77B, 0x738E, 0x62AB, 0xC104, 0xE0A2, 0xC841, 0xAA49, 0xC862, 0xC882, 0xC0A3, 0xC042, 0x9882, 0xDDB5, 0xA249, 0xA4F2,
  0xF77C, 0xEF5B, 0xF77C, 0xF77C, 0xF77C, 0xF77C, 0xF77C, 0xEF5B, 0xF77C, 0xE698, 0xCC91, 0xAB4C, 0xB862, 0xB862, 0xC082, 0xE0C3,
  0xBA08, 0xB986, 0xE021, 0xD883, 0xA041, 0x5AEB, 0x7ACB, 0xEF1A, 0xF77B, 0x738E, 0x72EC, 0xB2CA, 0xBB2C, 0xAC0F, 0xA1A6, 0xD0A3,
  0xC8A3, 0xC8A3, 0xB882, 0x78C3, 0xE616, 0xA289, 0xA513, 0xF77C, 0xEF5B, 0xF77C, 0xF77C, 0xF77C, 0xF77C, 0xF77C, 0xEF5B, 0xF77C,
  0xE698, 0xD4D2, 0x9B4C, 0xC862, 0xD062, 0xD841, 0xF082, 0xD966, 0xBB4C, 0xC925, 0xB166, 0x91C7, 0x734D, 0x728A, 0xEF1A, 0xF77B,
  0x7BCF, 0x72CB, 0xE145, 0xC8A3, 0xC3EF, 0xA34C, 0xB269, 0x9249, 0xA269, 0x8904, 0xA883, 0xEE16, 0xAB0B, 0xA513, 0xF77C, 0xEF5B,
  0xF77C, 0xF77C, 0xF77C, 0xF77C, 0xF77C, 0xEF5B, 0xF77C, 0xE698, 0xCCF3, 0xB30C, 0xD041, 0xB925, 0xBA08, 0xB2AA, 0x9A08, 0xCD95,
  0xBBAD, 0xC9E7, 0x8904, 0x62EB, 0x82AA, 0xEF1A, 0xF75B, 0x7BCF, 0x72CB, 0xD924, 0xD083, 0xB082, 0x9145, 0xC862, 0xB8A3, 0xA186,
  0xAB4C, 0xA28A, 0xE5F6, 0xB32C, 0xA513, 0xF77C, 0xEF5B, 0xF77C, 0xF77C, 0xF77C, 0xF77C, 0xF77C, 0xEF5B, 0xF77C, 0xE699, 0xD4F3,
  0xC4F2, 0x9228, 0xAB0B, 0xB1C7, 0xC925, 0xC0E4, 0xB2AB, 0xD862, 0xE862, 0x9041, 0x62EB, 0x92CB, 0xE71A, 0xF77B, 0x7BCF, 0x7B0C,
  0xC061, 0xC0A3, 0xC042, 0x89E7, 0xA842, 0xC082, 0xC821, 0xD083, 0xB145, 0xDD95, 0xB34C, 0xAD33, 0xF77C, 0xEF5B, 0xF77C, 0xF77C,
  0xF77C, 0xF77C, 0xF77C, 0xEF5B, 0xF77C, 0xBD54, 0xD4B1, 0xB3EF, 0xC861, 0xC821, 0xC842, 0xD062, 0xA9A7, 0xC1E8, 0xD042, 0xD082,
  0x8861, 0x6AEB, 0x92CB, 0xE71A, 0xF75B, 0x83EF, 0xA430, 0xC882, 0xC062, 0xC842, 0xA28A, 0xB8A4, 0xB883, 0xC882, 0xB0C3, 0x8208,
  0xDD53, 0xB34C, 0xA533, 0xF77C, 0xEF5B, 0xF77C, 0xF77C, 0xF77C, 0xF77C, 0xF77C, 0xF75B, 0xF77C, 0xDE37, 0xD513, 0xAB0C, 0xC021,
  0xB882, 0xB862, 0xC862, 0xA208, 0xB904, 0xE041, 0xE061, 0x9061, 0x6AEB, 0x92CB, 0xE71A, 0xF77B, 0x7BCF, 0x8B8E, 0xC0C3, 0xA821,
  0xC042, 0x7861, 0xB042, 0xC862, 0xC862, 0xB8A3, 0x9924, 0xDD74, 0xB32C, 0xA513, 0xF77C, 0xEF5B, 0xF77C, 0xF77C, 0xF77C, 0xF77C,
  0xF77C, 0xEF5B, 0xF77C, 0xEEB9, 0xD513, 0xA34C, 0xC062, 0xC882, 0xA821, 0xC021, 0xBA8A, 0xC0E4, 0xC841, 0xD862, 0x9061, 0x72EB,
  0x9AEB, 0xE71A, 0xF75B, 0x7BAE, 0x72CB, 0xC904, 0xB862, 0xC862, 0x9945, 0xB883, 0xD842, 0xC862, 0xD0A3, 0x9882, 0xE617, 0xB30B,
  0xA513, 0xF77C, 0xEF5B, 0xF77C, 0xF77C, 0xF77C, 0xF77C, 0xF77C, 0xEF5B, 0xF77C, 0xE698, 0xD514, 0xA34C, 0xC821, 0xD082, 0xC062,
  0xC841, 0x9165, 0xB0A3, 0xC841, 0xD062, 0x8841, 0x72EB, 0xA30C, 0xE71A, 0xF75B, 0x7B8E, 0x8B8E, 0xB061, 0xB882, 0xD000, 0xA965,
  0xB082, 0xC021, 0xC062, 0xC883, 0x9082, 0xDE37, 0xB30B, 0xA4F2, 0xF77C, 0xEF5B, 0xF77C, 0xF77C, 0xF77C, 0xF77C, 0xF77C, 0xEF5B,
  0xF77C, 0xE699, 0xD513, 0xA34C, 0xB041, 0xC062, 0xC821, 0xD862, 0xA186, 0xA925, 0xB821, 0xC042, 0x78A2, 0x8B4D, 0xAAEB, 0xE71A,
  0xF75B, 0x7B8E, 0xA450, 0xB882, 0xB841, 0xC841, 0xA0A2, 0x8841, 0xC862, 0xC061, 0xC041, 0x88A2, 0xE658, 0xBB4C, 0xAD13, 0xF77C,
  0xEF5B, 0xF77C, 0xF77C, 0xF77C, 0xF77C, 0xF77C, 0xEF5B, 0xF77C, 0xE698, 0xD4F3, 0xC34C, 0xC800, 0xB821, 0xD062, 0xD821, 0xB9E8,
  0xC166, 0xB841, 0xC062, 0xA165, 0xA430, 0xA2CB, 0xE71A, 0xF75B, 0x7B8E, 0x6A8A, 0xB8A3, 0xB862, 0xC042, 0xA082, 0x8882, 0xC062,
  0xA882, 0xB821, 0x8820, 0xD5D5, 0xC3AD, 0xAD13, 0xF77C, 0xEF5B, 0xF77C, 0xF77C, 0xF77C, 0xF77C, 0xF77C, 0xEF5B, 0xF77C, 0xE699,
  0xDCF2, 0xA34C, 0x88A2, 0x9104, 0xA8E3, 0xB841, 0xA0E4, 0xA1A6, 0xD042, 0xD041, 0x8841, 0x8B0B, 0xB32C, 0xE71A, 0xF75B, 0x7BAE,
  0x5987, 0xB841, 0xA841, 0xB001, 0xA124, 0xA0E4, 0xD041, 0xB021, 0xA0C3, 0x89E7, 0xDE78, 0xCBEF, 0xB513, 0xF77C, 0xEF5B, 0xF77C,
  0xF77C, 0xF77C, 0xF77C, 0xF77C, 0xEF5B, 0xF77C, 0xEEB9, 0xD471, 0x9BCE, 0xAA8A, 0xA30C, 0x930C, 0x81E7, 0x8104, 0x9C91, 0xAAEB,
  0xC28A, 0x9269, 0x9B8D, 0xAB2C, 0xE71A, 0xF75B, 0x7B6E, 0x72AB, 0xD082, 0xB021, 0xC041, 0x7985, 0x9104, 0xA145, 0xA248, 0xAA68,
  0x9124, 0xCD74, 0xC3EF, 0xB513, 0xF77C, 0xEF5B, 0xF77C, 0xF77C, 0xF77C, 0xF77C, 0xF77C, 0xEF5B, 0xF77C, 0xE699, 0xDD13, 0xAB2C,
  0xE000, 0xB8A3, 0x9145, 0x90A3, 0x70E3, 0xC208, 0xD104, 0xD104, 0x9925, 0x9B8D, 0xAB0C, 0xE71A, 0xF75B, 0x738E, 0x6A49, 0xA882,
  0x8904, 0xBBEE, 0xCDF6, 0xB40F, 0xAB6C, 0x81A6, 0xA0A3, 0x9000, 0xBCD2, 0xC3EE, 0xAD13, 0xF77C, 0xEF5B, 0xF77C, 0xF77C, 0xF77C,
  0xF77C, 0xF77C, 0xEF5B, 0xF77C, 0xE698, 0xD4F3, 0xAB2C, 0xA841, 0x8986, 0xB903, 0xC821, 0x9986, 0xD842, 0xC821, 0xE0A3, 0x8082,
  0x8B4C, 0xAB2C, 0xE71A, 0xF75B, 0x734D, 0x6B0C, 0x9AEB, 0x8124, 0xD1C7, 0x8945, 0xB062, 0xC862, 0xA0C3, 0x88E4, 0x8862, 0xD5D5,
  0xBBEE, 0xB533, 0xF77C, 0xEF5B, 0xF77C, 0xF77C, 0xF77C, 0xF77C, 0xF77C, 0xEF5B, 0xF77C, 0xE698, 0xDD34, 0xA40F, 0x8821, 0xC082,
  0xD041, 0xA0A2, 0x9945, 0xD042, 0xB882, 0xB862, 0x78C3, 0x9B6D, 0xAB0C, 0xE71A, 0xF75B, 0x730C, 0x6249, 0xC8E4, 0xD0A3, 0xD801,
  0xB062, 0x8945, 0xC822, 0xA821, 0xA8A3, 0x8062, 0xDDF6, 0xBC0F, 0xAD13, 0xF77C, 0xEF5B, 0xF77C, 0xF77C, 0xF77C, 0xF77C, 0xF77C,
  0xEF5B, 0xF77C, 0xE699, 0xD575, 0x9BAE, 0xB021, 0xB882, 0xB800, 0x9041, 0x98A3, 0xC042, 0xA862, 0xC862, 0x9986, 0xAC50, 0xA2CB,
  0xE71A, 0xF75B, 0x6ACB, 0x7B0C, 0xB062, 0xA821, 0xC041, 0xC062, 0xAA8A, 0xB082, 0xB021, 0x9862, 0x80A3, 0xCDD5, 0xC3CE, 0xBD74,
  0xF77C, 0xEF5B, 0xF77C, 0xF77C, 0xF77C, 0xF77C, 0xF77C, 0xEF5B, 0xF77C, 0xE6B9, 0xD596, 0xABCE, 0xA082, 0xA061, 0xB821, 0x9061,
  0xA0A3, 0xC041, 0xB021, 0xB821, 0x8145, 0xAC0F, 0xAB0C, 0xE71A, 0xEF3B, 0x628A, 0x8B6D, 0xB882, 0xA821, 0xB041, 0x9800, 0x8862,
  0xB021, 0xD020, 0x7882, 0x50E3, 0xD5D6, 0xC3AD, 0xCE16, 0xF77C, 0xEF5B, 0xF77C, 0xF77C, 0xF77C, 0xF77C, 0xF77C, 0xEF5B, 0xF77C,
  0xE6B9, 0xD5B6, 0xA34C, 0xC841, 0xB062, 0x8821, 0x60A3, 0xA062, 0xC021, 0xC082, 0xB061, 0x8924, 0xABEF, 0xAB0C, 0xE71A, 0xEF3B,
  0x534F, 0x636E, 0xB165, 0xB841, 0xA821, 0xB021, 0x9021, 0xA021, 0xC000, 0x7165, 0x7841, 0xBCD2, 0xC3CE, 0xACF2, 0xF77C, 0xEF5B,
  0xF77C, 0xF77C, 0xF77C, 0xF77C, 0xF77C, 0xEF5B, 0xF77C, 0xEEFA, 0xB492, 0x6A28, 0x90E3, 0xB021, 0x8021, 0x60C3, 0x9062, 0xB000,
  0xB041, 0xC062, 0xA185, 0xAC71, 0xA30C, 0xE71A, 0xE71A, 0x5C74, 0x5BD1, 0x7B8F, 0xA841, 0xB021, 0xB021, 0x9021, 0x9821, 0x91E7,
  0xB166, 0x8000, 0xB4F2, 0xC3CE, 0xAD13, 0xF77C, 0xEF5B, 0xF77C, 0xF77C, 0xF77C, 0xF77C, 0xF77C, 0xEF5B, 0xF77C, 0xE6B9, 0xC513,
  0xAC0F, 0x89C7, 0xBC2F, 0x80E3, 0x7862, 0x9862, 0xA841, 0xB062, 0xC021, 0x932B, 0xACF3, 0x9B2C, 0xEF3B, 0xE71A, 0x74F6, 0x8493,
  0x1A71, 0x936F, 0xB841, 0xA021, 0x8821, 0x7125, 0x71C7, 0xB841, 0x9145, 0xCDD5, 0xC3AE, 0xAD13, 0xF77C, 0xEF5B, 0xF77C, 0xF77C,
  0xF77C, 0xF77C, 0xF77C, 0xEF5B, 0xF77C, 0xE6B9, 0xDD54, 0xBC50, 0xC0A4, 0xD1A7, 0xB249, 0x71E7, 0x9862, 0xC882, 0xC021, 0x7882,
  0x4A6B, 0xAC92, 0x9B2C, 0xE71A, 0xE71A, 0x8D98, 0x6BF1, 0x01AE, 0x3B52, 0xA9A6, 0x9001, 0x9082, 0x8104, 0x98C3, 0x7862, 0x70C3,
  0xC553, 0xC3AD, 0xAD13, 0xF77C, 0xEF5B, 0xF77C, 0xF77C, 0xF77C, 0xF77C, 0xF77C, 0xEF5B, 0xF77C, 0xE699, 0xDD33, 0xA450, 0x9882,
  0xB8A3, 0xD842, 0xA986, 0x71C7, 0xC841, 0xC124, 0x29EA, 0x324C, 0xAC71, 0x9B0B, 0xE71A, 0xE6FA, 0x8D98, 0x4AEE, 0x01AE, 0x0231,
  0x5A4B, 0xA041, 0xA842, 0x5801, 0x60A3, 0x7882, 0x9000, 0xB470, 0xBBCE, 0xAD13, 0xF77C, 0xEF5B, 0xF77C, 0xF77C, 0xF77C, 0xF77C,
  0xF77C, 0xEF5B, 0xF77C, 0xE698, 0xE513, 0x8B2C, 0x9021, 0xC842, 0xB042, 0x8924, 0x7965, 0x7A28, 0x7BAE, 0x09CD, 0x3A6D, 0xA471,
  0x9B0C, 0xE71A, 0xE71A, 0x8557, 0x9515, 0x098E, 0x01D0, 0x1886, 0x88E3, 0x6041, 0x4082, 0x78A3, 0xA821, 0x7061, 0xC553, 0xBBCE,
  0xAD13, 0xF77C, 0xEF5B, 0xF77C, 0xF77C, 0xF77C, 0xF77C, 0xF77C, 0xEF5B, 0xF77C, 0xE699, 0xE533, 0xA36D, 0x9021, 0xC042, 0x78E3,
  0x9965, 0x9863, 0xB0C3, 0x2127, 0x018D, 0x320C, 0xAC72, 0x932C, 0xE71A, 0xE71A, 0x7D16, 0xA597, 0x09CF, 0x018F, 0x3148, 0xA8A2,
  0x6882, 0x48C3, 0xA882, 0x9021, 0x9082, 0xDE16, 0xBBAD, 0xAD13, 0xF77C, 0xEF5B, 0xF77C, 0xF77C, 0xF77C, 0xF77C, 0xF77C, 0xEF5B,
  0xF77C, 0xEEB9, 0xCC30, 0x82AA, 0x6082, 0x71E7, 0x98C3, 0xA801, 0xB801, 0xB801, 0x20C6, 0x01F0, 0x6391, 0xBCF3, 0x8AEB, 0xEF3B,
  0xE71A, 0x7D16, 0x84D5, 0x01EF, 0x01AF, 0x630D, 0xB020, 0x88E4, 0x8966, 0xC0A3, 0x98A3, 0x7104, 0xDE16, 0xC38D, 0xA4F2, 0xF77C,
  0xEF5B, 0xF77C, 0xF77C, 0xF77C, 0xF77C, 0xF77C, 0xEF5B, 0xF77C, 0xE699, 0xCCB2, 0xB30C, 0x8841, 0x5904, 0xC000, 0xC000, 0xB841,
  0xB903, 0x3167, 0x01EF, 0x4AAE, 0xACB2, 0x8AEC, 0xE71A, 0xE71A, 0x74F5, 0x8D36, 0x0A31, 0x018E, 0x41AA, 0xB840, 0x91C7, 0xA145,
  0xB800, 0xC000, 0x9061, 0xD5B5, 0xC36C, 0xC5D6, 0xF77C, 0xEF5B, 0xF77C, 0xF77C, 0xF77C, 0xF77C, 0xF77C, 0xEF5B, 0xF77C, 0xE698,
  0xD4F2, 0xB34C, 0xA801, 0x5841, 0xA800, 0xA820, 0xA841, 0xC0C3, 0x4A2A, 0x01AE, 0x320D, 0xA452, 0x8B0C, 0xE71A, 0xE71A, 0x74B5,
  0x9DB8, 0x0A10, 0x0253, 0x3108, 0xA800, 0x89E8, 0x9862, 0xB800, 0xB021, 0x8800, 0xB450, 0xC36C, 0xDEB9, 0xF77C, 0xEF5B, 0xF77C,
  0xF77C, 0xF77C, 0xF77C, 0xF77C, 0xEF5B, 0xF77C, 0xE698, 0xD513, 0xB34C, 0xC821, 0xA9C7, 0xB186, 0xB021, 0xB041, 0xC041, 0x20C6,
  0x018D, 0x63B1, 0xB4D3, 0x82AB, 0xE71A, 0xE71A, 0x74B5, 0x9577, 0x0A11, 0x01F1, 0x30E8, 0xA020, 0x7986, 0xB021, 0xA000, 0x9821,
  0x8800, 0xB470, 0xC34C, 0xD698, 0xF77C, 0xEF5B, 0xF77C, 0xF77C, 0xF77C, 0xF77C, 0xF77C, 0xEF5B, 0xF77C, 0xE698, 0xD4F3, 0xA34C,
  0xA800, 0xA082, 0x9A89, 0xB841, 0xA821, 0xC8A2, 0x62CD, 0x01F0, 0x6391, 0xACB2, 0xA3CF, 0xEF5B, 0xE71A, 0x74D5, 0x5391, 0x0211,
  0x018F, 0x28C7, 0x98E3, 0xA208, 0xB021, 0xA041, 0xA021, 0x8000, 0xBCB1, 0xC38D, 0xD699, 0xF77C, 0xEF5B, 0xF77C, 0xF77C, 0xF77C,
  0xF77C, 0xF77C, 0xEF5B, 0xF77C, 0xE698, 0xD4B2, 0xA32C, 0xA820, 0xA001, 0x90E3, 0x9021, 0xB800, 0xC0A2, 0x8C31, 0x016C, 0x3A0B,
  0xA472, 0x934D, 0xEF3B, 0xE71A, 0x74D5, 0x324D, 0x0212, 0x01F0, 0x20C6, 0xA227, 0xA986, 0xA000, 0x9000, 0xA000, 0x9041, 0xD554,
  0xBB8D, 0xD699, 0xF77C, 0xEF5B, 0xF77C, 0xF77C, 0xF77C, 0xF77C, 0xF77C, 0xEF5B, 0xF77C, 0xE678, 0xCCB2, 0xB34C, 0xB000, 0xB820,
  0xB000, 0x7820, 0xB800, 0xB882, 0x734E, 0x01AE, 0x5B70, 0xB4F3, 0x7AAA, 0xE71A, 0xE71A, 0x6C53, 0x63F2, 0x0A52, 0x01B0, 0x426D,
  0xBC2F, 0x90A3, 0x9862, 0xA061, 0x9041, 0x7861, 0xCD53, 0xBB6C, 0xAD33, 0xF77C, 0xEF5B, 0xF77C, 0xF77C, 0xF77C, 0xF77C, 0xF77C,
  0xEF5B, 0xF77C, 0xEEB9, 0xBBCF, 0x8A49, 0xB000, 0xA8A3, 0xBA49, 0xB450, 0x89C7, 0xB0C3, 0x424C, 0x01CE, 0x31EB, 0xA472, 0x7ACB,
  0xE71A, 0xE71A, 0x6432, 0x9D57, 0x0A52, 0x01B0, 0x6BF4, 0xBD33, 0x8A49, 0x8A69, 0x99A6, 0xB8A3, 0x8965, 0xDDD6, 0xBB4C, 0xA513,
  0xF77C, 0xEF5B, 0xF77C, 0xF77C, 0xF77C, 0xF77C, 0xF77C, 0xEF5B, 0xF77C, 0xE6B9, 0xBB8E, 0x9BCE, 0x8124, 0x8924, 0xA9E7, 0xC1E7,
  0xA2CB, 0xBD13, 0x530F, 0x01AE, 0x3A6D, 0xA492, 0x7ACB, 0xE71A, 0xE71A, 0x63F1, 0x9D77, 0x0A10, 0x0231, 0x31EC, 0x8081, 0xA042,
  0x9041, 0x7862, 0x8841, 0xA000, 0xD554, 0xBB2C, 0xA533, 0xF77C, 0xEF5B, 0xF77C, 0xF77C, 0xF77C, 0xF77C, 0xF77C, 0xEF5B, 0xF77C,
  0xE678, 0xD430, 0x9B0B, 0xA800, 0xA020, 0xA000, 0x99E7, 0xA229, 0xA924, 0x3A4D, 0x01B0, 0x4B10, 0xACB2, 0x7A8B, 0xEF3B, 0xE71A,
  0x63D1, 0x9D57, 0x09EF, 0x0231, 0x20E7, 0x8820, 0x9821, 0x9000, 0xA800, 0x9041, 0x89C6, 0xDD54, 0xB30B, 0x9CF2, 0xF77C, 0xEF5B,
  0xF77C, 0xF77C, 0xF77C, 0xF77C, 0xF77C, 0xEF5B, 0xF77C, 0xE678, 0xCBEF, 0x82A9, 0xA124, 0xA2EB, 0x9B2C, 0x8AEB, 0xB042, 0xC861,
  0x424D, 0x01AF, 0x3A4D, 0x9C52, 0x7AAB, 0xEF3B, 0xE71A, 0x63D0, 0x8494, 0x0210, 0x01AE, 0x18A6, 0x9841, 0xA821, 0xA000, 0xA020,
  0xA820, 0x9207, 0xEE58, 0xB2EB, 0xC617, 0xF77C, 0xEF5B, 0xF77C, 0xF77C, 0xF77C, 0xF77C, 0xF77C, 0xEF5B, 0xF77C, 0xE678, 0xD40F,
  0xB4D2, 0x9208, 0xB186, 0xB082, 0xA001, 0xA821, 0xC0A2, 0x424C, 0x018E, 0x6370, 0xA4B2, 0x8B6D, 0xEF5B, 0xE6FA, 0x63D0, 0x530E,
  0x0210, 0x01CE, 0x28C6, 0x9840, 0xA000, 0xA800, 0x9800, 0x9800, 0x7841, 0xE5D5, 0xAACA, 0xD6B9, 0xF77C, 0xEF5B, 0xF77C, 0xF77C,
  0xF77C, 0xF77C, 0xF77C, 0xEF5B, 0xF77C, 0xDE58, 0xCC0F, 0xA34D, 0xA800, 0xA000, 0x9821, 0xA042, 0x9021, 0xB0A2, 0x3A6D, 0x018D,
  0x31EB, 0x9452, 0x832D, 0xEF3B, 0xE71A, 0x5B6E, 0x324D, 0x02B3, 0x016D, 0x28A5, 0x8840, 0x9800, 0xB821, 0x9800, 0x9000, 0x7882,
  0xDDD6, 0xA2AA, 0xCE98, 0xF77C, 0xEF5B, 0xF77C, 0xF77C, 0xF77C, 0xF77C, 0xF77C, 0xEF5B, 0xF77C, 0xDE37, 0xCBCE, 0xA32C, 0xA020,
  0xA841, 0xB000, 0xA800, 0x9041, 0xB165, 0x3A4C, 0x01AE, 0x320C, 0x9C92, 0x6A8A, 0xE71A, 0xE71A, 0x5B6E, 0x322C, 0x0251, 0x014D,
  0x28C6, 0x8040, 0x9820, 0x9800, 0x8800, 0x8021, 0x8082, 0xEE16, 0xA269, 0xCE98, 0xF77C, 0xEF5B, 0xF77C, 0xF77C, 0xF77C, 0xF77C,
  0xF77C, 0xEF5B, 0xF77C, 0xE657, 0xD3CD, 0xAB2C, 0xA000, 0x9020, 0x9800, 0x9800, 0x8821, 0xA165, 0x29CA, 0x096C, 0x324D, 0x9472,
  0x628A, 0xE71A, 0xE71A, 0x5B2D, 0x326E, 0x0251, 0x00EB, 0x20A5, 0x8081, 0x8841, 0x9820, 0x9000, 0x9000, 0x8882, 0xB44F, 0xAB4C,
  0xCE78, 0xF77C, 0xEF5B, 0xF77C, 0xF77C, 0xF77C, 0xF77C, 0xF77C, 0xEF5B, 0xF77C, 0xC5B5, 0xAB4D, 0xA3CE, 0x9800, 0xA041, 0x9821,
  0xA021, 0x8041, 0xA165, 0x21CB, 0x016D, 0x320C, 0x9472, 0x626A, 0xE71A, 0xE71A, 0x5B2D, 0x326E, 0x0210, 0x010B, 0x2085, 0x6800,
  0x8000, 0xA020, 0x88C2, 0x8165, 0x7A89, 0x4985, 0xAD14, 0xB5B6, 0xF77C, 0xEF5B, 0xF77C, 0xF77C, 0xF77C, 0xF77C, 0xF77C, 0xEF5B,
  0xF77C, 0x73D0, 0x7BF0, 0x72CA, 0x7124, 0xA062, 0xA800, 0xA000, 0x9062, 0x9924, 0x21AA, 0x01AF, 0x2A2D, 0x9492, 0x626A, 0xE71A,
  0xE6FA, 0x52EC, 0x324D, 0x01AD, 0x00A8, 0x18A5, 0x7000, 0x98A2, 0x9B4C, 0x9A8A, 0x98C3, 0x9041, 0x4000, 0x6185, 0xA535, 0xCE78,
  0xF77C, 0xEF5B, 0xEF5B, 0xEF5B, 0xEF5B, 0xEF5B, 0xF77C, 0xA534, 0x8472, 0x8B8D, 0x8820, 0x8165, 0x5124, 0x9104, 0xB882, 0xA000,
  0x9104, 0x21AA, 0x018D, 0x320B, 0x8C52, 0x7B4D, 0xEF5B, 0xEF3B, 0x5B4D, 0x324C, 0x09AD, 0x012A, 0x18E7, 0x7985, 0xABEE, 0xA9E7,
  0xA800, 0x9800, 0xA800, 0x7820, 0x3800, 0x834D, 0x8493, 0xF77C, 0xF77C, 0xF77C, 0xF77C, 0xF77C, 0xF77C, 0xDEDA, 0x7C10, 0xB5D6,
  0x7124, 0xB082, 0x9800, 0x8800, 0x7186, 0x7228, 0x7904, 0x8104, 0x21AA, 0x018D, 0x6BF2, 0x94B3, 0x736E, 0xF77C, 0xF77C, 0x7C30,
  0x2A4D, 0x016D, 0x0929, 0x1968, 0x51A7, 0xB0A2, 0xB820, 0xA000, 0x9000, 0x8800, 0x8821, 0x5061, 0x5986, 0x73AF, 0xA534, 0xDEDA,
  0xDEDA, 0xDEFA, 0xDEBA, 0xE71B, 0xA534, 0x8CB2, 0x71E7, 0x9041, 0x6062, 0x9000, 0xA821, 0x9000, 0x8021, 0x90C2, 0x7B0B, 0x4AEE,
  0x010A, 0x5B71, 0x9492, 0x6B4D, 0xF77C, 0xF77C, 0x7C10, 0x326D, 0x196A, 0x118A, 0x014B, 0x0908, 0x81C7, 0xB061, 0x9041, 0x8800,
  0x8821, 0x8000, 0x7882, 0x7228, 0xA513, 0x8CD3, 0x9535, 0xA556, 0xADB7, 0xCEBB, 0xBE7A, 0xAD96, 0xAD33, 0x7000, 0x78A3, 0x8862,
  0x9021, 0x9021, 0xA041, 0xA000, 0x7228, 0x3BB3, 0x11CD, 0x012B, 0x29CA, 0x8452, 0x6B4E, 0xF77C, 0xF77C, 0x73AF, 0x73CF, 0x196A,
  0x012B, 0x012B, 0x00C8, 0x3A6C, 0x9A89, 0xB061, 0x9021, 0x7800, 0x7821, 0x8000, 0x7186, 0x8A48, 0x7165, 0x7185, 0x61E7, 0xA513,
  0x7A89, 0x6165, 0x60E3, 0x934C, 0x81E7, 0x8882, 0x9020, 0x9820, 0xA821, 0x9820, 0x72CA, 0x43F4, 0x09F0, 0x00CA, 0x012C, 0x29AA,
  0x738F, 0x8410, 0xF77C, 0xF77C, 0x94B2, 0x5B0D, 0x42CF, 0x012D, 0x016C, 0x016D, 0x00C8, 0x530F, 0xBA89, 0xA882, 0x8820, 0x9000,
  0x7000, 0x6924, 0x9021, 0xA001, 0xA801, 0x8800, 0x81C7, 0x9021, 0x7800, 0x9021, 0x9145, 0xA30B, 0xA000, 0x9000, 0xA841, 0xB020,
  0x8B4C, 0x4C35, 0x016D, 0x00A8, 0x0929, 0x08E9, 0x4ACD, 0x2987, 0xC617, 0xF77C, 0xEF5B, 0xEF3B, 0x5B0D, 0x7C11, 0x096B, 0x012B,
  0x012B, 0x012A, 0x00C8, 0x7BD0, 0xB1C6, 0xA861, 0x9800, 0x8124, 0x8144, 0x9800, 0x8821, 0x7800, 0x7841, 0x8208, 0x8841, 0x9821,
  0x8820, 0x9000, 0x9A89, 0x9082, 0xA082, 0xA021, 0x92CA, 0x6CF6, 0x094C, 0x00C9, 0x016D, 0x00E9, 0x3A2B, 0x4A8B, 0x6B6E, 0xF77C,
  0xEF5B, 0xEF5B, 0xF77C, 0xCE58, 0x6B8F, 0x532F, 0x00CA, 0x012C, 0x010A, 0x012B, 0x090A, 0x6AED, 0xA881, 0x9041, 0x8269, 0x8021,
  0x8800, 0x8000, 0x9000, 0x7021, 0x7104, 0xA000, 0x9820, 0xA000, 0x9000, 0x8924, 0xA28A, 0xB841, 0xA2EB, 0x7537, 0x09CE, 0x00E9,
  0x014C, 0x010B, 0x1109, 0x634E, 0x4A8B, 0xEF3B, 0xF77C, 0xEF5B, 0xF77C, 0xEF5B, 0xF77C, 0x9CF3, 0x73D0, 0x324C, 0x00EB, 0x012B,
  0x012B, 0x012B, 0x092A, 0x7145, 0x9145, 0x91A6, 0x9800, 0x8821, 0x8000, 0x7800, 0x7041, 0x9208, 0x9000, 0x9000, 0x9820, 0x9041,
  0x9821, 0x89A6, 0x88E3, 0x7CD5, 0x0A10, 0x00EA, 0x010A, 0x012C, 0x00A8, 0x52ED, 0x52CC, 0x634D, 0xEF5B, 0xEF5B, 0xF77C, 0xF77C,
  0xEF5B, 0xEF5B, 0xEF5B, 0x73D0, 0x73F1, 0x118B, 0x014C, 0x012B, 0x014C, 0x012A, 0x426C, 0xB450, 0xA1A5, 0x9A48, 0x9ACB, 0x9269,
  0x8904, 0x8820, 0x9165, 0x8862, 0x8A29, 0x8AAA, 0x82EC, 0xA38E, 0x8A48, 0x8CB3, 0x0A51, 0x012B, 0x012C, 0x012B, 0x00EA, 0x4ACE,
  0x7BF0, 0x31C8, 0x9CD2, 0xF77C, 0xEF5B, 0xF77C, 0xF77C, 0xF77C, 0xEF5B, 0xF77C, 0x8C51, 0x636E, 0x42CE, 0x010C, 0x012B, 0x010A,
  0x00E9, 0x3A4B, 0x8CF5, 0xADB7, 0x9ACA, 0xA041, 0xA8E4, 0xA208, 0x9A48, 0x9ACA, 0x81A6, 0x9145, 0x8841, 0x7861, 0xA3EF, 0xADD8,
  0x7C53, 0x014C, 0x014C, 0x014C, 0x014C, 0x0909, 0x73F0, 0x4AAB, 0x4A6A, 0xEF5B, 0xEF5B, 0xEF5B, 0xF77C, 0xF77C, 0xF77C, 0xEF5B,
  0xF77C, 0xC617, 0x2147, 0x8452, 0x21EC, 0x00EA, 0x00E8, 0x010A, 0x6B8F, 0x2A0C, 0x014C, 0x4331, 0x938E, 0x9041, 0xB800, 0x9145,
  0xA3AE, 0x9021, 0xA000, 0x8881, 0x7B2D, 0x53B3, 0x096D, 0x6BB0, 0x2A2C, 0x014B, 0x016D, 0x00EB, 0x530E, 0x634E, 0x1105, 0xCE58,
  0xF77C, 0xEF5B, 0xF77C, 0xF77C, 0xF77C, 0xF77C, 0xF77C, 0xEF5B, 0xF77C, 0x7BCF, 0x52ED, 0x8C93, 0x19AC, 0x014C, 0x00C8, 0x29CA,
  0x016D, 0x00C9, 0x00C8, 0x22B1, 0x632F, 0xA903, 0x9800, 0x91A6, 0x9800, 0x89C6, 0x6391, 0x2291, 0x014C, 0x010B, 0x21EC, 0x5B70,
  0x016D, 0x010B, 0x29EB, 0x7C10, 0x2167, 0x8430, 0xF77C, 0xEF5B, 0xF77C, 0xF77C, 0xF77C, 0xF77C, 0xF77C, 0xF77C, 0xEF5B, 0xEF5C,
  0xEF3B, 0x2987, 0x8473, 0x636F, 0x012C, 0x1969, 0x29CA, 0x012B, 0x010B, 0x012C, 0x00C9, 0x09AD, 0x532F, 0xA248, 0x9986, 0xA34D,
  0x3B52, 0x016D, 0x012C, 0x012B, 0x014C, 0x010B, 0x4ACE, 0x012B, 0x112A, 0x8451, 0x4A8B, 0x2987, 0xEF3B, 0xEF5B, 0xEF5B, 0xF77C,
  0xF77C, 0xF77C, 0xF77C, 0xF77C, 0xF77C, 0xF77C, 0xEF5B, 0xF77C, 0xAD54, 0x3A2B, 0x94D4, 0x198A, 0x4AED, 0x094B, 0x014C, 0x014C,
  0x014C, 0x014C, 0x00C9, 0x018D, 0x53B2, 0x8C52, 0x1A90, 0x012C, 0x00EA, 0x014C, 0x014D, 0x016D, 0x014D, 0x19AC, 0x29AA, 0x6BAF,
  0x6BAF, 0x10E5, 0xC617, 0xF77C, 0xEF5B, 0xF77C, 0xF77C, 0xF77C, 0xF77C, 0xF77C, 0xF77C, 0xF77C, 0xF77C, 0xF77C, 0xEF5B, 0xF77C,
  0x426A, 0x6370, 0xA514, 0x8432, 0x2A6F, 0x326F, 0x326F, 0x220E, 0x11AD, 0x19AB, 0x218A, 0x08C8, 0x3A4D, 0x1929, 0x320C, 0x2A4E,
  0x2A2E, 0x220E, 0x2A0D, 0x326F, 0x322D, 0xAD54, 0x8C72, 0x2988, 0x73AE, 0xF77C, 0xEF5B, 0xF77C, 0xF77C, 0xF77C, 0xF77C, 0xF77C,
  0xF77C, 0xF77C, 0xF77C, 0xF77C, 0xF77C, 0xEF5B, 0xEF5B, 0xDED9, 0x29A8, 0x7C11, 0x632D, 0x6B6E, 0x73AF, 0x73AF, 0x6B4D, 0x528B,
  0x630D, 0x6B6E, 0x52AB, 0x6B4D, 0x634D, 0x7BEF, 0x73CF, 0x8C71, 0x52CB, 0x4A8B, 0x73AF, 0x3A09, 0x634D, 0x5B0E, 0x2167, 0xE71A,
  0xEF5B, 0xEF5B, 0xF77C, 0xF77C, 0xF77C, 0xF77C, 0xF77C, 0xF77C, 0xF77C, 0xF77C, 0xF77C, 0xF77C, 0xF77C, 0xEF5B, 0xF77C, 0x8C92,
  0x1967, 0x52CB, 0x4AAB, 0x4A8A, 0x4A8A, 0x52AB, 0x52CB, 0x52CB, 0x52CB, 0x5AEC, 0x5AEC, 0x52CB, 0x52AB, 0x528A, 0x7BCF, 0x5AEC,
  0x52AB, 0x4A6A, 0x39E8, 0x4A6A, 0x2168, 0xA534, 0xF77C, 0xEF5B, 0xF77C, 0xF77C, 0xF77C, 0xF77C, 0xF77C, 0xF77C, 0xF77C, 0xF77C,
  0xF77C, 0xF77C, 0xF77C, 0xF77C, 0xF77C, 0xEF5B, 0xEF5B, 0x8451, 0xC637, 0xF77C, 0xF77C, 0xF77C, 0xF77C, 0xF77C, 0xF77C, 0xF77C,
  0xF77C, 0xF77C, 0xF77C, 0xF77C, 0xF77C, 0xCE58, 0xEF3B, 0xF77C, 0xD699, 0x9491, 0x73AE, 0x8C92, 0xF77C, 0xEF5B, 0xF77C, 0xF77C,
  0xF77C, 0xF77C, 0xF77C, 0xF77C, 0xF77C, 0xF77C, 0xF77C, 0xF77C, 0xF77C, 0xF77C, 0xF77C, 0xF77C, 0xF77C, 0xF77C, 0xF77C, 0xCE58,
  0xEF3B, 0xEF5B, 0xEF5B, 0xEF5B, 0xEF5B, 0xEF5B, 0xEF5B, 0xEF5B, 0xEF3B, 0xEF5B, 0xEF5B, 0xEF5B, 0xDEB9, 0xE71A, 0xEF5B, 0xE6FA,
  0xE6FA, 0xE71A, 0xF77C, 0xEF5B, 0xF77C, 0xF77C, 0xF77C, 0xF77C, 0xF77C, 0xF77C, 0xF77C, 0xF77C, 0xF77C, 0xF77C, 0xF77C, 0xF77C,
  0xF77C, 0xF77C, 0xF77C, 0xF77C, 0xEF5B, 0xF77C, 0xF77C, 0xF77C, 0xF77C, 0xF77C, 0xF77C, 0xF77C, 0xF77C, 0xF77C, 0xF77C, 0xF77C,
  0xF77C, 0xF77C, 0xF77C, 0xF77C, 0xF77C, 0xF77C, 0xF77C, 0xF77C, 0xF77C, 0xEF5B, 0xF77C, 0xF77C, 0xF77C, 0xF77C, 0xF77C, 0xF77C,
  0xF77C, 0xF77C, 0xF77C,
};

// hero_img_1  22 x 85  (RGB565)
const uint16_t hero_img_1[] PROGMEM = {
  0xF77C, 0xF77C, 0xF77C, 0xF77C, 0xF77C, 0xF77C, 0xF77C, 0xF77C, 0xF77C, 0xEF5B, 0xEF5B, 0xEF5B, 0xEF5B, 0xEF5B, 0xEF5B, 0xEF5B,
  0xEF5B, 0xEF5B, 0xEF5B, 0xEF5B, 0xEF5B, 0xF77C, 0xF77C, 0xF77C, 0xF77C, 0xF77C, 0xF77C, 0xF77C, 0xF77C, 0xF77C, 0xF77C, 0xF77C,
  0xF77C, 0xF77C, 0xF77C, 0xF77C, 0xF77C, 0xF77C, 0xF77C, 0xF77C, 0xF77C, 0xF77C, 0xF77C, 0xF77C, 0xF77C, 0xF77C, 0xF77C, 0xF77C,
  0xF77C, 0xF77C, 0xF77C, 0xEF5B, 0xF77C, 0xC617, 0xBDF6, 0xBDD6, 0xC5F6, 0xC5F7, 0xC5F7, 0xC617, 0xC617, 0xC637, 0xCE37, 0xD678,
  0xEF5B, 0xF77C, 0xF77C, 0xF77C, 0xF77C, 0xF77C, 0xF77C, 0xF77C, 0xEF5B, 0xF77C, 0xAD75, 0xC65A, 0xC67A, 0xC67A, 0xCEDB, 0xCEBB,
  0xCE9B, 0xCEBB, 0xCEBB, 0xCEBB, 0xCEBB, 0xDEFC, 0x9CD2, 0xF77C, 0xF77C, 0xF77C, 0xF77C, 0xF77C, 0xF77C, 0xEF5B, 0xF77C, 0xDED9,
  0x73D0, 0xA514, 0xCDD6, 0xACB1, 0xA430, 0xA450, 0xBDD6, 0x940F, 0x8BCE, 0x83CE, 0xC4B1, 0x732D, 0x4A49, 0xEF3B, 0xF77C, 0xF77C,
  0xF77C, 0xF77C, 0xF77C, 0xEF5B, 0xF77C, 0xAD75, 0x8431, 0x78A2, 0xC8E4, 0xC062, 0xD083, 0xAA49, 0xAA8A, 0xC104, 0xB8C3, 0xC0A2,
  0xB0C3, 0x5249, 0x49E8, 0xEF1A, 0xF77C, 0xF77C, 0xF77C, 0xF77C, 0xEF5B, 0xEF5B, 0xDEDA, 0x94F4, 0x69E7, 0xD1E7, 0xE187, 0xE105,
  0xE126, 0xBB8E, 0xE966, 0xF145, 0xF145, 0xF186, 0xB0A3, 0x5ACB, 0x5A09, 0xEF1A, 0xF77C, 0xF77C, 0xF77C, 0xF77C, 0xEF5B, 0xF77C,
  0xAD75, 0x8431, 0xA124, 0xFA48, 0xE8A3, 0xF0A3, 0xC30C, 0xCA6A, 0xE8A3, 0xD8C3, 0xD8C3, 0xE944, 0xB882, 0x3146, 0x6A6A, 0xEEFA,
  0xF77C, 0xF77C, 0xF77C, 0xEF5B, 0xF77C, 0xD678, 0x8CB3, 0x8BEF, 0x9A07, 0xC269, 0xC124, 0xA9C7, 0xB34C, 0xE8E3, 0xD8A3, 0xD0E3,
  0xD0C3, 0xE0A3, 0xB082, 0x4229, 0x726A, 0xEF1A, 0xF77C, 0xF77C, 0xF77C, 0xEF5B, 0xF77C, 0x9CF4, 0x73AF, 0x9965, 0xC9E8, 0xA986,
  0xA9A6, 0x4924, 0x88E3, 0xF145, 0xD8A3, 0xD8E3, 0xD0C3, 0xE0E4, 0xA8C3, 0x5AEB, 0x726A, 0xEF1A, 0xF77C, 0xF77C, 0xEF5B, 0xF77C,
  0xD678, 0x7C72, 0x6965, 0xE1E7, 0xE925, 0xE8A3, 0xD105, 0x9A8A, 0x9A28, 0xD8A3, 0xE0A3, 0xE0C3, 0xD8A3, 0xE0E3, 0xA082, 0x52AA,
  0x7A6A, 0xEF1A, 0xF77C, 0xF77C, 0xEF5B, 0xF77C, 0x94B3, 0x7BCF, 0x9904, 0xE986, 0xD8C3, 0xE0A3, 0x99C7, 0xC145, 0xB228, 0xA9A6,
  0xC8A3, 0xD904, 0xD904, 0xE8E3, 0xA862, 0x52AA, 0x7A6A, 0xEF1A, 0xF77C, 0xEF5B, 0xF77C, 0xBDD6, 0x7C72, 0x8B0B, 0xD965, 0xE0C4,
  0xD0C3, 0xD8C3, 0xAACA, 0xE924, 0xD8E4, 0xA248, 0xD0E3, 0xC082, 0xA0A3, 0xB0C3, 0x98C3, 0x630C, 0x826A, 0xEF1A, 0xEF5B, 0xEF5B,
  0xEF5B, 0x7C52, 0x73AF, 0x68A2, 0xD986, 0xD0A3, 0xE0C4, 0xB208, 0xC1E8, 0xE986, 0xE8A3, 0xC0C3, 0x9945, 0xE062, 0xD8A3, 0x99C7,
  0x93AE, 0x9471, 0x7A28, 0xEF1A, 0xEF5B, 0xF77C, 0xBDB6, 0x7411, 0x9228, 0xA0A2, 0xC8E4, 0xE0C3, 0xD105, 0xAB0C, 0xD0C4, 0xD883,
  0xD945, 0xE0C3, 0xA9C7, 0xB104, 0x9207, 0xA1E7, 0xB165, 0x8C0F, 0x8A49, 0xEF1A, 0xEF5B, 0xE71A, 0x7BF0, 0x94D3, 0xB0A2, 0xBA28,
  0xC104, 0xF0C3, 0xA925, 0xA1A6, 0xE124, 0xC0A3, 0xD8A3, 0xE8A3, 0xD186, 0x7B4C, 0xA985, 0xF0A2, 0x8861, 0x6B0C, 0x92AA, 0xE71A,
  0xF77C, 0xA513, 0x73F0, 0xB32B, 0xE1A5, 0xB289, 0x9882, 0xC104, 0x81C7, 0xC0A2, 0xD0C3, 0xE104, 0xC8C3, 0xBAA9, 0xABEE, 0xBB4C,
  0xE0A3, 0xD041, 0x8061, 0x730B, 0x9AAA, 0xE71A, 0xEF3B, 0x6B8F, 0x7BF0, 0x8289, 0x71C6, 0xBCB1, 0xA4B1, 0xB533, 0xD616, 0xD8C3,
  0xC882, 0xBA08, 0xA2CA, 0xC1C7, 0xA1A6, 0xB082, 0xD082, 0xE0A2, 0x8841, 0x7AEB, 0xA2AA, 0xE71A, 0xE6FA, 0x8C92, 0xCE58, 0xD698,
  0xB5B5, 0xBDF6, 0xEF7C, 0xBDD6, 0xA4D2, 0xBA69, 0xB36D, 0xC2CB, 0xD0E4, 0xD042, 0x9145, 0xC8A3, 0xD082, 0xE062, 0x90E3, 0x938D,
  0xA2AA, 0xE71A, 0xEF5B, 0x8C70, 0x6B4D, 0x31C7, 0x6B8D, 0xC5F6, 0xE6FA, 0x2987, 0x94D3, 0xC3EE, 0xD924, 0xE8C3, 0xD062, 0xC8C3,
  0xA986, 0xC841, 0xC862, 0xD062, 0x9965, 0xAC50, 0xA289, 0xE71A, 0xF77C, 0xC5F6, 0x3A08, 0x39E8, 0x5AEB, 0xE71A, 0xF77C, 0x4AAC,
  0x8C71, 0xD124, 0xE082, 0xC882, 0xD0A2, 0xD8C3, 0xCAAA, 0xD062, 0xC862, 0xD062, 0x9145, 0xB430, 0xAAAA, 0xE71A, 0xF77C, 0xF77C,
  0xF77C, 0xF77C, 0xF77C, 0xEF3B, 0xF77C, 0x52CC, 0x9471, 0xB165, 0xD082, 0xD8A3, 0xD062, 0xD8A3, 0xA165, 0xD862, 0xD062, 0xC862,
  0x8965, 0xBC50, 0xB2CB, 0xE71A, 0xF77C, 0xEF5B, 0xEF5B, 0xEF5B, 0xF77C, 0xF77C, 0xF77C, 0x5AEC, 0x9471, 0xBA28, 0xBC0F, 0xC905,
  0xC062, 0xC8A3, 0xA0E3, 0x98A3, 0x98C4, 0xD0A3, 0x9145, 0xBC50, 0xB2CA, 0xE71A, 0xF77C, 0xF77C, 0xF77C, 0xF77C, 0xF77C, 0xF77C,
  0xF77C, 0x5B0C, 0x8C30, 0xC186, 0xA3AE, 0xAB4C, 0xD8A3, 0xC882, 0xB0E4, 0x90E4, 0x90C4, 0xA0A2, 0x81A6, 0xC491, 0xAACB, 0xE71A,
  0xF77C, 0xF77C, 0xF77C, 0xF77C, 0xF77C, 0xF77C, 0xF77C, 0x6B2C, 0xACD3, 0xB165, 0xC8E4, 0xBA28, 0xA9A6, 0xD062, 0x98A3, 0xA062,
  0xE842, 0xE862, 0x91A6, 0xCCD2, 0xB30C, 0xE71A, 0xF77C, 0xF77C, 0xF77C, 0xF77C, 0xF77C, 0xF77C, 0xF77C, 0x7B2C, 0x9CD2, 0xD104,
  0xE882, 0xD883, 0xC228, 0xAA48, 0x88C3, 0x8082, 0xB0A3, 0xB842, 0x8924, 0xBC50, 0xB30B, 0xE71A, 0xF77C, 0xF77C, 0xF77C, 0xF77C,
  0xF77C, 0xF77C, 0xF77C, 0x7B2C, 0xA4D2, 0xC8E3, 0xB0C3, 0xA0E4, 0xA125, 0x8A48, 0x71E7, 0xA8C3, 0xB8A3, 0xE083, 0x80A2, 0xA36D,
  0xB30C, 0xE71A, 0xF77C, 0xF77C, 0xF77C, 0xF77C, 0xF77C, 0xF77C, 0xF77C, 0x7B4D, 0xA4D2, 0xA9E7, 0x8228, 0xA945, 0xC0A3, 0xA0A3,
  0x8883, 0xC062, 0xD042, 0xD842, 0x7124, 0xBC50, 0xAACA, 0xE71A, 0xF77C, 0xF77C, 0xF77C, 0xF77C, 0xF77C, 0xF77C, 0xF77C, 0x7B4D,
  0xB4F3, 0xC1C6, 0x8104, 0xD082, 0xE083, 0xB082, 0x9862, 0xC842, 0xB862, 0xC041, 0x89C7, 0xC471, 0xAAAA, 0xE71A, 0xF77C, 0xF77C,
  0xF77C, 0xF77C, 0xF77C, 0xF77C, 0xF77C, 0x836D, 0xB4F3, 0x78E4, 0xB8E4, 0xC882, 0xD083, 0xC0A3, 0x9882, 0xC801, 0x9862, 0x9104,
  0x82CA, 0xCC91, 0xB2CB, 0xE71A, 0xF77C, 0xF77C, 0xF77C, 0xF77C, 0xF77C, 0xF77C, 0xF77C, 0x8B4D, 0x9CF3, 0x9104, 0xE883, 0xD062,
  0xD041, 0xA882, 0x78A2, 0x98A3, 0x8104, 0xC062, 0x8144, 0xC491, 0xB30B, 0xE71A, 0xF77C, 0xF77C, 0xF77C, 0xF77C, 0xF77C, 0xF77C,
  0xF77C, 0x830C, 0xA4D2, 0xD945, 0xD945, 0xC061, 0xB862, 0x80A3, 0x6165, 0x70C3, 0xC882, 0xC021, 0x8924, 0xBC50, 0xB30B, 0xE71A,
  0xF77C, 0xF77C, 0xF77C, 0xF77C, 0xF77C, 0xF77C, 0xF77C, 0x830C, 0xACD2, 0xB924, 0xB8C3, 0xB842, 0xC041, 0xB0C3, 0x6904, 0xB800,
  0xC041, 0xC021, 0x8945, 0xC491, 0xAAEB, 0xE71A, 0xF77C, 0xF77C, 0xF77C, 0xF77C, 0xF77C, 0xF77C, 0xF77C, 0x8B0C, 0xB554, 0x9986,
  0xC842, 0xC842, 0xC021, 0xB041, 0x6041, 0xC821, 0xB021, 0xB821, 0x8965, 0xC470, 0xAAEB, 0xE71A, 0xF77C, 0xF77C, 0xF77C, 0xF77C,
  0xF77C, 0xF77C, 0xF77C, 0x8B0C, 0xACF2, 0xB8E4, 0xC863, 0xB041, 0xB821, 0xA861, 0x8061, 0xC000, 0xC062, 0xB041, 0x8165, 0xCC91,
  0xAAEB, 0xE71A, 0xF77C, 0xF77C, 0xF77C, 0xF77C, 0xF77C, 0xF77C, 0xF77C, 0x8B0B, 0xACF2, 0xB8E3, 0xC800, 0xB861, 0xB041, 0x9021,
  0x6841, 0xC041, 0xA821, 0xB821, 0x78E3, 0xBC0F, 0xB32C, 0xE71A, 0xF77C, 0xF77C, 0xF77C, 0xF77C, 0xF77C, 0xF77C, 0xF77C, 0x934C,
  0xB533, 0xA924, 0xC062, 0xC841, 0xB821, 0xB062, 0x8124, 0xB021, 0xA021, 0xB841, 0x7041, 0xA34C, 0xB34C, 0xE71A, 0xF77C, 0xF77C,
  0xF77C, 0xF77C, 0xF77C, 0xF77C, 0xF77C, 0x9B8D, 0xB554, 0x8965, 0x90E4, 0x99E7, 0xA165, 0xA8E4, 0x80E4, 0xC001, 0xB001, 0xC021,
  0x7904, 0xC450, 0xB30C, 0xE71A, 0xF77C, 0xF77C, 0xF77C, 0xF77C, 0xF77C, 0xF77C, 0xF77C, 0x9B8D, 0xB513, 0x98E3, 0xD882, 0xC105,
  0xB229, 0xC34D, 0xAC0F, 0xA28A, 0x7165, 0x7945, 0x71C6, 0xCCF2, 0xA32C, 0xE71A, 0xF77C, 0xF77C, 0xF77C, 0xF77C, 0xF77C, 0xF77C,
  0xF77C, 0xA38E, 0xBD54, 0x80E3, 0xA062, 0xB842, 0xC022, 0xA063, 0x9A8A, 0xB269, 0xAA29, 0xB2CB, 0x7B2C, 0xC5F7, 0x8BCF, 0xEF3B,
  0xF77C, 0xF77C, 0xF77C, 0xF77C, 0xF77C, 0xF77C, 0xF77C, 0xA3AE, 0xBD33, 0xB0C3, 0xB021, 0xB041, 0xA062, 0x928A, 0xB862, 0xC821,
  0xB800, 0xB001, 0xC5B5, 0xBE18, 0x7BD0, 0xEF3B, 0xF77C, 0xF77C, 0xF77C, 0xF77C, 0xF77C, 0xF77C, 0xF77C, 0x9B6D, 0xBD74, 0xB165,
  0xC042, 0xC021, 0xA925, 0xA125, 0xC841, 0xC041, 0xC001, 0x89C7, 0xA534, 0xB5D7, 0x6BF1, 0xEF3B, 0xF77C, 0xF77C, 0xF77C, 0xF77C,
  0xF77C, 0xF77C, 0xF77C, 0xA34C, 0xBD13, 0xA904, 0xC042, 0xB862, 0x89C7, 0xB041, 0xD042, 0xC862, 0xB061, 0x324D, 0x6B90, 0xBE59,
  0x63D1, 0xEF3B, 0xF77C, 0xF77C, 0xF77C, 0xF77C, 0xF77C, 0xF77C, 0xF77C, 0xA34D, 0xCD95, 0xA1A6, 0xB042, 0x8021, 0x8104, 0xD041,
  0xB800, 0xC820, 0x68C5, 0x016D, 0x632E, 0xC67A, 0x5BF1, 0xEF3B, 0xF77C, 0xF77C, 0xF77C, 0xF77C, 0xF77C, 0xF77C, 0xF77C, 0xA34C,
  0xC554, 0xA945, 0xC842, 0x8821, 0x8041, 0xC020, 0xC000, 0xB0C3, 0x196A, 0x0232, 0x424C, 0xB618, 0x63F2, 0xE71A, 0xF77C, 0xF77C,
  0xF77C, 0xF77C, 0xF77C, 0xF77C, 0xF77C, 0x9B4C, 0xBCF2, 0xA8C3, 0xB021, 0xA041, 0x8986, 0xA821, 0xC021, 0x7821, 0x016C, 0x01F1,
  0x216A, 0xADD8, 0x6C53, 0xEF3B, 0xF77C, 0xF77C, 0xF77C, 0xF77C, 0xF77C, 0xF77C, 0xF77C, 0xA36D, 0xC513, 0xB0E3, 0xA821, 0xA821,
  0x8082, 0xA821, 0xB821, 0x9144, 0x096B, 0x0233, 0x426E, 0xB618, 0x84F5, 0xEF5B, 0xF77C, 0xF77C, 0xF77C, 0xF77C, 0xF77C, 0xF77C,
  0xF77C, 0x9B4C, 0xBD13, 0xA8E4, 0xB862, 0xA000, 0x6021, 0xA821, 0xB021, 0x99C7, 0x1A0E, 0x01D1, 0x3A6E, 0xB618, 0x7473, 0xEF3B,
  0xF77C, 0xF77C, 0xF77C, 0xF77C, 0xF77C, 0xF77C, 0xF77C, 0x930C, 0xACF3, 0xB8E3, 0xC821, 0xB000, 0x7061, 0xA821, 0xB021, 0x8924,
  0x2290, 0x09D0, 0x3A0C, 0xB5F8, 0x6C32, 0xE71A, 0xF77C, 0xF77C, 0xF77C, 0xF77C, 0xF77C, 0xF77C, 0xF77C, 0x8AEB, 0xBCF3, 0xB0E3,
  0xB021, 0xB841, 0x8021, 0xA000, 0xC001, 0xBAAA, 0x32F1, 0x01AF, 0x31EC, 0xB5D7, 0x6412, 0xE71A, 0xF77C, 0xF77C, 0xF77C, 0xF77C,
  0xF77C, 0xF77C, 0xF77C, 0x8B0B, 0xBCF2, 0xA8E3, 0x8821, 0xA841, 0xA0A3, 0xA062, 0xB800, 0x9A08, 0x226F, 0x01D0, 0x3A2D, 0xADB7,
  0x84D4, 0xEF3B, 0xF77C, 0xF77C, 0xF77C, 0xF77C, 0xF77C, 0xF77C, 0xF77C, 0x8B0B, 0xB4F2, 0xC0E3, 0xB821, 0x8000, 0x8125, 0x90C3,
  0x9821, 0x69E7, 0x0A10, 0x01D0, 0x29AA, 0xA576, 0x9D97, 0xF77C, 0xF77C, 0xF77C, 0xF77C, 0xF77C, 0xF77C, 0xF77C, 0xF77C, 0x82CB,
  0xB4B2, 0xA124, 0xB104, 0xA062, 0x6821, 0x68E3, 0x9104, 0x91E7, 0x120F, 0x01F2, 0x31EC, 0xA576, 0x9556, 0xF77C, 0xF77C, 0xF77C,
  0xF77C, 0xF77C, 0xF77C, 0xF77C, 0xF77C, 0x7ACA, 0xBCB2, 0xB0C3, 0x9021, 0xA000, 0x9A28, 0x5A28, 0xB041, 0x99E8, 0x1250, 0x01B0,
  0x31EC, 0xA555, 0x8D36, 0xF77C, 0xF77C, 0xF77C, 0xF77C, 0xF77C, 0xF77C, 0xF77C, 0xF77C, 0x8AEB, 0xBCD2, 0xA249, 0x6145, 0x5820,
  0x68E3, 0x8882, 0xD000, 0x91C8, 0x1231, 0x01B0, 0x31EC, 0xA555, 0x8D36, 0xF77C, 0xF77C, 0xF77C, 0xF77C, 0xF77C, 0xF77C, 0xF77C,
  0xF77C, 0x8AEB, 0xBD33, 0xB248, 0xA8C3, 0x8062, 0x5841, 0x9000, 0x9800, 0x8A8B, 0x1252, 0x016E, 0x320D, 0xA575, 0x9536, 0xF77C,
  0xF77C, 0xF77C, 0xF77C, 0xF77C, 0xF77C, 0xF77C, 0xF77C, 0x92EB, 0xBCF2, 0xB0C3, 0xB800, 0xB801, 0x68C3, 0x69C7, 0x78E3, 0x82EC,
  0x1211, 0x01B0, 0x31EC, 0xA575, 0x9536, 0xF77C, 0xF77C, 0xF77C, 0xF77C, 0xF77C, 0xF77C, 0xF77C, 0xF77C, 0x92EB, 0xBCD2, 0xA882,
  0xB821, 0xA882, 0x8AAA, 0x89C7, 0xC021, 0x79E9, 0x1272, 0x018F, 0x31EC, 0x9D35, 0x8D15, 0xF77C, 0xF77C, 0xF77C, 0xF77C, 0xF77C,
  0xF77C, 0xF77C, 0xF77C, 0x9AEB, 0xCD33, 0xA2AA, 0x91C6, 0x9125, 0x9165, 0x9000, 0xC000, 0x8A2A, 0x1253, 0x014E, 0x29AB, 0x9D14,
  0x8D15, 0xF77C, 0xF77C, 0xF77C, 0xF77C, 0xF77C, 0xF77C, 0xF77C, 0xF77C, 0xA30B, 0xD554, 0xB269, 0x9062, 0xB801, 0x9841, 0x8021,
  0xB800, 0x79A8, 0x0A32, 0x016E, 0x52CF, 0xB5B6, 0x94F5, 0xF77C, 0xF77C, 0xF77C, 0xF77C, 0xF77C, 0xF77C, 0xF77C, 0xF77C, 0xA32C,
  0xC4D2, 0xA882, 0x9000, 0xA000, 0x8020, 0x8040, 0xB000, 0x79E9, 0x11F0, 0x01AF, 0x52EF, 0xB5D7, 0x9515, 0xF77C, 0xF77C, 0xF77C,
  0xF77C, 0xF77C, 0xF77C, 0xF77C, 0xF77C, 0x9B0B, 0xC4F2, 0xB0E3, 0xA021, 0xA800, 0x9841, 0x7041, 0xA000, 0x7A09, 0x11CE, 0x01AF,
  0x29AB, 0xAD75, 0x9D35, 0xF77C, 0xF77C, 0xF77C, 0xF77C, 0xF77C, 0xF77C, 0xF77C, 0xF77C, 0x9AEB, 0xBCD2, 0xA0E3, 0x9820, 0xA000,
  0xA021, 0x7841, 0xA820, 0x7A09, 0x120F, 0x01F1, 0x320D, 0xAD75, 0x9515, 0xF77C, 0xF77C, 0xF77C, 0xF77C, 0xF77C, 0xF77C, 0xF77C,
  0xF77C, 0x9AEB, 0xBCD2, 0xA0E3, 0x9020, 0x9820, 0x9841, 0x6821, 0x9800, 0x7A09, 0x11CE, 0x016E, 0x3A2D, 0xAD76, 0x94F4, 0xF77C,
  0xF77C, 0xF77C, 0xF77C, 0xF77C, 0xF77C, 0xF77C, 0xF77C, 0x92EB, 0xBCF2, 0xA8E3, 0xA800, 0xA000, 0x8000, 0x6821, 0xB000, 0x7126,
  0x01AE, 0x014C, 0x31EC, 0xA534, 0x8CD4, 0xF77C, 0xF77C, 0xF77C, 0xF77C, 0xF77C, 0xF77C, 0xF77C, 0xF77C, 0x82CB, 0xB4F2, 0x6986,
  0x7166, 0x8904, 0x7820, 0x8000, 0xA924, 0x5BF3, 0x01AF, 0x01F2, 0x2A0D, 0xA514, 0x8CD3, 0xF77C, 0xF77C, 0xF77C, 0xF77C, 0xF77C,
  0xF77C, 0xF77C, 0xF77C, 0x82AA, 0xB4B2, 0x8924, 0x9925, 0x61A7, 0x7125, 0x88E3, 0x4372, 0x0273, 0x00EA, 0x012D, 0x29AA, 0x9D14,
  0x8493, 0xF77C, 0xF77C, 0xF77C, 0xF77C, 0xF77C, 0xF77C, 0xF77C, 0xF77C, 0x8AAA, 0xB4B1, 0x90C3, 0x9800, 0xA000, 0x8AEA, 0x5C54,
  0x0211, 0x018F, 0x016D, 0x010A, 0x31ED, 0x9D14, 0x8472, 0xF77C, 0xF77C, 0xF77C, 0xF77C, 0xF77C, 0xF77C, 0xF77C, 0xF77C, 0x8AAA,
  0xB4B1, 0x88E3, 0x9821, 0x9082, 0x4B30, 0x0A31, 0x016E, 0x018E, 0x016D, 0x010A, 0x29AB, 0xA534, 0x8C92, 0xF77C, 0xF77C, 0xF77C,
  0xF77C, 0xF77C, 0xF77C, 0xF77C, 0xF77C, 0x92AA, 0x8B2C, 0xA0A2, 0xB8A2, 0x7453, 0x0A93, 0x00EC, 0x01AF, 0x01B0, 0x016E, 0x018E,
  0x10E8, 0x8431, 0x94B3, 0xF77C, 0xF77C, 0xF77C, 0xF77C, 0xF77C, 0xF77C, 0xF77C, 0xF77C, 0x8A89, 0xA3CE, 0xA0C3, 0x62ED, 0x1313,
  0x010C, 0x016D, 0x01AF, 0x014C, 0x016C, 0x00EA, 0x3A2B, 0x530D, 0x8472, 0xF77C, 0xF77C, 0xF77C, 0xF77C, 0xF77C, 0xF77C, 0xF77C,
  0xF77C, 0x8228, 0xCCD1, 0x8452, 0x0B35, 0x016E, 0x018E, 0x014C, 0x012C, 0x018D, 0x00C9, 0x31E9, 0x632E, 0x2188, 0x6B8E, 0xF77C,
  0xF77C, 0xF77C, 0xF77C, 0xF77C, 0xF77C, 0xF77C, 0xF77C, 0x8B8E, 0x9C71, 0x2B55, 0x01D0, 0x01AE, 0x016D, 0x014C, 0x014C, 0x00EA,
  0x3A2B, 0x636E, 0x3A2A, 0x08A4, 0x6B8E, 0xF77C, 0xF77C, 0xF77C, 0xF77C, 0xF77C, 0xF77C, 0xF77C, 0xF77C, 0x8CB2, 0x94D4, 0x0A0F,
  0x016D, 0x014D, 0x016D, 0x016D, 0x00EB, 0x3A2B, 0x6B8F, 0x29A8, 0x10E4, 0x5B0C, 0xE71A, 0xEF5B, 0xF77C, 0xF77C, 0xF77C, 0xF77C,
  0xF77C, 0xF77C, 0xF77C, 0x8C51, 0xB596, 0x1A70, 0x014C, 0x016D, 0x014C, 0x00EA, 0x3A0A, 0x6BAF, 0x29A8, 0x08A4, 0x5B0C, 0xF77C,
  0xF77C, 0xEF5B, 0xF77C, 0xF77C, 0xF77C, 0xF77C, 0xF77C, 0xF77C, 0xF77C, 0x8C72, 0x9D15, 0x1230, 0x012B, 0x014C, 0x00EA, 0x320B,
  0x5B2D, 0x29A8, 0x08A4, 0x632D, 0xF77C, 0xEF5B, 0xEF5B, 0xF77C, 0xF77C, 0xF77C, 0xF77C, 0xF77C, 0xF77C, 0xF77C, 0xF77C, 0x8C72,
  0x636F, 0x01AE, 0x016D, 0x00EA, 0x320A, 0x4AAB, 0x2166, 0x08A4, 0x632D, 0xF77C, 0xEF5B, 0xEF5B, 0xF77C, 0xF77C, 0xF77C, 0xF77C,
  0xF77C, 0xF77C, 0xF77C, 0xF77C, 0xF77C, 0x8410, 0x4A8C, 0x01AF, 0x012B, 0x320B, 0x4A8B, 0x29A7, 0x1905, 0x5B2C, 0xF77C, 0xEF5B,
  0xEF5B, 0xF77C, 0xF77C, 0xF77C, 0xF77C, 0xF77C, 0xF77C, 0xF77C, 0xF77C, 0xF77C, 0xF77C, 0x73AE, 0x7C31, 0x09AD, 0x31EA, 0x4A8B,
  0x2167, 0x08C4, 0x634D, 0xF77C, 0xEF5B, 0xEF5B, 0xF77C, 0xF77C, 0xF77C, 0xF77C, 0xF77C, 0xF77C, 0xF77C, 0xF77C, 0xF77C, 0xF77C,
  0xF77C, 0x7BCF, 0x636F, 0x4ACE, 0x4229, 0x2987, 0x08C4, 0x634D, 0xF77C, 0xEF5B, 0xEF5B, 0xF77C, 0xF77C, 0xF77C, 0xF77C, 0xF77C,
  0xF77C, 0xF77C, 0xF77C, 0xF77C, 0xF77C, 0xF77C, 0xF77C, 0x6B6E, 0x4A8C, 0x1925, 0x31C7, 0x1925, 0x634D, 0xF77C, 0xEF5B, 0xEF5B,
  0xF77C, 0xF77C, 0xF77C, 0xF77C, 0xF77C, 0xF77C, 0xF77C, 0xF77C, 0xF77C, 0xF77C, 0xF77C, 0xEF5B, 0xF77C, 0x8C92, 0x8451, 0x1926,
  0x1105, 0x6B6D, 0xF77C, 0xEF5B, 0xEF5B, 0xF77C, 0xF77C, 0xF77C, 0xF77C, 0xF77C, 0xF77C, 0xF77C, 0xF77C, 0xF77C, 0xF77C, 0xF77C,
  0xF77C, 0xEF5B, 0xF77C, 0xCE37, 0xA513, 0x1105, 0x6B6E, 0xF77C, 0xEF5B, 0xEF5B, 0xF77C, 0xF77C, 0xF77C, 0xF77C, 0xF77C, 0xF77C,
  0xF77C, 0xF77C, 0xF77C, 0xF77C, 0xF77C, 0xF77C, 0xF77C, 0xF77C, 0xF77C, 0xE71A, 0xBDD6, 0x8451, 0xF77C, 0xEF5B, 0xEF5B, 0xF77C,
  0xF77C, 0xF77C, 0xF77C, 0xF77C, 0xF77C, 0xF77C, 0xF77C, 0xF77C, 0xF77C, 0xF77C, 0xF77C, 0xF77C, 0xF77C, 0xF77C, 0xF77C, 0xF77C,
  0xF77C, 0xF77C, 0xEF5B, 0xF77C, 0xF77C, 0xF77C, 0xF77C, 0xF77C, 0xF77C, 0xF77C, 0xF77C, 0xF77C, 0xF77C, 0xF77C,
};

// hero_img_2  35 x 85  (RGB565)
const uint16_t hero_img_2[] PROGMEM = {
  0xF77C, 0xF77C, 0xF77C, 0xF77C, 0xF77C, 0xF77C, 0xF77C, 0xF77C, 0xEF5B, 0xEF5B, 0xEF5B, 0xEF5B, 0xEF5B, 0xEF5B, 0xEF5B, 0xEF5C,
  0xF77C, 0xF77C, 0xEF7C, 0xEF5B, 0xEF5B, 0xEF5B, 0xEF5B, 0xEF5B, 0xEF5B, 0xEF5B, 0xEF5B, 0xEF5B, 0xF77C, 0xF77C, 0xF77C, 0xF77C,
  0xF77C, 0xF77C, 0xF77C, 0xF77C, 0xF77C, 0xF77C, 0xF77C, 0xF77C, 0xF77C, 0xF77C, 0xEF5B, 0xF77C, 0xF77C, 0xF77C, 0xF77C, 0xF77C,
  0xF77C, 0xF77C, 0xF77C, 0xF77C, 0xF77C, 0xF77C, 0xF77C, 0xF77C, 0xF77C, 0xF77C, 0xF77C, 0xF77C, 0xF77C, 0xF77C, 0xF77C, 0xEF5B,
  0xF77C, 0xF77C, 0xF77C, 0xF77C, 0xF77C, 0xF77C, 0xF77C, 0xF77C, 0xF77C, 0xF77C, 0xF77C, 0xF77C, 0xF77C, 0xF77C, 0xE71A, 0xEF5B,
  0xEF3B, 0xE73B, 0xE71B, 0xE73B, 0xEF3B, 0xEF3B, 0xEF3B, 0xEF5C, 0xEF3B, 0xEF3B, 0xE71B, 0xE71B, 0xE71A, 0xDEFA, 0xDEDA, 0xDEB9,
  0xDEDA, 0xDED9, 0xF77C, 0xEF5B, 0xF77C, 0xF77C, 0xF77C, 0xF77C, 0xF77C, 0xF77C, 0xF77C, 0xF77C, 0xF77C, 0xF77C, 0xEF5B, 0xF77C,
  0xD6B9, 0xA535, 0xEF7D, 0xE75D, 0xE77D, 0xE75D, 0xE75D, 0xE75D, 0xEF7D, 0xEF9E, 0xEF7D, 0xEF9D, 0xEF9D, 0xE77D, 0xE75D, 0xDF3C,
  0xDF3C, 0xD71C, 0xC6BB, 0xCE9A, 0x94B4, 0xBDB6, 0xF77C, 0xEF5B, 0xF77C, 0xF77C, 0xF77C, 0xF77C, 0xF77C, 0xF77C, 0xF77C, 0xF77C,
  0xEF5B, 0xEF5B, 0xF77C, 0x94F4, 0xB639, 0x9C0F, 0x8269, 0x7A49, 0x7248, 0x7248, 0x7A69, 0xA40F, 0xA40F, 0xB533, 0x7269, 0x8248,
  0x7A28, 0x7228, 0x7248, 0x7248, 0x7A49, 0x7A28, 0x5165, 0x5AED, 0x6B6E, 0xF77C, 0xEF5B, 0xF77C, 0xF77C, 0xF77C, 0xF77C, 0xF77C,
  0xF77C, 0xF77C, 0xF77C, 0xEF5B, 0xF77C, 0xBDF7, 0xB618, 0x8B4C, 0xBBAD, 0xE945, 0xD8E3, 0xD8E3, 0xD103, 0xD8E3, 0xD082, 0xE0A3,
  0xB2CA, 0xC104, 0xD862, 0xD883, 0xE0E4, 0xD8C3, 0xD0A3, 0xD082, 0xC8C4, 0x71A7, 0x50A2, 0x530C, 0xAD54, 0xF77C, 0xEF5B, 0xF77C,
  0xF77C, 0xF77C, 0xF77C, 0xF77C, 0xF77C, 0xEF5B, 0xF77C, 0xD678, 0xBE5A, 0x830C, 0xC185, 0xBB8D, 0xC966, 0xE904, 0xE924, 0xE925,
  0xE904, 0xE8C4, 0xF966, 0xE513, 0xD9A6, 0xE8C4, 0xE0E4, 0xF166, 0xE925, 0xE186, 0xE925, 0xA9C8, 0xBACA, 0xB061, 0x51C7, 0x636E,
  0xDED9, 0xEF5B, 0xEF5B, 0xF77C, 0xF77C, 0xF77C, 0xF77C, 0xEF5B, 0xF77C, 0xDED9, 0xC67A, 0x93CF, 0xA1A6, 0xE9A6, 0xB166, 0xB2AA,
  0xE883, 0xD883, 0xE8A3, 0xF0E4, 0xE228, 0xCBEF, 0xB4D2, 0xAB0C, 0xE269, 0xF104, 0xF0E3, 0xE904, 0xF0C4, 0xD986, 0xA2AA, 0xD904,
  0xE145, 0x7841, 0x5B2D, 0x94B2, 0xF77C, 0xEF5B, 0xF77C, 0xF77C, 0xF77C, 0xF77C, 0xEF5B, 0xF77C, 0xC638, 0xB5D8, 0x8164, 0xE2A9,
  0xD882, 0xC8C3, 0xB32C, 0xC1E7, 0xC1C7, 0xCAEB, 0xCC0F, 0xBB4C, 0xE228, 0x88C3, 0xC125, 0xBAEB, 0xB3AD, 0xCAEB, 0xD1A6, 0xE1E7,
  0xB32D, 0xCA28, 0xE0A2, 0xD0E4, 0xB8C3, 0x61A7, 0x636E, 0xD678, 0xF77C, 0xEF5B, 0xF77C, 0xF77C, 0xEF5B, 0xF77C, 0xC637, 0xD71C,
  0x8AEB, 0xD2A9, 0xD904, 0xD8E3, 0xE0E4, 0xB3AE, 0x9B4C, 0xB289, 0xCA28, 0xC925, 0xD863, 0xE8A3, 0x8924, 0xD8A3, 0xE082, 0xC904,
  0xBA49, 0xBA8A, 0xB30C, 0xAC91, 0xE104, 0xD8A3, 0xD0E3, 0xE145, 0x9082, 0x630C, 0x7BEF, 0xEF5B, 0xEF5B, 0xF77C, 0xEF5B, 0xF77C,
  0xDEB9, 0xD6DB, 0xA471, 0xBA06, 0xE986, 0xD8A3, 0xD8C3, 0xD0C4, 0x8AAA, 0xA1A6, 0xD8C4, 0xC883, 0xD8A4, 0xC8A3, 0xD0A3, 0x80E4,
  0xD0C3, 0xD8C3, 0xE0E4, 0xE083, 0xD8A3, 0xA208, 0xAB6D, 0xC8E4, 0xD8A3, 0xD8E4, 0xE104, 0xC862, 0x6924, 0x636F, 0xBDD6, 0xF77C,
  0xEF5B, 0xEF5B, 0xEF5B, 0xCE79, 0xBE38, 0x9A07, 0xF207, 0xC8A3, 0xD0C3, 0xE0A3, 0xA9A7, 0xB924, 0xA1C6, 0xC146, 0xD0A3, 0xD0A3,
  0xD0A2, 0xE0E4, 0x9104, 0xD082, 0xD8A3, 0xC882, 0xC842, 0xA966, 0xAA8A, 0xB924, 0xA186, 0xE0A3, 0xD0E3, 0xD0A3, 0xE0C3, 0x9821,
  0x62AB, 0x73F0, 0xEF5B, 0xEF5B, 0xF77C, 0xD679, 0xDF1C, 0x79E7, 0xE1E6, 0xC0A3, 0xC8A3, 0xC8A3, 0xC0A3, 0xA28A, 0xD8A2, 0xB0C3,
  0x9124, 0xE0C3, 0xD882, 0xE0A3, 0xD0A3, 0xB2CB, 0xC082, 0xC062, 0xC083, 0xD0A3, 0x9229, 0xC186, 0xE966, 0xA289, 0xC945, 0xD042,
  0xD0A3, 0xD0A3, 0xC062, 0x70A3, 0x6B8F, 0xAD34, 0xF77C, 0xE71A, 0x6B6E, 0x9CF3, 0xB228, 0xE145, 0xD062, 0xC8C4, 0xD083, 0xA9C8,
  0xA145, 0xD8E3, 0xD882, 0x8944, 0xD124, 0xE8C3, 0xD8E3, 0xE145, 0xB28A, 0xD904, 0xD924, 0xD882, 0xB925, 0x9A69, 0xE0E3, 0xE925,
  0xC966, 0xAA28, 0xE8C3, 0xD0E3, 0xD082, 0xD0C4, 0x88C3, 0x734D, 0x634D, 0xF77C, 0xE6FA, 0x530D, 0x932C, 0xB2AA, 0xA2CB, 0xC186,
  0xE8A3, 0xB986, 0xB269, 0xE0E4, 0xD0A3, 0xD8A3, 0xB165, 0xB2AA, 0xCACB, 0xBACA, 0xC2AA, 0xD534, 0xBAEB, 0xC30C, 0xC30B, 0xA2EB,
  0xB924, 0xD0A3, 0xC882, 0xE8A3, 0xA9E7, 0xC186, 0xF0A3, 0xC145, 0xBAEB, 0xB32C, 0x51C7, 0x3A08, 0xE71A, 0xEF1B, 0x63B0, 0x5925,
  0xC8A3, 0xC925, 0xAA8A, 0xCBAD, 0xB3EF, 0xD8C4, 0xD082, 0xC863, 0xC883, 0xB062, 0xACD2, 0xF77C, 0xF77C, 0xE6FA, 0x8CB1, 0x8450,
  0x8C71, 0xB5B5, 0xC4D2, 0xD083, 0xC0A3, 0xC8C3, 0xD0A3, 0xD8A3, 0xB36C, 0xDB6D, 0xB36D, 0xC228, 0xC041, 0x38E3, 0x4229, 0xE6FA,
  0xEF1B, 0x63D0, 0x48E4, 0xC082, 0xD062, 0xC841, 0xA30C, 0xBC2F, 0xB207, 0xC0C3, 0xD8C3, 0xC083, 0x88C3, 0x51A6, 0xACB1, 0xBDD6,
  0x9CD2, 0x31C7, 0x10E5, 0x10E4, 0x1905, 0x8C71, 0xC9A6, 0xD062, 0xD082, 0xC924, 0xBACA, 0xBBCE, 0xB471, 0xD104, 0xF083, 0xC862,
  0x6269, 0x52AB, 0xE6FA, 0xEF1B, 0x63D0, 0x40C4, 0xB862, 0xC0A3, 0xC883, 0x7862, 0xB0E3, 0xD1A6, 0xB36D, 0xA9C7, 0xE0C3, 0x5082,
  0x6882, 0xC513, 0xF77C, 0xC5F6, 0x1905, 0x1925, 0x73AE, 0x7BCF, 0x3249, 0xBBCE, 0xD8A3, 0xB30B, 0xABAE, 0xDA28, 0xC986, 0xA1A7,
  0xC8A3, 0xD0A3, 0xB042, 0x5228, 0x5A8B, 0xEEFA, 0xEF3B, 0x6BF1, 0x50E4, 0xC082, 0xB842, 0xC842, 0x9145, 0x90E4, 0xD042, 0xC0C3,
  0xAA28, 0xAAEB, 0x6924, 0x9904, 0xA534, 0xEF5B, 0xD699, 0xAD75, 0xE6FA, 0xF77C, 0xE71A, 0x2146, 0x7BCF, 0xC491, 0xCB0C, 0xD145,
  0xE0C4, 0xB986, 0xAA08, 0xD0A3, 0xD0A2, 0xA821, 0x5248, 0x62AB, 0xEEFA, 0xEF3B, 0x7432, 0x40C4, 0xB861, 0xC882, 0xC842, 0x9925,
  0x9904, 0xB882, 0xD062, 0xA0A3, 0x5228, 0x91C6, 0x91A7, 0x9D34, 0xF77C, 0xF77C, 0xF77C, 0xF77C, 0xEF5B, 0xEF3B, 0x528B, 0x7BCF,
  0xD3EF, 0xF9A6, 0xD883, 0xD862, 0xA986, 0xA945, 0xD861, 0xD0A2, 0xB041, 0x5208, 0x6AEC, 0xEEFA, 0xEF1A, 0x7432, 0x61E8, 0xB8A3,
  0xC062, 0xC082, 0x8904, 0xB082, 0xA862, 0x50A2, 0x41A6, 0x5082, 0x6062, 0x5187, 0xCE57, 0xF77C, 0xEF5B, 0xEF5B, 0xEF5B, 0xEF5B,
  0xF77C, 0xA40F, 0xC533, 0xCB4C, 0xF165, 0xD882, 0xE8A3, 0xA165, 0xB965, 0xD862, 0xD0A3, 0xA841, 0x6B0B, 0x72EC, 0xEEFA, 0xEF1B,
  0x6BF1, 0x5145, 0xB082, 0xC082, 0xC882, 0xA228, 0x7041, 0x49E7, 0x838D, 0x8A08, 0x50C4, 0x30C4, 0x6289, 0xF77C, 0xEF5B, 0xF77C,
  0xF77C, 0xF77C, 0xEF5B, 0xF77C, 0xABEF, 0xC4D2, 0xB2CB, 0xE945, 0xC882, 0xD862, 0xB9E7, 0xB1E7, 0xC8A3, 0xB082, 0xA042, 0x9450,
  0x82EC, 0xEF1A, 0xE71A, 0x6BF1, 0x5104, 0xC061, 0xB882, 0xA1E7, 0x9430, 0x5ACB, 0x936D, 0x6945, 0x30A3, 0x20C3, 0x8C0F, 0xDEB9,
  0xEF5B, 0xEF5B, 0xF77C, 0xF77C, 0xF77C, 0xEF5B, 0xF77C, 0xB450, 0xCD33, 0xBA8A, 0xE062, 0xC8C3, 0xD082, 0xC124, 0xA1E7, 0xD062,
  0xC862, 0xA000, 0x7B8D, 0x934D, 0xEF1A, 0xE71A, 0x63B0, 0x6904, 0x90A2, 0x72EB, 0x8C92, 0x9450, 0x6A28, 0x38A3, 0x28A3, 0x62AA,
  0xCE37, 0xF77C, 0xF77C, 0xF77C, 0xF77C, 0xF77C, 0xF77C, 0xF77C, 0xEF5B, 0xF77C, 0xBC91, 0xD595, 0xB249, 0xC8A3, 0xC882, 0xD041,
  0xE0A2, 0xA207, 0xD062, 0xD0C4, 0x9945, 0x7B4C, 0x9B8E, 0xEF1A, 0xE6FA, 0x6B8F, 0x8BCF, 0x8C2F, 0x94B1, 0x730B, 0x30A3, 0x2882,
  0x41A7, 0xAD13, 0xF77C, 0xF77C, 0xEF5B, 0xEF5B, 0xF77C, 0xF77C, 0xF77C, 0xF77C, 0xF77C, 0xEF5B, 0xF77C, 0xBCB2, 0xD5B5, 0xB9C7,
  0xE103, 0xB0C3, 0xB924, 0xC125, 0xBB6D, 0xB430, 0xBB2B, 0xA228, 0x8BAE, 0xA38D, 0xEF1A, 0xDEDA, 0x73CF, 0xC617, 0x9C91, 0xA4B1,
  0x9C91, 0x41A7, 0x9CB2, 0xEF3B, 0xF77C, 0xEF5B, 0xEF5B, 0xF77C, 0xF77C, 0xF77C, 0xF77C, 0xF77C, 0xF77C, 0xF77C, 0xEF5B, 0xF77C,
  0xC4D2, 0xDDB5, 0xBC70, 0x9249, 0xB30C, 0xAAAA, 0xBA8A, 0x8A08, 0xBA49, 0xE8E4, 0xA000, 0x9C0F, 0xAB6D, 0xEF1A, 0xEF3B, 0x73AE,
  0xA533, 0xDED9, 0xF77C, 0xF77C, 0xEF5B, 0xF77C, 0xF77C, 0xEF5B, 0xF77C, 0xF77C, 0xF77C, 0xF77C, 0xF77C, 0xF77C, 0xF77C, 0xF77C,
  0xF77C, 0xEF5B, 0xF77C, 0xC534, 0xD5F6, 0xBB4D, 0xD945, 0xD0C4, 0xD842, 0xD0A3, 0x90E4, 0xD862, 0xD862, 0x9821, 0x9C30, 0xB34D,
  0xEF1A, 0xF77C, 0xBDB6, 0xAD75, 0xF77C, 0xEF5B, 0xEF5B, 0xF77C, 0xEF5B, 0xEF5B, 0xF77C, 0xF77C, 0xF77C, 0xF77C, 0xF77C, 0xF77C,
  0xF77C, 0xF77C, 0xF77C, 0xF77C, 0xEF5B, 0xF77C, 0xC595, 0xAD53, 0x9061, 0xF904, 0xB883, 0xD042, 0xB966, 0xBAAB, 0xD062, 0xC862,
  0x9021, 0x830B, 0xB36D, 0xE71A, 0xF77C, 0xF77C, 0xEF5B, 0xEF5B, 0xF77C, 0xF77C, 0xEF5B, 0xF77C, 0xF77C, 0xF77C, 0xF77C, 0xF77C,
  0xF77C, 0xF77C, 0xF77C, 0xF77C, 0xF77C, 0xF77C, 0xF77C, 0xF77C, 0xF77C, 0xC618, 0xAD74, 0xA965, 0xF0C3, 0xD0A2, 0xD042, 0xA965,
  0xA9A7, 0xD042, 0xC862, 0xA000, 0x6A07, 0xBB6D, 0xE71A, 0xF77C, 0xEF5B, 0xF77C, 0xF77C, 0xF77C, 0xF77C, 0xF77C, 0xF77C, 0xF77C,
  0xF77C, 0xF77C, 0xF77C, 0xF77C, 0xF77C, 0xF77C, 0xF77C, 0xF77C, 0xF77C, 0xEF5C, 0xF77C, 0xC659, 0xDEFC, 0xBD54, 0xB883, 0xC841,
  0xC082, 0xC021, 0xA0E4, 0xB124, 0xC042, 0xB841, 0x9821, 0x8B6C, 0xBB4D, 0xE71A, 0xF77C, 0xF77C, 0xF77C, 0xF77C, 0xF77C, 0xF77C,
  0xF77C, 0xF77C, 0xF77C, 0xF77C, 0xF77C, 0xF77C, 0xF77C, 0xF77C, 0xF77C, 0xF77C, 0xF77C, 0xEF5B, 0xF77C, 0xAD75, 0xDEFC, 0xCEB9,
  0x61C7, 0x9A08, 0xB125, 0xB862, 0xC801, 0xB9C7, 0xB924, 0xD882, 0xC061, 0x9020, 0xA450, 0xB32D, 0xE71A, 0xF77C, 0xF77C, 0xF77C,
  0xF77C, 0xF77C, 0xF77C, 0xF77C, 0xF77C, 0xF77C, 0xF77C, 0xF77C, 0xF77C, 0xF77C, 0xF77C, 0xF77C, 0xF77C, 0xEF5B, 0xF77C, 0xC638,
  0xCEBB, 0xD699, 0xA36D, 0xA104, 0xB1A7, 0xBB0C, 0x99E8, 0xB8A3, 0xCA69, 0xB8C3, 0xD041, 0xB841, 0x8020, 0xA430, 0xB34D, 0xE6FA,
  0xF77C, 0xF77C, 0xF77C, 0xF77C, 0xF77C, 0xF77C, 0xF77C, 0xF77C, 0xF77C, 0xF77C, 0xF77C, 0xF77C, 0xF77C, 0xF77C, 0xF77C, 0xEF5B,
  0xF77C, 0xD699, 0xBE19, 0xD699, 0xB594, 0xA862, 0xC862, 0xD082, 0xE062, 0xC882, 0xB1C8, 0x9BCE, 0xA9E7, 0xD021, 0xC841, 0x9820,
  0xA3EF, 0xBB4D, 0xE6FA, 0xF77C, 0xF77C, 0xF77C, 0xF77C, 0xF77C, 0xF77C, 0xF77C, 0xF77C, 0xF77C, 0xF77C, 0xF77C, 0xF77C, 0xF77C,
  0xF77C, 0xEF5B, 0xF77C, 0xD699, 0xB5F8, 0xDF1C, 0xA40F, 0x9103, 0xB1A6, 0xD062, 0xC062, 0xD061, 0xE062, 0xB209, 0xB30B, 0xD34C,
  0xA1C7, 0x90A2, 0x9040, 0xA3EF, 0xB34D, 0xE6FA, 0xF77C, 0xF77C, 0xF77C, 0xF77C, 0xF77C, 0xF77C, 0xF77C, 0xF77C, 0xF77C, 0xF77C,
  0xF77C, 0xF77C, 0xF77C, 0xEF5B, 0xF77C, 0xEF5B, 0xB5B7, 0xCE9A, 0xBDB5, 0x98C3, 0xB8C3, 0x8986, 0xC862, 0xC062, 0xC062, 0xA28A,
  0xB228, 0xE082, 0xD842, 0xC8E4, 0xB925, 0x7965, 0xC574, 0xB30C, 0xE6FA, 0xF77C, 0xF77C, 0xF77C, 0xF77C, 0xF77C, 0xF77C, 0xF77C,
  0xF77C, 0xF77C, 0xF77C, 0xF77C, 0xF77C, 0xEF5B, 0xEF5B, 0xEF5B, 0xBDD7, 0xE75D, 0xE75C, 0xA9A6, 0xC842, 0xD0A3, 0x7862, 0xB042,
  0xC062, 0xA269, 0xA925, 0xD021, 0xC021, 0xB862, 0xC821, 0xC000, 0x6986, 0x5925, 0x8A8A, 0xEF5B, 0xF77C, 0xF77C, 0xF77C, 0xF77C,
  0xF77C, 0xF77C, 0xF77C, 0xF77C, 0xF77C, 0xF77C, 0xF77C, 0xF77C, 0xEF5B, 0xF77C, 0xBDF7, 0xD6FC, 0xA491, 0xB3AE, 0xB842, 0xC041,
  0xB842, 0x9904, 0xB124, 0xA125, 0xA1A7, 0xD021, 0xC041, 0xB041, 0xA841, 0xB000, 0x6924, 0x6985, 0x58A3, 0x5ACB, 0xF77C, 0xF77C,
  0xF77C, 0xF77C, 0xF77C, 0xF77C, 0xF77C, 0xF77C, 0xF77C, 0xF77C, 0xF77C, 0xF77C, 0xEF5B, 0xF77C, 0xB5B6, 0xDF1C, 0xB5D6, 0xA0E3,
  0xA186, 0xC841, 0xE821, 0xC821, 0xA8A3, 0xABEF, 0xA249, 0xC062, 0xB041, 0xB800, 0xB841, 0xB821, 0x7904, 0x69E7, 0x6882, 0x18C4,
  0xA534, 0xF77C, 0xF77C, 0xF77C, 0xF77C, 0xF77C, 0xF77C, 0xF77C, 0xF77C, 0xF77C, 0xF77C, 0xF77C, 0xEF5B, 0xF77C, 0xC617, 0xC67A,
  0xCE99, 0x89C6, 0xE883, 0xB28A, 0xB842, 0xB165, 0x91C6, 0x88E4, 0xA3EF, 0xBA08, 0xD042, 0xB842, 0xB041, 0xC861, 0x7800, 0x48E4,
  0x7124, 0x3105, 0x8430, 0xF77C, 0xEF5B, 0xF77C, 0xF77C, 0xF77C, 0xF77C, 0xF77C, 0xF77C, 0xF77C, 0xF77C, 0xF77C, 0xEF5B, 0xF77C,
  0xDEFA, 0xBE18, 0xD6FB, 0xCE57, 0x9228, 0xC924, 0xAACA, 0x7166, 0x9248, 0xA904, 0xA882, 0x9904, 0x91A6, 0xD021, 0xB821, 0xB021,
  0x9000, 0x3882, 0x6904, 0x4165, 0x5B0C, 0xF77C, 0xEF5B, 0xF77C, 0xF77C, 0xF77C, 0xF77C, 0xF77C, 0xF77C, 0xF77C, 0xF77C, 0xF77C,
  0xF77C, 0xF77C, 0xE71A, 0xB618, 0xC5F8, 0x72CA, 0xB38D, 0xC2CB, 0xA32C, 0xBD74, 0x8A49, 0xB041, 0xC001, 0xA821, 0xB821, 0x91E7,
  0xB842, 0xD042, 0xA020, 0x40A3, 0x50E4, 0x4945, 0x52EB, 0xEF3B, 0xEF5B, 0xEF5B, 0xF77C, 0xF77C, 0xF77C, 0xF77C, 0xF77C, 0xF77C,
  0xF77C, 0xF77C, 0xEF5B, 0xF77C, 0xEF5B, 0xC618, 0xBE7A, 0x8165, 0x8082, 0x9904, 0xD0A3, 0xB882, 0xAB8D, 0xB841, 0xC000, 0xC021,
  0xB841, 0xC821, 0xA904, 0x9945, 0xC021, 0x5062, 0x4904, 0x930B, 0xB595, 0xE6FA, 0xF77C, 0xEF5B, 0xF77C, 0xF77C, 0xF77C, 0xF77C,
  0xF77C, 0xF77C, 0xF77C, 0xF77C, 0xF77C, 0xF77C, 0xF77C, 0xB5B6, 0xD71D, 0x8B2C, 0xC021, 0xBAEB, 0xB8C3, 0xC062, 0xA821, 0x89A6,
  0xB821, 0xB021, 0xB821, 0xC000, 0xC000, 0xC842, 0x91A7, 0x6904, 0x5165, 0x50E4, 0x7C0F, 0xF77C, 0xF77C, 0xEF5B, 0xF77C, 0xF77C,
  0xF77C, 0xF77C, 0xF77C, 0xF77C, 0xF77C, 0xF77C, 0xF77C, 0xEF5B, 0xF77C, 0xBDF7, 0xD71D, 0x8BEE, 0xA269, 0xB062, 0x9965, 0xD041,
  0xB841, 0xB821, 0x90C3, 0xA801, 0xB000, 0xB001, 0xB082, 0x9903, 0xB124, 0x8A48, 0x51E7, 0x5965, 0x5AEB, 0x9CF3, 0xEF5B, 0xEF5B,
  0xF77C, 0xF77C, 0xF77C, 0xF77C, 0xF77C, 0xF77C, 0xF77C, 0xF77C, 0xF77C, 0xEF5B, 0xF77C, 0xCE58, 0xDF1C, 0xAD13, 0x9861, 0xA229,
  0x81A6, 0xA041, 0xD000, 0xC082, 0xB882, 0x99E7, 0xB000, 0xB041, 0x90A3, 0x88C3, 0x9882, 0x7021, 0x5208, 0x5269, 0xBDD6, 0xF77C,
  0xF77C, 0xF77C, 0xF77C, 0xF77C, 0xF77C, 0xF77C, 0xF77C, 0xF77C, 0xF77C, 0xF77C, 0xF77C, 0xEF5B, 0xF77C, 0xDEB9, 0xCE7A, 0xD6FB,
  0xA2CA, 0xE063, 0x9904, 0x93EF, 0xA8E4, 0xB8E4, 0xC021, 0xB800, 0xA1E7, 0xB800, 0x9882, 0x8124, 0xB021, 0xB800, 0x6186, 0x2125,
  0xA513, 0xF77C, 0xEF5B, 0xEF5B, 0xF77C, 0xF77C, 0xF77C, 0xF77C, 0xF77C, 0xF77C, 0xF77C, 0xF77C, 0xF77C, 0xEF5B, 0xF77C, 0xDEFA,
  0xCE9A, 0xBE38, 0x9A28, 0xB249, 0xA0A3, 0x9862, 0x928A, 0xA1A7, 0x9208, 0x8986, 0x9965, 0xAA8A, 0x99E8, 0xA2EB, 0xB28A, 0xB36D,
  0x8ACA, 0x528A, 0x73AE, 0xF77C, 0xEF5B, 0xEF5B, 0xF77C, 0xF77C, 0xF77C, 0xF77C, 0xF77C, 0xF77C, 0xF77C, 0xF77C, 0xF77C, 0xEF5C,
  0xF77C, 0xF77C, 0xB5D7, 0xC639, 0x7165, 0xB8C3, 0xA0E4, 0xB269, 0x88E4, 0x9041, 0xB800, 0xA800, 0xB841, 0x91C7, 0xCDB5, 0xA9C7,
  0xB841, 0xC801, 0x8165, 0x8471, 0x5AAA, 0xE6FA, 0xEF5B, 0xEF5B, 0xF77C, 0xF77C, 0xF77C, 0xF77C, 0xF77C, 0xF77C, 0xF77C, 0xF77C,
  0xF77C, 0xEF5B, 0xEF5C, 0xF77C, 0xBE18, 0xCEDB, 0x7A69, 0xA882, 0x9821, 0x9800, 0xA28A, 0x8186, 0xA800, 0xA000, 0xA800, 0xA821,
  0xA083, 0xA269, 0xB800, 0xB800, 0x8000, 0x49C6, 0x8C50, 0xAD74, 0xE6FA, 0xF77C, 0xEF5B, 0xF77C, 0xF77C, 0xF77C, 0xF77C, 0xF77C,
  0xF77C, 0xF77C, 0xF77C, 0xF77C, 0xEF5B, 0xF77C, 0xAD75, 0xD71D, 0x836D, 0xA061, 0xA041, 0x9020, 0xA800, 0xA228, 0xA3AE, 0xAA49,
  0xA2EB, 0x99A6, 0xB021, 0xA062, 0x99A6, 0xB800, 0x9041, 0x51E7, 0x5ACB, 0xB575, 0xEF5B, 0xEF5B, 0xF77C, 0xF77C, 0xF77C, 0xF77C,
  0xF77C, 0xF77C, 0xF77C, 0xF77C, 0xF77C, 0xF77C, 0xEF5B, 0xF77C, 0xBDF7, 0xC6DC, 0x8BEF, 0x98E3, 0xB041, 0xA000, 0xA021, 0x9800,
  0xAB2C, 0xA9A7, 0x9904, 0xA945, 0x9A08, 0x9185, 0xA925, 0xA966, 0xB000, 0x59A6, 0x31C7, 0xB574, 0xF77C, 0xEF5B, 0xF77C, 0xF77C,
  0xF77C, 0xF77C, 0xF77C, 0xF77C, 0xF77C, 0xF77C, 0xF77C, 0xF77C, 0xF77C, 0xF77C, 0xE71B, 0xC69B, 0x83F0, 0x80A2, 0xB882, 0xA000,
  0xA821, 0xB800, 0xA0C3, 0x99E7, 0xB000, 0x9800, 0xA000, 0xA800, 0xA8C3, 0xA3AE, 0x9B4C, 0x3820, 0x4A28, 0x5ACB, 0xE6FA, 0xEF5B,
  0xEF5B, 0xF77C, 0xF77C, 0xF77C, 0xF77C, 0xF77C, 0xF77C, 0xF77C, 0xF77C, 0xF77C, 0xF77C, 0xF77C, 0xEF3B, 0x9515, 0xAD55, 0x68A3,
  0xA062, 0x9800, 0x9821, 0xA021, 0xA800, 0xA1E7, 0xA062, 0xB021, 0xA021, 0x9821, 0x9821, 0xB000, 0x8965, 0x82EB, 0x6A89, 0x7C0F,
  0xAD74, 0xEF5B, 0xEF5B, 0xF77C, 0xF77C, 0xF77C, 0xF77C, 0xF77C, 0xF77C, 0xF77C, 0xF77C, 0xF77C, 0xF77C, 0xF77C, 0xF77C, 0xE6FA,
  0x4B0E, 0x9CD3, 0x88A2, 0xA021, 0xA021, 0x9820, 0x9000, 0x9062, 0x9186, 0xA800, 0xA800, 0xB000, 0xA000, 0x9821, 0xA800, 0x8945,
  0x9470, 0x83EF, 0x8C50, 0xF77C, 0xEF5B, 0xF77C, 0xF77C, 0xF77C, 0xF77C, 0xF77C, 0xF77C, 0xF77C, 0xF77C, 0xF77C, 0xF77C, 0xF77C,
  0xF77C, 0xF77C, 0xE6FA, 0x6C32, 0x6390, 0x3A6D, 0x90C3, 0xA021, 0x9020, 0x8041, 0x7A08, 0x8820, 0x9082, 0x98E4, 0xA8A3, 0xB020,
  0xA820, 0x9000, 0x7B2C, 0x8C50, 0x2146, 0xAD74, 0xEF5B, 0xEF5B, 0xF77C, 0xF77C, 0xF77C, 0xF77C, 0xF77C, 0xF77C, 0xF77C, 0xF77C,
  0xF77C, 0xF77C, 0xF77C, 0xF77C, 0xF77C, 0xE71A, 0x7CB4, 0x4ACD, 0x01AF, 0x4330, 0x9985, 0xB841, 0x7965, 0x9BAD, 0x8924, 0x91E7,
  0xAA28, 0x8165, 0x98C3, 0xA020, 0x4862, 0x73AE, 0x2946, 0x634C, 0xF77C, 0xEF5B, 0xF77C, 0xF77C, 0xF77C, 0xF77C, 0xF77C, 0xF77C,
  0xF77C, 0xF77C, 0xF77C, 0xF77C, 0xF77C, 0xF77C, 0xF77C, 0xF77C, 0xE71A, 0x84D5, 0x530E, 0x012D, 0x0211, 0x4310, 0xBB0C, 0xAC50,
  0xAAAA, 0xA882, 0x9800, 0x9000, 0x9800, 0x9166, 0x7A89, 0x4145, 0x2987, 0x39E8, 0xEF5B, 0xEF5B, 0xEF5B, 0xF77C, 0xF77C, 0xF77C,
  0xF77C, 0xF77C, 0xF77C, 0xF77C, 0xF77C, 0xF77C, 0xF77C, 0xF77C, 0xF77C, 0xF77C, 0xF77C, 0xE71B, 0x7C94, 0x8473, 0x016D, 0x016F,
  0x012C, 0x9185, 0x9A69, 0x7882, 0x80E3, 0x9945, 0x9861, 0x9000, 0x81C7, 0x51E7, 0x2905, 0x1926, 0xD678, 0xEF5B, 0xEF5B, 0xF77C,
  0xF77C, 0xF77C, 0xF77C, 0xF77C, 0xF77C, 0xF77C, 0xF77C, 0xF77C, 0xF77C, 0xF77C, 0xF77C, 0xF77C, 0xF77C, 0xF77C, 0xE71B, 0x7C74,
  0x8CB4, 0x018E, 0x01B0, 0x016D, 0x7841, 0x8800, 0xA800, 0x9082, 0x9208, 0xA2CA, 0x7061, 0x3861, 0x3104, 0x10E5, 0xA533, 0xF77C,
  0xEF5B, 0xF77C, 0xF77C, 0xF77C, 0xF77C, 0xF77C, 0xF77C, 0xF77C, 0xF77C, 0xF77C, 0xF77C, 0xF77C, 0xF77C, 0xF77C, 0xF77C, 0xF77C,
  0xF77C, 0xE71A, 0x84B4, 0x8CD4, 0x018F, 0x01AF, 0x224F, 0x79A6, 0x90A3, 0xA021, 0xA000, 0xA800, 0x7820, 0x4861, 0x7124, 0x1925,
  0x8C71, 0xF77C, 0xEF3B, 0xF77C, 0xF77C, 0xF77C, 0xF77C, 0xF77C, 0xF77C, 0xF77C, 0xF77C, 0xF77C, 0xF77C, 0xF77C, 0xF77C, 0xF77C,
  0xF77C, 0xF77C, 0xF77C, 0xF77C, 0xE71B, 0x8CF5, 0x7433, 0x01F1, 0x016E, 0x3AF1, 0x834C, 0x9082, 0xA000, 0x9800, 0xA800, 0x9000,
  0x70E3, 0xB249, 0x52CB, 0xF77C, 0xEF5B, 0xF77C, 0xF77C, 0xF77C, 0xF77C, 0xF77C, 0xF77C, 0xF77C, 0xF77C, 0xF77C, 0xF77C, 0xF77C,
  0xF77C, 0xF77C, 0xF77C, 0xF77C, 0xF77C, 0xF77C, 0xF77C, 0xE71A, 0x9516, 0x6BB0, 0x016E, 0x01F1, 0x4B11, 0xB492, 0xA062, 0xA020,
  0x9020, 0xA020, 0x8000, 0x7165, 0xB208, 0x6BAE, 0xEF5B, 0xEF5B, 0xEF5B, 0xEF5B, 0xEF5B, 0xEF5B, 0xEF5B, 0xEF5B, 0xEF5B, 0xEF5B,
  0xEF5B, 0xEF5B, 0xEF5B, 0xEF5B, 0xEF5B, 0xEF5B, 0xEF5B, 0xEF5B, 0xEF5B, 0xF77C, 0xE71A, 0x9536, 0x94F4, 0x096E, 0x016E, 0x3B11,
  0x832D, 0x9821, 0xA021, 0xA800, 0xA000, 0x7841, 0xA2EB, 0xA1A7, 0x8450, 0xF77C, 0xF77C, 0xF77C, 0xF77C, 0xF77C, 0xF77C, 0xF77C,
  0xF77C, 0xF77C, 0xF77C, 0xF77C, 0xF77C, 0xF77C, 0xF77C, 0xF77C, 0xF77C, 0xF77C, 0xF77C, 0xF77C, 0xF77C, 0xE71B, 0x9536, 0x8CF5,
  0x018E, 0x014D, 0x2A90, 0x6186, 0xB000, 0xB800, 0xA8E4, 0x8124, 0x5965, 0xBC30, 0x99E8, 0xB5D6, 0xD6BA, 0xDEDA, 0xD699, 0xD6B9,
  0xDEBA, 0xD678, 0xD699, 0xD699, 0xD699, 0xD699, 0xD6B9, 0xD699, 0xD699, 0xCE79, 0xCE79, 0xC638, 0xCE38, 0xBDF7, 0xD699, 0xF77C,
  0xE71A, 0x9516, 0x8CB4, 0x092C, 0x01D0, 0x3A8F, 0x91E7, 0xB8E4, 0x9A89, 0x8289, 0x91C6, 0x68A2, 0x7289, 0x59E8, 0x630C, 0x7B4D,
  0x838F, 0x7BAF, 0x7B6D, 0x734D, 0x738E, 0x6B0C, 0x730C, 0x7B4D, 0x734D, 0x732C, 0x730C, 0x6AEC, 0x72EC, 0x6AEC, 0x7BAE, 0x63B0,
  0x7475, 0x7432, 0xEF3B, 0xE71A, 0x94F4, 0x63B1, 0x016D, 0x010B, 0x4AF0, 0xABAD, 0x71C7, 0x9165, 0x9800, 0x9800, 0x8800, 0x7AAA,
  0x69C6, 0x7800, 0x6820, 0x6820, 0x7248, 0x6820, 0x5800, 0x93AE, 0x6924, 0x5041, 0x5861, 0x6000, 0x6020, 0x6000, 0x5800, 0x8144,
  0x93CF, 0x7D17, 0x2AB0, 0x94F5, 0x6BD0, 0xDEDA, 0xE71A, 0x8CF4, 0x8CB4, 0x018E, 0x018E, 0x11EF, 0x5AED, 0xA020, 0xB020, 0x9821,
  0x8820, 0x9000, 0x9289, 0x7104, 0x8821, 0x8000, 0x7000, 0x6965, 0x6000, 0x6800, 0x4882, 0x9124, 0x8821, 0x9821, 0xA821, 0xB001,
  0x98A2, 0x82AB, 0x6455, 0x23F8, 0x0253, 0x010C, 0x9CF4, 0x7432, 0xE6FA, 0xE71A, 0x94F5, 0x6391, 0x014D, 0x012C, 0x010A, 0x0251,
  0x71E9, 0xB020, 0xA000, 0xA000, 0x9820, 0x9A8A, 0x9041, 0x9821, 0x9800, 0x9800, 0x8207, 0xA021, 0xA800, 0x90C3, 0x80C3, 0xA800,
  0xB821, 0xA800, 0x89E7, 0x7454, 0x2B96, 0x0A73, 0x018F, 0x016D, 0x198C, 0xB5D7, 0x73F1, 0xE6FA, 0xE71A, 0x8CD4, 0x7C11, 0x010A,
  0x00E9, 0x016C, 0x018E, 0x22F3, 0x9A28, 0xB020, 0x9800, 0x8061, 0x80E3, 0xA800, 0x7800, 0x7800, 0x8000, 0x9A28, 0x8000, 0x8800,
  0x9800, 0x5800, 0xC000, 0xC0E3, 0x730E, 0x2BB5, 0x0232, 0x01AF, 0x018E, 0x01CF, 0x016D, 0x21CD, 0xCE58, 0x6BB0, 0xE6FA, 0xE71A,
  0x8CB4, 0x94D4, 0x016D, 0x0109, 0x018D, 0x016D, 0x01AF, 0x32F2, 0x90C3, 0xA041, 0x8165, 0x90C3, 0x8800, 0x7800, 0x8000, 0x8000,
  0x7904, 0x7800, 0x9000, 0xA000, 0x7820, 0x9965, 0x6414, 0x0AB3, 0x01D0, 0x018E, 0x01AF, 0x01D0, 0x016E, 0x016D, 0x094B, 0x9CD3,
  0x7BF1, 0xE6FA, 0xE71A, 0x8CB3, 0x8CB4, 0x116C, 0x3AAE, 0x016E, 0x01AF, 0x014D, 0x01F1, 0x7AAD, 0xA020, 0x70E3, 0x9821, 0x9820,
  0x8000, 0x9000, 0x9000, 0x7000, 0x9000, 0xB082, 0xA144, 0x8ACC, 0x4C77, 0x0231, 0x018E, 0x014C, 0x018E, 0x018E, 0x016E, 0x016D,
  0x012B, 0x29AA, 0x424A, 0x52EC, 0xEF5B, 0xE71A, 0x8493, 0x8CB4, 0x08E8, 0x11AC, 0x018F, 0x01AE, 0x01AF, 0x016E, 0x32F2, 0x9965,
  0x80C3, 0xB800, 0xA000, 0x9041, 0x80A2, 0x7861, 0x5904, 0x628C, 0x6C34, 0x3BD5, 0x1AF3, 0x018E, 0x016D, 0x0210, 0x01AF, 0x01D0,
  0x01AF, 0x014C, 0x014D, 0x00E9, 0x5AED, 0x31C8, 0x5AEC, 0xF77C, 0xE71A, 0x8493, 0x8452, 0x00EA, 0x016D, 0x012B, 0x014C, 0x014C,
  0x00EA, 0x09AE, 0x6ACC, 0xA144, 0xA924, 0x7B0D, 0x5C13, 0x3B93, 0x22AF, 0x2AD1, 0x0232, 0x01AE, 0x016D, 0x014D, 0x018D, 0x01AE,
  0x018E, 0x018E, 0x016D, 0x012C, 0x014C, 0x00EB, 0x3A2B, 0x4A8B, 0x29A7, 0xB5B5, 0xF77C, 0xE6FA, 0x8473, 0x8C72, 0x00C9, 0x014C,
  0x014C, 0x014D, 0x012B, 0x016C, 0x018F, 0x3ACF, 0x6BF2, 0x33D5, 0x12F4, 0x01AE, 0x01AF, 0x016E, 0x016D, 0x012C, 0x016D, 0x016D,
  0x016C, 0x016D, 0x016C, 0x018E, 0x016D, 0x014C, 0x012A, 0x00E9, 0x320B, 0x634E, 0x31E8, 0x73CF, 0xEF5B, 0xEF5B, 0xE6FA, 0x7C32,
  0x8C93, 0x00EA, 0x012B, 0x012C, 0x014E, 0x014C, 0x014C, 0x012C, 0x016C, 0x0211, 0x012B, 0x010A, 0x012A, 0x012B, 0x012A, 0x016C,
  0x014C, 0x018E, 0x018E, 0x016D, 0x014D, 0x014C, 0x016C, 0x014C, 0x012C, 0x014C, 0x08E9, 0x8431, 0x424A, 0x4249, 0xDEB9, 0xF77C,
  0xEF5B, 0xE6FA, 0x73F1, 0x8CB3, 0x010A, 0x012C, 0x014C, 0x012B, 0x012C, 0x016D, 0x012A, 0x010B, 0x012C, 0x014B, 0x012B, 0x012B,
  0x014C, 0x014B, 0x014C, 0x016D, 0x016D, 0x016D, 0x016D, 0x016D, 0x012B, 0x00E9, 0x010A, 0x012B, 0x00EA, 0x2988, 0x5B0D, 0x1926,
  0x9491, 0xF77C, 0xEF5B, 0xF77C, 0xE6FA, 0x73F1, 0x8CB4, 0x010C, 0x014C, 0x012B, 0x012B, 0x012C, 0x012A, 0x0109, 0x014C, 0x012B,
  0x016D, 0x014C, 0x012C, 0x012B, 0x012C, 0x012C, 0x016D, 0x014C, 0x014D, 0x014D, 0x012C, 0x012B, 0x014C, 0x00E9, 0x00E9, 0x1948,
  0x73CF, 0x3A0A, 0x3A08, 0xEF3B, 0xEF5B, 0xEF5B, 0xF77C, 0xE6FA, 0x73F1, 0x94D4, 0x010A, 0x010B, 0x016E, 0x012B, 0x010A, 0x218A,
  0x0909, 0x012B, 0x012B, 0x010B, 0x012B, 0x014D, 0x014C, 0x012C, 0x012B, 0x012B, 0x012C, 0x012B, 0x010A, 0x010B, 0x010B, 0x010B,
  0x010B, 0x00A8, 0x426B, 0x5B2E, 0x1926, 0xD678, 0xF77C, 0xEF5B, 0xF77C, 0xF77C, 0xE6FA, 0x6BD0, 0x94D4, 0x010A, 0x014C, 0x012C,
  0x012C, 0x010A, 0x00C8, 0x012B, 0x012B, 0x010B, 0x016C, 0x014D, 0x014D, 0x016E, 0x014D, 0x012B, 0x010A, 0x010A, 0x00EA, 0x0109,
  0x00EA, 0x010B, 0x010A, 0x012B, 0x08C7, 0x5B2D, 0x29C9, 0x73AF, 0xF77C, 0xEF5B, 0xF77C, 0xF77C, 0xF77C, 0xE6FA, 0x6BB0, 0x8493,
  0x1969, 0x322C, 0x322C, 0x19AC, 0x1969, 0x2A0D, 0x2A0D, 0x42AE, 0x198B, 0x090A, 0x094B, 0x094B, 0x094C, 0x092B, 0x116B, 0x092A,
  0x1108, 0x29EC, 0x29EC, 0x1129, 0x00A8, 0x00C8, 0x298A, 0x6BAF, 0x4AAC, 0x29A8, 0xE71A, 0xEF5B, 0xEF5B, 0xF77C, 0xF77C, 0xF77C,
  0xE6FA, 0x636F, 0x632E, 0x6B6E, 0x8430, 0x7C10, 0x6B6E, 0x6B8E, 0x8430, 0x8431, 0x8C51, 0x6B8E, 0x3A09, 0x3A29, 0x3A2A, 0x424A,
  0x4A6B, 0x4A6B, 0x424A, 0x4AAB, 0x7BCF, 0x8C30, 0x73CF, 0x422A, 0x4229, 0x73AE, 0x73AF, 0x2147, 0xAD54, 0xF77C, 0xEF5B, 0xF77C,
  0xF77C, 0xF77C, 0xF77C, 0xEF3B, 0x428B, 0x1926, 0x2167, 0x1946, 0x1926, 0x1925, 0x1925, 0x2146, 0x2146, 0x2146, 0x1926, 0x3A08,
  0x632D, 0x5B0C, 0x5AEC, 0x5AEC, 0x5AEB, 0x5AEC, 0x52AB, 0x4A6A, 0x6B8E, 0x7BCF, 0x8430, 0x8430, 0x6B6D, 0x29A8, 0x5AEC, 0xF77C,
  0xEF5B, 0xF77C, 0xF77C, 0xF77C, 0xF77C, 0xF77C, 0xF77C, 0x8C71, 0x08C4, 0x08A4, 0x08A4, 0x08A3, 0x0083, 0x0083, 0x0083, 0x0083,
  0x0083, 0x0083, 0x1905, 0xB5B5, 0xF77C, 0xF77C, 0xF77C, 0xF77C, 0xF77C, 0xF77C, 0xEF5B, 0xF77C, 0xF77C, 0xF77C, 0xF77C, 0xF77C,
  0x9D13, 0xD678, 0xF77C, 0xEF5B, 0xF77C, 0xF77C, 0xF77C, 0xF77C, 0xF77C, 0xF77C, 0xF77C, 0xBDF6, 0xBDD6, 0xBDD6, 0xBDF6, 0xBDD6,
  0xBDD6, 0xBDD6, 0xBDD6, 0xBDD6, 0xBDD6, 0xBDF6, 0xD699, 0xEF3B, 0xEF5B, 0xEF5B, 0xEF5B, 0xEF5B, 0xEF5B, 0xF77C, 0xEF5B, 0xEF5B,
  0xEF5B, 0xEF5B, 0xEF5B, 0xF77C, 0xF77C, 0xF77C, 0xF77C, 0xF77C, 0xF77C, 0xF77C, 0xF77C, 0xF77C, 0xF77C, 0xF77C, 0xF77C, 0xF77C,
  0xF77C, 0xF77C, 0xF77C, 0xF77C, 0xF77C, 0xF77C, 0xF77C, 0xF77C, 0xF77C, 0xF77C, 0xF77C, 0xF77C, 0xF77C, 0xF77C, 0xF77C, 0xF77C,
  0xEF5B, 0xF77C, 0xF77C, 0xF77C, 0xF77C, 0xF77C, 0xEF5B, 0xEF5B, 0xF77C, 0xF77C, 0xF77C, 0xF77C, 0xF77C, 0xF77C, 0xF77C,
};

// hero_img_3  33 x 85  (RGB565)
const uint16_t hero_img_3[] PROGMEM = {
  0xF77C, 0xF77C, 0xF77C, 0xF77C, 0xF77C, 0xF77C, 0xEF5B, 0xEF5B, 0xEF5B, 0xEF5B, 0xEF5B, 0xEF5B, 0xEF5C, 0xF77C, 0xF77C, 0xF77C,
  0xEF5B, 0xEF5B, 0xEF5B, 0xEF5B, 0xEF5B, 0xEF5B, 0xEF5B, 0xEF5B, 0xEF5B, 0xF77C, 0xF77C, 0xF77C, 0xF77C, 0xF77C, 0xF77C, 0xF77C,
  0xF77C, 0xF77C, 0xF77C, 0xF77C, 0xF77C, 0xF77C, 0xEF5B, 0xF77C, 0xF77C, 0xF77C, 0xF77C, 0xF77C, 0xF77C, 0xF77C, 0xF77C, 0xF77C,
  0xF77C, 0xF77C, 0xF77C, 0xF77C, 0xF77C, 0xF77C, 0xF77C, 0xF77C, 0xF77C, 0xF77C, 0xF77C, 0xEF5B, 0xF77C, 0xF77C, 0xF77C, 0xF77C,
  0xF77C, 0xF77C, 0xF77C, 0xF77C, 0xF77C, 0xF77C, 0xF77C, 0xF77C, 0xDEDA, 0xE71B, 0xE71B, 0xE71B, 0xEF3B, 0xEF3B, 0xEF3C, 0xEF5C,
  0xEF3C, 0xEF5B, 0xEF3B, 0xEF3B, 0xEF3B, 0xE71B, 0xE6FA, 0xDEDA, 0xDED9, 0xDEDA, 0xDEDA, 0xE71A, 0xF77C, 0xEF5B, 0xF77C, 0xF77C,
  0xF77C, 0xF77C, 0xF77C, 0xF77C, 0xF77C, 0xF77C, 0xEF5B, 0xF77C, 0xCE78, 0xB5D8, 0xEF7D, 0xE77D, 0xE77D, 0xE75D, 0xE75D, 0xE75D,
  0xE75D, 0xEF7D, 0xEF5D, 0xE77D, 0xE75D, 0xE75D, 0xE75D, 0xDF3C, 0xD71C, 0xD6FC, 0xBE59, 0xCEBB, 0x8C51, 0xEF3B, 0xEF5B, 0xEF5B,
  0xF77C, 0xF77C, 0xF77C, 0xF77C, 0xF77C, 0xF77C, 0xEF5B, 0xF77C, 0xEF5B, 0xBDF8, 0xD71C, 0xC574, 0xA38D, 0x7248, 0x7A48, 0x7248,
  0x6A28, 0x7228, 0x7A28, 0xA450, 0x92CA, 0x8228, 0x9B8D, 0xA40F, 0xA42F, 0x82EB, 0x7A69, 0x5924, 0x6AEB, 0x9D35, 0xAD55, 0xF77C,
  0xEF5B, 0xF77C, 0xF77C, 0xF77C, 0xF77C, 0xF77C, 0xF77C, 0xF77C, 0xF77C, 0xCE58, 0xDEFC, 0xA34C, 0xAAAA, 0xD8C3, 0xD0C3, 0xD8E3,
  0xE0E4, 0xD904, 0xC882, 0xD883, 0xB28A, 0xC945, 0xE8A3, 0xE0C3, 0xD8A3, 0xD8E4, 0xD0C3, 0xE0C3, 0xC248, 0x92AA, 0x940F, 0x9D55,
  0xDEB9, 0xF77C, 0xEF5B, 0xF77C, 0xF77C, 0xF77C, 0xF77C, 0xEF5B, 0xF77C, 0xDED9, 0xE73D, 0x8B8D, 0xDA27, 0xAAAA, 0xC166, 0xF105,
  0xE104, 0xE104, 0xE104, 0xE0C4, 0xE8E4, 0xDCF3, 0xDA49, 0xF0C4, 0xE946, 0xE925, 0xE926, 0xD8E5, 0xE105, 0xA36D, 0xD125, 0x9041,
  0xA4D3, 0xAD96, 0xF77C, 0xEF5C, 0xF77C, 0xF77C, 0xF77C, 0xEF5B, 0xF77C, 0xEF5B, 0xD6BA, 0xAD14, 0xB248, 0xEA27, 0xC104, 0xAA48,
  0xF8C3, 0xE0A3, 0xE083, 0xE0A3, 0xD9C7, 0xBB0C, 0xB491, 0xAB4D, 0xDA08, 0xF145, 0xE8C4, 0xE0C4, 0xE863, 0xC967, 0xB2EB, 0xD8E3,
  0xE185, 0x8166, 0xAD96, 0xD678, 0xF77C, 0xEF5B, 0xF77C, 0xF77C, 0xEF5B, 0xF77C, 0xD679, 0xCE9A, 0x9208, 0xF2CA, 0xD082, 0xE904,
  0xB2EA, 0xC248, 0xD965, 0xC208, 0xC3AE, 0xB32C, 0xD1C7, 0x9944, 0xC1A6, 0xBAAA, 0xC38D, 0xCACA, 0xB145, 0xC986, 0xBB0C, 0xD186,
  0xD8C3, 0xD0C3, 0xB985, 0x9410, 0xAD96, 0xEF5B, 0xEF5B, 0xEF5B, 0xF77C, 0xF77C, 0xDEB9, 0xDF1C, 0x9B4D, 0xD289, 0xD925, 0xC8C3,
  0xE904, 0xB2CA, 0x9BAE, 0xD2EB, 0xCAA9, 0xD985, 0xD883, 0xF0C4, 0xA9C7, 0xD986, 0xF0A3, 0xD166, 0xBA08, 0xA966, 0xB2AA, 0x93AE,
  0xD8C3, 0xD8C3, 0xC862, 0xE9A6, 0x9207, 0xA596, 0xC617, 0xF77C, 0xEF5B, 0xF77C, 0xEF5B, 0xD6BA, 0xB575, 0x9A07, 0xF289, 0xD062,
  0xD0C4, 0xD104, 0xA32C, 0x8165, 0xE0A3, 0xE8A3, 0xE0C4, 0xD0A3, 0xD8A3, 0xB249, 0xD1E7, 0xD862, 0xD883, 0xE0A3, 0xF063, 0xB966,
  0x7268, 0xB0A3, 0xE0C4, 0xD082, 0xD8C3, 0xB061, 0x8B6D, 0xADB6, 0xD699, 0xF77C, 0xEF5B, 0xDED9, 0x638E, 0x69C6, 0xE2CA, 0xD8C3,
  0xD8A3, 0xE0C4, 0xBA28, 0xB1C7, 0xB965, 0xA986, 0xE8C4, 0xD0A3, 0xD8A3, 0xE082, 0xB228, 0xD186, 0xD8A3, 0xD0A3, 0xE082, 0xD8E4,
  0xB38D, 0xC104, 0x7882, 0xD8C4, 0xD0C3, 0xC062, 0xE925, 0x8061, 0x9CF3, 0xAD75, 0xF77C, 0xEF5B, 0xE6DA, 0x3A6A, 0x68C3, 0xD945,
  0xC862, 0xD862, 0xD8E4, 0xAAEB, 0xC8A3, 0xD8C3, 0xA28A, 0xD082, 0xD082, 0xC882, 0xD882, 0x80A2, 0xB882, 0xC862, 0xC8C4, 0xD862,
  0xB1C7, 0xC2AA, 0xF925, 0x9082, 0xA0E4, 0xE083, 0xD0A3, 0xD0A3, 0xC8A3, 0x7208, 0xBE18, 0xC617, 0xF77C, 0xCE58, 0x3A4A, 0x79A6,
  0xD0E3, 0xC883, 0xE8A2, 0xCA8A, 0xCA69, 0xE8E4, 0xD062, 0xA145, 0xA945, 0xD8A3, 0xC8E4, 0xE0E4, 0xAA07, 0xC945, 0xE904, 0xD083,
  0xC8C4, 0xA2AA, 0xC8A3, 0xD8E4, 0xD8E4, 0x7882, 0xD8A3, 0xD882, 0xC882, 0xD0C4, 0x80A2, 0x6B6E, 0x738E, 0xF77C, 0xB595, 0x3A2A,
  0x7208, 0x9945, 0xD0E3, 0xC8C3, 0xBBAE, 0xD0C3, 0xD8A3, 0xD8C4, 0xC905, 0xAB0B, 0xAA8A, 0xAAAA, 0xB269, 0xD574, 0xBB4C, 0x9945,
  0xB207, 0xB2AA, 0xC1E8, 0xD083, 0xC883, 0xD083, 0x9082, 0x7882, 0xE882, 0xC8C3, 0xAA29, 0xA1E7, 0x4166, 0x426A, 0xEF3B, 0xB5B5,
  0x3229, 0x8104, 0xC945, 0xA2AA, 0xB40F, 0xB1A7, 0xD0A3, 0xB8A3, 0xC063, 0xC883, 0x6985, 0xC5F6, 0xF77C, 0xF77C, 0xF77C, 0xF77C,
  0xCE37, 0xC617, 0xC5F6, 0xC0E4, 0xC8C4, 0xC083, 0xC0A3, 0xE0C4, 0x8986, 0xBBEE, 0xC32C, 0xD1A7, 0xB841, 0x30E4, 0x4229, 0xE6FA,
  0xCE78, 0x3A4A, 0x68C3, 0xE8A3, 0xA8A3, 0xB491, 0xBB6D, 0xCA08, 0xC8A3, 0xD042, 0xA0C3, 0x3800, 0x6A08, 0xBDB5, 0xBD13, 0x93EE,
  0x93EE, 0x5249, 0x6228, 0x71E7, 0x8986, 0xE8E4, 0xC842, 0xD8A3, 0xB9A7, 0xB3AD, 0xC4D2, 0xD0C3, 0xD883, 0xA041, 0x30C4, 0x526A,
  0xEF1A, 0xEF3B, 0x4ACC, 0x70A3, 0xC8A2, 0xB882, 0x90E4, 0xD166, 0xC2CA, 0xA208, 0xC8E3, 0x70A2, 0x7021, 0xB30B, 0xF77C, 0xF77C,
  0xEF5B, 0xEF5B, 0xDEB9, 0xD637, 0x68A3, 0x7AEB, 0xB924, 0xC186, 0xB36D, 0xD2AA, 0xB945, 0xA1C7, 0xD082, 0xD8C4, 0xA820, 0x30E4,
  0x5A8A, 0xEF1A, 0xE71A, 0x4ACC, 0x78A3, 0xE082, 0xB8A3, 0xAA28, 0xC842, 0xF083, 0xA8E4, 0x832C, 0x7249, 0x98A3, 0xBCF3, 0xEF5B,
  0xEF5B, 0xF77C, 0xF77C, 0xF77C, 0xF77C, 0x8B8E, 0x5125, 0xA450, 0xB269, 0xD145, 0xE062, 0xA0A4, 0xA166, 0xD882, 0xD062, 0xA821,
  0x3105, 0x62AB, 0xEF1A, 0xE71A, 0x4ACC, 0x7945, 0xD042, 0x9862, 0x9104, 0xD862, 0x99C7, 0x5145, 0x5800, 0x7062, 0x5946, 0xA513,
  0xF77C, 0xEF5B, 0xF77C, 0xF77C, 0xEF3B, 0xEF5B, 0xB595, 0x7AAB, 0x8ACA, 0xE041, 0xD841, 0xC862, 0xA9A6, 0xA145, 0xC882, 0xC882,
  0x9000, 0x28E5, 0x6ACB, 0xEF1A, 0xE6FA, 0x4ACB, 0x6945, 0xD8C3, 0xA0C4, 0xA2EB, 0x5062, 0x38E3, 0x6041, 0x6062, 0x30C4, 0x41C7,
  0xD698, 0xEF5B, 0xEF5B, 0xF77C, 0xF77C, 0xF75B, 0xF77C, 0xE6D9, 0xC492, 0x92CA, 0xD061, 0xC882, 0xD042, 0xA8A3, 0x90A3, 0xD042,
  0xC862, 0x9821, 0x41A7, 0x7ACB, 0xEF1A, 0xC617, 0x3A8B, 0x80A3, 0xB945, 0xCD74, 0x8C70, 0x4924, 0x5062, 0x38A3, 0x20C4, 0x6B2C,
  0xDEB9, 0xF77C, 0xEF5B, 0xF77C, 0xF77C, 0xF77C, 0xF75B, 0xF77C, 0xEEFA, 0xCCB2, 0xBC30, 0xC042, 0xC882, 0xD042, 0xB082, 0x90A2,
  0xC842, 0xC062, 0xA062, 0x62CB, 0x82CB, 0xEF1A, 0xE71A, 0x4ACB, 0x8228, 0xB574, 0x842F, 0x7ACA, 0x836D, 0x2925, 0x5ACB, 0xCE37,
  0xF77C, 0xF77C, 0xEF5B, 0xF77C, 0xF77C, 0xF77C, 0xF77C, 0xF75B, 0xF77C, 0xEF1A, 0xCCF3, 0xB40F, 0xB842, 0xC8A3, 0xD062, 0xC882,
  0x9104, 0xD082, 0xC862, 0x9820, 0x5A6A, 0x8B0C, 0xEF1A, 0xDEFA, 0x636E, 0xC658, 0x83AE, 0x8BCE, 0xE6FA, 0x94B2, 0xBDD6, 0xF77C,
  0xF77C, 0xEF5B, 0xEF5B, 0xF77C, 0xF77C, 0xF77C, 0xF77C, 0xF77C, 0xEF5B, 0xF77C, 0xDE98, 0xCCF3, 0xB430, 0xB020, 0xC862, 0xE021,
  0xE801, 0x9904, 0xB062, 0xD0A3, 0x9924, 0x732C, 0x932C, 0xEF1A, 0xDEFA, 0x6B8E, 0xBDD6, 0xDE99, 0xF77C, 0xF77C, 0xF77C, 0xF77C,
  0xEF5B, 0xEF5B, 0xF77C, 0xF77C, 0xF77C, 0xF77C, 0xF77C, 0xF77C, 0xF77C, 0xEF5B, 0xF77C, 0xC5D6, 0xBC51, 0xBC0F, 0xD862, 0xC0E3,
  0xB965, 0xC208, 0xA2CA, 0xCD94, 0xB2EC, 0x91A6, 0xACF3, 0x9B4C, 0xE6FA, 0xF77C, 0x8410, 0xDEDA, 0xF77C, 0xEF5B, 0xEF5B, 0xEF5B,
  0xEF5B, 0xF77C, 0xF77C, 0xF77C, 0xF77C, 0xF77C, 0xF77C, 0xF77C, 0xF77C, 0xF77C, 0xEF5B, 0xF77C, 0xDE78, 0xCCD2, 0xC554, 0x9A28,
  0xB2CB, 0xBA89, 0xC165, 0xB249, 0xB3CE, 0xE0A3, 0xB000, 0x8BAE, 0xA36D, 0xE6FA, 0xF77C, 0xEF3B, 0xEF3B, 0xEF5B, 0xF77C, 0xF77C,
  0xF77C, 0xF77C, 0xF77C, 0xF77C, 0xF77C, 0xF77C, 0xF77C, 0xF77C, 0xF77C, 0xF77C, 0xF77C, 0xEF5B, 0xF77C, 0xC5D6, 0xB492, 0xC595,
  0xB966, 0xD883, 0xD821, 0xE842, 0xA1A6, 0xA8E3, 0xD821, 0x9800, 0x6A8A, 0xB38D, 0xE6FA, 0xF77C, 0xF77C, 0xF77C, 0xF77C, 0xF77C,
  0xF77C, 0xF77C, 0xF77C, 0xF77C, 0xF77C, 0xF77C, 0xF77C, 0xF77C, 0xF77C, 0xF77C, 0xF77C, 0xF77C, 0xEF5B, 0xF77C, 0xC5D6, 0xBD55,
  0xAC30, 0xB841, 0xB861, 0xC082, 0xC083, 0xA229, 0xC062, 0xD862, 0x9821, 0x9C0F, 0xAB6C, 0xE6FA, 0xF77C, 0xEF5B, 0xF77C, 0xF77C,
  0xF77C, 0xF77C, 0xF77C, 0xF77C, 0xF77C, 0xF77C, 0xF77C, 0xF77C, 0xF77C, 0xF77C, 0xF77C, 0xF77C, 0xF77C, 0xEF5B, 0xEF5B, 0xD698,
  0xB555, 0x9B6D, 0xB841, 0xC082, 0xB841, 0xB082, 0x9186, 0xC842, 0xC821, 0x8820, 0xAC70, 0xAB4C, 0xE6FA, 0xF77C, 0xF77C, 0xF77C,
  0xF77C, 0xF77C, 0xF77C, 0xF77C, 0xF77C, 0xF77C, 0xF77C, 0xF77C, 0xF77C, 0xF77C, 0xF77C, 0xF77C, 0xF77C, 0xF77C, 0xEF5B, 0xF77C,
  0xEF1A, 0xB535, 0x82AA, 0xB800, 0xC041, 0xB842, 0xB0A3, 0x9945, 0xD041, 0xC842, 0x9021, 0xA450, 0xAB4C, 0xE6FA, 0xF77C, 0xF77C,
  0xF77C, 0xF77C, 0xF77C, 0xF77C, 0xF77C, 0xF77C, 0xF77C, 0xF77C, 0xF77C, 0xF77C, 0xF77C, 0xF77C, 0xF77C, 0xEF5B, 0xF77C, 0xF77C,
  0xCE58, 0x94D3, 0x9D14, 0xA4B1, 0x90E4, 0xD062, 0xD000, 0xA882, 0x8882, 0xD841, 0xC862, 0x8841, 0xAC50, 0xA34C, 0xE6FA, 0xF77C,
  0xF77C, 0xF77C, 0xF77C, 0xF77C, 0xF77C, 0xF77C, 0xF77C, 0xF77C, 0xF77C, 0xF77C, 0xF77C, 0xF77C, 0xF77C, 0xEF5B, 0xF77C, 0xF77C,
  0xAD95, 0x8C93, 0x8451, 0x8A08, 0xA9A6, 0x9ACB, 0xA30B, 0xC104, 0xC0A3, 0xA145, 0xC821, 0xB862, 0x7841, 0xAC70, 0xAB2C, 0xE6FA,
  0xF77C, 0xF77C, 0xF77C, 0xF77C, 0xF77C, 0xF77C, 0xF77C, 0xF77C, 0xF77C, 0xF77C, 0xF77C, 0xF77C, 0xEF5B, 0xF77C, 0xF77C, 0xD699,
  0x8CB3, 0x94F4, 0xCEDA, 0x8AEB, 0xA841, 0x9862, 0xD062, 0xB945, 0xA1E8, 0x9A28, 0xA2CA, 0xC041, 0xC021, 0x8861, 0xBCF3, 0xA2EB,
  0xE6FA, 0xF77C, 0xF77C, 0xF77C, 0xF77C, 0xF77C, 0xF77C, 0xF77C, 0xF77C, 0xF77C, 0xF77C, 0xEF5B, 0xEF5B, 0xF77C, 0xF77C, 0xBDD7,
  0x94D4, 0x9D55, 0x934C, 0xA269, 0xB269, 0xA904, 0xA042, 0xC862, 0xE0A3, 0xD862, 0x8A28, 0x9B6D, 0xBB2B, 0x88E3, 0x89A6, 0xBCF3,
  0xA2EB, 0xE6FA, 0xF77C, 0xF77C, 0xF77C, 0xF77C, 0xF77C, 0xF77C, 0xF77C, 0xF77C, 0xF77C, 0xEF5B, 0xF77C, 0xF77C, 0xD678, 0x94D3,
  0x7C11, 0x9CB2, 0xB40F, 0x7021, 0x90A3, 0x9B8D, 0x9186, 0xC842, 0xC842, 0xC062, 0x7A08, 0xB1A6, 0xD8A3, 0xB0A3, 0xC0E4, 0x81A6,
  0x8249, 0x9289, 0xEF3B, 0xF77C, 0xF77C, 0xF77C, 0xF77C, 0xF77C, 0xF77C, 0xF77C, 0xF77C, 0xF77C, 0xF77C, 0xE6FA, 0xDEDA, 0xAD96,
  0x740F, 0x5924, 0x9289, 0xB883, 0xD062, 0xD8A3, 0x9925, 0x8904, 0xD022, 0xC021, 0x9269, 0xA924, 0xD821, 0xC042, 0xC021, 0x8821,
  0x68C3, 0x78C3, 0x836D, 0xF77C, 0xF77C, 0xF77C, 0xF77C, 0xF77C, 0xF77C, 0xF77C, 0xF77C, 0xEF5B, 0xF77C, 0xD698, 0xDEDB, 0xD6DB,
  0x83AE, 0x8144, 0xB822, 0x8904, 0xA062, 0xC063, 0xC862, 0xA862, 0x6082, 0xE822, 0xAA28, 0xA249, 0xC001, 0xB841, 0xD022, 0x9842,
  0x79E7, 0x80A3, 0xB513, 0xDED9, 0xEF5B, 0xF77C, 0xF77C, 0xF77C, 0xF77C, 0xF77C, 0xF77C, 0xF77C, 0xEF5B, 0xF77C, 0x7BCF, 0x8C92,
  0x82AA, 0xA862, 0xC882, 0xD862, 0xA1C7, 0xB0A3, 0xC062, 0xA041, 0xC062, 0x91A6, 0xC104, 0x9A69, 0xC041, 0xC862, 0xB841, 0xB021,
  0x6186, 0x80C3, 0x9BAE, 0xF77C, 0xF77C, 0xEF5B, 0xF77C, 0xF77C, 0xF77C, 0xF77C, 0xF77C, 0xF77C, 0xF77C, 0xEF5B, 0xF77C, 0x6B6D,
  0x6BAE, 0xB1A6, 0xC042, 0xB821, 0xD042, 0xB28A, 0xC0A3, 0xB821, 0xB881, 0xB800, 0xB166, 0x92EB, 0x98A3, 0xB800, 0xB821, 0xC021,
  0x6862, 0x6945, 0x8ACA, 0xF77C, 0xEF5B, 0xEF5B, 0xF77C, 0xF77C, 0xF77C, 0xF77C, 0xF77C, 0xF77C, 0xF77C, 0xF77C, 0xEF5B, 0xF77C,
  0x7BEF, 0x6B6D, 0x9248, 0xA0E4, 0xA082, 0xD842, 0x80E4, 0xC021, 0xC8A3, 0x99A6, 0x89A6, 0x70C3, 0x93AE, 0xB862, 0xB841, 0xB841,
  0x8800, 0x5104, 0x40E4, 0x9D13, 0xF77C, 0xEF5B, 0xF77C, 0xF77C, 0xF77C, 0xF77C, 0xF77C, 0xF77C, 0xF77C, 0xF77C, 0xF77C, 0xEF5B,
  0xF77C, 0x83EF, 0x7BCF, 0xB38D, 0xA187, 0xB32C, 0xAA68, 0x9A69, 0xB2AB, 0xB2EC, 0xB1E7, 0xB925, 0xA842, 0x9A49, 0xB924, 0xC021,
  0xB021, 0x6945, 0x51C7, 0x7BCE, 0xD698, 0xEF5B, 0xEF5B, 0xF77C, 0xF77C, 0xF77C, 0xF77C, 0xF77C, 0xF77C, 0xF77C, 0xF77C, 0xF77C,
  0xEF5B, 0xF77C, 0x8C50, 0x5A69, 0xB862, 0xC821, 0xD042, 0xB8E4, 0xCD13, 0xC28A, 0xD041, 0xC021, 0xA801, 0xC021, 0xB925, 0xA208,
  0xA821, 0xB020, 0x7165, 0x8C72, 0xB5B6, 0xF77C, 0xEF5B, 0xF77C, 0xF77C, 0xF77C, 0xF77C, 0xF77C, 0xF77C, 0xF77C, 0xF77C, 0xF77C,
  0xF77C, 0xEF5B, 0xF77C, 0x9492, 0x6A29, 0x9841, 0xC042, 0xB041, 0xB001, 0xA269, 0xB062, 0xB001, 0xB042, 0xB822, 0xB021, 0xB021,
  0x80E3, 0xB021, 0xD041, 0x6800, 0x72AA, 0x94F4, 0xCE58, 0xF77C, 0xEF5B, 0xF77C, 0xF77C, 0xF77C, 0xF77C, 0xF77C, 0xF77C, 0xF77C,
  0xF77C, 0xF77C, 0xEF5B, 0xF77C, 0xBCD2, 0x7166, 0x2041, 0x78E4, 0xA8A2, 0xC021, 0xA207, 0xA842, 0xA801, 0xA801, 0xA801, 0xB821,
  0xC021, 0x9062, 0xA0A3, 0xC041, 0x9841, 0x40A2, 0x8C30, 0x9D14, 0xDEFA, 0xF77C, 0xEF5B, 0xF77C, 0xF77C, 0xF77C, 0xF77C, 0xF77C,
  0xF77C, 0xF77C, 0xF77C, 0xEF5B, 0xF77C, 0xCE37, 0x5945, 0x4904, 0x49E7, 0x5986, 0xB821, 0x90C3, 0xB883, 0xB821, 0xA021, 0xA801,
  0xA821, 0xB021, 0xA841, 0x8986, 0xB001, 0x6041, 0x7021, 0x6924, 0x94F3, 0xAD96, 0xF77C, 0xF77C, 0xF77C, 0xF77C, 0xF77C, 0xF77C,
  0xF77C, 0xF77C, 0xF77C, 0xF77C, 0xF77C, 0xEF5B, 0xF77C, 0x6B8E, 0xB575, 0x93EF, 0x39A6, 0x5228, 0xA3AD, 0xA925, 0xB062, 0xC041,
  0xB800, 0xB000, 0xA041, 0xA042, 0x89A6, 0x9083, 0x81A6, 0xA041, 0x9862, 0x8165, 0xB5B7, 0xCE59, 0xEF5B, 0xEF5B, 0xF77C, 0xF77C,
  0xF77C, 0xF77C, 0xF77C, 0xF77C, 0xF77C, 0xF77C, 0xEF5B, 0xF77C, 0xD699, 0xC617, 0xF77C, 0xD658, 0x83EF, 0x634D, 0x49E7, 0x4082,
  0x9800, 0xA8A2, 0xAA48, 0xA28A, 0x92AA, 0x830C, 0xBD95, 0xB1E7, 0xB821, 0xA061, 0xA000, 0x7A89, 0xBE19, 0xAD55, 0xF77C, 0xF77C,
  0xF77C, 0xF77C, 0xF77C, 0xF77C, 0xF77C, 0xF77C, 0xF77C, 0xF77C, 0xF77C, 0xF77C, 0xF77C, 0xEF5B, 0xF77C, 0xE71A, 0x73AE, 0x4229,
  0x6B6D, 0xACB1, 0xB40F, 0xA145, 0xB041, 0xC021, 0xB062, 0xBC71, 0xA986, 0xB000, 0x8062, 0x70C3, 0x9269, 0x7C10, 0x5B2D, 0xF77C,
  0xF77C, 0xF77C, 0xF77C, 0xF77C, 0xF77C, 0xF77C, 0xF77C, 0xF77C, 0xF77C, 0xF77C, 0xEF5B, 0xEF5B, 0xF77C, 0xEF5B, 0xF77C, 0xF77C,
  0xD678, 0x7BEF, 0x9D13, 0xBD13, 0x9801, 0xC001, 0x9821, 0x90C4, 0x8186, 0xA3EF, 0x88C3, 0xA104, 0xB882, 0xAACA, 0x84B3, 0x5B2D,
  0xEF5B, 0xF77C, 0xF77C, 0xF77C, 0xF77C, 0xF77C, 0xF77C, 0xF77C, 0xF77C, 0xF77C, 0xF77C, 0xF77C, 0xF77C, 0xF77C, 0xF77C, 0xF77C,
  0xEF5B, 0xF77C, 0xEF5B, 0x9CF2, 0x94D3, 0xBD33, 0xA0E3, 0x78E4, 0xA8C3, 0xB841, 0x9A89, 0xA041, 0xB800, 0xA021, 0xA4D2, 0x9514,
  0x428B, 0xE71A, 0xF77C, 0xF77C, 0xF77C, 0xF77C, 0xF77C, 0xF77C, 0xF77C, 0xF77C, 0xF77C, 0xF77C, 0xF77C, 0xF77C, 0xF77C, 0xF77C,
  0xF77C, 0xF77C, 0xEF5B, 0xEF5B, 0xF77C, 0x9CD2, 0x7C0F, 0x7228, 0xA041, 0xB821, 0xB800, 0x91C7, 0xA062, 0xB800, 0x5063, 0x21CB,
  0x7BF0, 0x5B4E, 0xE71A, 0xF77C, 0xF77C, 0xF77C, 0xF77C, 0xF77C, 0xF77C, 0xF77C, 0xF77C, 0xF77C, 0xF77C, 0xF77C, 0xF77C, 0xF77C,
  0xF77C, 0xF77C, 0xF77C, 0xF77C, 0xEF5B, 0xEF5B, 0xEF3B, 0x830C, 0x60C3, 0xA000, 0x9820, 0xA800, 0xA228, 0xA945, 0xB041, 0x19AC,
  0x114A, 0x7BF0, 0x63B0, 0xE71A, 0xF77C, 0xF77C, 0xF77C, 0xF77C, 0xF77C, 0xF77C, 0xF77C, 0xF77C, 0xF77C, 0xF77C, 0xF77C, 0xF77C,
  0xF77C, 0xF77C, 0xF77C, 0xF77C, 0xF77C, 0xEF5B, 0xF77C, 0xEF3B, 0xABCF, 0x58C3, 0xA800, 0xA820, 0xA000, 0x9924, 0xA124, 0x7A09,
  0x018D, 0x21AC, 0x8C92, 0x6BD1, 0xE71A, 0xF77C, 0xF77C, 0xF77C, 0xF77C, 0xF77C, 0xF77C, 0xF77C, 0xF77C, 0xF77C, 0xF77C, 0xF77C,
  0xF77C, 0xF77C, 0xF77C, 0xF77C, 0xF77C, 0xF77C, 0xF75B, 0xF77C, 0xEF1A, 0xBC71, 0x8A28, 0xB000, 0xB000, 0xB000, 0x9882, 0xAA07,
  0x40E5, 0x016D, 0x2169, 0x8431, 0x6BF1, 0xE71A, 0xF77C, 0xEF5B, 0xEF5B, 0xF77C, 0xF77C, 0xF77C, 0xF77C, 0xF77C, 0xF77C, 0xF77C,
  0xF77C, 0xF77C, 0xF77C, 0xF77C, 0xF77C, 0xF77C, 0xF77C, 0xF75B, 0xF77C, 0xEF1A, 0xC4D3, 0xA36D, 0x9800, 0xA061, 0xB020, 0xA800,
  0xA207, 0x30A5, 0x014C, 0x114A, 0x73D0, 0x6BF1, 0xE71A, 0xF77C, 0xF77C, 0xF77C, 0xF77C, 0xEF5B, 0xF77C, 0xF77C, 0xF77C, 0xF77C,
  0xF77C, 0xF77C, 0xF77C, 0xF77C, 0xF77C, 0xF77C, 0xF77C, 0xF77C, 0xF75B, 0xF77C, 0xEF1B, 0xCCF3, 0x7228, 0x8862, 0x98A3, 0xA8E4,
  0xA8A3, 0xAACA, 0x4A6C, 0x01B0, 0x08EA, 0x634E, 0x7432, 0xE71A, 0xEF5B, 0xC617, 0xBDB6, 0xF77C, 0xF77C, 0xEF5B, 0xF77C, 0xF77C,
  0xF77C, 0xF77C, 0xF77C, 0xF77C, 0xF77C, 0xF77C, 0xF77C, 0xF77C, 0xF77C, 0xF75B, 0xF77C, 0xF73B, 0xCCB2, 0x9A8A, 0xB000, 0x88C3,
  0x91C7, 0x89A7, 0x9A07, 0x528C, 0x018F, 0x112B, 0x6BAF, 0x6BF1, 0xE71A, 0xE71A, 0x73AF, 0x7C11, 0x7C31, 0xDED9, 0xF77C, 0xF77C,
  0xEF5B, 0xF77C, 0xF77C, 0xF77C, 0xF77C, 0xF77C, 0xF77C, 0xF77C, 0xF77C, 0xF77C, 0xF75B, 0xF77C, 0xEF1A, 0xD4D2, 0xBCB1, 0x9125,
  0x8965, 0xB8A2, 0xA821, 0x8020, 0x522A, 0x016E, 0x2A2F, 0x8C92, 0x63B0, 0xE71A, 0xC617, 0x31E9, 0xA4F3, 0x4A49, 0x638E, 0xAD75,
  0xF77C, 0xF77C, 0xEF5B, 0xEF5B, 0xF77C, 0xF77C, 0xF77C, 0xF77C, 0xF77C, 0xF77C, 0xF77C, 0xF75B, 0xF77C, 0xEF1A, 0xC491, 0xD5D6,
  0x98E4, 0xA821, 0xB820, 0xA021, 0x9821, 0x28A5, 0x018F, 0x29CC, 0x8C92, 0x638F, 0xE71A, 0xDEB9, 0x29A8, 0x31A8, 0x88C3, 0x5124,
  0x5B2D, 0x7C10, 0xC617, 0xF77C, 0xF77C, 0xEF5B, 0xF77C, 0xF77C, 0xF77C, 0xF77C, 0xF77C, 0xF77C, 0xEF5B, 0xF77C, 0xEEFA, 0xC4D2,
  0xB3AE, 0xA000, 0x9020, 0xA800, 0x9021, 0x9041, 0x3927, 0x016E, 0x29CC, 0x9492, 0x638F, 0xE71A, 0xE73B, 0x2987, 0x22AE, 0x99C9,
  0xC820, 0x7165, 0x73CF, 0x636E, 0x94D3, 0xDEB9, 0xF77C, 0xF77C, 0xF77C, 0xF77C, 0xF77C, 0xF77C, 0xF77C, 0xEF5B, 0xF77C, 0xEF3B,
  0xB40F, 0x9AAA, 0xA000, 0x8800, 0x8800, 0x9800, 0x9861, 0x522A, 0x016D, 0x29ED, 0x94B3, 0x636E, 0xE71A, 0xE71B, 0x31A7, 0x2B32,
  0x2A0D, 0xD820, 0xA8E3, 0x5903, 0x72CB, 0x634E, 0x634E, 0xAD55, 0xF77C, 0xF77C, 0xEF5B, 0xF77C, 0xF77C, 0xF77C, 0xEF5B, 0xF77C,
  0xEF3B, 0xB491, 0x9AAA, 0xA000, 0x9000, 0x9800, 0x7800, 0x9020, 0x3084, 0x014B, 0x29ED, 0x8431, 0x8472, 0xEF5B, 0xE71B, 0x31A8,
  0x1AD1, 0x0B35, 0xA0C3, 0x88A2, 0x9821, 0x7000, 0x70E3, 0x5B2C, 0x636F, 0x9C72, 0xE6FA, 0xEF5B, 0xEF5B, 0xEF5B, 0xEF5B, 0xEF5C,
  0xF77C, 0xCE79, 0xB5F7, 0x71E6, 0xA186, 0x9841, 0xA800, 0x9820, 0x8840, 0x3084, 0x01CF, 0x012B, 0x5AED, 0x8CD3, 0xF77C, 0xE71B,
  0x31E9, 0x2ACF, 0x0316, 0x626C, 0x7040, 0xB021, 0xA062, 0x7208, 0xA8C3, 0x78E3, 0x72EB, 0x8C51, 0xF77C, 0xF77C, 0xF77C, 0xF77C,
  0xF77C, 0xD678, 0xCE9A, 0x834C, 0x9820, 0x79E7, 0x8B0B, 0x98E3, 0x9800, 0x8020, 0x3064, 0x014C, 0x426D, 0x73CF, 0x7C31, 0xF77C,
  0xE71A, 0x3209, 0x222C, 0x01EF, 0x2A90, 0x68A2, 0x9925, 0x70E4, 0x7924, 0xA041, 0x7800, 0x6AEB, 0x632E, 0xBDD6, 0xE71A, 0xCE37,
  0xEF3B, 0xE6FA, 0xBE18, 0xA514, 0x60C3, 0x9965, 0x6965, 0x7861, 0x7965, 0x7104, 0x88E3, 0x3106, 0x098B, 0x326D, 0x73CF, 0x6BCF,
  0xF77C, 0xE71B, 0x31C7, 0x09ED, 0x0271, 0x4372, 0x828A, 0x9904, 0xB041, 0xB000, 0x8000, 0x8000, 0x6104, 0x632C, 0x94D4, 0xC67A,
  0xBE18, 0xBE39, 0xB5B7, 0xAD75, 0x5944, 0x80E3, 0x8A08, 0x7820, 0xA020, 0xC000, 0xA165, 0x8535, 0x11CC, 0x014C, 0x19CD, 0x73AF,
  0x6BAF, 0xF77C, 0xE71B, 0x31C8, 0x09AC, 0x018E, 0x01F1, 0x4352, 0x90C3, 0xC800, 0xA820, 0x9000, 0x8821, 0x88E3, 0x5A69, 0x59C7,
  0x936D, 0xBD75, 0x6AAA, 0x3082, 0x38E3, 0x70E4, 0x9A28, 0x8821, 0xA800, 0xA021, 0xA944, 0x8C73, 0x0AB3, 0x00EA, 0x00EA, 0x094B,
  0x4AAB, 0x6BAF, 0xF77C, 0xE71A, 0x31C8, 0x09CD, 0x0211, 0x018E, 0x0231, 0x43D4, 0x9A08, 0xB000, 0xA041, 0x8041, 0xA30C, 0x9104,
  0x9000, 0x8000, 0x8A69, 0x7861, 0xB001, 0x9821, 0x8B2C, 0x9186, 0x9000, 0xA021, 0xB185, 0xA5B7, 0x22F1, 0x012C, 0x010B, 0x010A,
  0x116B, 0x5B0D, 0x636E, 0xF77C, 0xE71A, 0x31E8, 0x328F, 0x01CF, 0x018E, 0x016E, 0x01AF, 0x2395, 0x9B2D, 0xB820, 0x7882, 0xA2EB,
  0xA801, 0x9020, 0x9821, 0x9228, 0x9862, 0x9021, 0x9821, 0x99C7, 0x78A3, 0xA800, 0xA020, 0x5BB1, 0x1270, 0x00EA, 0x014C, 0x012C,
  0x08E8, 0x21AA, 0x6B8F, 0x634D, 0xF77C, 0xE6FA, 0x39E8, 0x32D0, 0x0211, 0x01D0, 0x01B0, 0x014E, 0x01B0, 0x2B54, 0x8987, 0x88A3,
  0x88C3, 0xA000, 0x9020, 0x9800, 0x9A8A, 0x9082, 0x9800, 0x9800, 0x8800, 0x5061, 0xB861, 0x6B90, 0x02B3, 0x012C, 0x016D, 0x014C,
  0x012C, 0x018D, 0x1108, 0x52CC, 0x6B6E, 0xF77C, 0xE71A, 0x31C8, 0x09AC, 0x0211, 0x016D, 0x018F, 0x016E, 0x012B, 0x018F, 0x22F2,
  0xA3CE, 0xB861, 0xC000, 0x8000, 0x8000, 0x8A08, 0x9061, 0x8000, 0x8800, 0xA820, 0xBB8D, 0x7BB0, 0x1B55, 0x014E, 0x016D, 0x016D,
  0x016E, 0x012B, 0x00C9, 0x29CA, 0x7C10, 0x8C71, 0xF77C, 0xE6FA, 0x39E8, 0x116A, 0x01AF, 0x01AF, 0x016E, 0x016D, 0x018E, 0x01AF,
  0x018E, 0x4373, 0x6391, 0x89E8, 0xA061, 0x9800, 0x79C7, 0x90C3, 0xB020, 0x9882, 0x79E8, 0x7C32, 0x2B33, 0x018E, 0x016D, 0x016D,
  0x014C, 0x012B, 0x010A, 0x10C7, 0x636E, 0x4229, 0xCE37, 0xEF5B, 0xEF3B, 0x73AF, 0x9493, 0x1929, 0x018F, 0x014C, 0x012C, 0x014C,
  0x016D, 0x012C, 0x018E, 0x0210, 0x1B14, 0x5392, 0x9904, 0x70E3, 0x9965, 0x8229, 0x3B10, 0x2313, 0x01EF, 0x00E9, 0x014C, 0x016D,
  0x014C, 0x012B, 0x012B, 0x00A8, 0x4A8B, 0x4229, 0xB5B5, 0xF77C, 0xEF5B, 0xF77C, 0x52CC, 0x6BD1, 0x8C72, 0x112B, 0x01AF, 0x014B,
  0x014C, 0x016E, 0x014C, 0x014C, 0x014C, 0x018E, 0x0211, 0x3B73, 0x836E, 0x7452, 0x2354, 0x09AE, 0x012C, 0x014C, 0x0109, 0x016E,
  0x012B, 0x012B, 0x012B, 0x00C9, 0x3A2B, 0x426A, 0x7C10, 0xF77C, 0xEF5B, 0xF77C, 0xF77C, 0xA513, 0x10C5, 0x8493, 0x73D0, 0x090B,
  0x018E, 0x016D, 0x012C, 0x012B, 0x014C, 0x014C, 0x012B, 0x010A, 0x016D, 0x1AB2, 0x09CE, 0x012C, 0x014C, 0x012B, 0x014C, 0x010A,
  0x012B, 0x012B, 0x010A, 0x010B, 0x218A, 0x52EC, 0x1926, 0xD699, 0xEF5B, 0xEF5B, 0xF77C, 0xEF5B, 0xF77C, 0x738E, 0x1927, 0x94D4,
  0x5B2E, 0x00CB, 0x016D, 0x014C, 0x010B, 0x012B, 0x010A, 0x014B, 0x014C, 0x012C, 0x012B, 0x014D, 0x018E, 0x014C, 0x012B, 0x012B,
  0x0929, 0x08E8, 0x00E9, 0x012B, 0x1129, 0x636E, 0x29A7, 0x632C, 0xE71A, 0xEF5B, 0xEF5B, 0xF77C, 0xEF5B, 0xEF5B, 0xEF5B, 0x52CB,
  0x29A9, 0x94F4, 0x4ACD, 0x00EA, 0x014C, 0x010B, 0x014C, 0x012C, 0x010B, 0x014D, 0x016D, 0x016C, 0x012C, 0x012C, 0x012C, 0x012C,
  0x010A, 0x010A, 0x00C8, 0x012A, 0x08A7, 0x6B8F, 0x4AAB, 0x08A4, 0xDED9, 0xF77C, 0xEF5B, 0xF77C, 0xF77C, 0xF77C, 0xEF5B, 0xF77C,
  0xEF5B, 0x29A7, 0x3A4C, 0xADB6, 0x3A2B, 0x010B, 0x012B, 0x012C, 0x012C, 0x018E, 0x014C, 0x010B, 0x010A, 0x012B, 0x010A, 0x010B,
  0x014C, 0x010B, 0x012B, 0x00C8, 0x00C8, 0x634E, 0x634D, 0x1905, 0x8C51, 0xF77C, 0xEF5B, 0xF77C, 0xF77C, 0xF77C, 0xF77C, 0xF77C,
  0xEF5B, 0xEF5B, 0xDEB9, 0x2987, 0x4ACD, 0x9D14, 0x2148, 0x010B, 0x014D, 0x016D, 0x014D, 0x012C, 0x012B, 0x010A, 0x0109, 0x012A,
  0x012B, 0x012B, 0x010B, 0x010B, 0x00E9, 0x6B8E, 0x8451, 0x2167, 0x4AAA, 0xF77C, 0xEF5B, 0xEF5B, 0xF77C, 0xF77C, 0xF77C, 0xF77C,
  0xF77C, 0xF77C, 0xEF5B, 0xF77C, 0xC617, 0x1106, 0x6390, 0x8451, 0x1929, 0x1129, 0x19AC, 0x2A0D, 0x220E, 0x094C, 0x114B, 0x096B,
  0x092A, 0x08E8, 0x0908, 0x092A, 0x092A, 0x2189, 0x7C11, 0x3A2A, 0x2167, 0xDEDA, 0xEF5B, 0xEF5B, 0xF77C, 0xF77C, 0xF77C, 0xF77C,
  0xF77C, 0xF77C, 0xF77C, 0xF77C, 0xEF5B, 0xF77C, 0xAD74, 0x1927, 0x6BB0, 0x5B0D, 0x6B4E, 0x73AF, 0x7C10, 0x6B6E, 0x4A8B, 0x52AC,
  0x4A8B, 0x52CC, 0x5B0D, 0x5B0C, 0x632D, 0x5AEC, 0x73AE, 0x5AEC, 0x10E5, 0xB5B5, 0xF77C, 0xEF5B, 0xF77C, 0xF77C, 0xF77C, 0xF77C,
  0xF77C, 0xF77C, 0xF77C, 0xF77C, 0xF77C, 0xF77C, 0xEF5B, 0xF77C, 0x8451, 0x1106, 0x1926, 0x1926, 0x1926, 0x2966, 0x52CB, 0x632D,
  0x632C, 0x634D, 0x31C8, 0x1926, 0x1926, 0x1925, 0x1905, 0x73AE, 0x2167, 0x73AF, 0xF77C, 0xEF5B, 0xF77C, 0xF77C, 0xF77C, 0xF77C,
  0xF77C, 0xF77C, 0xF77C, 0xF77C, 0xF77C, 0xF77C, 0xF77C, 0xF77C, 0xEF5B, 0xF77C, 0x8430, 0x08A3, 0x08A4, 0x08A3, 0x08C4, 0x8410,
  0xCE78, 0xCE58, 0xB575, 0x3A29, 0x1925, 0x1925, 0x1905, 0x31C7, 0xC637, 0xA534, 0xE71B, 0xEF5B, 0xEF5B, 0xF77C, 0xF77C, 0xF77C,
  0xF77C, 0xF77C, 0xF77C, 0xF77C, 0xF77C, 0xF77C, 0xF77C, 0xF77C, 0xF77C, 0xF77C, 0xEF5B, 0xF77C, 0xCE58, 0xBDD6, 0xBDD6, 0xBDD6,
  0xD699, 0xD6B9, 0xD6B9, 0xD699, 0xDEFA, 0xE71A, 0xE71A, 0xE71A, 0xE71A, 0xDEB9, 0xF77C, 0xF77C, 0xF77C, 0xF77C, 0xF77C, 0xF77C,
  0xF77C, 0xF77C, 0xF77C, 0xF77C, 0xF77C, 0xF77C, 0xF77C, 0xF77C, 0xF77C, 0xF77C, 0xF77C, 0xF77C, 0xEF5B, 0xF77C, 0xF77C, 0xF77C,
  0xF77C, 0xF77C, 0xF77C, 0xF77C, 0xF77C, 0xF77C, 0xF77C, 0xF77C, 0xF77C, 0xF77C, 0xF77C, 0xEF5B, 0xEF5B, 0xF77C, 0xF77C, 0xF77C,
  0xF77C, 0xF77C, 0xF77C, 0xF77C, 0xF77C,
};

// hero_img_4  36 x 85  (RGB565)
const uint16_t hero_img_4[] PROGMEM = {
  0xF77C, 0xF77C, 0xF77C, 0xF77C, 0xF77C, 0xF77C, 0xF77C, 0xF77C, 0xF77C, 0xF77C, 0xF77C, 0xF77C, 0xF77C, 0xF77C, 0xF77C, 0xF77C,
  0xF77C, 0xF77C, 0xF77C, 0xF77C, 0xF77C, 0xF77C, 0xF77C, 0xF77C, 0xF77C, 0xF77C, 0xE71A, 0xF77C, 0xF77C, 0xF77C, 0xF77C, 0xF77C,
  0xF77C, 0xF77C, 0xF77C, 0xF77C, 0xF77C, 0xF77C, 0xF77C, 0xF77C, 0xF77C, 0xF77C, 0xF77C, 0xF77C, 0xF77C, 0xF77C, 0xF77C, 0xF77C,
  0xF77C, 0xF77C, 0xF77C, 0xF77C, 0xF77C, 0xF77C, 0xF77C, 0xF77C, 0xF77C, 0xF77C, 0xF77C, 0xEF5B, 0xF77C, 0xD678, 0xE71C, 0x9492,
  0xEF5B, 0xF77C, 0xF77C, 0xF77C, 0xF77C, 0xF77C, 0xF77C, 0xF77C, 0xF77C, 0xF77C, 0xF77C, 0xF77C, 0xF77C, 0xF77C, 0xF77C, 0xF77C,
  0xF77C, 0xF77C, 0xF77C, 0xF77C, 0xF77C, 0xF77C, 0xF77C, 0xF77C, 0xF77C, 0xF77C, 0xF77C, 0xF77C, 0xF77C, 0xF77C, 0xEF5C, 0xF77C,
  0xCE78, 0xD6DB, 0xB5B7, 0x31C9, 0xEF3B, 0xF77C, 0xEF5B, 0xF77C, 0xF77C, 0xF77C, 0xF77C, 0xF77C, 0xF77C, 0xF77C, 0xF77C, 0xF77C,
  0xF77C, 0xF77C, 0xF77C, 0xF77C, 0xF77C, 0xF77C, 0xF77C, 0xF77C, 0xF77C, 0xF77C, 0xF77C, 0xF77C, 0xF77C, 0xF77C, 0xF77C, 0xF77C,
  0xF77C, 0xF77C, 0xF77C, 0xD699, 0xDF1D, 0x9CB2, 0x30E4, 0x4A8B, 0xEF3B, 0xF77C, 0xEF5B, 0xF77C, 0xF77C, 0xF77C, 0xF77C, 0xF77C,
  0xF77C, 0xF77C, 0xF77C, 0xF77C, 0xF77C, 0xF77C, 0xF77C, 0xF77C, 0xF77C, 0xF77C, 0xF77C, 0xF77C, 0xF77C, 0xF77C, 0xF77C, 0xF77C,
  0xF77C, 0xF77C, 0xF77C, 0xEF5B, 0xEF5C, 0xF77C, 0xC617, 0xE75D, 0x9CB2, 0x9104, 0x6904, 0x426A, 0xF73B, 0xF77C, 0xEF5B, 0xF77C,
  0xF77C, 0xF77C, 0xF77C, 0xF77C, 0xF77C, 0xF77C, 0xF77C, 0xF77C, 0xF77C, 0xF77C, 0xF77C, 0xF77C, 0xF77C, 0xF77C, 0xF77C, 0xF77C,
  0xF77C, 0xF77C, 0xF77C, 0xF77C, 0xF77C, 0xF77C, 0xF77C, 0xF77C, 0xF77C, 0xCE99, 0xE75E, 0x738D, 0x6882, 0xF9A7, 0x50C3, 0x426A,
  0xF73B, 0xF77C, 0xEF5B, 0xF77C, 0xF77C, 0xF77C, 0xF77C, 0xF77C, 0xF77C, 0xF77C, 0xF77C, 0xF77C, 0xF77C, 0xF77C, 0xF77C, 0xF77C,
  0xF77C, 0xF77C, 0xF77C, 0xF77C, 0xF77C, 0xF77C, 0xF77C, 0xF77C, 0xF77C, 0xEF5B, 0xEF5B, 0xF77C, 0xD699, 0xEF7E, 0x83EF, 0x7882,
  0xF9E8, 0xE0C4, 0x58C3, 0x4A8A, 0xF73B, 0xF77C, 0xEF5B, 0xF77C, 0xF77C, 0xF77C, 0xF77C, 0xF77C, 0xF77C, 0xF77C, 0xF77C, 0xF77C,
  0xF77C, 0xF77C, 0xF77C, 0xF77C, 0xF77C, 0xF77C, 0xF77C, 0xF77C, 0xF77C, 0xF77C, 0xF77C, 0xF77C, 0xF77C, 0xF77C, 0xF77C, 0xC617,
  0xF7DF, 0x7BAE, 0x90C2, 0xF966, 0xE0E4, 0xE0E4, 0x58C3, 0x528A, 0xF73B, 0xF77C, 0xEF5B, 0xF77C, 0xF77C, 0xF77C, 0xF77C, 0xF77C,
  0xF77C, 0xF77C, 0xF77C, 0xF77C, 0xF77C, 0xF77C, 0xF77C, 0xF77C, 0xF77C, 0xF77C, 0xF77C, 0xF77C, 0xF77C, 0xF77C, 0xF77C, 0xF77C,
  0xEF5B, 0xF77C, 0xDEB9, 0x7C52, 0x8BEF, 0x90A2, 0xF9E7, 0xE105, 0xE0E4, 0xE0E4, 0x48A3, 0x526A, 0xF73B, 0xF77C, 0xEF5B, 0xF77C,
  0xF77C, 0xF77C, 0xF77C, 0xF77C, 0xF77C, 0xF77C, 0xF77C, 0xF77C, 0xF77C, 0xF77C, 0xF77C, 0xF77C, 0xF77C, 0xF77C, 0xF77C, 0xF77C,
  0xF77C, 0xF77C, 0xF77C, 0xF77C, 0xEF5B, 0xF77C, 0x9D14, 0x8411, 0x7269, 0xDA8A, 0xF0A3, 0xE125, 0xD904, 0xD8C4, 0x5125, 0x5249,
  0xF75B, 0xF77C, 0xEF5B, 0xF77C, 0xF77C, 0xF77C, 0xF77C, 0xF77C, 0xF77C, 0xF77C, 0xF77C, 0xF77C, 0xF77C, 0xF77C, 0xF77C, 0xF77C,
  0xF77C, 0xF77C, 0xF77C, 0xF77C, 0xF77C, 0xF77C, 0xF77C, 0xEF5C, 0xF77C, 0xDEB9, 0x7C52, 0x9BAE, 0xA0E3, 0x72CA, 0xD269, 0xF0E4,
  0xE8E4, 0xE862, 0x61A7, 0x5A69, 0xF73B, 0xF77C, 0xEF5B, 0xF77C, 0xF77C, 0xF77C, 0xF77C, 0xF77C, 0xF77C, 0xF77C, 0xF77C, 0xF77C,
  0xF77C, 0xF77C, 0xF77C, 0xF77C, 0xF77C, 0xF77C, 0xF77C, 0xF77C, 0xF77C, 0xF77C, 0xF77C, 0xEF5B, 0xF77C, 0xA534, 0x7C52, 0x99E7,
  0xF985, 0xA082, 0x7A89, 0x91E7, 0xB9C6, 0xCA07, 0x40C3, 0x628A, 0xF73B, 0xF77C, 0xEF5B, 0xF77C, 0xF77C, 0xF77C, 0xF77C, 0xF77C,
  0xF77C, 0xF77C, 0xF77C, 0xF77C, 0xF77C, 0xF77C, 0xF77C, 0xF77C, 0xF77C, 0xF77C, 0xF77C, 0xF77C, 0xF77C, 0xF77C, 0xEF5B, 0xF77C,
  0xEF3B, 0x9515, 0x8B8E, 0xC945, 0xE8E4, 0xF8A3, 0xA1E7, 0xA2EB, 0xB9E7, 0xB1C7, 0x5A28, 0x72AB, 0xF73B, 0xF77C, 0xEF5B, 0xF77C,
  0xF77C, 0xF77C, 0xF77C, 0xF77C, 0xF77C, 0xF77C, 0xF77C, 0xF77C, 0xF77C, 0xF77C, 0xF77C, 0xF77C, 0xF77C, 0xF77C, 0xF77C, 0xF77C,
  0xF77C, 0xF77C, 0xEF5B, 0xF77C, 0xBDD6, 0x84B3, 0x91C6, 0xE9A6, 0xE083, 0xD8E5, 0xB26A, 0xE0A2, 0xF0C3, 0xD883, 0x6A49, 0x72CB,
  0xF73B, 0xF77C, 0xEF5B, 0xF77C, 0xF77C, 0xF77C, 0xF77C, 0xF77C, 0xF77C, 0xF77C, 0xF77C, 0xF77C, 0xF77C, 0xF77C, 0xF77C, 0xF77C,
  0xF77C, 0xF77C, 0xF77C, 0xF77C, 0xF77C, 0xEF5B, 0xEF5B, 0xEF3B, 0x9515, 0x7B2C, 0xC9C6, 0xE0E5, 0xE083, 0xB146, 0xC9E8, 0xE882,
  0xC8C3, 0xA842, 0x6A08, 0x72AB, 0xF73B, 0xF77C, 0xEF5B, 0xF77C, 0xF77C, 0xF77C, 0xF77C, 0xF77C, 0xF77C, 0xF77C, 0xF77C, 0xF77C,
  0xF77C, 0xF77C, 0xF77C, 0xF77C, 0xF77C, 0xF77C, 0xF77C, 0xF77C, 0xF77C, 0xEF5B, 0xF77C, 0xBE17, 0x8CD4, 0x7985, 0xE9C7, 0xD863,
  0xE0A3, 0x9986, 0xD8A2, 0xD862, 0xD0C3, 0xC062, 0x61C7, 0x72CB, 0xF73B, 0xF77C, 0xEF5B, 0xF77C, 0xF77C, 0xF77C, 0xF77C, 0xF77C,
  0xF77C, 0xF77C, 0xF77C, 0xF77C, 0xF77C, 0xF77C, 0xF77C, 0xF77C, 0xF77C, 0xF77C, 0xF77C, 0xF77C, 0xEF5B, 0xEF5B, 0xEF3B, 0xA597,
  0x93EF, 0xC9A6, 0xE0E4, 0xE062, 0xC986, 0xC228, 0xF062, 0xC882, 0xD8A3, 0xC842, 0x6A49, 0x7ACB, 0xF73B, 0xF77C, 0xEF5B, 0xF77C,
  0xF77C, 0xF77C, 0xF77C, 0xF77C, 0xF77C, 0xF77C, 0xF77C, 0xF77C, 0xF77C, 0xF77C, 0xF77C, 0xF77C, 0xF77C, 0xF77C, 0xF77C, 0xF77C,
  0xEF5B, 0xF77C, 0xC617, 0xB5F8, 0xA40F, 0xBA8A, 0xD8C3, 0xE8C3, 0xA208, 0xC125, 0xC082, 0xC0C3, 0xE0A3, 0xB042, 0x5A69, 0x82EB,
  0xF73B, 0xF77C, 0xEF5B, 0xF77C, 0xF77C, 0xF77C, 0xF77C, 0xF77C, 0xF77C, 0xF77C, 0xF77C, 0xF77C, 0xF77C, 0xF77C, 0xF77C, 0xF77C,
  0xF77C, 0xF77C, 0xF77C, 0xEF5B, 0xF77C, 0xEF3B, 0xADB8, 0xAD14, 0xAA48, 0xBA28, 0xA1E7, 0xB38D, 0xAB2C, 0xD842, 0xB883, 0xD8A3,
  0xE0A3, 0xA082, 0x7269, 0x82EB, 0xF73B, 0xF77C, 0xEF5B, 0xF77C, 0xF77C, 0xF77C, 0xF77C, 0xF77C, 0xF77C, 0xF77C, 0xF77C, 0xF77C,
  0xF77C, 0xF77C, 0xF77C, 0xF77C, 0xF77C, 0xF77C, 0xF77C, 0xEF5B, 0xF77C, 0xCE79, 0xADB7, 0x8208, 0xB925, 0xE0E4, 0xF945, 0xC208,
  0xB32C, 0xE945, 0xD883, 0xD842, 0x90C3, 0xB062, 0x7249, 0x82CB, 0xF73B, 0xF77C, 0xEF5B, 0xF77C, 0xF77C, 0xF77C, 0xF77C, 0xF77C,
  0xF77C, 0xF77C, 0xF77C, 0xF77C, 0xF77C, 0xF77C, 0xF77C, 0xF77C, 0xF77C, 0xF77C, 0xEF5B, 0xF77C, 0xEF3B, 0xBE7A, 0x8BAF, 0xB186,
  0xD145, 0xD904, 0xE063, 0xD904, 0xBA08, 0x8ACB, 0xB8C3, 0xD842, 0x90A3, 0xC822, 0x6A28, 0x82CB, 0xF73B, 0xF77C, 0xEF5B, 0xF77C,
  0xF77C, 0xF77C, 0xF77C, 0xF77C, 0xF77C, 0xF77C, 0xF77C, 0xF77C, 0xF77C, 0xF77C, 0xF77C, 0xF77C, 0xF77C, 0xF77C, 0xEF5B, 0xF77C,
  0xCE99, 0xADF8, 0x8A69, 0xD208, 0xB042, 0xE083, 0xC8C4, 0xB0E4, 0xE062, 0x8862, 0xC0A3, 0x9904, 0xC0E4, 0xC801, 0x6A49, 0x92EB,
  0xF73B, 0xF77C, 0xEF5B, 0xF77C, 0xF77C, 0xF77C, 0xF77C, 0xF77C, 0xF77C, 0xF77C, 0xF77C, 0xF77C, 0xF77C, 0xF77C, 0xF77C, 0xF77C,
  0xF77C, 0xEF5B, 0xF77C, 0xEF3B, 0xC6BB, 0x8BCF, 0xB1A6, 0xC166, 0x9904, 0xB883, 0xB083, 0xC0C3, 0xA0A3, 0xA083, 0xE0A3, 0xC924,
  0xD925, 0xB821, 0x7249, 0x9B0C, 0xF73B, 0xF77C, 0xEF5B, 0xF77C, 0xF77C, 0xF77C, 0xF77C, 0xF77C, 0xF77C, 0xF77C, 0xF77C, 0xF77C,
  0xF77C, 0xF77C, 0xF77C, 0xF77C, 0xF77C, 0xEF5C, 0xF77C, 0xD6B9, 0xB5F8, 0x70E3, 0xD966, 0xB8C4, 0x8966, 0xC0A3, 0xB883, 0xB8A3,
  0x7945, 0xD8A3, 0xD862, 0xD062, 0xD0C3, 0x9021, 0x6228, 0xA30C, 0xEF3B, 0xF77C, 0xEF5B, 0xF77C, 0xF77C, 0xF77C, 0xF77C, 0xF77C,
  0xF77C, 0xF77C, 0xF77C, 0xF77C, 0xF77C, 0xF77C, 0xF77C, 0xF77C, 0xEF5B, 0xF77C, 0xE6FA, 0xBE59, 0x832C, 0xA985, 0xE104, 0xC145,
  0xA229, 0xD0C4, 0xD042, 0xB1A6, 0x99A6, 0xD062, 0xD883, 0xD862, 0xD0C3, 0xC0A3, 0x8B0C, 0xA2EB, 0xEF3B, 0xF77C, 0xEF5B, 0xF77C,
  0xF77C, 0xF77C, 0xF77C, 0xF77C, 0xF77C, 0xF77C, 0xF77C, 0xF77C, 0xF77C, 0xF77C, 0xF77C, 0xF77C, 0xF77C, 0xF77C, 0xD699, 0xC69A,
  0x8A07, 0xE1A6, 0xE062, 0xBA07, 0xB30B, 0xD0A3, 0xC0A3, 0x8104, 0xD904, 0x9062, 0xD082, 0xD041, 0xD021, 0xB882, 0x8B8D, 0xAAEB,
  0xEF3B, 0xF77C, 0xEF5B, 0xF77C, 0xF77C, 0xF77C, 0xF77C, 0xF77C, 0xF77C, 0xF77C, 0xF77C, 0xF77C, 0xF77C, 0xF77C, 0xF77C, 0xEF5B,
  0xF77C, 0xEF5B, 0xB618, 0xB575, 0xA32C, 0xB228, 0xAA28, 0x92EB, 0xA207, 0xB0A3, 0x91C6, 0x92AA, 0xD862, 0xB083, 0x9062, 0xD082,
  0xB124, 0x9904, 0x940F, 0xAAEB, 0xEF3B, 0xF77C, 0xEF5B, 0xF77C, 0xF77C, 0xF77C, 0xF77C, 0xF77C, 0xF77C, 0xF77C, 0xF77C, 0xF77C,
  0xF77C, 0xF77C, 0xF77C, 0xEF7C, 0xF77C, 0xCE79, 0xBE7A, 0xBAEB, 0xAA07, 0x9AAB, 0xD8C4, 0x98E4, 0xC082, 0xE083, 0xA1E7, 0xB8E4,
  0x9042, 0xD063, 0x9966, 0xB42F, 0xC2CA, 0xB062, 0x82AA, 0xB30C, 0xEF3B, 0xF77C, 0xEF5B, 0xF77C, 0xF77C, 0xF77C, 0xF77C, 0xF77C,
  0xF77C, 0xF77C, 0xF77C, 0xF77C, 0xF77C, 0xF77C, 0xEF5B, 0xF77C, 0xE71A, 0xB5F8, 0xD699, 0xC965, 0xD082, 0xA083, 0xD0C4, 0x71C7,
  0xB062, 0xB8E4, 0xBB2C, 0xF022, 0xC842, 0x8966, 0xAC2F, 0xC1C7, 0xE0A3, 0xB821, 0x7A69, 0xBB4C, 0xEF3B, 0xF77C, 0xEF5B, 0xF77C,
  0xF77C, 0xF77C, 0xF77C, 0xF77C, 0xF77C, 0xF77C, 0xF77C, 0xF77C, 0xF77C, 0xF77C, 0xEF5B, 0xF77C, 0xBDF7, 0xC69A, 0xB595, 0x8185,
  0xA228, 0x8A28, 0x9248, 0x8145, 0x9A28, 0x91E7, 0xB1E7, 0xB166, 0x99E7, 0xC0C3, 0x9104, 0xB021, 0xC062, 0xB021, 0x69A6, 0xC36D,
  0xEF3B, 0xF77C, 0xEF5B, 0xF77C, 0xF77C, 0xF77C, 0xF77C, 0xF77C, 0xF77C, 0xF77C, 0xF77C, 0xF77C, 0xF77C, 0xEF5B, 0xF77C, 0xE6FA,
  0xB619, 0xA471, 0x82EB, 0xC1E8, 0xD1A7, 0xAB4C, 0x50C3, 0x4061, 0x6228, 0xC5F6, 0xCDD6, 0x9AEB, 0xC905, 0xD042, 0xAA28, 0xA8A3,
  0xD042, 0xB021, 0x7208, 0xCB6D, 0xEF3B, 0xF77C, 0xEF5B, 0xF77C, 0xF77C, 0xF77C, 0xF77C, 0xF77C, 0xF77C, 0xF77C, 0xF77C, 0xF77C,
  0xF77C, 0xEF5B, 0xF77C, 0xBE18, 0xB619, 0x9289, 0xAA69, 0xD8A3, 0xF062, 0x88C4, 0x6104, 0x2841, 0x6207, 0xC5D6, 0xD699, 0xB8C4,
  0xE063, 0xC842, 0xB186, 0xA8A3, 0xD042, 0xA021, 0x8ACB, 0xC34D, 0xEF3B, 0xF77C, 0xEF5B, 0xF77C, 0xF77C, 0xF77C, 0xF77C, 0xF77C,
  0xF77C, 0xF77C, 0xF77C, 0xF77C, 0xEF5C, 0xF77C, 0xE71A, 0xBE18, 0xCE78, 0xAA28, 0x80E4, 0xC062, 0xD8A3, 0x9125, 0x69A6, 0x70A3,
  0x8A69, 0x9D13, 0xA471, 0xB38D, 0xB9E7, 0xD0A3, 0xA8A3, 0x9841, 0xD862, 0xB062, 0xB430, 0xBAEC, 0xEF3B, 0xF77C, 0xEF5B, 0xF77C,
  0xF77C, 0xF77C, 0xF77C, 0xF77C, 0xF77C, 0xF77C, 0xF77C, 0xF77C, 0xEF5B, 0xF77C, 0xC617, 0xBE59, 0xCCF2, 0xC925, 0x88E4, 0x9104,
  0x98C4, 0xA883, 0x80C3, 0x7862, 0x5228, 0xB5D6, 0x7A48, 0xB0E3, 0xC105, 0xA082, 0x90E3, 0xA0A3, 0xD041, 0xB001, 0x8B0B, 0xCB4D,
  0xEF3B, 0xF77C, 0xEF5B, 0xF77C, 0xF77C, 0xF77C, 0xF77C, 0xF77C, 0xF77C, 0xF77C, 0xF77C, 0xEF5B, 0xF77C, 0xE71A, 0xB5F8, 0xC638,
  0xC207, 0xB863, 0x8A08, 0x8249, 0x9A29, 0x78C3, 0x78E4, 0x60E3, 0xA533, 0x6BEF, 0x9208, 0xB062, 0xE062, 0xB822, 0x9945, 0xA34C,
  0xB1A7, 0xA289, 0xA3CF, 0xC36D, 0xEF3B, 0xF77C, 0xEF5B, 0xF77C, 0xF77C, 0xF77C, 0xF77C, 0xF77C, 0xF77C, 0xF77C, 0xF77C, 0xEF5B,
  0xF77C, 0xC618, 0xB618, 0xCBCE, 0xA1C7, 0x8166, 0x60E4, 0xC083, 0xC842, 0x8208, 0x6904, 0x94B1, 0xE6FA, 0x530D, 0x8ACB, 0x9125,
  0x69C7, 0x8289, 0x92EB, 0xBBEF, 0x6AAA, 0x99A7, 0x8A8A, 0xC36D, 0xEF5B, 0xF77C, 0xEF5B, 0xF77C, 0xF77C, 0xF77C, 0xF77C, 0xF77C,
  0xF77C, 0xF77C, 0xEF5B, 0xEF5C, 0xE71A, 0xADB7, 0xB617, 0xC145, 0xA269, 0x8249, 0x7208, 0xB9C7, 0xA249, 0xA185, 0x8924, 0x8491,
  0xAD34, 0x536F, 0x7A69, 0xAB2C, 0x8229, 0xC925, 0xC842, 0xA083, 0x7842, 0xA001, 0x932C, 0xCB6D, 0xEF3B, 0xF77C, 0xEF5B, 0xF77C,
  0xF77C, 0xF77C, 0xF77C, 0xF77C, 0xF77C, 0xF77C, 0xEF5B, 0xF77C, 0xBE17, 0xADB7, 0x8B4C, 0xB903, 0xB041, 0x7082, 0xA883, 0xC167,
  0x8A07, 0x5862, 0x94B2, 0x7BEF, 0xB5B5, 0x63B0, 0x830B, 0x9A08, 0xB083, 0xD083, 0xB863, 0x7882, 0xC083, 0xA801, 0x7A48, 0xCBAE,
  0xEF3B, 0xF77C, 0xEF5B, 0xF77C, 0xF77C, 0xF77C, 0xF77C, 0xF77C, 0xF77C, 0xEF5B, 0xEF5B, 0xEF1B, 0xADD8, 0xA491, 0xA0E4, 0xA104,
  0xB0C3, 0x9249, 0xD0E4, 0x8986, 0x9882, 0x81E7, 0x73CE, 0xAD75, 0xDEB9, 0x63D1, 0x8249, 0xB186, 0xA883, 0xC862, 0xB082, 0x7861,
  0xC842, 0xB800, 0x8269, 0xCBCF, 0xEF3B, 0xF77C, 0xEF5B, 0xF77C, 0xF77C, 0xF77C, 0xF77C, 0xF77C, 0xF77C, 0xEF5B, 0xF77C, 0xC658,
  0x9D55, 0x89A5, 0xC8C3, 0xA8C3, 0x9AEB, 0x9249, 0x88A3, 0xB883, 0xB801, 0x62CA, 0x634D, 0xE6FA, 0xD678, 0x6C11, 0x9269, 0xA1E6,
  0xC0C3, 0xC821, 0xB882, 0x8041, 0xC842, 0xB001, 0x8269, 0xC3AF, 0xEF3B, 0xF77C, 0xEF5B, 0xF77C, 0xF77C, 0xF77C, 0xF77C, 0xF77C,
  0xEF5B, 0xEF5B, 0xE71A, 0xA5B7, 0x732C, 0x98C3, 0xB821, 0x80C3, 0x79E7, 0xB8C4, 0x8862, 0xB842, 0x6821, 0x2965, 0x1926, 0xE6FA,
  0xD678, 0x7C52, 0x9AEB, 0xA8C3, 0xB8A3, 0xD841, 0xA841, 0x8061, 0xD062, 0xA800, 0x7A69, 0xC3AF, 0xEF3B, 0xF77C, 0xEF5B, 0xF77C,
  0xF77C, 0xF77C, 0xF77C, 0xF77C, 0xEF5B, 0xF77C, 0xBE18, 0x94F4, 0x79C5, 0xB0C3, 0xA842, 0x7186, 0xC821, 0xC842, 0x90A3, 0xA289,
  0x4986, 0x2987, 0x9CF3, 0xF77C, 0xCE37, 0x8493, 0x930C, 0x7A4A, 0xA945, 0xC821, 0xA041, 0x8082, 0xA842, 0xA800, 0x7228, 0xC3CF,
  0xE71A, 0xEF5B, 0xEF5B, 0xF77C, 0xEF5B, 0xEF5B, 0xF77C, 0xF77C, 0xF77C, 0xE71A, 0xADB7, 0x734D, 0xA985, 0xB801, 0x99A6, 0xA1E7,
  0xD022, 0xB042, 0xB021, 0xAAEB, 0x3A69, 0x4A8B, 0xF77C, 0xF77C, 0xD698, 0x8472, 0x8BEF, 0x9B4D, 0xA104, 0xA021, 0xA821, 0xA0A3,
  0x99A7, 0x8000, 0x6A08, 0xCC51, 0xF77C, 0xF77C, 0xF77C, 0xF77C, 0xF77C, 0xF77C, 0xEF5B, 0xF77C, 0xF77C, 0xCE79, 0x9515, 0x7985,
  0xC0A3, 0xA821, 0x8A28, 0xA0E4, 0x9166, 0x99A6, 0x90A2, 0x3125, 0x2986, 0xBDD6, 0xD698, 0xD698, 0xB595, 0x8473, 0x732C, 0xAA27,
  0xA2CA, 0x8A48, 0x9841, 0xB001, 0x89E7, 0x7062, 0x7228, 0xCCD3, 0xCE58, 0xD658, 0xDED9, 0xEF5B, 0xDED9, 0xCE58, 0xF77C, 0xF77C,
  0xEF3B, 0x8472, 0xA4F3, 0xBBAD, 0x99E8, 0x930C, 0xABAE, 0xBA29, 0xA9A6, 0xB186, 0x7249, 0x6BEF, 0x94F4, 0xADD8, 0xBE18, 0xBE39,
  0xCE9A, 0xC67A, 0x6A49, 0xB041, 0xC904, 0xB269, 0xACB1, 0xA1C7, 0x9A28, 0x9842, 0x5103, 0xD638, 0xC659, 0xADB7, 0xADD7, 0xB618,
  0x9535, 0x8493, 0x94B3, 0xEF3B, 0xE6DA, 0x424A, 0x7B4C, 0x9A28, 0xB966, 0x9986, 0x89A6, 0xD022, 0xB821, 0xB001, 0x8A69, 0xBD75,
  0x8B6D, 0x7ACA, 0x9C50, 0xCE37, 0xACD2, 0x838D, 0x7A08, 0x90C3, 0xC841, 0xC021, 0xCA49, 0xC470, 0x8945, 0xE001, 0x8145, 0x9470,
  0xACB2, 0xB410, 0xAB6D, 0xA32D, 0x9B4D, 0xACD3, 0x59A6, 0xEF3B, 0xE6DA, 0x4ACC, 0x7A8A, 0xC8C3, 0xA821, 0xB000, 0x80E3, 0x78E4,
  0xB801, 0xA104, 0x8B0C, 0x9082, 0xA000, 0xB000, 0xA985, 0x9A69, 0xA800, 0xB800, 0xB269, 0xB986, 0xC021, 0x9904, 0xC925, 0x9945,
  0x8B6C, 0xA104, 0xB021, 0x928A, 0xB862, 0xD882, 0xA061, 0xA882, 0x7882, 0x6A48, 0x7A69, 0xE73B, 0xE6DA, 0x52EC, 0x6A8A, 0xB0A2,
  0xB021, 0xA821, 0xB001, 0x9269, 0xA0C3, 0xA2CA, 0xA0C3, 0xB821, 0xB061, 0xB882, 0x99C7, 0x9165, 0xC062, 0xC861, 0xA0A3, 0x9945,
  0xC062, 0x9145, 0x8862, 0xB8A2, 0xC945, 0x99C6, 0x91E7, 0x89E7, 0xB821, 0x98C3, 0x9104, 0xA883, 0x5145, 0x9228, 0x7B0C, 0xEF3B,
  0xE6DA, 0x52EC, 0x6A8A, 0xB082, 0x9021, 0xA021, 0xB801, 0xB0C3, 0x8A49, 0xA9C7, 0xD821, 0xC000, 0xB800, 0xB021, 0xAAAA, 0xA966,
  0xB801, 0xA800, 0xB000, 0x88E4, 0x98C3, 0x80A3, 0xD021, 0xD041, 0xB800, 0xB821, 0xA0E4, 0x8B0B, 0x8925, 0x8104, 0xA841, 0x7000,
  0x61A6, 0xAAAA, 0x9CD2, 0xF77C, 0xE6DA, 0x52EC, 0x6A69, 0xB041, 0xA021, 0x9821, 0xA021, 0xB821, 0x936D, 0x70E3, 0x8964, 0xB2A9,
  0xA985, 0xB841, 0xA986, 0xA841, 0xA082, 0x9144, 0xA0E3, 0x9145, 0x71C6, 0xC821, 0xC041, 0xA841, 0xA000, 0xB861, 0xB000, 0x82CB,
  0x7986, 0x9821, 0xA821, 0x70C3, 0xB38C, 0x828A, 0xDED9, 0xF77C, 0xE6DA, 0x52EC, 0x728A, 0xB041, 0xA841, 0xB041, 0xB000, 0x98E4,
  0xC3CE, 0xA041, 0xB041, 0xB0E4, 0x9986, 0xA269, 0x81E7, 0xA249, 0xB2EB, 0xBB0B, 0x8144, 0x91C7, 0x81C6, 0xD882, 0xB041, 0xA021,
  0xA000, 0xA041, 0x8041, 0x48C3, 0x98A3, 0xB062, 0x8021, 0x830B, 0xBB4C, 0x6B0B, 0xF77C, 0xEF5B, 0xE6FA, 0x4AAC, 0x93EF, 0xC083,
  0xB021, 0xB042, 0xA001, 0xA30C, 0x98C3, 0xA800, 0xA821, 0xA801, 0xB800, 0xA062, 0xA3EF, 0xC145, 0xB800, 0xB800, 0xB000, 0xA800,
  0xA1C7, 0xA0A3, 0xA800, 0xA800, 0x9821, 0x7104, 0x90C4, 0x7883, 0x8841, 0xB021, 0x8841, 0xAB6D, 0x8249, 0xB5B5, 0xF77C, 0xEF5B,
  0xDEDA, 0x52CC, 0x8B4D, 0xA041, 0xA021, 0xC021, 0xA1A7, 0x9207, 0xA000, 0xA000, 0x9801, 0x9821, 0x9800, 0xA800, 0x9124, 0xB800,
  0xB800, 0xA821, 0x9800, 0xB021, 0xA945, 0xAA29, 0xB000, 0xA0C3, 0x89C7, 0xA8A3, 0xC021, 0x8821, 0x6082, 0xB800, 0x68A2, 0xAB0C,
  0x72EB, 0xF77C, 0xEF5B, 0xF77C, 0xDEDA, 0x52ED, 0x7AAB, 0xC124, 0x7841, 0x9021, 0xA38E, 0xA8C3, 0xA861, 0x9041, 0x9800, 0x8800,
  0xA021, 0x9041, 0x7082, 0xB820, 0xB821, 0xB821, 0xB000, 0xA000, 0xA041, 0xA208, 0xB000, 0x8945, 0xB0C3, 0xC000, 0xA801, 0x9842,
  0x6145, 0x9020, 0x7945, 0xA2EB, 0xA533, 0xF77C, 0xEF5B, 0xF77C, 0xE6FA, 0x4AEC, 0x92CB, 0xD061, 0xC8A2, 0x89A6, 0x9A49, 0xC862,
  0xC021, 0xC882, 0xC082, 0xB8C2, 0xB841, 0x9882, 0x9985, 0xC820, 0xC021, 0xC841, 0x9000, 0x9800, 0xB000, 0xA1A6, 0x9904, 0x9082,
  0x9821, 0x88C4, 0xA0C3, 0xA8A3, 0x7124, 0x5882, 0xAACB, 0x82CB, 0xE71A, 0xF77C, 0xEF5B, 0xF77C, 0xEF5B, 0x73D0, 0x8BEF, 0x61C7,
  0x61A6, 0x93AE, 0xAC2F, 0x8B2C, 0x6A28, 0x3862, 0x3841, 0x69E7, 0x69E8, 0x728A, 0x8B2C, 0x9B4C, 0x934D, 0x7A69, 0x8061, 0xA904,
  0x8082, 0x88A3, 0x8B0C, 0x88A2, 0xA945, 0xC8C3, 0x7841, 0x7A89, 0xDE57, 0x8C0F, 0x9B2C, 0x8B8E, 0xF77C, 0xEF5B, 0xF77C, 0xF77C,
  0xF77C, 0x8410, 0x6B8E, 0x636D, 0x530C, 0x73AE, 0xAD95, 0x8CB2, 0x52EC, 0x2187, 0x1925, 0x52EC, 0x52EC, 0x52EB, 0x636D, 0xC637,
  0xCE78, 0x9D54, 0x8B8D, 0xA249, 0x91A6, 0x8A28, 0x7AEB, 0xA8C3, 0xD041, 0xD000, 0x58C3, 0x94F3, 0xAD75, 0xA513, 0x62EC, 0xCE37,
  0xF77C, 0xEF5B, 0xF77C, 0xF77C, 0xF77C, 0x94D2, 0x1926, 0x10C4, 0x10E4, 0x2966, 0x1905, 0x2125, 0x9CD2, 0x7BEF, 0x7BCF, 0xA534,
  0xD678, 0xD678, 0xDEB9, 0xE6FA, 0xC5F6, 0x4AAB, 0x8AAA, 0xB841, 0xB041, 0xB862, 0x8165, 0xB082, 0xC861, 0x8020, 0x40C3, 0x834D,
  0x94B2, 0xE71A, 0x9CF3, 0xE71A, 0xF77C, 0xF77C, 0xF77C, 0xF77C, 0xF77C, 0xEF3B, 0x9CF3, 0x9CD2, 0x9CD2, 0x94B2, 0x94B2, 0x9CD2,
  0xEF5B, 0xF77C, 0xF77C, 0xF77C, 0xF77C, 0xF77C, 0xF77C, 0xF77C, 0xD678, 0x6B8E, 0x9B8D, 0x7800, 0x9021, 0xA800, 0x8041, 0x8800,
  0xB021, 0x7800, 0x48C3, 0xA3CF, 0xCE58, 0xF77C, 0xEF3B, 0xF77C, 0xF77C, 0xF77C, 0xF77C, 0xF77C, 0xF77C, 0xF77C, 0xF77C, 0xF77C,
  0xF77C, 0xF77C, 0xF77C, 0xF77C, 0xF77C, 0xF77C, 0xF77C, 0xEF5B, 0xEF5B, 0xEF5B, 0xEF5B, 0xF77C, 0xD658, 0x73F0, 0x9228, 0xA000,
  0x9000, 0x9801, 0x8841, 0x70E3, 0x9800, 0x9800, 0x7228, 0xB3CF, 0xEF5B, 0xF77C, 0xF77C, 0xF77C, 0xF77C, 0xF77C, 0xF77C, 0xF77C,
  0xF77C, 0xEF5B, 0xEF5B, 0xEF5B, 0xEF5B, 0xEF5B, 0xEF5B, 0xEF5B, 0xF77C, 0xF77C, 0xF77C, 0xF77C, 0xF77C, 0xF77C, 0xEF5B, 0xF77C,
  0xD698, 0x73CF, 0x60A2, 0xA000, 0x9800, 0x8800, 0x8021, 0x7082, 0x8041, 0xA000, 0x7228, 0xB3EF, 0xE73A, 0xF77C, 0xEF5B, 0xF77C,
  0xF77C, 0xF77C, 0xF77C, 0xF77C, 0xF77C, 0xF77C, 0xF77C, 0xF77C, 0xF77C, 0xF77C, 0xF77C, 0xF77C, 0xF77C, 0xF77C, 0xF77C, 0xF77C,
  0xF77C, 0xF77C, 0xEF5B, 0xF77C, 0xD678, 0x8471, 0x81C7, 0x9000, 0x8800, 0x9000, 0x7000, 0x8821, 0x81A6, 0x9041, 0x6104, 0xBC51,
  0xEF3B, 0xF77C, 0xEF5B, 0xF77C, 0xF77C, 0xF77C, 0xF77C, 0xF77C, 0xF77C, 0xF77C, 0xF77C, 0xF77C, 0xF77C, 0xF77C, 0xF77C, 0xF77C,
  0xF77C, 0xF77C, 0xF77C, 0xF77C, 0xF77C, 0xF77C, 0xEF5B, 0xF77C, 0xD678, 0x8CD3, 0x9228, 0x9000, 0x7020, 0x9000, 0x70C3, 0x9821,
  0x9124, 0x60C3, 0x8A29, 0xB4D3, 0xEF3B, 0xF77C, 0xEF5B, 0xF77C, 0xF77C, 0xF77C, 0xF77C, 0xF77C, 0xF77C, 0xF77C, 0xF77C, 0xF77C,
  0xF77C, 0xF77C, 0xF77C, 0xF77C, 0xF77C, 0xF77C, 0xF77C, 0xF77C, 0xF77C, 0xF77C, 0xEF5B, 0xF77C, 0xD658, 0x8C72, 0xB4B2, 0xA8A2,
  0xA020, 0x8000, 0x80E3, 0x8861, 0xB820, 0x7144, 0x9451, 0x9CB2, 0xEF3B, 0xF77C, 0xEF5B, 0xF77C, 0xF77C, 0xF77C, 0xF77C, 0xF77C,
  0xF77C, 0xF77C, 0xF77C, 0xF77C, 0xF77C, 0xF77C, 0xF77C, 0xF77C, 0xF77C, 0xF77C, 0xF77C, 0xF77C, 0xF77C, 0xF77C, 0xEF5B, 0xF77C,
  0xCE58, 0x8C72, 0x6C53, 0x63F2, 0xB9A6, 0x8800, 0x7020, 0xA800, 0xB9E7, 0x3AD1, 0x532F, 0x9CB2, 0xEF3B, 0xF77C, 0xEF5B, 0xF77C,
  0xF77C, 0xF77C, 0xF77C, 0xF77C, 0xF77C, 0xF77C, 0xF77C, 0xF77C, 0xF77C, 0xF77C, 0xF77C, 0xF77C, 0xF77C, 0xF77C, 0xF77C, 0xF77C,
  0xF77C, 0xF77C, 0xEF5B, 0xF77C, 0xCE58, 0x8C92, 0x5330, 0x01F0, 0x4BF4, 0xA124, 0xB000, 0x89C7, 0x22F2, 0x014D, 0x73B0, 0x8C92,
  0xEF3B, 0xF77C, 0xEF5B, 0xF77C, 0xF77C, 0xF77C, 0xF77C, 0xF77C, 0xF77C, 0xF77C, 0xF77C, 0xF77C, 0xF77C, 0xF77C, 0xF77C, 0xF77C,
  0xF77C, 0xF77C, 0xF77C, 0xF77C, 0xF77C, 0xF77C, 0xEF5B, 0xF77C, 0xCE58, 0x8C72, 0x9536, 0x012C, 0x018F, 0x3B33, 0x9228, 0x3353,
  0x0212, 0x090A, 0x94D3, 0x7C31, 0xEF3B, 0xF77C, 0xEF5B, 0xF77C, 0xF77C, 0xF77C, 0xF77C, 0xF77C, 0xF77C, 0xF77C, 0xF77C, 0xF77C,
  0xF77C, 0xF77C, 0xF77C, 0xF77C, 0xF77C, 0xF77C, 0xF77C, 0xF77C, 0xF77C, 0xF77C, 0xEF5B, 0xF77C, 0xCE58, 0x8452, 0x7C74, 0x018F,
  0x016D, 0x018F, 0x22F2, 0x018F, 0x014D, 0x00EA, 0x636F, 0x8452, 0xEF3B, 0xF77C, 0xEF5B, 0xF77C, 0xF77C, 0xF77C, 0xF77C, 0xF77C,
  0xF77C, 0xF77C, 0xF77C, 0xF77C, 0xF77C, 0xF77C, 0xF77C, 0xF77C, 0xF77C, 0xF77C, 0xF77C, 0xF77C, 0xF77C, 0xF77C, 0xEF5B, 0xF77C,
  0xCE37, 0x7BF0, 0x84F6, 0x016E, 0x012C, 0x016D, 0x01D1, 0x01F0, 0x09AE, 0x00EB, 0x5AED, 0x8492, 0xEF3B, 0xF77C, 0xEF5B, 0xF77C,
  0xF77C, 0xF77C, 0xF77C, 0xF77C, 0xF77C, 0xF77C, 0xF77C, 0xF77C, 0xF77C, 0xF77C, 0xF77C, 0xF77C, 0xF77C, 0xF77C, 0xF77C, 0xF77C,
  0xF77C, 0xF77C, 0xEF5B, 0xF77C, 0xC637, 0x6BAF, 0x9536, 0x016D, 0x018E, 0x01D0, 0x014C, 0x018F, 0x0A31, 0x016C, 0x73D0, 0x7C52,
  0xEF3B, 0xF77C, 0xEF5B, 0xF77C, 0xF77C, 0xF77C, 0xF77C, 0xF77C, 0xF77C, 0xF77C, 0xF77C, 0xF77C, 0xF77C, 0xF77C, 0xF77C, 0xF77C,
  0xF77C, 0xF77C, 0xF77C, 0xF77C, 0xF77C, 0xF77C, 0xEF5B, 0xF77C, 0xC637, 0x6B6E, 0x7C94, 0x01CF, 0x016D, 0x016D, 0x01EF, 0x018E,
  0x016D, 0x090A, 0x8431, 0x7C31, 0xEF3B, 0xF77C, 0xEF5B, 0xF77C, 0xF77C, 0xF77C, 0xF77C, 0xF77C, 0xF77C, 0xF77C, 0xF77C, 0xF77C,
  0xF77C, 0xF77C, 0xF77C, 0xF77C, 0xF77C, 0xF77C, 0xF77C, 0xF77C, 0xF77C, 0xF77C, 0xEF5B, 0xF77C, 0xC637, 0x6B6E, 0x4B52, 0x0211,
  0x016D, 0x01AF, 0x01B0, 0x018E, 0x018D, 0x016C, 0x634E, 0x7C32, 0xEF3B, 0xF77C, 0xEF5B, 0xF77C, 0xF77C, 0xF77C, 0xF77C, 0xF77C,
  0xF77C, 0xF77C, 0xF77C, 0xF77C, 0xF77C, 0xF77C, 0xF77C, 0xF77C, 0xF77C, 0xF77C, 0xF77C, 0xF77C, 0xF77C, 0xF77C, 0xEF5B, 0xF77C,
  0xC637, 0x634D, 0x5392, 0x01D0, 0x016E, 0x018F, 0x014C, 0x014C, 0x016D, 0x00EB, 0x5B0D, 0x7C32, 0xEF3B, 0xF77C, 0xEF5B, 0xF77C,
  0xF77C, 0xF77C, 0xF77C, 0xF77C, 0xF77C, 0xF77C, 0xF77C, 0xF77C, 0xF77C, 0xF77C, 0xF77C, 0xF77C, 0xF77C, 0xF77C, 0xF77C, 0xF77C,
  0xF77C, 0xF77C, 0xEF5B, 0xF77C, 0xCE37, 0x6B8E, 0x4B10, 0x018E, 0x018E, 0x016D, 0x016D, 0x014C, 0x016D, 0x012C, 0x5B2E, 0x7411,
  0xEF3B, 0xF77C, 0xEF5B, 0xF77C, 0xF77C, 0xF77C, 0xF77C, 0xF77C, 0xF77C, 0xF77C, 0xF77C, 0xF77C, 0xF77C, 0xF77C, 0xF77C, 0xF77C,
  0xF77C, 0xF77C, 0xF77C, 0xF77C, 0xF77C, 0xF77C, 0xF77C, 0xF77C, 0xEF3B, 0x5AED, 0x31E9, 0x29CB, 0x014E, 0x014C, 0x014C, 0x016C,
  0x016D, 0x010B, 0x5B2E, 0x73F1, 0xEF3B, 0xF77C, 0xEF5B, 0xF77C, 0xF77C, 0xF77C, 0xF77C, 0xF77C, 0xF77C, 0xF77C, 0xF77C, 0xF77C,
  0xF77C, 0xF77C, 0xF77C, 0xF77C, 0xF77C, 0xF77C, 0xF77C, 0xF77C, 0xF77C, 0xF77C, 0xF77C, 0xF77C, 0xF77C, 0x31E9, 0x31C9, 0x4AAB,
  0x1969, 0x012C, 0x014D, 0x016D, 0x018E, 0x010C, 0x5B0E, 0x638F, 0xEF3B, 0xF77C, 0xEF5B, 0xF77C, 0xF77C, 0xF77C, 0xF77C, 0xF77C,
  0xF77C, 0xF77C, 0xF77C, 0xF77C, 0xF77C, 0xF77C, 0xF77C, 0xF77C, 0xF77C, 0xF77C, 0xF77C, 0xF77C, 0xF77C, 0xF77C, 0xF77C, 0xEF5B,
  0xF77C, 0x8431, 0x1106, 0x2187, 0x39E9, 0x322B, 0x016D, 0x018E, 0x016D, 0x010C, 0x5B0E, 0x634E, 0xEF3B, 0xF77C, 0xEF5B, 0xF77C,
  0xF77C, 0xF77C, 0xF77C, 0xF77C, 0xF77C, 0xF77C, 0xF77C, 0xF77C, 0xF77C, 0xF77C, 0xF77C, 0xF77C, 0xF77C, 0xF77C, 0xF77C, 0xF77C,
  0xF77C, 0xF77C, 0xF77C, 0xF77C, 0xEF5B, 0xF77C, 0x94D2, 0x10E5, 0x2188, 0x31C8, 0x1927, 0x014D, 0x018E, 0x00EB, 0x52ED, 0x5B2D,
  0xEF3B, 0xF77C, 0xEF5B, 0xF77C, 0xF77C, 0xF77C, 0xF77C, 0xF77C, 0xF77C, 0xF77C, 0xF77C, 0xF77C, 0xF77C, 0xF77C, 0xF77C, 0xF77C,
  0xF77C, 0xF77C, 0xF77C, 0xF77C, 0xF77C, 0xF77C, 0xF77C, 0xF77C, 0xF77C, 0xEF5B, 0xF77C, 0xB5B6, 0x1947, 0x2188, 0x29A8, 0x08C6,
  0x012B, 0x094C, 0x7C11, 0x5B0D, 0xEF3B, 0xF77C, 0xEF5B, 0xF77C, 0xF77C, 0xF77C, 0xF77C, 0xF77C, 0xF77C, 0xF77C, 0xF77C, 0xF77C,
  0xF77C, 0xF77C, 0xF77C, 0xF77C, 0xF77C, 0xF77C, 0xF77C, 0xF77C, 0xF77C, 0xF77C, 0xF77C, 0xF77C, 0xF77C, 0xF77C, 0xEF5B, 0xF77C,
  0xC637, 0x3A4A, 0x21A9, 0x2987, 0x10E5, 0x00A8, 0x8472, 0x5B2D, 0xEF3B, 0xF77C, 0xEF5B, 0xF77C, 0xF77C, 0xF77C, 0xF77C, 0xF77C,
  0xF77C, 0xF77C, 0xF77C, 0xF77C, 0xF77C, 0xF77C, 0xF77C, 0xF77C, 0xF77C, 0xF77C, 0xF77C, 0xF77C, 0xF77C, 0xF77C, 0xF77C, 0xF77C,
  0xF77C, 0xF77C, 0xF77C, 0xEF5B, 0xF77C, 0xDEDA, 0x424A, 0x1947, 0x4AAB, 0x1905, 0x52CC, 0x5B2D, 0xEF3B, 0xF77C, 0xEF5B, 0xF77C,
  0xF77C, 0xF77C, 0xF77C, 0xF77C, 0xF77C, 0xF77C, 0xF77C, 0xF77C, 0xF77C, 0xF77C, 0xF77C, 0xF77C, 0xF77C, 0xF77C, 0xF77C, 0xF77C,
  0xF77C, 0xF77C, 0xF77C, 0xF77C, 0xF77C, 0xF77C, 0xF77C, 0xF77C, 0xEF5B, 0xF77C, 0xEF5B, 0x632D, 0x1947, 0x29A8, 0x6B6D, 0x6B6E,
  0xE71A, 0xF77C, 0xEF5B, 0xF77C, 0xF77C, 0xF77C, 0xF77C, 0xF77C, 0xF77C, 0xF77C, 0xF77C, 0xF77C, 0xF77C, 0xF77C, 0xF77C, 0xF77C,
  0xF77C, 0xF77C, 0xF77C, 0xF77C, 0xF77C, 0xF77C, 0xF77C, 0xF77C, 0xF77C, 0xF77C, 0xF77C, 0xF77C, 0xF77C, 0xEF5B, 0xEF5C, 0xF77C,
  0x634D, 0x1968, 0x632D, 0xAD74, 0xEF3B, 0xF77C, 0xF77C, 0xF77C, 0xF77C, 0xF77C, 0xF77C, 0xF77C, 0xF77C, 0xF77C, 0xF77C, 0xF77C,
  0xF77C, 0xF77C, 0xF77C, 0xF77C, 0xF77C, 0xF77C, 0xF77C, 0xF77C, 0xF77C, 0xF77C, 0xF77C, 0xF77C, 0xF77C, 0xF77C, 0xF77C, 0xF77C,
  0xF77C, 0xF77C, 0xEF5B, 0xEF5B, 0xF77C, 0x8451, 0x52EC, 0xCE37, 0xEF5B, 0xF77C, 0xF77C, 0xF77C, 0xF77C, 0xF77C, 0xF77C, 0xF77C,
  0xF77C, 0xF77C, 0xF77C, 0xF77C, 0xF77C, 0xF77C, 0xF77C, 0xF77C, 0xF77C, 0xF77C, 0xF77C, 0xF77C, 0xF77C, 0xF77C, 0xF77C, 0xF77C,
  0xF77C, 0xF77C, 0xF77C, 0xF77C, 0xF77C, 0xF77C, 0xF77C, 0xEF5B, 0xEF5B, 0xF77C, 0xEF3B, 0xF77C, 0xF77C, 0xF77C, 0xF77C, 0xF77C,
  0xF77C, 0xF77C, 0xF77C, 0xF77C,
};

// hero_img_5  36 x 85  (RGB565)
const uint16_t hero_img_5[] PROGMEM = {
  0xF77C, 0xEF5B, 0xEF5B, 0xEF5B, 0xEF5B, 0xEF5B, 0xEF5B, 0xEF5B, 0xEF5B, 0xEF5B, 0xEF5B, 0xEF5B, 0xEF5B, 0xEF5B, 0xEF5B, 0xEF5B,
  0xEF5B, 0xEF5B, 0xEF5B, 0xEF5B, 0xEF5B, 0xEF5B, 0xEF5B, 0xEF5B, 0xEF5B, 0xEF5B, 0xEF5B, 0xEF5B, 0xEF5B, 0xEF5B, 0xEF5B, 0xEF5B,
  0xEF5B, 0xEF5B, 0xEF7C, 0xF77C, 0xF77C, 0xF77C, 0xF77C, 0xF77C, 0xF77C, 0xF77C, 0xF77C, 0xF77C, 0xF77C, 0xF77C, 0xF77C, 0xF77C,
  0xF77C, 0xF77C, 0xF77C, 0xF77C, 0xF77C, 0xF77C, 0xF77C, 0xF77C, 0xF77C, 0xF77C, 0xF77C, 0xF77C, 0xF77C, 0xF77C, 0xF77C, 0xF77C,
  0xF77C, 0xF77C, 0xF77C, 0xF77C, 0xF77C, 0xF77C, 0xF77C, 0xEF5B, 0xF77C, 0xEF5B, 0xC617, 0xBDD6, 0xBDF6, 0xC617, 0xCE37, 0xD678,
  0xD699, 0xD699, 0xD699, 0xD699, 0xD699, 0xDEB9, 0xDEFA, 0xE6FA, 0xE6FA, 0xE6FA, 0xDEFA, 0xDEFA, 0xDEDA, 0xDEB9, 0xD699, 0xD678,
  0xD678, 0xD678, 0xCE78, 0xCE58, 0xC617, 0xC5F6, 0xC5F6, 0xC5F6, 0xD698, 0xC617, 0xE73B, 0xF77C, 0xEF3B, 0x9CD3, 0xCE9A, 0xB5F8,
  0xB619, 0xC69A, 0xDF1C, 0xE75D, 0xE75D, 0xE75D, 0xE73D, 0xE75D, 0xEF7D, 0xEF7D, 0xEF9E, 0xEF9E, 0xF7BE, 0xF7BE, 0xEF9E, 0xEF9E,
  0xEF7D, 0xEF7D, 0xE77D, 0xE73C, 0xDF3C, 0xDF3C, 0xE73D, 0xE73D, 0xDEFC, 0xCE9A, 0xCE7A, 0xC679, 0xCEBB, 0xDF1C, 0xB596, 0xDED9,
  0xE71A, 0x426A, 0xACD3, 0xABEF, 0x9C0F, 0x9C0F, 0x9C0F, 0xD678, 0xBD75, 0xBD54, 0xB533, 0x83AD, 0x8B8D, 0x8B8D, 0x836D, 0x936D,
  0xAC71, 0x9C71, 0x836D, 0x9C50, 0x9C91, 0x836D, 0x8B6D, 0x8B6D, 0x8B6D, 0xA450, 0xC5F6, 0x93CE, 0x93EE, 0x8BEE, 0x83AE, 0x8BCE,
  0xB40F, 0x738E, 0x7249, 0xC574, 0xE71A, 0x426A, 0x7986, 0xE289, 0xC965, 0xD185, 0x90E3, 0x936D, 0xA9E7, 0xD8C3, 0xD0A3, 0xC082,
  0xC882, 0xC882, 0xB8A3, 0xD082, 0xC2CA, 0xC28A, 0xC8C4, 0xC924, 0xC904, 0xC904, 0xC904, 0xC8E3, 0xD8C3, 0xAA29, 0xC2CA, 0xC862,
  0xC0C3, 0xB0E3, 0xB0E3, 0xD1E7, 0x80C3, 0x1882, 0x6145, 0xE6FA, 0xE71A, 0x3A6A, 0x81E8, 0xF2CB, 0xE0A3, 0xE0E4, 0x7146, 0xBA08,
  0x89A6, 0xE925, 0xE925, 0xF125, 0xF166, 0xE0E4, 0xF125, 0xF925, 0xCBAE, 0xEB4D, 0xF925, 0xE945, 0xE925, 0xE945, 0xE145, 0xE925,
  0xE166, 0xB32C, 0xF9E7, 0xE145, 0xD8C4, 0xD0E4, 0xE905, 0xC905, 0x2062, 0x40C3, 0x628A, 0xEF5B, 0xE71A, 0x42AB, 0x79C7, 0xE1C7,
  0xD062, 0xC8C4, 0xA145, 0xF8E4, 0x90A3, 0xA104, 0xF925, 0xE8C3, 0xE8A3, 0xE8C4, 0xD925, 0xC2EB, 0xBCD2, 0xBBCE, 0xD2AA, 0xE145,
  0xF0E4, 0xE0C4, 0xE083, 0xF0C3, 0xBAEB, 0xCA28, 0xF0C3, 0xE124, 0xD965, 0xC104, 0xC8C4, 0x6083, 0x3104, 0xA3CF, 0xF77C, 0xEF5B,
  0xEF1A, 0x4ACB, 0x71C7, 0xE9C7, 0xD082, 0xB0A3, 0xD165, 0xF145, 0xD905, 0x9A28, 0xD1A6, 0xD227, 0xD2AA, 0xBB0B, 0xBBAD, 0xE248,
  0xCA69, 0xC145, 0xD289, 0xC42F, 0xC32C, 0xC228, 0xC1A6, 0xD3AE, 0xB38D, 0xD8A3, 0xD0E4, 0xD0C3, 0xE0C3, 0xE146, 0xB924, 0x3965,
  0x61C7, 0xDE78, 0xF75B, 0xEF5B, 0xEF1A, 0x52CC, 0x7186, 0xE145, 0xD062, 0xC125, 0xD904, 0xE8E4, 0xF0C4, 0xAACA, 0xABEE, 0xCB0B,
  0xCA89, 0xD1A6, 0xE945, 0xF905, 0xCA49, 0xD185, 0xF8E4, 0xE0E4, 0xD1E8, 0xBA08, 0xB1E7, 0xC533, 0xCC30, 0xF0C4, 0xD8E4, 0xD8E4,
  0xD083, 0xE904, 0x78C3, 0x2925, 0x938D, 0xEF5B, 0xEF5B, 0xF77C, 0xE71A, 0x52EC, 0x7186, 0xD945, 0xC8A2, 0xB945, 0xE8E4, 0xD8C4,
  0xE104, 0xA289, 0xAA49, 0xE0A3, 0xE0A3, 0xE905, 0xE0E4, 0xE945, 0xB289, 0xC165, 0xE8E4, 0xE105, 0xF105, 0xE8A3, 0xD0A3, 0xB28A,
  0xAB0B, 0xBA28, 0xF0C4, 0xE083, 0xD0A3, 0xC104, 0x5228, 0x4124, 0xD617, 0xF77C, 0xEF5B, 0xF77C, 0xE71A, 0x5AEC, 0x79E7, 0xD904,
  0xB145, 0xC145, 0xD8A3, 0xD083, 0xC145, 0xBA69, 0xA985, 0xB1C7, 0xE0E4, 0xD0C3, 0xD904, 0xF0E4, 0xB269, 0xC185, 0xF104, 0xD904,
  0xD8C4, 0xE0A4, 0xB249, 0xC249, 0xE104, 0xA30B, 0x8986, 0xA125, 0xD1A6, 0x79E7, 0x4208, 0x8B4C, 0xEF5B, 0xEF5B, 0xF77C, 0xF77C,
  0xE6FA, 0x6B4D, 0x928A, 0xA8E4, 0x89E7, 0xD0E4, 0xD945, 0xE062, 0xB249, 0xC986, 0xD904, 0xA269, 0xE904, 0xD0E4, 0xD0C3, 0xE082,
  0xBA28, 0xC9A6, 0xD883, 0xD8A3, 0xD862, 0xD0A4, 0x9A49, 0xD0E4, 0xE0A4, 0xC905, 0x9904, 0xB904, 0x89A6, 0x3A08, 0x48E4, 0xD637,
  0xF77C, 0xEF5B, 0xF77C, 0xF77C, 0xE71A, 0x834D, 0x8BCF, 0x9269, 0xE925, 0xD8A3, 0xD0C4, 0xB924, 0xBACB, 0xE905, 0xE945, 0x9165,
  0xB0A3, 0xE904, 0xD104, 0xF166, 0xBA49, 0xC1A6, 0xE986, 0xE0E4, 0xF0E4, 0xBA28, 0xD208, 0xF904, 0xE185, 0xE0E4, 0xA144, 0xE8C2,
  0x6904, 0x4145, 0x61C7, 0xE71A, 0xF75B, 0xF77C, 0xF77C, 0xF77C, 0xE71A, 0x934D, 0xAC30, 0xB208, 0xB28A, 0xC904, 0xE0C4, 0xA2CA,
  0xD966, 0xE8C3, 0xE104, 0xAA27, 0x9B8D, 0xAA69, 0xB2CA, 0xB249, 0xC491, 0xAB0C, 0xB2AA, 0xB2CA, 0xA207, 0xB470, 0x8882, 0x90E3,
  0xAA28, 0xC289, 0xB32B, 0xC5B5, 0x6AEB, 0x5925, 0xCE17, 0xF77C, 0xEF5B, 0xF77C, 0xF77C, 0xF77C, 0xE71A, 0x9B4D, 0xC4F2, 0xC082,
  0xC166, 0xC3AD, 0xB40F, 0xC2A9, 0xF8C3, 0xD083, 0xD0A3, 0x58E3, 0xE71A, 0xEF5B, 0xF77C, 0xF77C, 0xCE57, 0x630C, 0x528A, 0x738E,
  0x9491, 0xBDB5, 0x5ACB, 0x4A69, 0xA533, 0xF77C, 0xF77C, 0xF77C, 0x69A7, 0x61E7, 0xEF5B, 0xEF5B, 0xF77C, 0xF77C, 0xF77C, 0xF77C,
  0xE71A, 0xA36D, 0xCCD2, 0xC0C3, 0xD862, 0xB904, 0xB430, 0xB2A9, 0xB2AA, 0xD0E4, 0xD8A3, 0x48A2, 0x7B4C, 0xB554, 0xC5B5, 0xBD74,
  0xA491, 0x20C3, 0x28E4, 0x30C3, 0x3945, 0x3145, 0x3945, 0x51E7, 0x49E7, 0x49C7, 0x49E7, 0x3145, 0x40C4, 0xAC91, 0xF77C, 0xEF5B,
  0xF77C, 0xF77C, 0xF77C, 0xF77C, 0xE71A, 0xAB6D, 0xC4D2, 0xC8C3, 0xC882, 0xB882, 0x91A6, 0xE0C3, 0xC208, 0xAAEB, 0xB1C7, 0x5986,
  0x6248, 0xD637, 0xF77C, 0xF77C, 0xF77C, 0xBDB6, 0x8450, 0x8C71, 0x3A08, 0x08A3, 0x10A3, 0x10A3, 0x31A7, 0x6B8E, 0x634D, 0x636D,
  0x7B6D, 0xDEB9, 0xEF5B, 0xEF5B, 0xF77C, 0xF77C, 0xF77C, 0xF77C, 0xE71A, 0xAB6D, 0xC4D2, 0xD0C4, 0xC882, 0xB061, 0x89C7, 0xD0C4,
  0xE083, 0xE0A4, 0x99A7, 0x732C, 0x6186, 0xCE37, 0xEF5B, 0xEF5B, 0xEF5B, 0xF77C, 0xF77C, 0xF77C, 0xE71A, 0xB595, 0xB595, 0xC617,
  0xEF3B, 0xF77C, 0xF77C, 0xF77C, 0xF77C, 0xF77C, 0xF77C, 0xF77C, 0xF77C, 0xF77C, 0xF77C, 0xF77C, 0xE71A, 0xAB6D, 0xCCF2, 0xC0A3,
  0xB861, 0xC021, 0xB269, 0xC882, 0xB862, 0xE082, 0xB021, 0x69E7, 0x6904, 0xCE78, 0xF77C, 0xEF5B, 0xF77C, 0xEF5B, 0xEF5B, 0xEF5B,
  0xF77C, 0xF77C, 0xF77C, 0xF77C, 0xF77C, 0xEF5B, 0xEF5B, 0xEF5B, 0xEF5B, 0xF77C, 0xF77C, 0xF77C, 0xF77C, 0xF77C, 0xF77C, 0xF77C,
  0xE71A, 0xB38D, 0xCD13, 0xC0C3, 0xC082, 0xB841, 0x9145, 0xD041, 0xD062, 0xD082, 0xB883, 0x7A69, 0x8186, 0xDED9, 0xF77C, 0xEF5B,
  0xF77C, 0xF77C, 0xF77C, 0xF77C, 0xEF5B, 0xEF5B, 0xEF5B, 0xEF5B, 0xEF5B, 0xF77C, 0xF77C, 0xF77C, 0xF77C, 0xF77C, 0xF77C, 0xF77C,
  0xF77C, 0xF77C, 0xF77C, 0xF77C, 0xE71A, 0xBBCE, 0xABCE, 0xB862, 0xB821, 0xA882, 0x8904, 0xD062, 0xB862, 0xE062, 0x9904, 0x9BAE,
  0x9A29, 0xF77C, 0xF77C, 0xF77C, 0xF77C, 0xF77C, 0xF77C, 0xF77C, 0xF77C, 0xF77C, 0xF77C, 0xF77C, 0xF77C, 0xF77C, 0xF77C, 0xF77C,
  0xF77C, 0xF77C, 0xF77C, 0xF77C, 0xF77C, 0xF77C, 0xF77C, 0xF77C, 0xE6FA, 0xC3EF, 0x9B0B, 0xD021, 0xD821, 0x90A2, 0x90A3, 0xC842,
  0xC862, 0xB862, 0x68A2, 0x8A89, 0xA249, 0xEF3B, 0xF77C, 0xF77C, 0xF77C, 0xF77C, 0xF77C, 0xF77C, 0xF77C, 0xF77C, 0xF77C, 0xF77C,
  0xF77C, 0xF77C, 0xF77C, 0xF77C, 0xF77C, 0xF77C, 0xF77C, 0xF77C, 0xF77C, 0xF77C, 0xF77C, 0xF77C, 0xE71A, 0xC3EE, 0xAC50, 0xB1E7,
  0xB2CA, 0x7104, 0xB842, 0xC022, 0xD083, 0x98C3, 0x7082, 0x8249, 0xAA4A, 0xDEDA, 0xF77C, 0xEF5B, 0xF77C, 0xF77C, 0xF77C, 0xF77C,
  0xF77C, 0xF77C, 0xF77C, 0xF77C, 0xF77C, 0xF77C, 0xF77C, 0xF77C, 0xF77C, 0xF77C, 0xF77C, 0xF77C, 0xF77C, 0xF77C, 0xF77C, 0xF77C,
  0xE71A, 0xBBCE, 0xCCD2, 0xC1C7, 0xC3AE, 0x9B4D, 0xB28A, 0xC36D, 0x9A8A, 0xB30B, 0x9801, 0x8A89, 0xAA29, 0xD678, 0xF77C, 0xEF5B,
  0xF77C, 0xF77C, 0xF77C, 0xF77C, 0xF77C, 0xF77C, 0xF77C, 0xF77C, 0xF77C, 0xF77C, 0xF77C, 0xF77C, 0xF77C, 0xF77C, 0xF77C, 0xF77C,
  0xF77C, 0xF77C, 0xF77C, 0xF77C, 0xE71A, 0xBB8D, 0xDD13, 0xC8C3, 0xD042, 0xA228, 0xA1C7, 0xD9C7, 0xB9E7, 0x9A89, 0x9925, 0x930B,
  0xAA6A, 0xCE78, 0xF77C, 0xEF5B, 0xF77C, 0xF77C, 0xF77C, 0xF77C, 0xF77C, 0xF77C, 0xF77C, 0xF77C, 0xF77C, 0xF77C, 0xF77C, 0xF77C,
  0xF77C, 0xF77C, 0xF77C, 0xF77C, 0xF77C, 0xF77C, 0xF77C, 0xF77C, 0xE71A, 0xB38D, 0xD4F2, 0xC104, 0xC8A3, 0xB0A3, 0xA166, 0xE863,
  0xF042, 0xB883, 0x7208, 0xBCD1, 0xB2CB, 0xD678, 0xF77C, 0xEF5B, 0xF77C, 0xF77C, 0xF77C, 0xF77C, 0xF77C, 0xF77C, 0xF77C, 0xF77C,
  0xF77C, 0xF77C, 0xF77C, 0xF77C, 0xF77C, 0xF77C, 0xF77C, 0xF77C, 0xF77C, 0xF77C, 0xF77C, 0xF77C, 0xE71A, 0xB36D, 0xC4F2, 0xB862,
  0xD062, 0xB821, 0x8904, 0xD883, 0xC842, 0xD061, 0x8800, 0x9B0B, 0xAB0C, 0xCE58, 0xF77C, 0xEF5B, 0xF77C, 0xF77C, 0xF77C, 0xF77C,
  0xF77C, 0xF77C, 0xF77C, 0xF77C, 0xF77C, 0xF77C, 0xF77C, 0xF77C, 0xF77C, 0xF77C, 0xF77C, 0xF77C, 0xF77C, 0xF77C, 0xF77C, 0xF77C,
  0xE71A, 0xAB2B, 0xCCF2, 0xC083, 0xC862, 0xD841, 0x7861, 0xC062, 0xC042, 0xC0A3, 0x8841, 0x8B0B, 0xB34D, 0xD678, 0xF77C, 0xF77C,
  0xF77C, 0xF77C, 0xF77C, 0xF77C, 0xF77C, 0xF77C, 0xF77C, 0xEF5B, 0xF77C, 0xF77C, 0xF77C, 0xF77C, 0xF77C, 0xF77C, 0xF77C, 0xF77C,
  0xF77C, 0xF77C, 0xF77C, 0xF77C, 0xE71A, 0xB32C, 0xC491, 0xB883, 0xD862, 0xB841, 0x7924, 0xC882, 0xC041, 0xB841, 0xA883, 0xBC50,
  0xB34C, 0xD699, 0xF77C, 0xF77C, 0xF77C, 0xF77C, 0xF77C, 0xF77C, 0xF77C, 0xF77C, 0xF77C, 0xF77C, 0xF77C, 0xF77C, 0xF77C, 0xF77C,
  0xF77C, 0xF77C, 0xF77C, 0xF77C, 0xF77C, 0xF77C, 0xF77C, 0xF77C, 0xE6FA, 0xB36D, 0xA34C, 0xB842, 0xC062, 0xB842, 0xA1E7, 0xC841,
  0xD082, 0xB8A3, 0x70C3, 0x7B0B, 0xEE18, 0xCEBA, 0xDEDB, 0xD6BA, 0xD6BA, 0xD6BA, 0xCE9A, 0xB5D7, 0xA556, 0xA556, 0xA535, 0x94D3,
  0xF77C, 0xEF5B, 0xF77C, 0xF77C, 0xF77C, 0xF77C, 0xF77C, 0xF77C, 0xF77C, 0xF77C, 0xF77C, 0xF77C, 0xE6FA, 0xB34C, 0xA34C, 0xB821,
  0xC021, 0xC021, 0x78C3, 0xB166, 0xAA89, 0xB269, 0xA0A3, 0x6145, 0x9CB2, 0xAD14, 0xA4F3, 0xA513, 0xB575, 0x9CB2, 0x7BCF, 0xADB6,
  0xCEBA, 0xB617, 0xAD96, 0x7C31, 0x94D3, 0xF77C, 0xEF5B, 0xF77C, 0xF77C, 0xF77C, 0xF77C, 0xF77C, 0xF77C, 0xF77C, 0xF77C, 0xF77C,
  0xE6FA, 0xB32C, 0x9B0B, 0xC841, 0xC8C3, 0xA1A6, 0xB491, 0xB3CE, 0xD104, 0xC042, 0xC842, 0xB000, 0x50C3, 0x6861, 0x7841, 0x7820,
  0x82CA, 0x7A69, 0x7000, 0x78E3, 0x7903, 0x80E3, 0x6985, 0x9CD2, 0x8CB4, 0xBDD6, 0xF77C, 0xEF5B, 0xF77C, 0xF77C, 0xF77C, 0xF77C,
  0xF77C, 0xF77C, 0xF77C, 0xF77C, 0xE6FA, 0xA30B, 0xB42F, 0xA145, 0x9A08, 0xB966, 0xB8A3, 0x99A7, 0xA8E4, 0xC801, 0xB042, 0xB862,
  0x9104, 0xD062, 0xC882, 0xD062, 0xC2CB, 0xC269, 0xC022, 0xC863, 0xC883, 0xD063, 0xA1A7, 0x6AAA, 0x8C10, 0xBE3A, 0xD6B9, 0xF77C,
  0xEF5B, 0xF77C, 0xF77C, 0xF77C, 0xF77C, 0xF77C, 0xF77C, 0xF77C, 0xEF3B, 0xBB2C, 0xC40F, 0x8965, 0xD883, 0xC842, 0xC842, 0xD042,
  0xAA89, 0xBA07, 0xD801, 0xA966, 0xA945, 0xD001, 0xC042, 0xB8C4, 0xB491, 0xCBCF, 0xB904, 0xC041, 0xC862, 0xC883, 0x9208, 0x80C3,
  0x68E3, 0xADB6, 0xCE9B, 0xD678, 0xF77C, 0xEF5B, 0xF77C, 0xF77C, 0xF77C, 0xF77C, 0xF77C, 0xF77C, 0xF77C, 0x93CE, 0xC1E8, 0x8A68,
  0x8001, 0xD862, 0xC082, 0xC821, 0xD062, 0x9A89, 0xB8A3, 0x98E4, 0xB8A3, 0xB904, 0x9A08, 0x8A28, 0x82CA, 0x9B6D, 0x8A6A, 0x9125,
  0xB861, 0xD021, 0x8904, 0xA0E4, 0xC861, 0x6082, 0xA534, 0xCEBB, 0xE6FA, 0xF77C, 0xF77C, 0xF77C, 0xF77C, 0xF77C, 0xF77C, 0xF77C,
  0xEF5B, 0xD698, 0x5A08, 0xBA28, 0x79C6, 0x8000, 0xD862, 0xB021, 0xB821, 0xC8C3, 0xAB2C, 0xA38D, 0xBB6D, 0x9AAA, 0x9A48, 0xC8E4,
  0xA9C7, 0xB0E3, 0xB861, 0x8146, 0x7986, 0xB2CB, 0xB450, 0xB8E3, 0xC021, 0xC061, 0x6185, 0xCEDB, 0xCE59, 0xF77C, 0xEF5C, 0xEF5B,
  0xF77C, 0xF77C, 0xF77C, 0xF77C, 0xEF5B, 0xF77C, 0xB5B5, 0x3082, 0xCA49, 0x71E6, 0x8882, 0xD062, 0xB862, 0xC821, 0xB3CE, 0xBC71,
  0xD0A3, 0xC821, 0xB842, 0xB062, 0xA34C, 0x99C7, 0xA062, 0x8862, 0xB842, 0xB9A7, 0x9BEF, 0xA986, 0xB821, 0xC0A2, 0xB041, 0x832C,
  0xDF3D, 0xBDD6, 0xF77C, 0xF77C, 0xF77C, 0xF77C, 0xF77C, 0xF77C, 0xF77C, 0xEF5B, 0xF77C, 0x9CF2, 0x3883, 0xCA69, 0x7AA9, 0x9021,
  0xC021, 0xA821, 0x89C7, 0x9208, 0x9882, 0xC862, 0xC883, 0xE083, 0xAA08, 0xA925, 0xD062, 0xB842, 0xB042, 0xAB0C, 0xC0E4, 0x91C7,
  0xA821, 0xA841, 0xC062, 0x88A2, 0xBDD6, 0xE75E, 0xCE38, 0xF77C, 0xEF5B, 0xF77C, 0xF77C, 0xF77C, 0xF77C, 0xF77C, 0xEF5B, 0xF77C,
  0x9CD2, 0x3862, 0xC249, 0x61C6, 0x9000, 0x98A3, 0x80E4, 0xB842, 0x7882, 0xB862, 0xA861, 0xC082, 0x99E8, 0xA104, 0xB842, 0xD042,
  0xB1E8, 0xAA49, 0xD001, 0xA986, 0xA904, 0xC021, 0xB021, 0xA083, 0x7289, 0xA514, 0xDEFC, 0xD699, 0xF77C, 0xEF5B, 0xF77C, 0xF77C,
  0xF77C, 0xF77C, 0xF77C, 0xEF3B, 0xF77C, 0x8C50, 0x48C3, 0xCACA, 0x9B8D, 0x8A48, 0xB082, 0xD041, 0xA0A2, 0x8965, 0xB862, 0xD082,
  0xA208, 0xA8E4, 0xB841, 0xA021, 0xAB2C, 0xA862, 0xC042, 0xB8A3, 0x8904, 0xB800, 0xB841, 0x6125, 0xA945, 0x7020, 0x9C91, 0xD6DB,
  0xD699, 0xF77C, 0xEF5B, 0xF77C, 0xF77C, 0xF77C, 0xF77C, 0xF77C, 0xEF5B, 0xF77C, 0xA513, 0x92CB, 0xCB2C, 0xA42F, 0x9820, 0xC061,
  0xC062, 0x99E7, 0xB165, 0xB862, 0xB28A, 0xCA69, 0xD1A7, 0xAA08, 0xA9A6, 0xB821, 0xB821, 0xD821, 0x9945, 0xA082, 0x8882, 0x90E4,
  0xD041, 0xC021, 0x68E3, 0xBDD7, 0xAD96, 0xEF3B, 0xF77C, 0xEF5B, 0xF77C, 0xF77C, 0xF77C, 0xF77C, 0xF77C, 0xEF5B, 0xF77C, 0xE6FA,
  0x5904, 0xB2AA, 0x6A69, 0xB533, 0x838D, 0x62AA, 0x9491, 0xB574, 0xC617, 0xD678, 0xDEB9, 0xA513, 0x9821, 0xC862, 0x9882, 0x8082,
  0x8945, 0x7269, 0x88A3, 0xC041, 0xA841, 0xB062, 0xA000, 0x7228, 0x3A29, 0xC5F6, 0xF77C, 0xEF5B, 0xF77C, 0xF77C, 0xF77C, 0xF77C,
  0xF77C, 0xEF5B, 0xEF3B, 0xEF5B, 0x7BCE, 0x4904, 0x4A49, 0x73CF, 0x3A28, 0x29A7, 0x4249, 0x6B6D, 0x634C, 0x632C, 0x632D, 0x29C8,
  0x8B2C, 0xA9E7, 0x80C3, 0x90A4, 0xE063, 0x81A6, 0x90C3, 0xC021, 0xA821, 0xA021, 0x9800, 0x69E7, 0x6249, 0xD657, 0xF77C, 0xEF5B,
  0xF77C, 0xF77C, 0xF77C, 0xF77C, 0xF77C, 0xF77C, 0xF77C, 0xEF5B, 0xF77C, 0x840F, 0x31C7, 0x10C4, 0xC5F6, 0xEF5B, 0xEF3B, 0xE71A,
  0xE71A, 0xE71A, 0xE71A, 0x5ACB, 0x42AB, 0x99C7, 0xD021, 0xB062, 0xD022, 0xB1C7, 0xA9E7, 0xA800, 0xA021, 0x9821, 0xA021, 0x828A,
  0x730D, 0xD678, 0xF77C, 0xEF5B, 0xF77C, 0xF77C, 0xF77C, 0xF77C, 0xF77C, 0xF77C, 0xF77C, 0xEF5B, 0xEF5B, 0xF77C, 0xCE58, 0xB595,
  0xF77C, 0xEF5B, 0xF77C, 0xF77C, 0xF77C, 0xF77C, 0xF77C, 0xE6FA, 0x2987, 0x3965, 0xA882, 0xD021, 0x9001, 0x9924, 0xABAE, 0x9862,
  0xB841, 0xC041, 0x9882, 0x9CB2, 0x63B1, 0xD699, 0xF77C, 0xEF5B, 0xF77C, 0xF77C, 0xF77C, 0xF77C, 0xF77C, 0xF77C, 0xF77C, 0xF77C,
  0xF77C, 0xEF5B, 0xF77C, 0xF77C, 0xF77C, 0xF77C, 0xEF5B, 0xEF5B, 0xEF5B, 0xEF5B, 0xEF5B, 0xEF5B, 0x4249, 0x49E8, 0xA38D, 0x9186,
  0x7166, 0x89E7, 0xB4D2, 0x7882, 0xE842, 0xC020, 0x6ACB, 0x7C72, 0x5BB1, 0xCE99, 0xF77C, 0xEF5B, 0xF77C, 0xF77C, 0xF77C, 0xF77C,
  0xF77C, 0xF77C, 0xF77C, 0xF77C, 0xF77C, 0xF77C, 0xEF5B, 0xEF5B, 0xF77C, 0xF77C, 0xF77C, 0xF77C, 0xF77C, 0xF77C, 0xEF5B, 0xF75B,
  0xCE78, 0xA228, 0xBCB1, 0xA228, 0xB8A3, 0xB821, 0x7041, 0x9821, 0x9821, 0x81E8, 0x120E, 0x7C32, 0x5BF2, 0xCE99, 0xF77C, 0xEF5B,
  0xF77C, 0xF77C, 0xF77C, 0xF77C, 0xF77C, 0xF77C, 0xF77C, 0xF77C, 0xF77C, 0xF77C, 0xF77C, 0xF77C, 0xF77C, 0xF77C, 0xF77C, 0xF77C,
  0xF77C, 0xF77C, 0xEF5B, 0xF77C, 0xF77C, 0xAB0B, 0x9AAA, 0xB801, 0xB021, 0xA021, 0x78E4, 0xD042, 0xA986, 0x3353, 0x01AF, 0x7C11,
  0x5C33, 0xCE99, 0xF77C, 0xEF5B, 0xF77C, 0xF77C, 0xF77C, 0xF77C, 0xF77C, 0xF77C, 0xF77C, 0xF77C, 0xF77C, 0xF77C, 0xF77C, 0xF77C,
  0xF77C, 0xF77C, 0xF77C, 0xF77C, 0xF77C, 0xF77C, 0xEF5B, 0xF77C, 0xEF3B, 0xB32C, 0x9ACA, 0xA800, 0xA021, 0xA841, 0x7945, 0xC021,
  0xA105, 0x12D3, 0x01AF, 0x422B, 0x5C33, 0xCE99, 0xF77C, 0xEF5B, 0xF77C, 0xF77C, 0xF77C, 0xF77C, 0xF77C, 0xF77C, 0xF77C, 0xF77C,
  0xF77C, 0xF77C, 0xF77C, 0xF77C, 0xF77C, 0xF77C, 0xF77C, 0xF77C, 0xF77C, 0xF77C, 0xEF5B, 0xF77C, 0xEF5B, 0xBB4C, 0x9ACA, 0xA000,
  0x9821, 0xB041, 0x8021, 0xC041, 0x7842, 0x01EF, 0x016D, 0x52EE, 0x5C33, 0xCE99, 0xF77C, 0xEF5B, 0xF77C, 0xF77C, 0xEF5B, 0xF77C,
  0xF77C, 0xF77C, 0xF77C, 0xF77C, 0xF77C, 0xF77C, 0xF77C, 0xF77C, 0xF77C, 0xF77C, 0xF77C, 0xF77C, 0xF77C, 0xF77C, 0xEF5B, 0xF77C,
  0xEF5B, 0xBB6D, 0x8ACA, 0x9800, 0xB021, 0xB000, 0x9021, 0xB841, 0xC2CB, 0x2AD2, 0x01CF, 0x73F1, 0x6474, 0xCEB9, 0xF77C, 0xEF5B,
  0xF77C, 0xF77C, 0xF77C, 0xEF5B, 0xF77C, 0xF77C, 0xF77C, 0xF77C, 0xF77C, 0xF77C, 0xF77C, 0xF77C, 0xF77C, 0xF77C, 0xF77C, 0xF77C,
  0xF77C, 0xF77C, 0xEF5B, 0xF77C, 0xEF5B, 0xBBCE, 0x8AEB, 0xA041, 0xB841, 0xC021, 0x8841, 0xA861, 0xD36D, 0x2B75, 0x0210, 0x422B,
  0x6C95, 0xD6BA, 0xF77C, 0xEF5B, 0xF77C, 0xEF5B, 0xEF5B, 0xF77C, 0xEF5B, 0xF77C, 0xF77C, 0xF77C, 0xF77C, 0xF77C, 0xF77C, 0xF77C,
  0xF77C, 0xF77C, 0xF77C, 0xF77C, 0xF77C, 0xF77C, 0xEF5B, 0xF77C, 0xEF5B, 0xBBEE, 0x9AEB, 0xB000, 0xC000, 0xC000, 0xA8C3, 0x9904,
  0xBAEB, 0x2B34, 0x01B0, 0x426D, 0x6C74, 0xD6B9, 0xF77C, 0xEF5B, 0xF77C, 0xBDF7, 0x8C93, 0xBDD6, 0xF77C, 0xEF5B, 0xEF5B, 0xF77C,
  0xF77C, 0xF77C, 0xF77C, 0xF77C, 0xF77C, 0xF77C, 0xF77C, 0xF77C, 0xF77C, 0xF77C, 0xEF5B, 0xF77C, 0xEF5B, 0xC3EF, 0x9B4C, 0x88E3,
  0x91C6, 0x89A6, 0x9986, 0x9A28, 0x928A, 0x0AD4, 0x01CF, 0x4AAD, 0x6453, 0xD6B9, 0xF77C, 0xEF5B, 0xEF3B, 0x4A8A, 0x6BAF, 0x530D,
  0xA514, 0xF77C, 0xF77C, 0xEF5B, 0xF77C, 0xF77C, 0xF77C, 0xF77C, 0xF77C, 0xF77C, 0xF77C, 0xF77C, 0xF77C, 0xF77C, 0xEF5B, 0xF77C,
  0xEF5B, 0xBBCE, 0xB471, 0x9A28, 0x9082, 0x9862, 0x8945, 0x9B8D, 0x9C31, 0x0232, 0x01D0, 0x4AAD, 0x6433, 0xCE99, 0xF77C, 0xEF5B,
  0xE71A, 0x31C8, 0x7BCE, 0x6208, 0x634E, 0x8451, 0xE6FA, 0xF77C, 0xEF5B, 0xF77C, 0xF77C, 0xF77C, 0xF77C, 0xF77C, 0xF77C, 0xF77C,
  0xF77C, 0xF77C, 0xEF5B, 0xF77C, 0xEF5B, 0xBBCE, 0x92EB, 0xB000, 0x8882, 0x9248, 0x8041, 0x9820, 0x81E9, 0x0AD6, 0x01B0, 0x4A8C,
  0x6432, 0xCE99, 0xF77C, 0xEF5B, 0xE71A, 0x3A2A, 0x532E, 0x58E5, 0x9965, 0x52CC, 0x634E, 0xC617, 0xF77C, 0xEF5B, 0xEF5B, 0xF77C,
  0xF77C, 0xF77C, 0xF77C, 0xF77C, 0xF77C, 0xF77C, 0xEF5B, 0xF77C, 0xEF5B, 0xBBAE, 0x92EB, 0xA145, 0x89A6, 0x9882, 0x9821, 0xA000,
  0x8A4B, 0x0A12, 0x016E, 0x4AAD, 0x63F1, 0xCE99, 0xF77C, 0xEF5B, 0xE71A, 0x3A4A, 0x4B2F, 0x21AC, 0xC0C2, 0x99E7, 0x73EF, 0x5B2D,
  0x9CF3, 0xF77C, 0xF77C, 0xEF5B, 0xF77C, 0xF77C, 0xF77C, 0xF77C, 0xF77C, 0xF77C, 0xEF5B, 0xF77C, 0xEF5B, 0xB36C, 0xAC71, 0xA228,
  0xB861, 0xA800, 0xA021, 0xB000, 0x822A, 0x0A73, 0x016D, 0x636F, 0x63F1, 0xCE99, 0xF77C, 0xEF5B, 0xE71A, 0x3A29, 0x5B91, 0x0B35,
  0x98C3, 0xC164, 0x5925, 0x6A8A, 0x428B, 0x73CF, 0xE6FA, 0xF77C, 0xEF5B, 0xF77C, 0xF77C, 0xF77C, 0xF77C, 0xF77C, 0xEF5B, 0xF77C,
  0xEF3B, 0xBB8D, 0x9B0B, 0x9800, 0xA020, 0x9800, 0x9821, 0xA000, 0x824B, 0x0A10, 0x012B, 0x6B8F, 0x63D1, 0xCE79, 0xF77C, 0xEF5B,
  0xE71A, 0x426B, 0x21EB, 0x0378, 0x69A9, 0xB902, 0x6863, 0xB041, 0x5104, 0x426A, 0x5B2D, 0xC617, 0xF77C, 0xEF5B, 0xF77C, 0xF77C,
  0xF77C, 0xF77C, 0xEF5B, 0xF77C, 0xF77C, 0xC3CD, 0x92EB, 0x9020, 0x8821, 0x9800, 0x9021, 0x9000, 0x7A4A, 0x0A31, 0x014C, 0x3A4B,
  0x6390, 0xCE78, 0xF77C, 0xEF5B, 0xE6FA, 0x4AAB, 0x324D, 0x0379, 0x3A4F, 0xA943, 0x70C3, 0xA841, 0xA821, 0x7165, 0x634D, 0x5B4E,
  0xAD55, 0xF77C, 0xEF5B, 0xEF5B, 0xF77C, 0xF77C, 0xEF5B, 0xF77C, 0xDEB9, 0x83AE, 0x938D, 0x8800, 0x8000, 0x8800, 0x9021, 0xA000,
  0x828C, 0x09F0, 0x014D, 0x6BB0, 0x5B6F, 0xCE58, 0xF77C, 0xEF5B, 0xE71A, 0x42AC, 0x6BD1, 0x0A10, 0x0A93, 0x81A6, 0x90A3, 0xA801,
  0x88E4, 0x68A3, 0x7165, 0x7B6D, 0x52EC, 0xA534, 0xF77C, 0xEF5B, 0xF77C, 0xF77C, 0xEF5C, 0xEF5B, 0x73AE, 0xAD75, 0xAAEB, 0x81A6,
  0x91C7, 0xB000, 0x9800, 0x9800, 0x61A8, 0x0A32, 0x016E, 0x8494, 0x5B2E, 0xCE58, 0xF77C, 0xEF5B, 0xE71A, 0x428B, 0x5350, 0x1AF3,
  0x2AF2, 0x3168, 0x9000, 0xA821, 0x48C3, 0x78E3, 0xA862, 0x9082, 0x49A6, 0x4A6A, 0xF77C, 0xF77C, 0xF77C, 0xF77C, 0xF77C, 0x9CD2,
  0x8472, 0xB4F2, 0x9801, 0x7082, 0x728A, 0xA30B, 0x88C2, 0x9800, 0x4906, 0x018E, 0x014C, 0x8452, 0x52ED, 0xC637, 0xF77C, 0xEF5B,
  0xE71A, 0x426B, 0x84D5, 0x0A73, 0x1250, 0x328E, 0x98A2, 0x7104, 0x8249, 0x78C4, 0xA30B, 0x7124, 0x5124, 0x630C, 0x8492, 0xA555,
  0x9CF4, 0xA555, 0xA555, 0x6BAF, 0x834D, 0x70C3, 0x4862, 0x7021, 0x7083, 0x8125, 0xAB4C, 0x9985, 0x59EA, 0x018D, 0x012B, 0x8452,
  0x4ACC, 0xC637, 0xF77C, 0xEF5B, 0xE71A, 0x426A, 0x9537, 0x0A93, 0x016D, 0x0A31, 0x94B3, 0xA945, 0xD041, 0xA020, 0x9925, 0x8904,
  0x6082, 0x940F, 0x8BAF, 0x8C10, 0xC638, 0x9CD3, 0x7BAE, 0x6B0B, 0x7861, 0x80E4, 0x7062, 0x9062, 0x8800, 0xB021, 0xA000, 0xBD34,
  0x3B94, 0x01AE, 0x01D0, 0x94B3, 0x4AAC, 0xC637, 0xF77C, 0xEF5B, 0xE71A, 0x426A, 0x7C95, 0x0A72, 0x014D, 0x01D0, 0x1AF5, 0x4A8E,
  0x9882, 0xC800, 0xA021, 0x8801, 0x78E4, 0x7A08, 0x6820, 0x9041, 0xA36D, 0x78E3, 0x6841, 0x59A6, 0x7165, 0x70A3, 0xA001, 0x9000,
  0xB821, 0xA800, 0x8AAB, 0x3395, 0x016D, 0x010A, 0x014D, 0xA556, 0x424A, 0xC617, 0xF77C, 0xEF5B, 0xE71A, 0x426A, 0x63D2, 0x0231,
  0x018E, 0x018E, 0x01B0, 0x0273, 0x3394, 0xB2CA, 0xB000, 0x8821, 0x8ACA, 0x8186, 0x8021, 0x8041, 0x5082, 0x6821, 0x9062, 0x6104,
  0x6165, 0x9800, 0xA801, 0xA801, 0xD042, 0x89A6, 0x3BB4, 0x01CF, 0x016C, 0x018E, 0x010B, 0x8473, 0x4A8B, 0xC5F6, 0xF77C, 0xEF5B,
  0xE6FA, 0x4A8B, 0x5371, 0x0231, 0x018E, 0x016D, 0x018E, 0x018E, 0x1252, 0x4436, 0xB32C, 0xB000, 0x7986, 0x7062, 0x9801, 0x9800,
  0x9249, 0x8882, 0x9000, 0x9041, 0x8249, 0x9020, 0x9000, 0xA882, 0x9103, 0x4371, 0x01CF, 0x016D, 0x012B, 0x016D, 0x00EA, 0x4ACD,
  0x424A, 0xBDF6, 0xF77C, 0xEF5B, 0xE6FA, 0x426A, 0x4B50, 0x01D0, 0x016D, 0x018D, 0x018D, 0x016D, 0x012C, 0x09D0, 0x3C16, 0xA2CB,
  0x6800, 0xA820, 0x8800, 0x9800, 0x9021, 0x8000, 0x9000, 0x9800, 0xA2CA, 0x8904, 0xA041, 0xA0C2, 0x6412, 0x01CF, 0x012B, 0x016D,
  0x016D, 0x014C, 0x21AB, 0x634D, 0x4A6A, 0xE6FA, 0xEF5B, 0xEF5B, 0xEF3B, 0x634E, 0x73D0, 0x196B, 0x016E, 0x012C, 0x014C, 0x018E,
  0x016D, 0x014C, 0x01F1, 0x33B6, 0xA3AE, 0xB124, 0xA820, 0xA800, 0x8945, 0x88A2, 0x8021, 0x7821, 0x80C3, 0x79A6, 0xB000, 0x7B8F,
  0x0A51, 0x010B, 0x014C, 0x016D, 0x014C, 0x08E9, 0x6B6E, 0x2987, 0xCE37, 0xF77C, 0xEF5B, 0xF77C, 0xF77C, 0x9CD3, 0x73F1, 0x73D0,
  0x092B, 0x01AF, 0x018E, 0x018E, 0x018E, 0x01AF, 0x018E, 0x01AF, 0x2334, 0x4BF5, 0x7B6F, 0xA985, 0x8124, 0x8882, 0x9000, 0x9021,
  0x9800, 0x9A28, 0x7A29, 0x2376, 0x01AF, 0x018E, 0x014D, 0x018E, 0x012C, 0x428C, 0x424A, 0x8C92, 0xF77C, 0xEF5B, 0xF77C, 0xF77C,
  0xF77C, 0xAD54, 0x1946, 0x8C93, 0x5B4F, 0x012C, 0x018E, 0x016D, 0x018D, 0x016E, 0x016E, 0x010A, 0x014C, 0x018E, 0x0231, 0x3BB4,
  0x93AF, 0x722A, 0x822A, 0xAB0C, 0xB924, 0xBB6D, 0x4BB3, 0x01AF, 0x014C, 0x014D, 0x012C, 0x014D, 0x114A, 0x52CB, 0x5AEC, 0xF77C,
  0xEF5B, 0xF77C, 0xF77C, 0xF77C, 0xEF5B, 0xEF3B, 0x4A8A, 0x31EA, 0x8C93, 0x2A0C, 0x018F, 0x014C, 0x014C, 0x018D, 0x016D, 0x016D,
  0x016D, 0x012B, 0x00EA, 0x014C, 0x1A70, 0x1230, 0x0AD6, 0x2B96, 0x4BB3, 0x6C12, 0x220D, 0x014C, 0x012B, 0x012B, 0x012C, 0x08C9,
  0x5B0D, 0x4AAB, 0xE6FA, 0xEF5B, 0xEF5B, 0xF77C, 0xF77C, 0xF77C, 0xEF5B, 0xEF5B, 0xE6FA, 0x31C8, 0x4ACD, 0x8C92, 0x1929, 0x018E,
  0x014C, 0x016D, 0x014C, 0x014B, 0x016D, 0x014D, 0x014C, 0x014C, 0x012C, 0x012B, 0x010B, 0x012C, 0x01B0, 0x016E, 0x21AA, 0x016D,
  0x016C, 0x016C, 0x00EA, 0x4AAD, 0x5AEC, 0x8451, 0xF77C, 0xEF5B, 0xF77C, 0xF77C, 0xF77C, 0xF77C, 0xF77C, 0xEF5B, 0xF77C, 0xCE58,
  0x1106, 0x5B4F, 0x94B3, 0x10EA, 0x018E, 0x014C, 0x010A, 0x014C, 0x014C, 0x012C, 0x018E, 0x016D, 0x012C, 0x012B, 0x014C, 0x014C,
  0x012C, 0x014C, 0x2A0C, 0x096C, 0x012B, 0x014C, 0x196A, 0x73AF, 0x1926, 0x94B2, 0xEF5B, 0xEF5B, 0xF77C, 0xF77C, 0xF77C, 0xF77C,
  0xF77C, 0xF77C, 0xEF5B, 0xF77C, 0xAD54, 0x08C5, 0x7411, 0x73F1, 0x092C, 0x014C, 0x00EA, 0x010A, 0x014C, 0x016E, 0x016E, 0x016D,
  0x014D, 0x014D, 0x012C, 0x012B, 0x010A, 0x012C, 0x21EC, 0x198B, 0x016D, 0x08E9, 0x73AF, 0x3A2A, 0x2166, 0xEF3B, 0xEF5B, 0xEF5B,
  0xF77C, 0xF77C, 0xF77C, 0xF77C, 0xF77C, 0xF77C, 0xF77C, 0xEF3B, 0xF77C, 0x8450, 0x2188, 0x8CD4, 0x5B2E, 0x00CA, 0x012A, 0x014D,
  0x014D, 0x012C, 0x014C, 0x014D, 0x016D, 0x014D, 0x010B, 0x00EA, 0x010A, 0x010B, 0x092A, 0x21CB, 0x010B, 0x5B4F, 0x5B0D, 0x08A4,
  0xBDD6, 0xF77C, 0xEF5B, 0xF77C, 0xF77C, 0xF77C, 0xF77C, 0xF77C, 0xF77C, 0xF77C, 0xF77C, 0xEF5B, 0xEF5B, 0xF77C, 0x6B6E, 0x31EA,
  0x94D4, 0x3A0A, 0x012C, 0x014D, 0x014C, 0x016D, 0x012B, 0x012B, 0x012B, 0x012C, 0x016D, 0x014C, 0x012B, 0x010A, 0x014B, 0x218A,
  0x42AD, 0x7C31, 0x1905, 0x8450, 0xF77C, 0xEF5B, 0xF77C, 0xF77C, 0xF77C, 0xF77C, 0xF77C, 0xF77C, 0xF77C, 0xF77C, 0xF77C, 0xF77C,
  0xEF5B, 0xEF5B, 0xF77C, 0x4A6A, 0x428C, 0x94D4, 0x29CB, 0x112A, 0x19ED, 0x2A0D, 0x2A2F, 0x2A4E, 0x21AC, 0x21ED, 0x21CD, 0x08EA,
  0x00CA, 0x00EA, 0x00EA, 0x424B, 0x9D14, 0x31E9, 0x4249, 0xF77C, 0xEF5B, 0xF77C, 0xF77C, 0xF77C, 0xF77C, 0xF77C, 0xF77C, 0xF77C,
  0xF77C, 0xF77C, 0xF77C, 0xF77C, 0xF77C, 0xEF5B, 0xEF5B, 0xDEFA, 0x2167, 0x5B2E, 0x52CB, 0x4A6A, 0x5AEC, 0x73AF, 0x8431, 0x7C10,
  0x6BAF, 0x6B8F, 0x7BCF, 0x52EC, 0x29A9, 0x3188, 0x2967, 0x3A29, 0x4A8B, 0x2966, 0xDED9, 0xEF5B, 0xEF5B, 0xF77C, 0xF77C, 0xF77C,
  0xF77C, 0xF77C, 0xF77C, 0xF77C, 0xF77C, 0xF77C, 0xF77C, 0xF77C, 0xF77C, 0xF77C, 0xEF5B, 0xF77C, 0xBDB6, 0x10E5, 0x4A8A, 0x52EC,
  0x52CB, 0x4AAB, 0x6B6D, 0x4229, 0x3A09, 0x4229, 0x1926, 0x1926, 0x2146, 0x2146, 0x1926, 0x4A6A, 0x1946, 0x9CF3, 0xF77C, 0xEF5B,
  0xF77C, 0xF77C, 0xF77C, 0xF77C, 0xF77C, 0xF77C, 0xF77C, 0xF77C, 0xF77C, 0xF77C, 0xF77C, 0xF77C, 0xF77C, 0xF77C, 0xF77C, 0xEF5B,
  0xF77C, 0xBDF7, 0xF77C, 0xF77C, 0xF77C, 0xF77C, 0xC617, 0x52AB, 0x1925, 0x1105, 0x0883, 0x08A4, 0x08A4, 0x1925, 0x1905, 0x73AE,
  0x8C71, 0xEF3B, 0xEF5B, 0xF77C, 0xF77C, 0xF77C, 0xF77C, 0xF77C, 0xF77C, 0xF77C, 0xF77C, 0xF77C, 0xF77C, 0xF77C, 0xF77C, 0xF77C,
  0xF77C, 0xF77C, 0xF77C, 0xF77C, 0xEF5B, 0xF77C, 0xEF5B, 0xEF5B, 0xEF5B, 0xEF3B, 0xD6B9, 0xDEDA, 0xBDF6, 0xB5B5, 0xBDD6, 0xBDD6,
  0xCE58, 0xE71A, 0xE71A, 0xDED9, 0xF77C, 0xF77C, 0xF77C, 0xF77C, 0xF77C, 0xF77C, 0xF77C, 0xF77C, 0xF77C, 0xF77C, 0xF77C, 0xF77C,
  0xF77C, 0xF77C, 0xF77C, 0xF77C, 0xF77C, 0xF77C, 0xF77C, 0xF77C, 0xF77C, 0xEF5B, 0xF77C, 0xF77C, 0xF77C, 0xF77C, 0xF77C, 0xF77C,
  0xF77C, 0xF77C, 0xF77C, 0xF77C, 0xF77C, 0xF77C, 0xF77C, 0xF77C, 0xEF5B, 0xEF5B, 0xF77C, 0xF77C, 0xF77C, 0xF77C, 0xF77C, 0xF77C,
  0xF77C, 0xF77C, 0xF77C, 0xF77C,
};

// hero_img_6  34 x 85  (RGB565)
const uint16_t hero_img_6[] PROGMEM = {
  0xF77C, 0xF77C, 0xF77C, 0xF77C, 0xF77C, 0xF77C, 0xF77C, 0xEF5B, 0xEF5B, 0xEF5B, 0xEF5B, 0xEF5C, 0xF77C, 0xF77C, 0xF77C, 0xF77C,
  0xF77C, 0xEF5B, 0xF77C, 0xEF5B, 0xEF5B, 0xEF5B, 0xEF5B, 0xEF5B, 0xEF5B, 0xEF5B, 0xEF5B, 0xF77C, 0xF77C, 0xF77C, 0xF77C, 0xF77C,
  0xF77C, 0xF77C, 0xF77C, 0xF77C, 0xF77C, 0xF77C, 0xF77C, 0xF77C, 0xF77C, 0xF77C, 0xF77C, 0xF77C, 0xF77C, 0xF77C, 0xF77C, 0xF77C,
  0xF77C, 0xF77C, 0xF77C, 0xF77C, 0xF77C, 0xF77C, 0xF77C, 0xF77C, 0xF77C, 0xF77C, 0xF77C, 0xF77C, 0xF77C, 0xF77C, 0xF77C, 0xF77C,
  0xF77C, 0xF77C, 0xF77C, 0xF77C, 0xF77C, 0xF77C, 0xF77C, 0xF77C, 0xF77C, 0xEF5B, 0xF77C, 0xEF5B, 0xE71A, 0xE71B, 0xEF3B, 0xEF3B,
  0xEF5C, 0xEF5C, 0xEF5C, 0xEF5C, 0xE6FA, 0xCE58, 0xDEFA, 0xEF3C, 0xE71B, 0xDEDA, 0xDEDA, 0xDEB9, 0xDEDA, 0xDEDA, 0xD6B9, 0xF77C,
  0xF77C, 0xF77C, 0xF77C, 0xF77C, 0xF77C, 0xF77C, 0xF77C, 0xF77C, 0xF77C, 0xF77C, 0xF77C, 0xEF5B, 0xF77C, 0x9492, 0xD6DB, 0xEFBE,
  0xEF9D, 0xEF9D, 0xE75D, 0xE75D, 0xE75D, 0xEF5D, 0xE75D, 0xE71C, 0xE75D, 0xE75D, 0xD6FC, 0xCE9B, 0xC67A, 0xBE59, 0xADD8, 0xADD8,
  0xA535, 0xB554, 0xF77C, 0xEF5B, 0xF77C, 0xF77C, 0xF77C, 0xF77C, 0xF77C, 0xF77C, 0xF77C, 0xF77C, 0xEF5B, 0xF77C, 0xB5B6, 0x84B4,
  0xCE38, 0x934C, 0x7248, 0x6A28, 0x7289, 0x834C, 0x832C, 0x6228, 0x72CA, 0xA470, 0x7A28, 0x7289, 0xAC70, 0xB4F2, 0xC595, 0x6A28,
  0x4904, 0x4904, 0x9451, 0xD575, 0xE6DA, 0xF77C, 0xEF5B, 0xF77C, 0xF77C, 0xF77C, 0xF77C, 0xF77C, 0xF77C, 0xEF5B, 0xEF5B, 0xE6FA,
  0x9D36, 0x9C10, 0x9BAE, 0xA862, 0xE8C3, 0xD904, 0xD8C3, 0xD924, 0xC8C3, 0xD0A3, 0xB125, 0xCBAE, 0xE0A3, 0xD8C3, 0xD8A2, 0xD882,
  0xD083, 0xD0A3, 0xE0E4, 0xA208, 0x7269, 0xD5F7, 0xCDB7, 0xF77C, 0xEF5B, 0xF77C, 0xF77C, 0xF77C, 0xF77C, 0xF77C, 0xF77C, 0xEF5B,
  0xF77C, 0xB5B6, 0xA536, 0xAA07, 0x99A6, 0x9986, 0xF904, 0xE904, 0xE925, 0xE945, 0xE0E4, 0xF8C4, 0xC26A, 0xDC71, 0xF8E4, 0xE945,
  0xE925, 0xE904, 0xE904, 0xE8C4, 0xD9A7, 0xBB6D, 0xD0A3, 0x8269, 0xD618, 0xD678, 0xF77C, 0xEF5B, 0xF77C, 0xF77C, 0xF77C, 0xF77C,
  0xEF5B, 0xF77C, 0xCE58, 0xA576, 0x8A28, 0xCA68, 0xC8C3, 0x89E7, 0xE0E4, 0xE8C4, 0xE8A3, 0xF883, 0xE945, 0xC2EC, 0xAC10, 0xAC71,
  0xC2AA, 0xE986, 0xF925, 0xF0A3, 0xE8A3, 0xE8A3, 0xB2AB, 0xC186, 0xE104, 0xB8E3, 0xAC71, 0xCDB6, 0xEF3B, 0xF77C, 0xEF5B, 0xF77C,
  0xF77C, 0xEF5B, 0xEF5C, 0xEF5B, 0xADB6, 0x9431, 0xA9E6, 0xD986, 0xE862, 0xA1A6, 0xAA48, 0xD9C6, 0xD207, 0xCB2C, 0xB430, 0xC268,
  0xC165, 0xA9A6, 0xB9C6, 0xAB2C, 0xC2EB, 0xD1E8, 0xD1E7, 0xC207, 0xAA69, 0xE082, 0xC061, 0xD904, 0x9208, 0xBD55, 0xD637, 0xF77C,
  0xEF5B, 0xF77C, 0xF77C, 0xEF5B, 0xF77C, 0xBDF7, 0xA596, 0x81C7, 0xEA89, 0xD883, 0xE8E4, 0xC9A6, 0xB574, 0xAA8A, 0xA2AA, 0xB1E7,
  0xD0C3, 0xF8A3, 0xC965, 0xC207, 0xF8C3, 0xD8E4, 0xB1A6, 0xAA08, 0xC26A, 0x82EB, 0xA1A6, 0xE8C3, 0xC8A3, 0xC882, 0xB925, 0x8B4D,
  0xBDB6, 0xE6FA, 0xF77C, 0xEF5B, 0xEF5C, 0xEF5B, 0xE6FA, 0xA5D7, 0x93AE, 0xC248, 0xE904, 0xE0A3, 0xF0E4, 0xB228, 0x92CA, 0xC083,
  0xE8A3, 0xE0C4, 0xD8A3, 0xD883, 0xC966, 0xC2CB, 0xF0C4, 0xE0E3, 0xF104, 0xE8C3, 0xD863, 0x89C7, 0x8A07, 0xD083, 0xD083, 0xC882,
  0xE0E3, 0x9904, 0x9CB2, 0xB575, 0xF77C, 0xEF5B, 0xEF5B, 0xF77C, 0xAD96, 0x9CF4, 0x91C6, 0xE1C7, 0xD083, 0xD883, 0xC925, 0xAA69,
  0xC082, 0x7882, 0xF0C3, 0xD8A3, 0xD0C3, 0xD8A3, 0xC165, 0xB269, 0xF0A3, 0xE0C4, 0xD8A3, 0xE882, 0xA986, 0xB145, 0x9124, 0xB145,
  0xD062, 0xC8A3, 0xD0C3, 0xC862, 0x8289, 0xA4F4, 0xCE37, 0xF77C, 0xF77C, 0xD6B9, 0xA596, 0x7A08, 0xDA48, 0xD862, 0xD8A3, 0xD883,
  0xB2AA, 0xC9E7, 0xF8A3, 0x78A3, 0xC8C4, 0xE882, 0xD882, 0xE061, 0xB124, 0xA1C7, 0xD021, 0xC863, 0xD062, 0xD883, 0xA208, 0xE103,
  0xD0C3, 0x70C3, 0xD862, 0xD062, 0xC082, 0xD8A3, 0x9124, 0x8430, 0x73AF, 0xF77C, 0xEF5B, 0x94B3, 0x9492, 0xAA07, 0xE8E4, 0xD042,
  0xE062, 0xC104, 0x9A49, 0xE083, 0xE8A3, 0xA8C3, 0x91A6, 0xE8A3, 0xE104, 0xF124, 0xD207, 0xA1E7, 0xE924, 0xD0C3, 0xE882, 0xB145,
  0xB1A7, 0xE041, 0xE904, 0xA0C3, 0xA062, 0xE842, 0xC8A3, 0xD062, 0xA925, 0x4A69, 0x5B0C, 0xF77C, 0xE6FA, 0x3209, 0x8B6D, 0x9A89,
  0xA9A7, 0xD8C3, 0xE882, 0xA1C7, 0xB8E3, 0xE082, 0xD0A3, 0xD0A3, 0x9A28, 0x99A6, 0x99E7, 0x8062, 0x9A08, 0xABAE, 0x8862, 0x7882,
  0xB269, 0xB3EF, 0xC8A3, 0xC883, 0xD062, 0xD083, 0xA30B, 0xC8E4, 0xE0C3, 0xA1C7, 0xAA69, 0x51C7, 0x4A8A, 0xEF3B, 0xE6FA, 0x4ACC,
  0x7A49, 0xC882, 0xB9A6, 0x9104, 0x9228, 0xA9C7, 0xF083, 0xC882, 0xD0A3, 0xE083, 0x9966, 0x9CB1, 0x62CA, 0x1800, 0x2082, 0x5228,
  0x1821, 0x2041, 0x4A08, 0x936C, 0xB8E4, 0xC0A3, 0xB8A3, 0xD062, 0xC186, 0xB4D1, 0xBB6C, 0xB925, 0xC021, 0x38E4, 0x4209, 0xE6FA,
  0xEF1A, 0x5AEC, 0x5986, 0xC062, 0xE862, 0xB882, 0xAC91, 0xB2EB, 0xB966, 0xC8A3, 0xD082, 0xC062, 0x5104, 0x7104, 0x6124, 0x3082,
  0x6207, 0x6228, 0x3082, 0x30A3, 0x40C3, 0x90C3, 0x88E3, 0xE082, 0xC8C3, 0xB9A6, 0xAA48, 0xB470, 0xCA49, 0xE862, 0xB882, 0x3924,
  0x4229, 0xE6FA, 0xEF1A, 0x630D, 0x48C3, 0xB882, 0xC8C3, 0xB041, 0x91E7, 0xC8E4, 0xB2AA, 0xBB8D, 0xC8E4, 0x9A28, 0x6145, 0x80C3,
  0xEF1A, 0xBDD6, 0xF77C, 0xF77C, 0x9491, 0x7BEF, 0xAD54, 0xC1A6, 0x70E3, 0x99A6, 0xA289, 0xC2CA, 0xD8E5, 0xA1A7, 0xC904, 0xE0C4,
  0x9800, 0x6269, 0x4A29, 0xE6FA, 0xEF1A, 0x6B2D, 0x48E4, 0xC882, 0xC841, 0xB862, 0x9A49, 0xC862, 0xD862, 0xD9A6, 0xA28A, 0x93AE,
  0x8862, 0x48C3, 0xDEFA, 0xF77C, 0xEF5B, 0xEF5B, 0xF77C, 0xF77C, 0xF77C, 0x81C7, 0x9A49, 0x836D, 0x930B, 0xD125, 0xD883, 0xA229,
  0xC125, 0xD042, 0xA801, 0x5A49, 0x526A, 0xE6FA, 0xEF1A, 0x7B6E, 0x50E3, 0xC061, 0xD041, 0xC062, 0xA249, 0xC062, 0xB862, 0xD841,
  0x8041, 0x6A28, 0x6862, 0x732C, 0xEF3B, 0xEF3B, 0xEF5B, 0xF77C, 0xEF5B, 0xEF3B, 0xEF3B, 0x61C7, 0x6125, 0x70A2, 0x6924, 0x6A28,
  0xA904, 0xB1C7, 0xB8C4, 0xE0A3, 0x9821, 0x6AEB, 0x528B, 0xE6FA, 0xEF1A, 0x838E, 0x6186, 0xB062, 0xC862, 0xB041, 0xAA8A, 0xC082,
  0xC062, 0xC862, 0x8082, 0x6A69, 0x7924, 0xEF3B, 0xF77C, 0xEF5B, 0xF77C, 0xF77C, 0xF77C, 0xEF5B, 0xF77C, 0xB4F3, 0x3925, 0x30E4,
  0x5904, 0x60A2, 0x40C2, 0x6228, 0xB9A7, 0xD862, 0xA041, 0x9471, 0x526A, 0xE6FA, 0xEEFA, 0x93AE, 0x728A, 0xB021, 0xC841, 0xB0C3,
  0xBA8A, 0xD862, 0xD062, 0xD841, 0x9082, 0x6A48, 0x91C6, 0xEF3B, 0xF77C, 0xEF5B, 0xF77C, 0xF77C, 0xF77C, 0xF77C, 0xEF5B, 0xF77C,
  0xDEB9, 0x7B6D, 0x28E4, 0x38E4, 0x48E4, 0x4166, 0x9430, 0xBA8A, 0xA862, 0x9450, 0x528A, 0xE6FA, 0xEEFA, 0x9BCF, 0x8269, 0xC041,
  0xD021, 0xB165, 0xB165, 0xD841, 0xD062, 0xE062, 0x88A2, 0x7289, 0x91E7, 0xEF3B, 0xF77C, 0xEF5B, 0xF77C, 0xF77C, 0xF77C, 0xF77C,
  0xF77C, 0xEF5B, 0xF77C, 0xF77C, 0xCE37, 0x528A, 0x10C4, 0x3966, 0x9CB2, 0xDEFA, 0x93CE, 0x9451, 0x52CB, 0xE71A, 0xEEFA, 0x9BCF,
  0x82CB, 0xB841, 0xD0A2, 0xA1A7, 0xB842, 0xC862, 0xC082, 0xC882, 0xA207, 0x93AE, 0x9A28, 0xEF5B, 0xF77C, 0xEF5B, 0xF77C, 0xF77C,
  0xF77C, 0xF77C, 0xF77C, 0xF77C, 0xEF5B, 0xEF5B, 0xF77C, 0xF77C, 0xAD74, 0x31A7, 0x20C4, 0x41C7, 0x52CA, 0x6B8E, 0x630D, 0xE71A,
  0xEEFA, 0xA3AE, 0x7AEB, 0x9986, 0xCD33, 0xB40F, 0xC165, 0xC0C3, 0xC8A3, 0xD021, 0xA165, 0x9BAE, 0xAA8A, 0xEF5B, 0xF77C, 0xEF5B,
  0xF77C, 0xF77C, 0xF77C, 0xF77C, 0xF77C, 0xF77C, 0xF77C, 0xF77C, 0xEF5B, 0xEF5B, 0xF77C, 0xEF3B, 0x9471, 0x18E4, 0x2104, 0x632C,
  0x738E, 0xEF5B, 0xEEFA, 0xABAE, 0x7269, 0xC0A3, 0xC9E7, 0xA289, 0xB986, 0xAA68, 0xBBAE, 0xBACA, 0x8ACA, 0xA36D, 0xB2EB, 0xEF5B,
  0xF77C, 0xEF5B, 0xF77C, 0xF77C, 0xF77C, 0xF77C, 0xF77C, 0xF77C, 0xF77C, 0xF77C, 0xF77C, 0xF77C, 0xEF5B, 0xF77C, 0xF77C, 0xD678,
  0x528A, 0x52CB, 0xAD34, 0xF77C, 0xEEFA, 0xABEF, 0x7AAA, 0xB041, 0xD882, 0xA986, 0xC883, 0xD821, 0xC883, 0xC166, 0xB491, 0xBC0F,
  0xB32C, 0xEF7C, 0xF77C, 0xEF5B, 0xF77C, 0xF77C, 0xF77C, 0xF77C, 0xF77C, 0xF77C, 0xF77C, 0xF77C, 0xF77C, 0xF77C, 0xF77C, 0xEF5B,
  0xEF5B, 0xF77C, 0xF77C, 0xD699, 0xEF5B, 0xF77C, 0xEEFA, 0xB3EF, 0x7A8A, 0xB021, 0xD041, 0xB986, 0x9986, 0xC042, 0xC8A3, 0xD842,
  0x7082, 0x9AEB, 0xC38D, 0xEF5B, 0xF77C, 0xEF5B, 0xF77C, 0xF77C, 0xF77C, 0xF77C, 0xF77C, 0xF77C, 0xF77C, 0xF77C, 0xF77C, 0xF77C,
  0xF77C, 0xF77C, 0xF77C, 0xEF5B, 0xF77C, 0xF77C, 0xF77C, 0xF77C, 0xEEFA, 0xB3CF, 0x8289, 0xB841, 0xD061, 0xB8E3, 0xAA08, 0xC063,
  0xB8A3, 0xC821, 0x7882, 0x92CA, 0xC38D, 0xEF5B, 0xF77C, 0xF77C, 0xF77C, 0xF77C, 0xF77C, 0xF77C, 0xF77C, 0xF77C, 0xF77C, 0xF77C,
  0xEF5B, 0xF77C, 0xF77C, 0xF77C, 0xF77C, 0xF77C, 0xF77C, 0xEF5B, 0xF77C, 0xF77C, 0xEF1A, 0xBBCF, 0x7A89, 0xB041, 0xC862, 0xB081,
  0xA1E8, 0xC801, 0xB021, 0xC061, 0x8145, 0xAB8D, 0xBB4C, 0xF77C, 0xF77C, 0xF77C, 0xF77C, 0xF77C, 0xF77C, 0xF77C, 0xF77C, 0xF77C,
  0xF77C, 0xF77C, 0xF77C, 0xF77C, 0xF77C, 0xF77C, 0xF77C, 0xF77C, 0xF77C, 0xF77C, 0xF77C, 0xF77C, 0xEEFA, 0xBBCF, 0x8289, 0xB062,
  0xC082, 0xC0C3, 0x9145, 0xD862, 0xC862, 0xC125, 0x9B2C, 0xBC30, 0xA2EB, 0xA554, 0xCE79, 0xDEFB, 0xDEFB, 0xD6BA, 0xDEDB, 0xCE5A,
  0xBE18, 0xB5D7, 0xA576, 0x9D14, 0x9CD3, 0xF77C, 0xEF5B, 0xF77C, 0xF77C, 0xF77C, 0xF77C, 0xF77C, 0xF77C, 0xF77C, 0xEEFA, 0xBBEF,
  0x828A, 0xB000, 0xC841, 0xB8E4, 0xBA28, 0xC842, 0xD082, 0xB0A2, 0x7248, 0xC40F, 0xA30B, 0xADB7, 0xC658, 0x94D2, 0xAD75, 0xDEFA,
  0xC658, 0xD6FB, 0xAD54, 0x7B8E, 0x738E, 0x9C92, 0x8431, 0xB5B6, 0xF77C, 0xEF5B, 0xF77C, 0xF77C, 0xF77C, 0xF77C, 0xF77C, 0xF77C,
  0xE6FA, 0xC410, 0x8AAA, 0xB082, 0xB841, 0xA0E4, 0xA1C7, 0xC042, 0xC882, 0x9062, 0x88E3, 0x9B0B, 0xC555, 0x94B2, 0x7144, 0x7820,
  0x81E7, 0x830B, 0x80E3, 0x9A69, 0x8A89, 0x8800, 0x6820, 0x61C6, 0xAD54, 0x9CF4, 0xDEB9, 0xF77C, 0xEF5B, 0xF77C, 0xF77C, 0xF77C,
  0xF77C, 0xF77C, 0xE6FA, 0xC3EF, 0x82AA, 0xC063, 0xB841, 0xB249, 0xB166, 0xC001, 0xC042, 0xA041, 0x9A28, 0x8C2F, 0xA491, 0x8882,
  0xC883, 0xC0A3, 0xA945, 0xB2AA, 0xD862, 0xD8A3, 0x8944, 0xC0A3, 0xC862, 0x8A48, 0x7B0B, 0xB5D8, 0xB5D7, 0xEF5B, 0xEF5C, 0xEF5B,
  0xF77C, 0xF77C, 0xF77C, 0xF77C, 0xE6FA, 0xBBCE, 0x7A89, 0x9000, 0xB821, 0x8165, 0xB862, 0xB842, 0xA9A6, 0x9ACA, 0xB4D2, 0xB595,
  0xA0C3, 0xC842, 0xB041, 0xB021, 0xB28A, 0xACB1, 0xB862, 0xC822, 0xA8E4, 0x9A69, 0xA862, 0x8A69, 0x8021, 0x5945, 0xD6DB, 0xC638,
  0xF77C, 0xEF5B, 0xF77C, 0xF77C, 0xF77C, 0xF77C, 0xE6FA, 0xBBCE, 0x7A89, 0x6924, 0x830B, 0xABEE, 0x9904, 0x9062, 0x9124, 0x9248,
  0x7985, 0x9A28, 0xC801, 0xB021, 0xB8C3, 0xB1A7, 0xA3AE, 0xAC91, 0xA228, 0xA904, 0xC062, 0x98A2, 0x78C3, 0x7966, 0xC041, 0x9800,
  0x6269, 0xD6BB, 0xCE58, 0xF77C, 0xEF5B, 0xF77C, 0xF77C, 0xF77C, 0xE6FA, 0xBBAE, 0x8289, 0x9862, 0xCBEF, 0xAB2C, 0xD082, 0xC842,
  0xD041, 0xC821, 0x8145, 0x8229, 0xC249, 0xAAAA, 0xA30C, 0xA125, 0xB105, 0xA9A6, 0xB925, 0x9A89, 0xAACB, 0xB28A, 0x93CE, 0xA208,
  0xB821, 0xC062, 0x7082, 0x9472, 0xCE9B, 0xDE99, 0xF77C, 0xEF5B, 0xF77C, 0xF77C, 0xE6FA, 0xB36D, 0x82AA, 0xB041, 0xD862, 0xA1C7,
  0xA8A3, 0xB862, 0xB082, 0xC042, 0xB0A3, 0xAD95, 0xB1E7, 0xC965, 0xB862, 0xC001, 0xA0E4, 0xA1A6, 0xC821, 0xB042, 0xC0A3, 0xB904,
  0xAC70, 0xAA8A, 0xB821, 0xB062, 0xC062, 0x68C3, 0xBE18, 0xC638, 0xEF3B, 0xF77C, 0xEF5B, 0xF77C, 0xE6FA, 0xAB6E, 0x71E7, 0xB862,
  0xC841, 0xB0C3, 0x9965, 0xC842, 0xB882, 0xC062, 0x9946, 0xA28A, 0xA145, 0xC801, 0xB842, 0xC842, 0xA945, 0xA186, 0xC822, 0xC063,
  0xB842, 0xA0C4, 0x9165, 0x9A28, 0xC062, 0xB021, 0xB883, 0xB841, 0x8A89, 0xDF3D, 0xC618, 0xF77C, 0xEF5B, 0xF77C, 0xE6FA, 0xABAE,
  0x5904, 0xB861, 0xC041, 0xB8A3, 0x91A6, 0xC021, 0xB821, 0x98C3, 0x9A28, 0xB862, 0x9A28, 0xB862, 0xC862, 0xC801, 0x9924, 0x89E6,
  0xC042, 0xC821, 0xC022, 0x91C7, 0xA8A2, 0xA145, 0x80E3, 0xC042, 0xC021, 0xC021, 0xA165, 0xA513, 0xD6DC, 0xCE78, 0xF77C, 0xEF5B,
  0xE6FA, 0xABAF, 0x6104, 0xC041, 0xB841, 0xA041, 0xAA49, 0xB821, 0xB001, 0x8104, 0xA0A2, 0xC062, 0xA1A7, 0x9925, 0xB821, 0xC062,
  0xBA29, 0xAA07, 0xD0A3, 0xB821, 0x98E4, 0xA1E7, 0xB862, 0xB001, 0x7882, 0xA862, 0xB021, 0xA841, 0x6104, 0x78A2, 0x9C92, 0xDEFC,
  0xE71A, 0xF77C, 0xE6FA, 0x9B6E, 0x7A28, 0xB020, 0xC021, 0xC042, 0x9186, 0x9821, 0x90A3, 0x9125, 0xB821, 0xB841, 0xB0A3, 0x99C7,
  0xB904, 0xA8C3, 0xA186, 0xA228, 0xC883, 0xB8E4, 0xAA8A, 0xB8C3, 0xB882, 0xD062, 0x80A3, 0xB062, 0xC842, 0x8A08, 0x88C3, 0xB841,
  0x6144, 0xC618, 0x9CF4, 0xEF5B, 0xE6FA, 0x8B6E, 0x82CA, 0xA800, 0xB041, 0xB821, 0xA228, 0xB082, 0x91C7, 0xC0C4, 0xB821, 0xA021,
  0xB841, 0x7945, 0x8C30, 0xBDB5, 0xD698, 0xF77C, 0xC5D6, 0xBDB5, 0xBBAE, 0xD861, 0xB841, 0xC041, 0xA925, 0x88E3, 0xA904, 0xA2AA,
  0xC001, 0xB041, 0x8820, 0x7B6E, 0x426B, 0xE6FA, 0xE6FA, 0x832D, 0x82CB, 0x9000, 0x9841, 0xB001, 0xA9E7, 0x9125, 0xA925, 0xC800,
  0xB861, 0xB861, 0x8041, 0x5A08, 0xBDF7, 0x73CF, 0x7C10, 0x8450, 0x73AE, 0x52CB, 0x2945, 0x9041, 0xC125, 0xC0A3, 0xC0A2, 0x9A89,
  0x90E4, 0x98C3, 0xA001, 0xB021, 0x8800, 0x7B6D, 0x5B6F, 0xE71A, 0xE6FA, 0x5AAB, 0xACD2, 0x88C2, 0x90E3, 0x8821, 0x9145, 0x7A28,
  0xC021, 0xC0A3, 0xA904, 0xC8A2, 0x5882, 0x5B0C, 0xC637, 0xE71A, 0xDEDA, 0xDEDA, 0xE6FA, 0xD698, 0x21A8, 0x38A3, 0xA0E3, 0x98E3,
  0x9882, 0x92AA, 0x8104, 0x9842, 0xA842, 0xC042, 0xA0E3, 0xAD96, 0x5B90, 0xEF3B, 0xE6FA, 0x4AEE, 0x63F2, 0x6987, 0xC8A1, 0xA8E3,
  0x7AAA, 0xA38E, 0x9A28, 0x60A2, 0x90C3, 0x7861, 0x41C7, 0x5B2D, 0xEF5B, 0xF77C, 0xF77C, 0xF77C, 0xF77C, 0xF77C, 0x9CF3, 0x0905,
  0x6924, 0xC882, 0xA0C3, 0x6924, 0x6A07, 0x9862, 0xC821, 0xC021, 0xB3CE, 0xBE79, 0x63B0, 0xEF3B, 0xE6FA, 0x5BB1, 0x7C94, 0x2A8F,
  0xA985, 0xA0A2, 0x70E3, 0x9063, 0x98A2, 0xA125, 0x98E3, 0x6AAA, 0x9CF3, 0xD678, 0xEF5B, 0xEF5B, 0xEF5B, 0xEF5B, 0xEF5B, 0xEF5B,
  0xF77C, 0x5AEC, 0x2987, 0x71A6, 0x81A7, 0xA104, 0xA3CE, 0xCA08, 0xF021, 0x8905, 0x4ACE, 0xA555, 0x7C53, 0xEF3B, 0xE6FA, 0x6454,
  0x8CD4, 0x09F0, 0x4B50, 0xA881, 0x90E4, 0x98E4, 0xB000, 0x9800, 0x8904, 0x4A49, 0xBDD6, 0xF77C, 0xEF5B, 0xF77C, 0xF77C, 0xF77C,
  0xF77C, 0xEF5B, 0xEF5B, 0x9CF3, 0x31C8, 0x9269, 0xC063, 0xD001, 0x9062, 0x78A2, 0x9061, 0x18E7, 0x010A, 0x8CB3, 0x8493, 0xEF3B,
  0xE6FA, 0x6475, 0x8CF5, 0x0232, 0x2250, 0xB985, 0x8903, 0x60E4, 0x8883, 0x9021, 0x7841, 0x2126, 0x9492, 0xEF5B, 0xEF5B, 0xF77C,
  0xF77C, 0xF77C, 0xF77C, 0xEF5B, 0xF77C, 0xC617, 0x31E8, 0xA1C7, 0xC021, 0xB800, 0x9062, 0x68A2, 0xB861, 0x18C7, 0x19CD, 0xA555,
  0x8494, 0xEF3B, 0xE71A, 0x6C74, 0x8CF5, 0x01F1, 0x2A4E, 0xB124, 0x7882, 0x80A3, 0x9083, 0x98C4, 0x6061, 0x2946, 0x9CF3, 0xF77C,
  0xEF5B, 0xF77C, 0xF77C, 0xF77C, 0xF77C, 0xEF5B, 0xF77C, 0xCE37, 0x39E8, 0x80A3, 0xC041, 0xB000, 0x98C3, 0xA1E7, 0xA800, 0x0885,
  0x092A, 0x8CB3, 0x8CB4, 0xEF3B, 0xE71A, 0x7474, 0x8CF5, 0x01D0, 0x2A0C, 0xB144, 0x8965, 0xA021, 0xB821, 0xC001, 0x8082, 0x31C7,
  0x9CF3, 0xF77C, 0xEF5B, 0xF77C, 0xF77C, 0xF77C, 0xF77C, 0xEF5B, 0xF77C, 0xCE57, 0x4229, 0x8082, 0xC021, 0xB000, 0xA082, 0x9A49,
  0xA000, 0x0885, 0x0109, 0x7C52, 0x8CB4, 0xEF3B, 0xE6FA, 0x6C53, 0x8CF5, 0x0211, 0x220D, 0xB965, 0xA228, 0xA021, 0xA821, 0xB821,
  0x7800, 0x39A7, 0xA534, 0xF77C, 0xEF5B, 0xF77C, 0xF77C, 0xF77C, 0xF77C, 0xEF5B, 0xF77C, 0xCE58, 0x4229, 0x6841, 0xC041, 0xA020,
  0xB001, 0x9A69, 0x9062, 0x10A6, 0x094C, 0x8C93, 0x84B4, 0xEF3B, 0xE6FA, 0x6453, 0x8D16, 0x01F2, 0x114B, 0xA144, 0xA249, 0xB021,
  0xA862, 0xA821, 0x80C3, 0x4A6A, 0x9CF3, 0xF77C, 0xEF5B, 0xF77C, 0xF77C, 0xF77C, 0xF77C, 0xEF5B, 0xF77C, 0xCE17, 0x5AEC, 0x91C7,
  0xB842, 0xA021, 0xB821, 0x8945, 0x98A2, 0x18A7, 0x090B, 0x8C93, 0x8493, 0xEF3B, 0xE6FA, 0x6C74, 0x9516, 0x0A52, 0x10E9, 0x8944,
  0xB124, 0xC800, 0xB021, 0xB020, 0x8945, 0x6B8E, 0x94B2, 0xF77C, 0xEF5B, 0xF77C, 0xF77C, 0xF77C, 0xF77C, 0xEF5B, 0xF77C, 0xC5F6,
  0x6B4D, 0xAA49, 0xA021, 0xA800, 0xB800, 0x9821, 0x7820, 0x18A6, 0x094B, 0x8C93, 0x84B3, 0xEF3B, 0xE6FA, 0x7494, 0x9536, 0x01F2,
  0x224F, 0xAC2F, 0xAA28, 0x98E4, 0xAA6A, 0xA1E7, 0x8A69, 0x4A6A, 0x94D2, 0xF77C, 0xEF5B, 0xF77C, 0xF77C, 0xF77C, 0xF77C, 0xEF5B,
  0xF77C, 0xCE17, 0x4A6A, 0x7882, 0xA000, 0x88E4, 0x9966, 0x80C3, 0x70C2, 0x2989, 0x00C8, 0x634E, 0x8CD4, 0xEF3B, 0xE6FA, 0x7474,
  0x9D78, 0x01D1, 0x2A90, 0xA4B1, 0x8A69, 0xA186, 0xB0A3, 0xC021, 0xA1E7, 0x4249, 0x94D3, 0xF77C, 0xEF5B, 0xF77C, 0xF77C, 0xF77C,
  0xF77C, 0xEF5B, 0xF77C, 0xC5F6, 0x62EB, 0x71A6, 0x98E3, 0xA0E3, 0xC0A3, 0x80A3, 0xA40F, 0x7432, 0x00E9, 0x7C10, 0x8CB4, 0xE71B,
  0xE6FA, 0x7453, 0x9D36, 0x0212, 0x118B, 0x6249, 0xA041, 0x9082, 0x8A69, 0xB124, 0x8041, 0x4229, 0x94D2, 0xF77C, 0xEF5B, 0xF77C,
  0xF77C, 0xF77C, 0xF77C, 0xEF5B, 0xF77C, 0xC5F6, 0x62CB, 0x7945, 0x9042, 0x7862, 0x8082, 0x8041, 0xA145, 0x3A6D, 0x010B, 0x9CF4,
  0x7C73, 0xE71B, 0xE6FA, 0x6C12, 0x9536, 0x0A11, 0x0109, 0x3063, 0xA820, 0xA000, 0xA082, 0xA30B, 0x8ACA, 0x4209, 0x94D3, 0xF77C,
  0xEF5B, 0xF77C, 0xF77C, 0xF77C, 0xF77C, 0xEF5B, 0xF77C, 0xCE37, 0x5229, 0x68A3, 0xA2CB, 0x8186, 0xA062, 0xA000, 0xA882, 0x1949,
  0x012B, 0x8CD4, 0x7C52, 0xE71B, 0xE6FA, 0x6C11, 0x9D36, 0x01CF, 0x014A, 0x5925, 0xA020, 0x9821, 0xA000, 0x8000, 0xA32C, 0x632D,
  0x8C91, 0xF77C, 0xEF5B, 0xF77C, 0xF77C, 0xF77C, 0xF77C, 0xEF5B, 0xF77C, 0xCE37, 0x5249, 0xAC0F, 0xB9C7, 0xA800, 0xA000, 0x9800,
  0x98C3, 0x21AA, 0x08E9, 0x8C92, 0x7C52, 0xE73B, 0xE6FA, 0x7412, 0x9D36, 0x01D0, 0x21EC, 0x9208, 0x9800, 0x9021, 0x9020, 0x9000,
  0x6800, 0x2945, 0x94D2, 0xF77C, 0xEF5B, 0xF77C, 0xF77C, 0xF77C, 0xF77C, 0xEF5B, 0xF77C, 0xC5F6, 0x52AA, 0xB208, 0xB800, 0xA020,
  0xA820, 0xA021, 0xA945, 0x4ACD, 0x114A, 0xAD75, 0x7C52, 0xEF3B, 0xE6FA, 0x6BF1, 0x9D57, 0x01CF, 0x4310, 0xBACA, 0x9800, 0x9021,
  0x9821, 0x9800, 0x5000, 0x2905, 0x9CF3, 0xEF5B, 0xEF5B, 0xF77C, 0xF77C, 0xF77C, 0xF77C, 0xEF5B, 0xEF5B, 0xCE37, 0x4208, 0x80A2,
  0x8800, 0xA000, 0xA820, 0xA021, 0xA944, 0x4AAD, 0x1129, 0xB5B6, 0x7411, 0xEF3B, 0xE6FA, 0x6BD0, 0x9D57, 0x014C, 0x2A2C, 0xA9C7,
  0xA000, 0x9020, 0xA020, 0x8800, 0x6124, 0x4228, 0x7C0F, 0xF77C, 0xEF5B, 0xF77C, 0xF77C, 0xF77C, 0xF77C, 0xEF5B, 0xF77C, 0xBDB5,
  0x4A29, 0x7020, 0xA000, 0x8000, 0x9800, 0x9800, 0x9041, 0x08C6, 0x00C9, 0x8452, 0x73F1, 0xE71B, 0xE6FA, 0x63AF, 0x9D57, 0x014D,
  0x222E, 0x90E3, 0xA020, 0xA800, 0xA000, 0x6082, 0x7104, 0x79A6, 0x3A29, 0xCE37, 0xF77C, 0xEF5B, 0xF77C, 0xF77C, 0xEF5B, 0xF75B,
  0xE6FA, 0x63AF, 0x8228, 0x78A1, 0x71C7, 0xA8C3, 0xA000, 0x9020, 0x8800, 0x08C8, 0x012C, 0x52AC, 0x6BF1, 0xE71A, 0xE6FA, 0x5B6F,
  0x9D15, 0x00C9, 0x322D, 0xA185, 0xB000, 0x8841, 0x4882, 0x71A6, 0x5821, 0x5000, 0x59A6, 0x52EC, 0xE71A, 0xF77C, 0xF77C, 0xF77C,
  0xF77C, 0xF77C, 0x9CF3, 0x6B2D, 0x6020, 0x5841, 0x8104, 0xAB4C, 0x9165, 0x9021, 0x8800, 0x10E8, 0x21ED, 0x8451, 0x5B4E, 0xE71B,
  0xE6FA, 0x5B2E, 0x9515, 0x016C, 0x11ED, 0x728B, 0x9882, 0x80A3, 0x8800, 0x9041, 0x9021, 0x4820, 0x5040, 0x6A69, 0x6BAF, 0xDEFA,
  0xDEFA, 0xDEDA, 0xE71A, 0xBDD6, 0x7410, 0x70E3, 0x5000, 0x7841, 0xB000, 0x8021, 0x8186, 0x91C6, 0x6A09, 0x094B, 0x092A, 0x8452,
  0x52ED, 0xE71A, 0xE6FA, 0x530D, 0x9D16, 0x094C, 0x012B, 0x12F3, 0x626B, 0xB841, 0xB842, 0x9800, 0x9800, 0xA821, 0x5800, 0x5104,
  0x73D0, 0x94B3, 0x8C73, 0x8C72, 0x9D15, 0x9D14, 0x8B2C, 0x5800, 0x7862, 0xA021, 0x7800, 0x9821, 0xB800, 0xA430, 0x3352, 0x014C,
  0x092B, 0x8C72, 0x4ACC, 0xE71A, 0xE6FA, 0x4ACC, 0x8CB4, 0x018F, 0x00E9, 0x016D, 0x12B2, 0x6A6A, 0xB041, 0xB042, 0x9000, 0x7801,
  0x9800, 0x61C6, 0x40C3, 0x40A2, 0x72AA, 0x9C71, 0x6249, 0x6A89, 0x8B4C, 0x6082, 0x9861, 0x9800, 0xB042, 0xB000, 0x928A, 0x2353,
  0x014D, 0x00A7, 0x012B, 0x73D0, 0x52ED, 0xE6FA, 0xEF5B, 0x6B8E, 0x8CD5, 0x094D, 0x00E9, 0x014C, 0x012B, 0x12B1, 0x69E8, 0xB020,
  0xA021, 0x8801, 0x6882, 0x928A, 0x9800, 0xA000, 0x7082, 0x8103, 0xA000, 0x7000, 0x8228, 0x9165, 0x9821, 0x9821, 0xC021, 0xA26A,
  0x4456, 0x014C, 0x016E, 0x014B, 0x00C9, 0x5B0D, 0x428B, 0xE6FA, 0xF77C, 0x6B6E, 0x8493, 0x092C, 0x012B, 0x014C, 0x012B, 0x016D,
  0x2B95, 0x81C8, 0xC021, 0x9001, 0x8A08, 0x9945, 0xA800, 0xA020, 0x7800, 0x7800, 0xA000, 0x9841, 0x9882, 0x81A6, 0x8800, 0xA800,
  0xB249, 0x43F4, 0x01CF, 0x00EA, 0x012B, 0x010A, 0x08A7, 0x634E, 0x426A, 0xE6FA, 0xF77C, 0x73CF, 0x636F, 0x322D, 0x016E, 0x016C,
  0x014C, 0x014C, 0x01CF, 0x2354, 0xA1C7, 0xB821, 0x8A29, 0xA021, 0x9000, 0x9800, 0x8000, 0x6800, 0x9800, 0x7800, 0x8000, 0x81A6,
  0x8800, 0xB1A6, 0x74F7, 0x01D0, 0x010B, 0x014C, 0x00E9, 0x00EA, 0x29EB, 0x4A8A, 0x73AF, 0xEF5B, 0xEF5B, 0xDED9, 0x52CD, 0x7C11,
  0x1109, 0x012B, 0x014C, 0x016E, 0x014C, 0x01CF, 0x3B32, 0xB289, 0x99C7, 0x9821, 0x9021, 0x9000, 0x7800, 0x7000, 0xA000, 0x8800,
  0xA000, 0x8861, 0xA269, 0x7C33, 0x01F0, 0x010C, 0x014D, 0x014D, 0x016D, 0x118B, 0x4A8B, 0x2167, 0xDEB9, 0xF77C, 0xEF5B, 0xF77C,
  0xB595, 0x6390, 0x73D0, 0x010B, 0x014C, 0x016D, 0x016D, 0x010B, 0x01B0, 0x7496, 0xA1A6, 0xA000, 0xB021, 0x9820, 0x7000, 0x6800,
  0x9800, 0x9820, 0xA800, 0x9945, 0x9D34, 0x0A30, 0x014D, 0x014D, 0x014D, 0x016E, 0x00C9, 0x52CC, 0x29A8, 0xAD75, 0xF77C, 0xEF5B,
  0xF77C, 0xEF5B, 0xF77C, 0x73D0, 0x8472, 0x320B, 0x014D, 0x016C, 0x012B, 0x012B, 0x014D, 0x014C, 0x43D4, 0x83F1, 0x9124, 0x9821,
  0x7020, 0x6000, 0xA021, 0x8082, 0x2968, 0x2B32, 0x42CE, 0x096C, 0x014C, 0x014D, 0x010B, 0x010B, 0x31EB, 0x424A, 0x6B6E, 0xF77C,
  0xEF5B, 0xF77C, 0xF77C, 0xEF5B, 0xF77C, 0x8C50, 0x530E, 0x8472, 0x110A, 0x016D, 0x014B, 0x014C, 0x012B, 0x00E9, 0x018F, 0x0AB3,
  0x4BD4, 0x9249, 0x8000, 0x7000, 0x9A28, 0x53D2, 0x0A31, 0x018F, 0x19AB, 0x118C, 0x016E, 0x014C, 0x014D, 0x092B, 0x5B0D, 0x31C8,
  0xE71A, 0xEF5B, 0xEF5B, 0xF77C, 0xF77C, 0xEF5B, 0xF77C, 0xEF3B, 0x632D, 0x73F1, 0x4ACD, 0x010B, 0x014B, 0x014D, 0x19CC, 0x094B,
  0x010B, 0x0087, 0x018D, 0x3B94, 0x6166, 0x6165, 0x43B3, 0x01CF, 0x00CA, 0x012C, 0x00EA, 0x00C8, 0x012C, 0x014C, 0x00C9, 0x428C,
  0x3A29, 0xB595, 0xF77C, 0xEF5B, 0xF77C, 0xF77C, 0xF77C, 0xF77C, 0xEF5B, 0xF77C, 0xBDD6, 0x31E9, 0x7C32, 0x1969, 0x016E, 0x014B,
  0x08E7, 0x00EA, 0x014C, 0x012A, 0x014B, 0x018F, 0x1A70, 0x2AB0, 0x01D1, 0x010B, 0x014C, 0x010A, 0x012B, 0x1927, 0x00E9, 0x00EA,
  0x29CA, 0x634E, 0x2147, 0xDED9, 0xF77C, 0xEF5B, 0xF77C, 0xF77C, 0xF77C, 0xF77C, 0xF77C, 0xEF5B, 0xF77C, 0x632C, 0x4ACC, 0x7C31,
  0x00C9, 0x012B, 0x21CA, 0x012B, 0x010A, 0x014C, 0x014C, 0x012B, 0x016D, 0x01AF, 0x016E, 0x014C, 0x010B, 0x010A, 0x012B, 0x2A0B,
  0x08E8, 0x08E9, 0x6B8F, 0x31E9, 0x31C8, 0xE6FA, 0xEF5B, 0xEF5B, 0xF77C, 0xF77C, 0xF77C, 0xF77C, 0xF77C, 0xEF5B, 0xEF5B, 0xE71A,
  0x31C8, 0x7C31, 0x7BF1, 0x3A2B, 0x21CC, 0x014D, 0x016C, 0x016C, 0x014C, 0x014C, 0x012C, 0x012A, 0x010A, 0x016D, 0x012C, 0x014C,
  0x010A, 0x324D, 0x1928, 0x320B, 0x5B0D, 0x4A6A, 0xCE58, 0xF77C, 0xEF5B, 0xF77C, 0xF77C, 0xF77C, 0xF77C, 0xF77C, 0xF77C, 0xF77C,
  0xEF5B, 0xF77C, 0xBDB5, 0x29A8, 0x9D14, 0xBDD6, 0x00EA, 0x012C, 0x016C, 0x016D, 0x014D, 0x012B, 0x012B, 0x010B, 0x014C, 0x012B,
  0x018D, 0x014C, 0x014B, 0x012B, 0x1927, 0x6B8F, 0x29A8, 0xA4F3, 0xF77C, 0xEF5B, 0xF77C, 0xF77C, 0xF77C, 0xF77C, 0xF77C, 0xF77C,
  0xF77C, 0xF77C, 0xF77C, 0xEF5B, 0xF77C, 0x5B0C, 0x52ED, 0x94F4, 0x3A2D, 0x092A, 0x094B, 0x114B, 0x116D, 0x118C, 0x196B, 0x196B,
  0x21AC, 0x08E9, 0x092A, 0x0909, 0x00EA, 0x216A, 0x94D3, 0x5B0D, 0x2126, 0xDEDA, 0xEF5B, 0xEF5B, 0xF77C, 0xF77C, 0xF77C, 0xF77C,
  0xF77C, 0xF77C, 0xF77C, 0xF77C, 0xF77C, 0xEF5B, 0xEF5B, 0xD678, 0x2167, 0x6BB0, 0x7BEF, 0x5AEC, 0x630D, 0x6B6E, 0x632D, 0x5B0D,
  0x6B8F, 0x8451, 0x9492, 0x6B8F, 0x6B4E, 0x4A8B, 0x31C9, 0x52AB, 0x73D0, 0x2188, 0x9CD2, 0xF77C, 0xEF5B, 0xF77C, 0xF77C, 0xF77C,
  0xF77C, 0xF77C, 0xF77C, 0xF77C, 0xF77C, 0xF77C, 0xF77C, 0xF77C, 0xEF5B, 0xF77C, 0x8C91, 0x31C8, 0x1905, 0x1926, 0x1926, 0x2146,
  0x632D, 0x6B8E, 0x5AEC, 0x2987, 0x2987, 0x2167, 0x2146, 0x2146, 0x2167, 0x2167, 0x2167, 0x4A8B, 0xEF5B, 0xEF5B, 0xF77C, 0xF77C,
  0xF77C, 0xF77C, 0xF77C, 0xF77C, 0xF77C, 0xF77C, 0xF77C, 0xF77C, 0xF77C, 0xF77C, 0xF77C, 0xEF5B, 0xEF5B, 0xB5B6, 0x52CB, 0x1925,
  0x1925, 0x2166, 0xB595, 0xDEDA, 0xCE37, 0x2145, 0x0083, 0x08A4, 0x08A4, 0x0083, 0x08C4, 0x4249, 0x9CF3, 0xCE37, 0xF77C, 0xEF5B,
  0xF77C, 0xF77C, 0xF77C, 0xF77C, 0xF77C, 0xF77C, 0xF77C, 0xF77C, 0xF77C, 0xF77C, 0xF77C, 0xF77C, 0xF77C, 0xF77C, 0xF77C, 0xF77C,
  0xE71A, 0xE71A, 0xE71A, 0xE71A, 0xDEB9, 0xDEDA, 0xEF3B, 0xE71A, 0xCE37, 0xBDD6, 0xBDF6, 0xBDD6, 0xDEB9, 0xEF3B, 0xF77C, 0xF77C,
  0xF77C, 0xF77C, 0xF77C, 0xF77C, 0xF77C, 0xF77C, 0xF77C, 0xF77C, 0xF77C, 0xF77C, 0xF77C, 0xF77C, 0xF77C, 0xF77C, 0xF77C, 0xF77C,
  0xF77C, 0xEF5B, 0xF77C, 0xF77C, 0xF77C, 0xF77C, 0xF77C, 0xF77C, 0xF77C, 0xF77C, 0xF77C, 0xF77C, 0xF77C, 0xF77C, 0xF77C, 0xF77C,
  0xF77C, 0xEF5B, 0xF77C, 0xF77C, 0xF77C, 0xF77C, 0xF77C, 0xF77C, 0xF77C, 0xF77C,
};

// hero_img_7  38 x 85  (RGB565)
const uint16_t hero_img_7[] PROGMEM = {
  0xF77C, 0xEF5B, 0xEF5B, 0xEF5B, 0xEF5B, 0xEF5B, 0xEF5B, 0xEF5B, 0xEF5B, 0xEF5B, 0xEF5B, 0xEF5B, 0xEF5B, 0xEF5B, 0xEF5B, 0xEF5B,
  0xEF5B, 0xEF5B, 0xEF5B, 0xEF5B, 0xEF5B, 0xEF5B, 0xEF5B, 0xEF5B, 0xEF5B, 0xEF5B, 0xEF5B, 0xEF5B, 0xEF5B, 0xEF5B, 0xEF5B, 0xEF5B,
  0xEF5B, 0xEF5B, 0xEF5B, 0xEF5B, 0xEF5B, 0xF77C, 0xF77C, 0xF77C, 0xF77C, 0xF77C, 0xF77C, 0xF77C, 0xF77C, 0xF77C, 0xF77C, 0xF77C,
  0xF77C, 0xF77C, 0xF77C, 0xF77C, 0xF77C, 0xF77C, 0xF77C, 0xF77C, 0xF77C, 0xF77C, 0xF77C, 0xF77C, 0xF77C, 0xF77C, 0xF77C, 0xF77C,
  0xF77C, 0xF77C, 0xF77C, 0xF77C, 0xF77C, 0xF77C, 0xF77C, 0xF77C, 0xF77C, 0xF77C, 0xF77C, 0xF77C, 0xF77C, 0xEF3B, 0xBDF6, 0xBDB6,
  0xBDB6, 0xBDD6, 0xBDF6, 0xC617, 0xC637, 0xCE58, 0xCE58, 0xCE58, 0xCE78, 0xD698, 0xD699, 0xD6B9, 0xDEB9, 0xDEB9, 0xDED9, 0xDEB9,
  0xDEB9, 0xDEB9, 0xDEB9, 0xDEB9, 0xDEB9, 0xDEB9, 0xDEB9, 0xD699, 0xD678, 0xC637, 0xBDF6, 0xBDF6, 0xBDD6, 0xBDD6, 0xBDB5, 0xD678,
  0xDEFA, 0xF77C, 0xEF3B, 0x94F4, 0xCEBB, 0xBE39, 0xBE18, 0xB5F8, 0xBE39, 0xC67A, 0xCEBB, 0xD6FC, 0xDF1C, 0xDF3D, 0xE73D, 0xE75D,
  0xEF7D, 0xEF7D, 0xEF7D, 0xEF7D, 0xEF9E, 0xEF9E, 0xEF7E, 0xEF7D, 0xEF7D, 0xEF7D, 0xEF7D, 0xEF7D, 0xEF9E, 0xEF9D, 0xEF9E, 0xDF1C,
  0xCE9A, 0xC659, 0xBE18, 0xB618, 0xA597, 0xBE59, 0xAD75, 0xD698, 0xE71A, 0x724A, 0xB4D3, 0xAC30, 0x9C0F, 0xBD74, 0xBD95, 0xBD75,
  0xBDD6, 0xB533, 0x93AE, 0x93EE, 0x93CE, 0x8B8D, 0x8B8D, 0x836D, 0x836D, 0x8BEF, 0xB554, 0x8B8D, 0x8BAD, 0x8B8D, 0x836D, 0x836D,
  0x8B6D, 0x836D, 0x93AE, 0xAC92, 0xC5D6, 0x93EF, 0x9C50, 0xD658, 0xCE37, 0x9430, 0xB491, 0xAB6D, 0x83EF, 0xBDF6, 0xE71A, 0x7A08,
  0x8B4D, 0xA9A5, 0xC904, 0xC0C4, 0xC8E4, 0xC925, 0xC1A6, 0x82AA, 0xC186, 0xC924, 0xC8E3, 0xC904, 0xC0A2, 0xC0A3, 0xC062, 0xB986,
  0xC3CE, 0xC8A2, 0xC082, 0xC8C3, 0xD104, 0xC904, 0xC842, 0xC082, 0xD0A3, 0x7186, 0xA186, 0xC882, 0xC062, 0xB208, 0xC1C7, 0xC104,
  0xD185, 0x5801, 0x4249, 0xEF3B, 0xEF3B, 0x7229, 0xA38F, 0xABCE, 0xE1E7, 0xD946, 0xE986, 0xE0E4, 0xF987, 0xAA69, 0xCA69, 0xF1C7,
  0xE986, 0xF1A7, 0xE125, 0xF105, 0xF905, 0xE26A, 0xD451, 0xF966, 0xE945, 0xF166, 0xF986, 0xF1A6, 0xE925, 0xF966, 0xC26A, 0xBB8E,
  0xF145, 0xE904, 0xF8E5, 0xBA49, 0xD166, 0xF946, 0xD083, 0x3883, 0x4186, 0xEF1A, 0xF77C, 0xBD95, 0x9229, 0x8B6D, 0xA186, 0xF1A6,
  0xD925, 0xD945, 0xE104, 0xD966, 0xBB2C, 0xF945, 0xF0E4, 0xE883, 0xE8E4, 0xD1C7, 0xCB2C, 0xC491, 0xBC71, 0xC2EB, 0xD9E8, 0xF966,
  0xF8E4, 0xF0C3, 0xF0E4, 0xE104, 0xAB2C, 0xE904, 0xE0A3, 0xD083, 0xD083, 0xA124, 0xD966, 0xE8C4, 0xB0A2, 0x38A3, 0x7AAA, 0xEF5B,
  0xEF5B, 0xF77C, 0x828A, 0xB38E, 0x71A6, 0xE9E7, 0xD924, 0xD8E4, 0xD8E4, 0xF125, 0xCC50, 0xD450, 0xCACA, 0xC2EB, 0xB36C, 0xBB4C,
  0xD207, 0xDAA9, 0xC228, 0xE248, 0xBB4C, 0xB32C, 0xC2AA, 0xCAAA, 0xE28A, 0xCB6D, 0xC1C7, 0xE8C3, 0xD8C4, 0xD8A3, 0xD8A3, 0x80A3,
  0xD8C4, 0xF945, 0xA082, 0x3882, 0xAC30, 0xF77C, 0xEF5B, 0xF77C, 0xB574, 0xAA69, 0xA3AE, 0xB1C7, 0xF125, 0xE105, 0xE125, 0xB1A7,
  0xACB1, 0xC3CE, 0xDA49, 0xC9E7, 0xD125, 0xD8C4, 0xF904, 0xD208, 0xC2AA, 0xF904, 0xE8E3, 0xD104, 0xC228, 0xC269, 0xB269, 0xBDB5,
  0xC965, 0xE8E4, 0xE104, 0xE0E4, 0xE8C3, 0xB228, 0xC105, 0xF0A3, 0x7082, 0x48E3, 0xCD54, 0xF77C, 0xEF5B, 0xEF5B, 0xEF3B, 0x71A6,
  0xB38E, 0xA36C, 0xF1C6, 0xC228, 0x8A48, 0x9A69, 0xD1C7, 0xA2EB, 0xE063, 0xE0A4, 0xD0A3, 0xD0C4, 0xD8A3, 0xCA48, 0xC30C, 0xE925,
  0xD8E4, 0xD8C4, 0xD8C4, 0xE8A4, 0xB9C7, 0xB2CA, 0xBACA, 0xE8A3, 0xE925, 0xD8C4, 0xE8A3, 0xA925, 0xBA28, 0xE8A3, 0x5124, 0x5104,
  0xDE78, 0xF77C, 0xF77C, 0xEF5B, 0xF77C, 0xACB2, 0xAACB, 0xA4B1, 0xB38D, 0xB1E8, 0xC925, 0xE1E7, 0xF8E4, 0xC32C, 0xB208, 0xE925,
  0xC8C3, 0xD925, 0xE0E4, 0xC1E7, 0xBA8A, 0xE925, 0xE104, 0xD0C4, 0xD8A3, 0xD125, 0xB2EB, 0xE8E3, 0xB289, 0xC1A7, 0xE0E4, 0xC904,
  0xE165, 0xC8A2, 0xA228, 0xD882, 0x4965, 0x7269, 0xF75B, 0xEF5B, 0xF77C, 0xEF5B, 0xF77C, 0xE71A, 0x79A7, 0x9BEF, 0x9248, 0xE0E4,
  0xD105, 0xC0E4, 0xE0E4, 0xE9C7, 0xB30C, 0xE8E4, 0xD082, 0xC083, 0xD0A3, 0xA986, 0xB249, 0xD863, 0xC8A3, 0xC8A3, 0xE063, 0xB209,
  0xC1A6, 0xE924, 0xD965, 0x8A49, 0xD8A3, 0xC8C3, 0xB104, 0xC8C3, 0xAA49, 0xBB4C, 0x59E7, 0x828A, 0xF77C, 0xEF5B, 0xF77C, 0xF77C,
  0xEF5B, 0xF77C, 0x9BCF, 0xA32C, 0x69E7, 0xC9A6, 0xE1C7, 0xD904, 0xE904, 0xF924, 0xBA28, 0xB145, 0xF986, 0xD124, 0xF1E7, 0xBA48,
  0xBA49, 0xF1E7, 0xD104, 0xD8E4, 0xE125, 0xAA28, 0xE8E3, 0xD904, 0xE8A3, 0xB9A6, 0x9882, 0xE842, 0xD082, 0xC124, 0x8A07, 0xAD13,
  0x5165, 0xA38D, 0xF77C, 0xEF3B, 0xF77C, 0xF77C, 0xEF5B, 0xF77C, 0xE6FA, 0x8A49, 0x934D, 0x80C2, 0xA1A6, 0xA145, 0xBA69, 0xCAAA,
  0xB289, 0xABEF, 0xAA28, 0x80A3, 0x9862, 0xA2AA, 0xA269, 0x8882, 0x8904, 0x8904, 0x92CA, 0xC40F, 0xD8E4, 0xD0C3, 0xC8C3, 0xE0E4,
  0xA32C, 0xBA28, 0xB1E6, 0x81A6, 0xC125, 0x7862, 0x4882, 0xCD53, 0xF77C, 0xEF5B, 0xF77C, 0xF77C, 0xF77C, 0xEF5B, 0xF77C, 0x93AE,
  0xA34D, 0x3165, 0x2945, 0x2104, 0x52CB, 0xB5B5, 0xC616, 0xEF3B, 0xE71A, 0x73AE, 0x3145, 0x5269, 0x4A28, 0x5AEB, 0x8C30, 0x6B4C,
  0xEF3B, 0xBDF6, 0xA9E7, 0xD904, 0xC124, 0xD0A3, 0xD1A7, 0x72EB, 0x7904, 0xC904, 0xB8E4, 0x69A7, 0x58C3, 0xE6D9, 0xF77C, 0xEF5B,
  0xF77C, 0xF77C, 0xF77C, 0xEF5B, 0xEF5B, 0xD678, 0x49A7, 0x38E3, 0x59C7, 0x7269, 0x836C, 0x5A69, 0x5A69, 0x5A69, 0x5A49, 0x41C7,
  0x41A7, 0x5AAA, 0x7BAD, 0xA4D2, 0xC5B5, 0xA4D2, 0x7BEF, 0x626A, 0xD165, 0xD083, 0xB041, 0xC904, 0xD208, 0x628A, 0xA9A7, 0xA905,
  0x9125, 0x6208, 0x6965, 0xEF5B, 0xF77C, 0xEF5B, 0xF77C, 0xF77C, 0xF77C, 0xF77C, 0xEF5B, 0xF77C, 0xA513, 0x10A3, 0x5AEB, 0xE6FA,
  0xA513, 0x0883, 0x08A3, 0x08A3, 0x0883, 0x73AE, 0x9CF3, 0xCE58, 0xF77C, 0xF77C, 0xF77C, 0xEF3B, 0x638E, 0x830C, 0xA965, 0x7986,
  0xBB2C, 0xB30B, 0x92EB, 0x89C7, 0xD0E4, 0xD883, 0x9842, 0x3862, 0x7ACA, 0xEF5B, 0xEF5B, 0xF77C, 0xF77C, 0xF77C, 0xF77C, 0xF77C,
  0xF77C, 0xEF5B, 0xF77C, 0xBDF6, 0xAD54, 0xCE37, 0xC637, 0xB595, 0xB5B5, 0xB5B5, 0xC617, 0xF77C, 0xF77C, 0xF77C, 0xEF5B, 0xEF5B,
  0xEF5B, 0xC5F6, 0x73D0, 0xA471, 0xB32B, 0xB986, 0xE146, 0xD0C3, 0x7904, 0xC0E4, 0xD062, 0xD082, 0x6041, 0x38E3, 0x940F, 0xF77C,
  0xEF5B, 0xF77C, 0xF77C, 0xF77C, 0xF77C, 0xF77C, 0xF77C, 0xF77C, 0xEF5B, 0xF77C, 0xF77C, 0xF77C, 0xF77C, 0xF77C, 0xF77C, 0xF77C,
  0xF77C, 0xEF5B, 0xEF5B, 0xEF5B, 0xF77C, 0xEF5B, 0xF77C, 0xAD75, 0x8C51, 0xCA89, 0xF924, 0xD862, 0xE0C4, 0x9945, 0x9104, 0xE0C3,
  0xD8A3, 0xD062, 0x4041, 0x4904, 0xCE17, 0xF77C, 0xEF5B, 0xF77C, 0xF77C, 0xF77C, 0xF77C, 0xF77C, 0xF77C, 0xF77C, 0xF77C, 0xEF5B,
  0xEF5B, 0xEF5B, 0xEF5B, 0xEF5B, 0xEF5B, 0xEF5B, 0xEF5B, 0xF77C, 0xF77C, 0xF77C, 0xF77C, 0xF77C, 0xEF5B, 0x9D14, 0x9410, 0xB0E3,
  0xC8A3, 0xC905, 0xD105, 0xBC2F, 0xA882, 0xE083, 0xE0C3, 0xA842, 0x2841, 0x5945, 0xDEFA, 0xF77C, 0xEF5B, 0xF77C, 0xF77C, 0xF77C,
  0xF77C, 0xF77C, 0xF77C, 0xF77C, 0xF77C, 0xF77C, 0xF77C, 0xF77C, 0xF77C, 0xF77C, 0xF77C, 0xF77C, 0xF77C, 0xF77C, 0xF77C, 0xF77C,
  0xEF5B, 0xF77C, 0xDED9, 0xA535, 0x7ACB, 0xA1A6, 0xD0C3, 0xE042, 0xB186, 0xC2AA, 0xB0C3, 0xC042, 0xD8A3, 0x7061, 0x3062, 0x7AEB,
  0xF77C, 0xEF5B, 0xF77C, 0xF77C, 0xF77C, 0xF77C, 0xF77C, 0xF77C, 0xF77C, 0xF77C, 0xF77C, 0xF77C, 0xF77C, 0xF77C, 0xF77C, 0xF77C,
  0xF77C, 0xF77C, 0xF77C, 0xF77C, 0xF77C, 0xF77C, 0xEF5B, 0xF77C, 0xCE58, 0x9515, 0xA1A6, 0xD1C6, 0x8924, 0xD0E4, 0x9166, 0xD0C4,
  0xB082, 0xB082, 0xD862, 0x5841, 0x50C3, 0x940F, 0xEF5B, 0xEF5B, 0xF77C, 0xF77C, 0xF77C, 0xF77C, 0xF77C, 0xF77C, 0xF77C, 0xF77C,
  0xF77C, 0xF77C, 0xF77C, 0xF77C, 0xF77C, 0xF77C, 0xF77C, 0xF77C, 0xF77C, 0xF77C, 0xF77C, 0xF77C, 0xEF5B, 0xF77C, 0xB5B6, 0x9472,
  0xB924, 0xE986, 0xA925, 0x6104, 0x98C3, 0xE842, 0xC042, 0xB082, 0xC021, 0x4021, 0x6104, 0xCE17, 0xF77C, 0xEF5B, 0xF77C, 0xF77C,
  0xF77C, 0xF77C, 0xF77C, 0xF77C, 0xF77C, 0xF77C, 0xF77C, 0xF77C, 0xF77C, 0xF77C, 0xF77C, 0xF77C, 0xF77C, 0xF77C, 0xF77C, 0xF77C,
  0xF77C, 0xF77C, 0xF77C, 0xEF3B, 0xB5D7, 0x938E, 0xB944, 0xD062, 0xF0A3, 0x9945, 0xA8C3, 0xE042, 0xC165, 0x99A6, 0x9269, 0x5904,
  0x7207, 0xEF5B, 0xF77C, 0xF77C, 0xF77C, 0xF77C, 0xF77C, 0xF77C, 0xF77C, 0xF77C, 0xF77C, 0xF77C, 0xF77C, 0xF77C, 0xF77C, 0xF77C,
  0xF77C, 0xF77C, 0xF77C, 0xF77C, 0xF77C, 0xF77C, 0xF77C, 0xEF5B, 0xF77C, 0xDE99, 0xADD7, 0x92AA, 0xE924, 0xD0A3, 0xD8A3, 0xC986,
  0x8269, 0x9A28, 0xBA89, 0xB145, 0x8B4D, 0x6945, 0x8B6D, 0xF77C, 0xEF5B, 0xF77C, 0xF77C, 0xF77C, 0xF77C, 0xF77C, 0xF77C, 0xF77C,
  0xF77C, 0xF77C, 0xF77C, 0xF77C, 0xF77C, 0xF77C, 0xF77C, 0xF77C, 0xF77C, 0xF77C, 0xF77C, 0xF77C, 0xF77C, 0xEF5B, 0xF77C, 0xBDF6,
  0xA575, 0x8A27, 0xA228, 0x8965, 0xA145, 0x8166, 0xAA49, 0xE945, 0xE8A3, 0xA801, 0x7249, 0x7125, 0xAD33, 0xF77C, 0xEF5B, 0xF77C,
  0xF77C, 0xF77C, 0xF77C, 0xF77C, 0xF77C, 0xF77C, 0xF77C, 0xF77C, 0xF77C, 0xF77C, 0xF77C, 0xF77C, 0xF77C, 0xF77C, 0xF77C, 0xF77C,
  0xF77C, 0xF77C, 0xF77C, 0xF77C, 0xEF5B, 0xAD96, 0x9C30, 0xA289, 0xA904, 0xC842, 0xC863, 0x99C7, 0xD083, 0xC021, 0xC862, 0x8041,
  0x5924, 0x8208, 0xE71A, 0xF77C, 0xEF5B, 0xF77C, 0xF77C, 0xF77C, 0xF77C, 0xF77C, 0xF77C, 0xF77C, 0xF77C, 0xF77C, 0xF77C, 0xF77C,
  0xF77C, 0xF77C, 0xF77C, 0xF77C, 0xF77C, 0xF77C, 0xF77C, 0xF77C, 0xEF5B, 0xF77C, 0xDEDA, 0xADD7, 0x92CB, 0xE289, 0xD042, 0xD042,
  0xB166, 0xB208, 0xD042, 0xB882, 0xC041, 0x5882, 0x89A6, 0x9BAE, 0xF77C, 0xEF5B, 0xF77C, 0xF77C, 0xF77C, 0xF77C, 0xF77C, 0xF77C,
  0xF77C, 0xF77C, 0xF77C, 0xF77C, 0xF77C, 0xF77C, 0xF77C, 0xF77C, 0xF77C, 0xF77C, 0xF77C, 0xF77C, 0xF77C, 0xF77C, 0xEF5B, 0xF77C,
  0xC617, 0xA596, 0xA248, 0xD965, 0xC841, 0xD042, 0xAA8A, 0xD105, 0xC841, 0xB821, 0xA841, 0x50C3, 0x91E7, 0xACF3, 0xEF5B, 0xEF5B,
  0xF77C, 0xF77C, 0xF77C, 0xF77C, 0xF77C, 0xF77C, 0xF77C, 0xF77C, 0xF77C, 0xF77C, 0xF77C, 0xF77C, 0xF77C, 0xF77C, 0xF77C, 0xF77C,
  0xF77C, 0xF77C, 0xF77C, 0xF77C, 0xF77C, 0xF77C, 0xB5D7, 0x94B3, 0xB9A5, 0xE0C4, 0xC001, 0xC062, 0xAB4C, 0xC862, 0xD062, 0xD041,
  0x8821, 0x58C3, 0x8A08, 0xD699, 0xF77C, 0xEF5B, 0xF77C, 0xF77C, 0xF77C, 0xF77C, 0xF77C, 0xF77C, 0xF77C, 0xF77C, 0xF77C, 0xF77C,
  0xF77C, 0xF77C, 0xF77C, 0xF77C, 0xF77C, 0xF77C, 0xF77C, 0xF77C, 0xF77C, 0xF77C, 0xF77C, 0xEF3B, 0xADD7, 0x9BEF, 0xB9C6, 0xA28A,
  0xA0A3, 0xA9C7, 0xB2AA, 0xC021, 0xC862, 0xE021, 0x6882, 0x89E7, 0x9B4D, 0xF77C, 0xF75B, 0xF77C, 0xF77C, 0xF77C, 0xF77C, 0xF77C,
  0xF77C, 0xF77C, 0xF77C, 0xF77C, 0xF77C, 0xF77C, 0xF77C, 0xF77C, 0xF77C, 0xF77C, 0xF77C, 0xF77C, 0xF77C, 0xF77C, 0xF77C, 0xEF5B,
  0xF77C, 0xC617, 0x9D96, 0x9B0C, 0xA2EB, 0xAAAA, 0xB0C3, 0x7945, 0x9862, 0xD862, 0xC082, 0xB821, 0x6186, 0x9A29, 0xB4D2, 0xF77C,
  0xEF5B, 0xF77C, 0xF77C, 0xF77C, 0xF77C, 0xF77C, 0xF77C, 0xF77C, 0xF77C, 0xF77C, 0xF77C, 0xF77C, 0xF77C, 0xF77C, 0xF77C, 0xF77C,
  0xF77C, 0xF77C, 0xF77C, 0xF77C, 0xF77C, 0xEF5B, 0xF77C, 0xAD96, 0x9515, 0x9289, 0xB1E7, 0xD042, 0xE042, 0x90C3, 0xA021, 0xC821,
  0xC882, 0x9882, 0x9BAE, 0x9A28, 0xC5F6, 0xF77C, 0xEF5B, 0xF77C, 0xF77C, 0xF77C, 0xF77C, 0xF77C, 0xF77C, 0xF77C, 0xF77C, 0xF77C,
  0xF77C, 0xF77C, 0xF77C, 0xF77C, 0xF77C, 0xF77C, 0xF77C, 0xF77C, 0xF77C, 0xF77C, 0xF77C, 0xF77C, 0xEF5B, 0xA576, 0x9CD3, 0x8144,
  0xC883, 0xD021, 0xB862, 0x80C3, 0xB021, 0xC042, 0xC862, 0x8124, 0xA34C, 0x9269, 0xEF3B, 0xF75B, 0xF77C, 0xF77C, 0xF77C, 0xF77C,
  0xF77C, 0xF77C, 0xF77C, 0xF77C, 0xF77C, 0xF77C, 0xF77C, 0xF77C, 0xF77C, 0xF77C, 0xF77C, 0xF77C, 0xF77C, 0xF77C, 0xF77C, 0xF77C,
  0xEF5B, 0xF77C, 0xDEB9, 0xA576, 0xB4F3, 0x7965, 0x8186, 0xC841, 0xC042, 0x78A2, 0x8821, 0xB042, 0xC062, 0x81A6, 0x9228, 0x9BAD,
  0xF77C, 0xEF5B, 0xF77C, 0xF77C, 0xF77C, 0xF77C, 0xF77C, 0xF77C, 0xF77C, 0xF77C, 0xF77C, 0xF77C, 0xF77C, 0xF77C, 0xF77C, 0xF77C,
  0xF77C, 0xF77C, 0xF77C, 0xF77C, 0xF77C, 0xF77C, 0xEF5B, 0xEF5B, 0xBDF7, 0xA576, 0x82AA, 0x8925, 0x8A08, 0x81E7, 0x9104, 0xA0E4,
  0x8841, 0xC821, 0xB821, 0x8249, 0x9228, 0xBD95, 0xF77C, 0xEF5B, 0xF77C, 0xF77C, 0xF77C, 0xF77C, 0xF77C, 0xF77C, 0xF77C, 0xF77C,
  0xF77C, 0xF77C, 0xF77C, 0xF77C, 0xF77C, 0xF77C, 0xF77C, 0xF77C, 0xF77C, 0xF77C, 0xF77C, 0xF77C, 0xF77C, 0xF77C, 0xA576, 0xA575,
  0x80C3, 0x9A49, 0x7166, 0x60E4, 0x9A69, 0x7186, 0x9042, 0xE000, 0xAA48, 0xA3EF, 0x8228, 0xE6FA, 0xF77C, 0xEF5B, 0xF77C, 0xF77C,
  0xF77C, 0xF77C, 0xF77C, 0xF77C, 0xF77C, 0xF77C, 0xF77C, 0xF77C, 0xF77C, 0xF77C, 0xF77C, 0xF77C, 0xF77C, 0xF77C, 0xF77C, 0xF77C,
  0xF77C, 0xEF5B, 0xF77C, 0xDEFA, 0xA597, 0x9C50, 0xA0C4, 0x92CA, 0xA0C4, 0xA229, 0xA0A3, 0x7883, 0x7061, 0x88A3, 0x63B0, 0x8AEB,
  0x832C, 0xEF5B, 0xF75B, 0xF77C, 0xF77C, 0xF77C, 0xF77C, 0xF77C, 0xF77C, 0xF77C, 0xF77C, 0xF77C, 0xF77C, 0xF77C, 0xF77C, 0xF77C,
  0xF77C, 0xF77C, 0xF77C, 0xF77C, 0xF77C, 0xF77C, 0xF77C, 0xEF5B, 0xF77C, 0xC637, 0xAE18, 0x9B0B, 0x9904, 0x7083, 0x68E4, 0xAB4D,
  0xB042, 0xA861, 0x72AA, 0x018D, 0x424C, 0x82CA, 0x9CB1, 0xF77C, 0xEF5B, 0xF77C, 0xF77C, 0xF77C, 0xF77C, 0xF77C, 0xF77C, 0xF77C,
  0xF77C, 0xF77C, 0xF77C, 0xF77C, 0xF77C, 0xF77C, 0xF77C, 0xF77C, 0xF77C, 0xF77C, 0xF77C, 0xF77C, 0xF77C, 0xEF5B, 0xF77C, 0xBE18,
  0xA596, 0x8A89, 0xA925, 0xC021, 0x5904, 0xA125, 0xC821, 0x7A28, 0x3C57, 0x11AD, 0x93EE, 0x72AA, 0xCE78, 0xF77C, 0xEF5B, 0xF77C,
  0xF77C, 0xF77C, 0xF77C, 0xF77C, 0xF77C, 0xF77C, 0xF77C, 0xF77C, 0xF77C, 0xF77C, 0xF77C, 0xF77C, 0xF77C, 0xF77C, 0xF77C, 0xF77C,
  0xF77C, 0xF77C, 0xF77C, 0xF77C, 0xEF3B, 0xADF8, 0x9C92, 0x91E7, 0xB082, 0xC842, 0xAA28, 0xB165, 0xB861, 0x5B50, 0x01D0, 0x216A,
  0x836C, 0x62AB, 0xEF5B, 0xF75B, 0xF77C, 0xF77C, 0xF77C, 0xF77C, 0xF77C, 0xF77C, 0xF77C, 0xF77C, 0xF77C, 0xF77C, 0xF77C, 0xF77C,
  0xF77C, 0xF77C, 0xF77C, 0xF77C, 0xF77C, 0xF77C, 0xF77C, 0xF77C, 0xEF5B, 0xF77C, 0xDEB9, 0xA5D8, 0x92CB, 0xA965, 0xC882, 0xD883,
  0xA986, 0xB904, 0xC986, 0x22D0, 0x014C, 0x322C, 0x6269, 0x83CF, 0xF77C, 0xEF5B, 0xF77C, 0xF77C, 0xF77C, 0xF77C, 0xF77C, 0xF77C,
  0xF77C, 0xF77C, 0xF77C, 0xF77C, 0xF77C, 0xF77C, 0xF77C, 0xF77C, 0xF77C, 0xF77C, 0xF77C, 0xF77C, 0xF77C, 0xF77C, 0xEF5B, 0xEF5B,
  0xC638, 0x9D55, 0x99E7, 0xC965, 0xC021, 0xD842, 0x9083, 0xA021, 0x8229, 0x0A2F, 0x00C8, 0x632D, 0x628A, 0xB595, 0xF77C, 0xEF5B,
  0xF77C, 0xF77C, 0xF77C, 0xF77C, 0xF77C, 0xF77C, 0xF77C, 0xF77C, 0xF77C, 0xF77C, 0xF77C, 0xF77C, 0xF77C, 0xF77C, 0xF77C, 0xF77C,
  0xF77C, 0xF77C, 0xF77C, 0xF77C, 0xF77C, 0xF77C, 0xBE39, 0x9C92, 0xB1C6, 0xC8E4, 0xB021, 0xC041, 0x88A3, 0xA881, 0x49EB, 0x01F0,
  0x1129, 0x630C, 0x5A69, 0xDED9, 0xF77C, 0xEF5B, 0xF77C, 0xF77C, 0xF77C, 0xF77C, 0xF77C, 0xF77C, 0xF77C, 0xF77C, 0xF77C, 0xF77C,
  0xF77C, 0xF77C, 0xF77C, 0xF77C, 0xF77C, 0xF77C, 0xF77C, 0xF77C, 0xF77C, 0xEF7B, 0xF77C, 0xE6FA, 0xB5F8, 0x9BCE, 0xC9C5, 0xB800,
  0xC801, 0xC021, 0x8862, 0x8903, 0x3313, 0x01F0, 0x1948, 0x5A8A, 0x736D, 0xF77C, 0xEF5B, 0xF77C, 0xF77C, 0xF77C, 0xF77C, 0xF77C,
  0xF77C, 0xF77C, 0xF77C, 0xF77C, 0xF77C, 0xF77C, 0xF77C, 0xF77C, 0xF77C, 0xF77C, 0xF77C, 0xF77C, 0xF77C, 0xF77C, 0xF77C, 0xEF5B,
  0xF77C, 0xD678, 0xADF8, 0xB36C, 0xC9E6, 0x88E3, 0xA986, 0xB0E4, 0xA021, 0x6A6B, 0x1231, 0x014D, 0x2168, 0x5A69, 0xA4F3, 0xF77C,
  0xEF5B, 0xF77C, 0xF77C, 0xF77C, 0xF77C, 0xF77C, 0xF77C, 0xF77C, 0xF77C, 0xF77C, 0xF77C, 0xF77C, 0xF77C, 0xF77C, 0xF77C, 0xF77C,
  0xF77C, 0xF77C, 0xF77C, 0xF77C, 0xF77C, 0xEF5B, 0xF77C, 0xBE17, 0xA535, 0xA269, 0x81E8, 0x9125, 0xB1E8, 0x81C8, 0x8021, 0x5B0F,
  0x0232, 0x010B, 0x31A8, 0x5228, 0xC637, 0xF77C, 0xEF5B, 0xF77C, 0xF77C, 0xF77C, 0xF77C, 0xF77C, 0xF77C, 0xF77C, 0xF77C, 0xF77C,
  0xF77C, 0xF77C, 0xF77C, 0xF77C, 0xF77C, 0xF77C, 0xF77C, 0xF77C, 0xF77C, 0xF77C, 0xEF5B, 0xF77C, 0xEF3B, 0xADB7, 0xA3CF, 0xB186,
  0xA821, 0xA821, 0x9863, 0x9946, 0x9A48, 0x3B53, 0x0232, 0x0909, 0x4A09, 0x62AA, 0xEF3B, 0xF75B, 0xEF5B, 0xF77C, 0xF77C, 0xF77C,
  0xF77C, 0xF77C, 0xF77C, 0xF77C, 0xF77C, 0xF77C, 0xF77C, 0xF77C, 0xF77C, 0xF77C, 0xF77C, 0xF77C, 0xF77C, 0xF77C, 0xF77C, 0xF77C,
  0xEF5B, 0xF77C, 0xD699, 0xA596, 0x9ACA, 0xA965, 0x8986, 0x81A7, 0x88A3, 0xA966, 0xCDB6, 0x1AD2, 0x01AE, 0x320B, 0x5A29, 0x7BCF,
  0xF77C, 0xEF5B, 0xF77C, 0xF77C, 0xF77C, 0xF77C, 0xF77C, 0xF77C, 0xF77C, 0xF77C, 0xF77C, 0xF77C, 0xF77C, 0xF77C, 0xF77C, 0xF77C,
  0xF77C, 0xF77C, 0xF77C, 0xF77C, 0xF77C, 0xF77C, 0xEF5B, 0xF77C, 0xBDD6, 0x9D14, 0x8A8A, 0xA167, 0xB8E3, 0xB862, 0xC001, 0xC821,
  0x6B0E, 0x01CE, 0x00E9, 0x62EC, 0x5208, 0xB5B5, 0xF77C, 0xEF5B, 0xF77C, 0xF77C, 0xF77C, 0xF77C, 0xF77C, 0xF77C, 0xF77C, 0xF77C,
  0xF77C, 0xF77C, 0xF77C, 0xF77C, 0xF77C, 0xF77C, 0xF77C, 0xF77C, 0xF77C, 0xF77C, 0xF77C, 0xF77C, 0xF77C, 0xF77C, 0xA576, 0x93CF,
  0xC165, 0xC062, 0xB800, 0xA801, 0xB862, 0xA8C3, 0x4351, 0x016E, 0x1129, 0x6B0C, 0x5269, 0xE71A, 0xF77C, 0xEF5B, 0xF77C, 0xF77C,
  0xF77C, 0xF77C, 0xF77C, 0xF77C, 0xF77C, 0xF77C, 0xF77C, 0xF77C, 0xF77C, 0xF77C, 0xF77C, 0xF77C, 0xF77C, 0xF77C, 0xF77C, 0xF77C,
  0xF77C, 0xEF5B, 0xF77C, 0xE71A, 0x9D55, 0x9B0C, 0xC0C3, 0xC000, 0xC000, 0xC021, 0xC801, 0xA28A, 0x2B12, 0x012C, 0x3A4C, 0x736D,
  0x630C, 0xF77C, 0xEF5B, 0xF77C, 0xF77C, 0xF77C, 0xF77C, 0xF77C, 0xF77C, 0xF77C, 0xF77C, 0xF77C, 0xF77C, 0xF77C, 0xF77C, 0xF77C,
  0xF77C, 0xF77C, 0xF77C, 0xF77C, 0xF77C, 0xF77C, 0xF77C, 0xEF5B, 0xF77C, 0xC617, 0x94F4, 0xAA28, 0xD0C3, 0xB000, 0xB800, 0xB841,
  0xC800, 0x8BD0, 0x020F, 0x00EA, 0x632D, 0x4A8B, 0x9492, 0xF77C, 0xEF5B, 0xF77C, 0xF77C, 0xF77C, 0xF77C, 0xF77C, 0xF77C, 0xF77C,
  0xF77C, 0xF77C, 0xF77C, 0xF77C, 0xF77C, 0xF77C, 0xF77C, 0xF77C, 0xF77C, 0xF77C, 0xF77C, 0xF77C, 0xF77C, 0xEF5B, 0xF77C, 0xAD55,
  0x8410, 0xA8E4, 0xB041, 0xA800, 0xA821, 0xB821, 0xB8A2, 0x4B30, 0x01AF, 0x114B, 0x5B0C, 0x31C8, 0xCE58, 0xF77C, 0xEF5B, 0xF77C,
  0xF77C, 0xF77C, 0xF77C, 0xF77C, 0xF77C, 0xF77C, 0xF77C, 0xF77C, 0xF77C, 0xF77C, 0xF77C, 0xF77C, 0xF77C, 0xF77C, 0xF77C, 0xF77C,
  0xF77C, 0xF77C, 0xEF5B, 0xF77C, 0xEF3B, 0xA555, 0x9410, 0xA144, 0x9104, 0xA862, 0xA000, 0xB821, 0x8125, 0x1A90, 0x01D0, 0x320C,
  0x52AB, 0x4A6A, 0xEF5B, 0xEF5B, 0xF77C, 0xF77C, 0xF77C, 0xF77C, 0xF77C, 0xF77C, 0xF77C, 0xF77C, 0xF77C, 0xF77C, 0xF77C, 0xF77C,
  0xF77C, 0xF77C, 0xF77C, 0xF77C, 0xF77C, 0xF77C, 0xF77C, 0xF77C, 0xEF5B, 0xF77C, 0xCE58, 0x9D15, 0xAC30, 0xB2CA, 0xAA07, 0x79C7,
  0x99C7, 0xD000, 0x69E9, 0x01F0, 0x016E, 0x52CD, 0x31C8, 0x8430, 0xF77C, 0xEF5B, 0xF77C, 0xF77C, 0xF77C, 0xF77C, 0xF77C, 0xF77C,
  0xF77C, 0xF77C, 0xF77C, 0xF77C, 0xF77C, 0xF77C, 0xF77C, 0xF77C, 0xF77C, 0xF77C, 0xF77C, 0xF77C, 0xF77C, 0xF77C, 0xEF5B, 0xF77C,
  0xB5B6, 0x94B3, 0xB208, 0xD104, 0xC000, 0xC862, 0xBA49, 0xBA07, 0x526C, 0x014C, 0x116B, 0x6B6E, 0x2987, 0xC637, 0xF77C, 0xEF5B,
  0xF77C, 0xF77C, 0xF77C, 0xF77C, 0xF77C, 0xF77C, 0xF77C, 0xF77C, 0xF77C, 0xF77C, 0xF77C, 0xF77C, 0xF77C, 0xF77C, 0xF77C, 0xF77C,
  0xF77C, 0xF77C, 0xF77C, 0xF77C, 0xEF5B, 0xF77C, 0xA535, 0x8BCF, 0xB185, 0xC062, 0xC041, 0xC800, 0xC000, 0x7ACC, 0x2290, 0x09AD,
  0x324D, 0x632D, 0x3A09, 0xEF5B, 0xEF5B, 0xF77C, 0xF77C, 0xF77C, 0xF77C, 0xF77C, 0xF77C, 0xF77C, 0xF77C, 0xF77C, 0xF77C, 0xF77C,
  0xF77C, 0xF77C, 0xF77C, 0xF77C, 0xF77C, 0xF77C, 0xF77C, 0xF77C, 0xF77C, 0xEF5B, 0xF77C, 0xE6FA, 0x8CB3, 0x828A, 0xB903, 0xB001,
  0xC021, 0xB0C2, 0x7BB0, 0x1B34, 0x012B, 0x014C, 0x4ACE, 0x630C, 0x73AE, 0xF77C, 0xEF5B, 0xF77C, 0xF77C, 0xF77C, 0xF77C, 0xF77C,
  0xF77C, 0xF77C, 0xF77C, 0xF77C, 0xF77C, 0xF77C, 0xF77C, 0xF77C, 0xF77C, 0xF77C, 0xF77C, 0xF77C, 0xF77C, 0xF77C, 0xF77C, 0xEF5B,
  0xF77C, 0xCE37, 0x8CD4, 0xA248, 0xB8A2, 0xB800, 0xA124, 0x53D3, 0x0AF4, 0x018F, 0x016D, 0x010A, 0x5B0D, 0x424A, 0xAD75, 0xF77C,
  0xEF5B, 0xF77C, 0xF77C, 0xF77C, 0xF77C, 0xF77C, 0xF77C, 0xF77C, 0xF77C, 0xF77C, 0xF77C, 0xF77C, 0xF77C, 0xF77C, 0xF77C, 0xF77C,
  0xF77C, 0xF77C, 0xF77C, 0xF77C, 0xF77C, 0xEF5B, 0xF77C, 0xAD75, 0x73D0, 0xA924, 0xC820, 0x91E8, 0x3415, 0x01EF, 0x014D, 0x018E,
  0x012C, 0x010A, 0x424A, 0x31C8, 0xDEDA, 0xF77C, 0xEF5B, 0xF77C, 0xF77C, 0xF77C, 0xF77C, 0xF77C, 0xF77C, 0xF77C, 0xF77C, 0xF77C,
  0xF77C, 0xF77C, 0xF77C, 0xF77C, 0xF77C, 0xF77C, 0xF77C, 0xF77C, 0xF77C, 0xF77C, 0xF77C, 0xF77C, 0xEF5B, 0x8CD4, 0x7249, 0xC060,
  0x7A6B, 0x1B96, 0x01AF, 0x014C, 0x016D, 0x01AE, 0x014D, 0x196A, 0x31E8, 0x5AEC, 0xF77C, 0xEF5B, 0xF77C, 0xF77C, 0xF77C, 0xF77C,
  0xF77C, 0xF77C, 0xF77C, 0xF77C, 0xF77C, 0xF77C, 0xF77C, 0xF77C, 0xF77C, 0xF77C, 0xF77C, 0xF77C, 0xF77C, 0xF77C, 0xF77C, 0xF77C,
  0xEF5B, 0xF77C, 0xDEB9, 0x7432, 0x7A07, 0x526D, 0x0B77, 0x01B0, 0x018E, 0x018E, 0x018F, 0x016D, 0x00EA, 0x5B2E, 0x31E8, 0x8C71,
  0xF77C, 0xEF5B, 0xF77C, 0xF77C, 0xF77C, 0xF77C, 0xF77C, 0xF77C, 0xF77C, 0xF77C, 0xF77C, 0xF77C, 0xF77C, 0xF77C, 0xF77C, 0xF77C,
  0xF77C, 0xF77C, 0xF77C, 0xF77C, 0xF77C, 0xF77C, 0xEF5B, 0xF77C, 0xAD76, 0x7411, 0x74D6, 0x0B37, 0x01D0, 0x01CF, 0x01D0, 0x01AF,
  0x018E, 0x014C, 0x116A, 0x8410, 0x2987, 0xD699, 0xF77C, 0xEF5B, 0xF77C, 0xF77C, 0xF77C, 0xF77C, 0xF77C, 0xF77C, 0xF77C, 0xF77C,
  0xF77C, 0xF77C, 0xF77C, 0xF77C, 0xF77C, 0xF77C, 0xF77C, 0xF77C, 0xF77C, 0xF77C, 0xF77C, 0xF77C, 0xEF5B, 0xF77C, 0x8CB3, 0x73F1,
  0x2355, 0x01F1, 0x01F0, 0x0212, 0x01F1, 0x01D0, 0x01AE, 0x014C, 0x320C, 0x5B0C, 0x5B0C, 0xF77C, 0xEF5B, 0xF77C, 0xF77C, 0xF77C,
  0xF77C, 0xF77C, 0xF77C, 0xF77C, 0xF77C, 0xF77C, 0xF77C, 0xF77C, 0xF77C, 0xF77C, 0xF77C, 0xF77C, 0xF77C, 0xF77C, 0xF77C, 0xF77C,
  0xF77C, 0xF77C, 0xEF7C, 0xEF3B, 0x7411, 0x534F, 0x0AD5, 0x018F, 0x01CF, 0x01F0, 0x01D0, 0x016E, 0x014C, 0x010A, 0x5B0D, 0x632C,
  0xA534, 0xF77C, 0xEF5B, 0xF77C, 0xF77C, 0xF77C, 0xF77C, 0xF77C, 0xF77C, 0xF77C, 0xF77C, 0xF77C, 0xF77C, 0xF77C, 0xF77C, 0xF77C,
  0xF77C, 0xF77C, 0xF77C, 0xF77C, 0xF77C, 0xF77C, 0xF77C, 0xEF5B, 0xF77C, 0xCE79, 0x638F, 0x3B51, 0x02B4, 0x014D, 0x01CF, 0x01F0,
  0x016D, 0x018E, 0x018D, 0x00E9, 0x5B0D, 0x424A, 0xDEB9, 0xF77C, 0xEF5B, 0xF77C, 0xF77C, 0xF77C, 0xF77C, 0xF77C, 0xF77C, 0xF77C,
  0xF77C, 0xF77C, 0xF77C, 0xF77C, 0xF77C, 0xF77C, 0xF77C, 0xF77C, 0xF77C, 0xF77C, 0xF77C, 0xF77C, 0xF77C, 0xEF5B, 0xEF5B, 0xA535,
  0x638F, 0x22B1, 0x0232, 0x01F0, 0x01D0, 0x018E, 0x01CF, 0x016D, 0x014B, 0x198B, 0x424A, 0x424A, 0xF77C, 0xEF5B, 0xF77C, 0xF77C,
  0xF77C, 0xF77C, 0xF77C, 0xF77C, 0xF77C, 0xF77C, 0xF77C, 0xF77C, 0xF77C, 0xF77C, 0xF77C, 0xF77C, 0xF77C, 0xF77C, 0xF77C, 0xF77C,
  0xF77C, 0xF77C, 0xF77C, 0xEF7C, 0xF77C, 0x8452, 0x6BD0, 0x12F4, 0x01F0, 0x01D0, 0x01F0, 0x09CF, 0x014D, 0x016C, 0x012C, 0x42AE,
  0x31C8, 0x8430, 0xF77C, 0xEF5B, 0xF77C, 0xF77C, 0xF77C, 0xF77C, 0xF77C, 0xF77C, 0xF77C, 0xF77C, 0xF77C, 0xF77C, 0xF77C, 0xF77C,
  0xF77C, 0xF77C, 0xF77C, 0xF77C, 0xF77C, 0xF77C, 0xF77C, 0xF77C, 0xEF5B, 0xF77C, 0xDEDA, 0x638F, 0x7494, 0x0272, 0x018E, 0x01D0,
  0x018D, 0x016D, 0x012C, 0x010A, 0x010B, 0x4AAC, 0x2167, 0xBDF6, 0xF77C, 0xEF5B, 0xF77C, 0xF77C, 0xF77C, 0xF77C, 0xF77C, 0xF77C,
  0xF77C, 0xF77C, 0xF77C, 0xF77C, 0xF77C, 0xF77C, 0xF77C, 0xF77C, 0xF77C, 0xF77C, 0xF77C, 0xF77C, 0xF77C, 0xF77C, 0xEF5B, 0xF77C,
  0xAD95, 0x636F, 0x5C76, 0x0293, 0x018E, 0x01AE, 0x016D, 0x014B, 0x012B, 0x012C, 0x08E9, 0x4A6B, 0x424A, 0xEF5B, 0xEF5B, 0xF77C,
  0xF77C, 0xF77C, 0xF77C, 0xF77C, 0xF77C, 0xF77C, 0xF77C, 0xF77C, 0xF77C, 0xF77C, 0xF77C, 0xF77C, 0xF77C, 0xF77C, 0xF77C, 0xF77C,
  0xF77C, 0xF77C, 0xF77C, 0xF77C, 0xEF5B, 0xF77C, 0x8472, 0x638F, 0x3417, 0x01F0, 0x01AF, 0x018E, 0x016D, 0x014C, 0x018F, 0x08EA,
  0x5B0D, 0x52AB, 0x8451, 0xF77C, 0xEF5B, 0xF77C, 0xF77C, 0xF77C, 0xF77C, 0xF77C, 0xF77C, 0xF77C, 0xF77C, 0xF77C, 0xF77C, 0xF77C,
  0xF77C, 0xF77C, 0xF77C, 0xF77C, 0xF77C, 0xF77C, 0xF77C, 0xF77C, 0xF77C, 0xF77C, 0xF77C, 0xF77C, 0x636E, 0x63D1, 0x1335, 0x01AE,
  0x016D, 0x014C, 0x018E, 0x016D, 0x31EB, 0x8431, 0x6BB0, 0x3A0A, 0xBDF6, 0xF77C, 0xEF5B, 0xF77C, 0xF77C, 0xF77C, 0xF77C, 0xF77C,
  0xF77C, 0xF77C, 0xF77C, 0xF77C, 0xF77C, 0xF77C, 0xF77C, 0xF77C, 0xF77C, 0xF77C, 0xF77C, 0xF77C, 0xF77C, 0xF77C, 0xF77C, 0xEF5B,
  0xF77C, 0xD679, 0x52EC, 0x3B52, 0x0273, 0x012C, 0x018E, 0x016C, 0x00C8, 0x31C9, 0x8C51, 0x52EC, 0x1947, 0x1106, 0xC617, 0xF77C,
  0xEF5B, 0xF77C, 0xF77C, 0xF77C, 0xF77C, 0xF77C, 0xF77C, 0xF77C, 0xF77C, 0xF77C, 0xF77C, 0xF77C, 0xF77C, 0xF77C, 0xF77C, 0xF77C,
  0xF77C, 0xF77C, 0xF77C, 0xF77C, 0xF77C, 0xEF5B, 0xF77C, 0x9D14, 0x52AB, 0x2B75, 0x0211, 0x016D, 0x016D, 0x00A8, 0x31A9, 0x52EC,
  0x31C8, 0x10E5, 0x1926, 0x94D3, 0xEF5B, 0xEF5B, 0xF77C, 0xF77C, 0xF77C, 0xF77C, 0xF77C, 0xF77C, 0xF77C, 0xF77C, 0xF77C, 0xF77C,
  0xF77C, 0xF77C, 0xF77C, 0xF77C, 0xF77C, 0xF77C, 0xF77C, 0xF77C, 0xF77C, 0xF77C, 0xF77C, 0xEF5B, 0xF77C, 0x73CF, 0x636F, 0x1AF4,
  0x016D, 0x016E, 0x1129, 0x424B, 0x4A8B, 0x3A09, 0x10C4, 0x4229, 0xD678, 0xF77C, 0xEF5B, 0xF77C, 0xF77C, 0xF77C, 0xF77C, 0xF77C,
  0xF77C, 0xF77C, 0xF77C, 0xF77C, 0xF77C, 0xF77C, 0xF77C, 0xF77C, 0xF77C, 0xF77C, 0xF77C, 0xF77C, 0xF77C, 0xF77C, 0xF77C, 0xF77C,
  0xF77C, 0xF77C, 0xEF5B, 0x52AB, 0x5BB1, 0x0272, 0x092A, 0x530E, 0x5AEC, 0x424A, 0x2146, 0x10C4, 0x634D, 0xEF5B, 0xF77C, 0xEF5B,
  0xF77C, 0xF77C, 0xF77C, 0xF77C, 0xF77C, 0xF77C, 0xF77C, 0xF77C, 0xF77C, 0xF77C, 0xF77C, 0xF77C, 0xF77C, 0xF77C, 0xF77C, 0xF77C,
  0xF77C, 0xF77C, 0xF77C, 0xF77C, 0xF77C, 0xF77C, 0xEF5B, 0xF77C, 0xBDF7, 0x3A2A, 0x43F5, 0x09CE, 0x8430, 0x5B2D, 0x29A8, 0x1906,
  0x1926, 0x9CD3, 0xF77C, 0xEF5B, 0xEF5B, 0xF77C, 0xF77C, 0xF77C, 0xF77C, 0xF77C, 0xF77C, 0xF77C, 0xF77C, 0xF77C, 0xF77C, 0xF77C,
  0xF77C, 0xF77C, 0xF77C, 0xF77C, 0xF77C, 0xF77C, 0xF77C, 0xF77C, 0xF77C, 0xF77C, 0xF77C, 0xF77C, 0xEF5B, 0xF77C, 0x8C71, 0x428C,
  0x22B1, 0x426B, 0x3A09, 0x2146, 0x08C4, 0x3A29, 0xCE58, 0xF77C, 0xEF5B, 0xEF5B, 0xF77C, 0xF77C, 0xF77C, 0xF77C, 0xF77C, 0xF77C,
  0xF77C, 0xF77C, 0xF77C, 0xF77C, 0xF77C, 0xF77C, 0xF77C, 0xF77C, 0xF77C, 0xF77C, 0xF77C, 0xF77C, 0xF77C, 0xF77C, 0xF77C, 0xF77C,
  0xF77C, 0xF77C, 0xEF5B, 0xF77C, 0x634D, 0x428C, 0x530D, 0x52AB, 0x1926, 0x08C4, 0x6B8E, 0xEF3B, 0xF77C, 0xEF5B, 0xF77C, 0xF77C,
  0xF77C, 0xF77C, 0xF77C, 0xF77C, 0xF77C, 0xF77C, 0xF77C, 0xF77C, 0xF77C, 0xF77C, 0xF77C, 0xF77C, 0xF77C, 0xF77C, 0xF77C, 0xF77C,
  0xF77C, 0xF77C, 0xF77C, 0xF77C, 0xF77C, 0xF77C, 0xF77C, 0xEF5B, 0xF77C, 0xEF5B, 0x632D, 0x9CD3, 0x7BEF, 0x1105, 0x2146, 0xA513,
  0xF77C, 0xF77C, 0xEF5B, 0xF77C, 0xF77C, 0xF77C, 0xF77C, 0xF77C, 0xF77C, 0xF77C, 0xF77C, 0xF77C, 0xF77C, 0xF77C, 0xF77C, 0xF77C,
  0xF77C, 0xF77C, 0xF77C, 0xF77C, 0xF77C, 0xF77C, 0xF77C, 0xF77C, 0xF77C, 0xF77C, 0xF77C, 0xF77C, 0xF77C, 0xF77C, 0xEF5B, 0xEF5B,
  0x6B8E, 0x52CB, 0x1126, 0x424A, 0xCE58, 0xF77C, 0xEF5B, 0xEF5B, 0xF77C, 0xF77C, 0xF77C, 0xF77C, 0xF77C, 0xF77C, 0xF77C, 0xF77C,
  0xF77C, 0xF77C, 0xF77C, 0xF77C, 0xF77C, 0xF77C, 0xF77C, 0xF77C, 0xF77C, 0xF77C, 0xF77C, 0xF77C, 0xF77C, 0xF77C, 0xF77C, 0xF77C,
  0xF77C, 0xF77C, 0xF77C, 0xF77C, 0xEF5B, 0xF77C, 0xCE37, 0xAD75, 0x8471, 0xEF3B, 0xF77C, 0xEF5B, 0xF77C, 0xF77C, 0xF77C, 0xF77C,
  0xF77C, 0xF77C, 0xF77C, 0xF77C, 0xF77C, 0xF77C, 0xF77C, 0xF77C, 0xF77C, 0xF77C, 0xF77C, 0xF77C, 0xF77C, 0xF77C, 0xF77C, 0xF77C,
  0xF77C, 0xF77C, 0xF77C, 0xF77C, 0xF77C, 0xF77C, 0xF77C, 0xF77C, 0xF77C, 0xF77C, 0xF77C, 0xF77C, 0xF77C, 0xF77C, 0xF77C, 0xF77C,
  0xEF5B, 0xF77C, 0xF77C, 0xF77C, 0xF77C, 0xF77C, 0xF77C, 0xF77C, 0xF77C, 0xF77C, 0xF77C, 0xF77C, 0xF77C, 0xF77C, 0xF77C, 0xF77C,
  0xF77C, 0xF77C, 0xF77C, 0xF77C, 0xF77C, 0xF77C, 0xF77C, 0xF77C, 0xF77C, 0xF77C, 0xF77C, 0xF77C, 0xF77C, 0xF77C,
};

// hero_img_8  33 x 85  (RGB565)
const uint16_t hero_img_8[] PROGMEM = {
  0xF77C, 0xF77C, 0xF77C, 0xF77C, 0xF77C, 0xF77C, 0xF77C, 0xEF5B, 0xEF5B, 0xEF5B, 0xEF5B, 0xEF5B, 0xEF5B, 0xEF5B, 0xEF5B, 0xEF5B,
  0xEF5B, 0xEF5B, 0xEF5B, 0xEF5B, 0xEF5B, 0xEF5B, 0xEF5B, 0xEF5B, 0xEF5B, 0xEF5B, 0xF77C, 0xF77C, 0xF77C, 0xF77C, 0xF77C, 0xF77C,
  0xF77C, 0xF77C, 0xF77C, 0xF77C, 0xF77C, 0xF77C, 0xF77C, 0xF77C, 0xF77C, 0xF77C, 0xF77C, 0xF77C, 0xF77C, 0xF77C, 0xF77C, 0xF77C,
  0xF77C, 0xF77C, 0xF77C, 0xF77C, 0xF77C, 0xF77C, 0xF77C, 0xF77C, 0xF77C, 0xF77C, 0xF77C, 0xEF5B, 0xF77C, 0xF77C, 0xF77C, 0xF77C,
  0xF77C, 0xF77C, 0xF77C, 0xF77C, 0xF77C, 0xF77C, 0xF77C, 0xF77C, 0xEF5B, 0xE71B, 0xEF3B, 0xE71B, 0xE71B, 0xEF3B, 0xEF3B, 0xEF3B,
  0xEF3B, 0xEF3B, 0xEF3B, 0xEF3B, 0xEF3B, 0xEF3B, 0xEF3B, 0xE71B, 0xDEDA, 0xDEDA, 0xDEFA, 0xDEDA, 0xF77C, 0xF77C, 0xF77C, 0xF77C,
  0xF77C, 0xF77C, 0xF77C, 0xF77C, 0xF77C, 0xF77C, 0xF77C, 0xF77C, 0xF77C, 0xBDF7, 0xDF1C, 0xEF9D, 0xE75D, 0xE75D, 0xEF7D, 0xE75D,
  0xEF5D, 0xE75D, 0xE77D, 0xE75D, 0xEF7D, 0xE75D, 0xEF7D, 0xEF7D, 0xE75D, 0xDF5D, 0xD6FC, 0xDF1C, 0xB596, 0xC617, 0xF77C, 0xEF5B,
  0xF77C, 0xF77C, 0xF77C, 0xF77C, 0xF77C, 0xF77C, 0xF77C, 0xEF5B, 0xF77C, 0xDEDA, 0xD6BB, 0xCE58, 0x9B8D, 0x8AEB, 0x9B8D, 0x9BEE,
  0x938D, 0x7ACA, 0x6A28, 0x7A89, 0xAC91, 0x6A28, 0x7228, 0x834C, 0x93CE, 0x6A49, 0x8AEB, 0x7208, 0x6289, 0xCE79, 0xAD55, 0xF77C,
  0xEF5B, 0xF77C, 0xF77C, 0xF77C, 0xF77C, 0xF77C, 0xF77C, 0xF77C, 0xEF5B, 0xF77C, 0xCE9A, 0xB596, 0x93AD, 0xB965, 0xE924, 0xD904,
  0xD925, 0xD8E3, 0xD0A3, 0xD082, 0xC945, 0xC32C, 0xE0E3, 0xD8A2, 0xD0C3, 0xD8C4, 0xD0C3, 0xD8C3, 0xE124, 0xBC30, 0x940F, 0xBDF8,
  0xCE58, 0xF77C, 0xEF5B, 0xF77C, 0xF77C, 0xF77C, 0xF77C, 0xF77C, 0xEF5B, 0xF77C, 0xD699, 0xCEDB, 0x89E7, 0xCACA, 0xB34D, 0xE0C4,
  0xE905, 0xF145, 0xE945, 0xE0E4, 0xF083, 0xE208, 0xE513, 0xF904, 0xE8E4, 0xF145, 0xF125, 0xE945, 0xE8A3, 0xCA29, 0xBBEF, 0xB841,
  0x8B4D, 0xCE9A, 0xEF3B, 0xF77C, 0xF77C, 0xF77C, 0xF77C, 0xF77C, 0xEF5B, 0xF77C, 0xEF3B, 0xC69A, 0xA472, 0xBA68, 0xE966, 0xB28A,
  0xC986, 0xF883, 0xE863, 0xE8A3, 0xE8E4, 0xD249, 0xB3EF, 0xBCF2, 0xBACB, 0xE1C7, 0xF0E4, 0xE8E4, 0xD8A3, 0xF0E4, 0x9AAA, 0xC9A6,
  0xF9C7, 0x8062, 0xADB6, 0xCE79, 0xF77C, 0xF77C, 0xF77C, 0xF77C, 0xF77C, 0xEF5B, 0xF77C, 0xCE58, 0xBE19, 0xA2EB, 0xE1E7, 0xE862,
  0xD966, 0xBB6D, 0xDA49, 0xC1E8, 0xC2EB, 0xBBCE, 0xBB0B, 0xDA07, 0xA1C6, 0xD208, 0xB30C, 0xBB2C, 0xCA28, 0xC965, 0xB229, 0xAA8A,
  0xF104, 0xD904, 0xC904, 0x82AA, 0xCE9A, 0xD698, 0xF77C, 0xEF5B, 0xF77C, 0xEF5B, 0xF77C, 0xE6FA, 0xB5F8, 0x9410, 0xCA27, 0xD083,
  0xD0E4, 0xE145, 0xA3CF, 0xAB2C, 0xBAAA, 0xBA08, 0xD125, 0xF0E4, 0xD125, 0xAACA, 0xF104, 0xE0A3, 0xC187, 0xA9C7, 0xC249, 0xA430,
  0xCA8A, 0xF104, 0xD0A3, 0xE125, 0xA124, 0xB5D7, 0xCE79, 0xF77C, 0xEF5B, 0xF77C, 0xEF5C, 0xF77C, 0xAD75, 0xA556, 0xB289, 0xD925,
  0xD0A3, 0xD8C4, 0xC145, 0x9B0B, 0xB1E7, 0xE883, 0xD8A3, 0xD8C4, 0xE0A3, 0xD9A7, 0xD430, 0xE0E4, 0xD8C4, 0xE0E4, 0xE083, 0xE125,
  0x9ACB, 0x9186, 0xE0A3, 0xC883, 0xD8C3, 0xD904, 0x7A08, 0xCEBB, 0xD699, 0xF77C, 0xEF5B, 0xF77C, 0xD699, 0x9D76, 0xA38E, 0xD9C6,
  0xD883, 0xD0A3, 0xD083, 0xA28A, 0xC945, 0xA269, 0xC946, 0xE0C3, 0xE0A3, 0xE8C3, 0xE186, 0xCBEF, 0xD8E4, 0xD8C4, 0xD8A3, 0xE8A3,
  0xAA6A, 0xC145, 0xA207, 0xC1C7, 0xE0C3, 0xD0A3, 0xE8E4, 0x9861, 0x8C10, 0xC659, 0xEF3B, 0xF77C, 0xEF5B, 0xA575, 0x9451, 0xB8E3,
  0xD8C3, 0xD0A3, 0xE082, 0xB966, 0xBBAE, 0xE0A3, 0xB945, 0xA1E8, 0xE883, 0xE083, 0xD8A3, 0xD165, 0xDC50, 0xD8A3, 0xD082, 0xD062,
  0xC904, 0xA28A, 0xE083, 0xB8C3, 0x7144, 0xF0C3, 0xD8C3, 0xD0A3, 0xC8E4, 0x7165, 0xBE59, 0xCE58, 0xF77C, 0xE6FA, 0x3A29, 0x8BAE,
  0xB904, 0xD082, 0xC062, 0xD883, 0xA28A, 0xC8E4, 0xE0E4, 0xD882, 0x99E7, 0xC0A3, 0xE0A4, 0xE105, 0xD9A7, 0xBB4C, 0xE8E4, 0xD8C3,
  0xD862, 0xAA69, 0xB945, 0xD082, 0xE8C4, 0x6861, 0xA8C3, 0xF0C3, 0xD8A3, 0xD062, 0x9165, 0x7C10, 0x6B6D, 0xF77C, 0xE6FA, 0x31E9,
  0x8B2C, 0x9965, 0x9145, 0xE904, 0xB0C4, 0xB1E8, 0xE8A3, 0xD082, 0xE0C3, 0xC1C7, 0xB289, 0xC36D, 0xC3CE, 0x9A8A, 0xBCF2, 0x9228,
  0xA2CA, 0xBB2C, 0xB269, 0xC862, 0xD083, 0xD8A3, 0xC8E4, 0x8A69, 0xD8C4, 0xD924, 0xA1E7, 0xA289, 0x5AAA, 0x4A6A, 0xEF5B, 0xE6FA,
  0x426A, 0x7208, 0xE8A3, 0xB0C3, 0x9A6A, 0x8A89, 0xD0C3, 0xE083, 0xC883, 0xC883, 0xC124, 0x9C91, 0xC617, 0xEF5B, 0xEF3B, 0xDED9,
  0xD6B9, 0xB5B5, 0x9CF2, 0xB1E7, 0xF083, 0xD0A3, 0xC082, 0xE883, 0xC986, 0xB42F, 0xBBEF, 0xD208, 0xB861, 0x4A49, 0x39E8, 0xE71A,
  0xE6FA, 0x52AB, 0x7269, 0xC083, 0xF0C3, 0xA2EB, 0x92CB, 0xCBAD, 0xC228, 0xC042, 0xD924, 0x6104, 0x4945, 0x93AE, 0xB554, 0xB595,
  0x9CD2, 0x9491, 0x8C30, 0x2966, 0x6AAA, 0xC0C3, 0xD882, 0xD0A3, 0xB9A6, 0xC3CE, 0xBD33, 0xC9A7, 0xE862, 0xA882, 0x4A69, 0x4A29,
  0xE6FA, 0xEEFA, 0x5AAA, 0x5965, 0xC882, 0xE082, 0xA9C7, 0xB1A7, 0xD925, 0xBB2C, 0xC30B, 0x9165, 0x3882, 0x60E4, 0xE699, 0xF77C,
  0xF77C, 0xF77C, 0xF77C, 0xF77C, 0xA534, 0x4A49, 0xAC2F, 0xD1C7, 0xAA69, 0xB34C, 0xC9C7, 0xA208, 0xC083, 0xD883, 0xA882, 0x528A,
  0x5A6A, 0xE6FA, 0xEEFA, 0x6A8A, 0x50A2, 0xD082, 0xE862, 0xC208, 0xC2AA, 0xE883, 0xD883, 0xC986, 0x834C, 0x5842, 0x93AE, 0xF77C,
  0xEF5B, 0xEF5B, 0xEF5B, 0xEF5B, 0xEF5B, 0xEF3B, 0x3966, 0x732C, 0xC4D2, 0xD186, 0xE883, 0xC862, 0xCC0F, 0xC062, 0xD882, 0x9862,
  0x528A, 0x628A, 0xE6FA, 0xEEFA, 0x7AEB, 0x6186, 0xC082, 0xE882, 0xD269, 0xD2CB, 0xD883, 0xC8A3, 0xA821, 0xA3CE, 0x8986, 0xD699,
  0xEF5B, 0xEF5B, 0xF77C, 0xF77C, 0xEF5B, 0xF77C, 0xE71A, 0x4A08, 0x938D, 0xB1C7, 0xF062, 0xD041, 0xC882, 0xC3AE, 0xC062, 0xC841,
  0x9041, 0x39A6, 0x6ACB, 0xE6FA, 0xE6FA, 0x830C, 0x69C7, 0xB062, 0xD082, 0xA9C7, 0xC1C7, 0xD883, 0xD0C3, 0xA841, 0x93AE, 0x91E8,
  0xD678, 0xF77C, 0xEF5B, 0xF77C, 0xF77C, 0xF77C, 0xEF5B, 0xF77C, 0xC533, 0xABEF, 0xAA48, 0xD8A3, 0xC841, 0xC8A3, 0x89A6, 0xC862,
  0xD082, 0xA061, 0x5AAA, 0x72EC, 0xE6FA, 0xE6DA, 0x9B4C, 0x6A48, 0xB042, 0xD0A3, 0xA208, 0xC945, 0xE082, 0xD862, 0xB841, 0x936C,
  0xA249, 0xDE98, 0xF77C, 0xEF5B, 0xF77C, 0xF77C, 0xF77C, 0xEF5B, 0xF77C, 0xD5B5, 0xB471, 0xC2EB, 0xD883, 0xC862, 0xC842, 0xB2AA,
  0xC0A3, 0xD862, 0x9861, 0x62EB, 0x7B2D, 0xE6FA, 0xE6DA, 0xA36D, 0x7A69, 0xC042, 0xC042, 0x99E8, 0xE062, 0xD861, 0xD8E4, 0xB041,
  0xA3EF, 0xAAAA, 0xDE98, 0xF77C, 0xEF5B, 0xF77C, 0xF77C, 0xF77C, 0xEF5B, 0xF77C, 0xD5D6, 0xAC91, 0xA1A6, 0xD8A4, 0xC082, 0xD862,
  0xBA28, 0xC125, 0xD882, 0x9020, 0x5ACA, 0x834D, 0xE6FA, 0xE6FA, 0xA34D, 0x9BAE, 0xB8E4, 0xA986, 0xA0A3, 0xE042, 0xD862, 0xB821,
  0xA821, 0xA3EF, 0xBB2C, 0xDEB9, 0xF77C, 0xEF5B, 0xF77C, 0xF77C, 0xF77C, 0xEF5B, 0xF77C, 0xDDF6, 0xACF3, 0xA1A7, 0xC0A3, 0xC021,
  0xE041, 0xC104, 0xA186, 0xD0E4, 0xA1C7, 0xA4F3, 0x936D, 0xE6FA, 0xE6FA, 0xA32C, 0x8B0B, 0xB228, 0xD5D5, 0xBB4D, 0xB2EB, 0xB2CB,
  0xB986, 0xA0A3, 0xB4F2, 0xBB6D, 0xDEB9, 0xF77C, 0xEF5B, 0xF77C, 0xF77C, 0xF77C, 0xEF5B, 0xF77C, 0xD5F6, 0xB513, 0x9924, 0xC0C4,
  0xB1A6, 0xAA69, 0xBB0C, 0xAC91, 0xBBAE, 0xA9E7, 0xBD33, 0x9BAE, 0xE6FA, 0xE6DA, 0xAB6D, 0x7A49, 0xD8E3, 0xC1A6, 0xA945, 0xE0C3,
  0xB9A6, 0xBACB, 0x9AEB, 0xCDF6, 0xBBAE, 0xE6B9, 0xF77C, 0xEF5B, 0xF77C, 0xF77C, 0xF77C, 0xEF5B, 0xF77C, 0xD617, 0xBD13, 0xBC70,
  0xBBAE, 0xB289, 0xD165, 0xC904, 0x9ACB, 0xD0A3, 0xA800, 0x940F, 0xABEF, 0xE6FA, 0xE6DA, 0xAB6D, 0x82AA, 0xC882, 0xE082, 0x9104,
  0xD083, 0xD083, 0xD062, 0xA8E3, 0xCDD6, 0xBBEF, 0xE6D9, 0xF77C, 0xEF5B, 0xF77C, 0xF77C, 0xF77C, 0xEF5B, 0xF77C, 0xD617, 0xBD54,
  0xC3CE, 0xC0C3, 0xD021, 0xE021, 0xA083, 0xA125, 0xE062, 0x8881, 0x730C, 0xABCF, 0xE6FA, 0xE6DA, 0xAB4C, 0x82AA, 0xC800, 0xD862,
  0xA186, 0xA8C4, 0xC062, 0xC082, 0xA082, 0xC574, 0xC430, 0xE6D9, 0xF77C, 0xEF5B, 0xF77C, 0xF77C, 0xF77C, 0xEF5B, 0xF77C, 0xDE37,
  0xBD34, 0xA165, 0xC062, 0xB842, 0xC041, 0xA208, 0xB145, 0xE841, 0x9041, 0x734C, 0xABCE, 0xE6FA, 0xE6DA, 0xA34D, 0x8AAA, 0xC021,
  0xD042, 0xA986, 0xA966, 0xD063, 0xC841, 0xB862, 0xC595, 0xC451, 0xDEB9, 0xF77C, 0xEF5B, 0xF77C, 0xF77C, 0xF77C, 0xEF5B, 0xEF5B,
  0xD637, 0xBD55, 0xA185, 0xE082, 0xC021, 0xC042, 0x79E7, 0xB8A3, 0xD882, 0x8841, 0x7B6D, 0xABCF, 0xE6FA, 0xE6DA, 0x9B2C, 0x8AAA,
  0xB801, 0xC821, 0xB125, 0xAA08, 0xC882, 0xC862, 0xB882, 0xCDB5, 0xB430, 0xE6D9, 0xF77C, 0xEF5B, 0xF77C, 0xF77C, 0xF77C, 0xEF5B,
  0xF77C, 0xD616, 0xACD2, 0xA924, 0xD862, 0xC862, 0xC061, 0x89A6, 0xC042, 0xC041, 0xA0E3, 0xCDF6, 0xABAE, 0xE6FA, 0xDEDA, 0x8AEB,
  0x8AAA, 0xC042, 0xD882, 0xA082, 0x9904, 0xD042, 0xC841, 0x9862, 0xBDD6, 0x9492, 0xBDD6, 0xF77C, 0xEF5B, 0xF77C, 0xF77C, 0xEF5B,
  0xEF5B, 0xEF3B, 0xAD55, 0xB5B6, 0xA32C, 0xB104, 0xD021, 0xB842, 0x78C3, 0xC041, 0xD062, 0x9904, 0xD637, 0xA38D, 0xE6FA, 0xDEDA,
  0x82AA, 0x82AA, 0xB841, 0xD821, 0xA0A2, 0xA082, 0xB0A3, 0xA2A9, 0xAACA, 0xA38D, 0x8C50, 0x94D3, 0xDEDA, 0xF77C, 0xF77C, 0xF77C,
  0xF77C, 0xF77C, 0xAD75, 0x94D4, 0x932C, 0xCA49, 0xBB4C, 0xAA69, 0xB166, 0x9A08, 0xD041, 0xB841, 0x9124, 0xCE37, 0xC491, 0xEF5B,
  0xDEDA, 0x8A8A, 0x8A89, 0xC000, 0xD041, 0xAB0B, 0x9A28, 0xA9A6, 0xC1A6, 0xD8A3, 0x9042, 0x50A2, 0x8410, 0xA534, 0xEF3B, 0xEF5B,
  0xEF5B, 0xEF5B, 0xCE38, 0x94D4, 0x9CB2, 0x70E3, 0xE842, 0xD022, 0xB125, 0xA28A, 0xA430, 0xB104, 0xD041, 0x9082, 0xAD13, 0xD513,
  0xF77C, 0xDEDA, 0x8A8A, 0xA3CE, 0xA965, 0x9ACA, 0xAC71, 0x92CA, 0xC104, 0xE842, 0xC022, 0xC0A3, 0x8841, 0xB4B1, 0xA575, 0xCE7A,
  0xDEFB, 0xD6DB, 0xDF1C, 0xCE9A, 0xB5F7, 0xAAEB, 0xC0A3, 0xB842, 0xC883, 0xE083, 0x9945, 0xBBEE, 0xBAAA, 0xB269, 0xABAD, 0x9C50,
  0xCCD2, 0xF77C, 0xEF5B, 0xC34D, 0xB32C, 0x99E7, 0xD0E4, 0xC0A3, 0xB8C4, 0xAAAA, 0xD249, 0xD842, 0xD063, 0xA062, 0xA3CE, 0x6A89,
  0x40C3, 0x6208, 0x6249, 0x6208, 0x7ACA, 0xB4B1, 0xAA08, 0xC8E4, 0xB842, 0xC862, 0x70E4, 0x8924, 0xF0E4, 0xD8A3, 0xD125, 0x99E7,
  0x7166, 0x9BAD, 0xF77C, 0xF77C, 0x7AAA, 0xD208, 0x7985, 0xB021, 0xC842, 0xB021, 0xC062, 0xA269, 0xC905, 0xE042, 0xB862, 0x7861,
  0xB021, 0xB821, 0xA082, 0xBBAE, 0xA000, 0xB000, 0xB841, 0xBB2C, 0xC063, 0xC001, 0xA0E4, 0xA1A7, 0xE083, 0xC882, 0xD062, 0xB041,
  0x7862, 0x68C3, 0xCE58, 0xEF5B, 0xF77C, 0x9CF2, 0x60E4, 0xCACA, 0x6124, 0xC8A3, 0xB082, 0xB821, 0xC083, 0xB2EB, 0xD042, 0x8862,
  0x9841, 0xD8A3, 0xC062, 0xB8C3, 0xBBCE, 0xC8A3, 0xC082, 0xC842, 0xAA29, 0xB8C4, 0xC082, 0x9A28, 0xC082, 0xC042, 0xC042, 0xC841,
  0x7082, 0x7883, 0xBD34, 0xF77C, 0xEF5B, 0xEF5B, 0xEF3B, 0x3966, 0x9987, 0xAB0B, 0x98A3, 0xD0A3, 0xB842, 0xC841, 0xB125, 0x9208,
  0x9104, 0xC821, 0xC883, 0xC042, 0xB8E4, 0xCBEF, 0xC041, 0xB021, 0xC821, 0xB883, 0xA125, 0xB28A, 0xB904, 0xC841, 0xB021, 0xC061,
  0x8041, 0x6083, 0x92EC, 0xF77C, 0xEF5B, 0xF77C, 0xEF5B, 0xF77C, 0xC616, 0x30C3, 0xA145, 0x6061, 0xC841, 0xC042, 0xC862, 0xC842,
  0xAC2F, 0x9269, 0xA124, 0xB1E7, 0xB8C3, 0xC862, 0xAA49, 0xD841, 0xA8C3, 0xA0C4, 0xA105, 0x8B6D, 0xB248, 0xE020, 0xC841, 0xC841,
  0xA841, 0x48A2, 0x4965, 0x9CF2, 0xF75B, 0xEF5B, 0xF77C, 0xF77C, 0xEF5B, 0xF77C, 0x8C70, 0x59C7, 0x938D, 0xB8E3, 0xD082, 0xB021,
  0xB042, 0xB450, 0x8ACA, 0x9924, 0x9A89, 0x930B, 0x9A69, 0x92AA, 0x9985, 0x8965, 0x88C3, 0xA125, 0x9AAA, 0xA945, 0xD020, 0xB041,
  0xC841, 0x7862, 0x6B4D, 0x39C7, 0xBDB6, 0xF77C, 0xEF5B, 0xF77C, 0xF77C, 0xEF5B, 0xEF5B, 0xE6FA, 0xBE38, 0xADB6, 0xC986, 0xC862,
  0xC021, 0xA924, 0x8145, 0x8842, 0xC021, 0xC842, 0xC021, 0x89C6, 0xB4D2, 0xA8C4, 0xC842, 0xC800, 0xD001, 0xC021, 0x8925, 0xB042,
  0xA821, 0xC021, 0x8124, 0x9D35, 0xB576, 0xF77C, 0xEF5B, 0xEF5B, 0xF77C, 0xF77C, 0xEF5B, 0xF77C, 0xCE79, 0xB5B6, 0x6165, 0xB166,
  0xC821, 0xB062, 0xA2EB, 0xB062, 0xA062, 0xA021, 0xB042, 0xC021, 0xB883, 0xC38E, 0xC801, 0xB842, 0xA821, 0xB021, 0xD8A3, 0xB986,
  0xA946, 0xC021, 0xB821, 0xB28A, 0x69E7, 0xBE18, 0xC5F7, 0xF77C, 0xEF5B, 0xF77C, 0xEF5B, 0xF77C, 0xD679, 0xBE59, 0x71C7, 0xA904,
  0xAA28, 0xC021, 0xA208, 0xA1A6, 0xC842, 0xB862, 0x9861, 0xB821, 0xB821, 0xB0A3, 0xC3AE, 0xC821, 0xB841, 0xB042, 0xB821, 0xC022,
  0xB062, 0x99A6, 0xD001, 0xA0A2, 0x9A08, 0xB000, 0x72CB, 0xBE39, 0xD699, 0xF77C, 0xEF5B, 0xF77C, 0xE6FA, 0xCEBA, 0x8BAE, 0x9000,
  0xB8E4, 0xB2EB, 0xC842, 0xA248, 0xB842, 0xC801, 0xC821, 0xA041, 0xC882, 0xD0C3, 0xB124, 0xBB4C, 0xD8C3, 0xD0C3, 0xB042, 0xA841,
  0xA041, 0xA801, 0x80C3, 0xB062, 0xAA28, 0x9924, 0xC821, 0x6041, 0x9CF3, 0xBE18, 0xEF5B, 0xF77C, 0xF77C, 0xBE18, 0xAD76, 0x70A2,
  0xC882, 0xA041, 0xA1E8, 0xB1A7, 0xA36D, 0x98C3, 0xA8A2, 0xD821, 0xD021, 0x68C3, 0x6986, 0x7228, 0xB4F2, 0x8A49, 0x71E7, 0x6000,
  0xC021, 0xD8A3, 0xC842, 0xB0C4, 0xAA29, 0x88E4, 0x9062, 0xA021, 0xB041, 0x69A6, 0xBE39, 0xC617, 0xF77C, 0xE6FA, 0x4ACC, 0x832C,
  0x9820, 0xA862, 0xB041, 0xAB6D, 0xB40F, 0xAA08, 0x90A3, 0x8A69, 0x9207, 0x7041, 0x2166, 0x94D2, 0x9D13, 0xB5B5, 0xC637, 0xC617,
  0x5248, 0x8882, 0xA904, 0x7945, 0x8945, 0xB430, 0x8A08, 0xA000, 0xA821, 0xC062, 0x9041, 0x630C, 0x634D, 0xF77C, 0xE6FA, 0x3A2A,
  0x94D3, 0x8985, 0xC840, 0xB0E3, 0xBD34, 0xABCE, 0x8862, 0xA083, 0xB8C4, 0x81A6, 0x10E4, 0x6B6D, 0xBDD6, 0xB595, 0xCE58, 0xDED9,
  0xDEB9, 0x5ACB, 0x5207, 0x9965, 0xB945, 0xA925, 0xAACB, 0xCD74, 0xC041, 0xC0A2, 0xB062, 0xA1E7, 0x73EF, 0x52AB, 0xF77C, 0xE6FA,
  0x4ACC, 0x63B1, 0x424C, 0x9964, 0xA105, 0xC24A, 0x99E7, 0xB001, 0xB821, 0xB801, 0x7208, 0x73AE, 0xEF5B, 0xF77C, 0xF77C, 0xF77C,
  0xF77C, 0xF77C, 0x8C50, 0x18E4, 0x8A48, 0xB001, 0xB021, 0xB841, 0x82EB, 0xB0E3, 0xD882, 0xB0A2, 0x9431, 0x73F0, 0x52EC, 0xF77C,
  0xE6FA, 0x42AC, 0x8C93, 0x11EF, 0x8C11, 0xD061, 0xA186, 0xA082, 0xB820, 0x9800, 0x8AEA, 0x7C30, 0xCE58, 0xF77C, 0xEF5B, 0xEF5B,
  0xEF5B, 0xEF5B, 0xF77C, 0xBDB5, 0x18E5, 0x52CB, 0xA9E7, 0xD042, 0xB821, 0x68A3, 0x7821, 0xC861, 0x6A8C, 0x2250, 0x6B6E, 0x638E,
  0xF77C, 0xE6FA, 0x42AC, 0x8C93, 0x018E, 0x5A8D, 0xB820, 0x9208, 0xA841, 0xC021, 0x9800, 0x8BAD, 0x6208, 0xF77C, 0xF77C, 0xF77C,
  0xF77C, 0xF77C, 0xF77C, 0xEF5B, 0xEF3B, 0x6B2C, 0x7B6D, 0xCA07, 0xA821, 0x9800, 0x6800, 0x7801, 0x60A2, 0x220C, 0x11AD, 0x6B8E,
  0x7C52, 0xF77C, 0xE6FA, 0x4AED, 0x8CD4, 0x016E, 0x624C, 0xC104, 0xA249, 0xB000, 0xB862, 0xA021, 0x9B8D, 0x9249, 0xEF5B, 0xF77C,
  0xF77C, 0xF77C, 0xF77C, 0xF77C, 0xEF5B, 0xF77C, 0xD5B6, 0xA38E, 0xA1A6, 0xB021, 0xC042, 0x7021, 0x9021, 0x9000, 0x00C8, 0x2A4F,
  0x8451, 0x8472, 0xF77C, 0xE6FA, 0x532E, 0x94D4, 0x014D, 0x624C, 0xB9A6, 0xB1C7, 0xC000, 0xB041, 0x9800, 0xA3AD, 0xBAEC, 0xF77C,
  0xF77C, 0xF77C, 0xF77C, 0xF77C, 0xF77C, 0xEF5B, 0xF77C, 0xD575, 0xABAE, 0x9986, 0xC021, 0xB821, 0x9862, 0x70E3, 0x9041, 0x118A,
  0x094B, 0x632D, 0x94F4, 0xF77C, 0xE6FA, 0x532E, 0x94F5, 0x014D, 0x624C, 0xC268, 0xA8E3, 0xB800, 0xA861, 0x8820, 0xB450, 0xBB0C,
  0xEF3B, 0xF77C, 0xF77C, 0xF77C, 0xF77C, 0xF77C, 0xEF5B, 0xF77C, 0xD595, 0xABAF, 0xB1C6, 0xB841, 0xB821, 0xB842, 0x9A08, 0x9904,
  0x29EB, 0x094B, 0x6B6E, 0x94F4, 0xF77C, 0xE6FA, 0x6390, 0x94F5, 0x01B0, 0x5A8E, 0x9A07, 0xA821, 0xB021, 0xA821, 0xA000, 0xB40F,
  0xB2CB, 0xCE58, 0xF77C, 0xEF5B, 0xF77C, 0xF77C, 0xF77C, 0xEF5B, 0xF77C, 0xD595, 0xABCF, 0xA986, 0xB021, 0xA800, 0xC000, 0xA9A6,
  0x9186, 0x220D, 0x114A, 0x6B6E, 0x9514, 0xF77C, 0xE6FA, 0x6BD0, 0x9515, 0x0190, 0x5B71, 0x9269, 0x9965, 0xAA49, 0x9208, 0x99C7,
  0xC4D2, 0xBB4C, 0xD678, 0xF77C, 0xEF5B, 0xF77C, 0xF77C, 0xF77C, 0xEF5B, 0xF77C, 0xD595, 0xBC0F, 0x9249, 0x80C4, 0x9A49, 0xAA49,
  0x9946, 0x6A07, 0x222E, 0x090A, 0x632D, 0x9D35, 0xF77C, 0xE6FA, 0x6BD0, 0x9CF5, 0x016E, 0x6BF2, 0xAB4C, 0xA186, 0xB882, 0xB862,
  0xA9C7, 0xCD74, 0xBB6D, 0xD678, 0xF77C, 0xEF5B, 0xF77C, 0xF77C, 0xF77C, 0xEF5B, 0xF77C, 0xD595, 0xBC0F, 0x9A28, 0xA042, 0xB0A3,
  0xA987, 0x71E8, 0xB513, 0x4331, 0x010A, 0x52EC, 0xA555, 0xF77C, 0xE6FA, 0x6BD0, 0x9D15, 0x014D, 0x3A0B, 0xB861, 0xA821, 0x7904,
  0x90E3, 0xA800, 0xB40F, 0xBB8E, 0xD678, 0xF77C, 0xEF5B, 0xF77C, 0xF77C, 0xF77C, 0xEF5B, 0xF77C, 0xD575, 0xB3AE, 0xA145, 0xB001,
  0x9924, 0x9228, 0x78C3, 0xA289, 0x42EF, 0x00E9, 0x5B0D, 0x9D55, 0xF77C, 0xE6FA, 0x73F1, 0x9D15, 0x01B0, 0x4A8D, 0xB081, 0xB800,
  0xA841, 0x81C7, 0x7945, 0xBC50, 0xBBAE, 0xD678, 0xF77C, 0xEF5B, 0xF77C, 0xF77C, 0xF77C, 0xEF5B, 0xF77C, 0xCD74, 0xB3AE, 0x99A6,
  0x9986, 0x9207, 0xB862, 0xA000, 0x9986, 0x19CB, 0x00C9, 0x52ED, 0x9D35, 0xF77C, 0xE6FA, 0x7431, 0xA556, 0x016F, 0x526C, 0xB061,
  0x9821, 0xA000, 0xA021, 0x6924, 0xCD74, 0xC3CF, 0xD678, 0xF77C, 0xEF5B, 0xF77C, 0xF77C, 0xF77C, 0xEF5B, 0xF77C, 0xD574, 0xC3EF,
  0xBD33, 0x9924, 0xA800, 0xA800, 0xB821, 0xA165, 0x09CD, 0x118C, 0x5B0D, 0x94F4, 0xF77C, 0xE6FA, 0x7411, 0x9D36, 0x012D, 0x5A4C,
  0xA061, 0x9000, 0x9800, 0xA821, 0x8000, 0xB471, 0xC3CF, 0xCE58, 0xF77C, 0xEF5B, 0xF77C, 0xF77C, 0xF77C, 0xEF5B, 0xF77C, 0xD574,
  0xC40F, 0xAA69, 0xA821, 0x9020, 0x9021, 0xA001, 0x99E7, 0x222E, 0x114A, 0x73CF, 0x8CB3, 0xF77C, 0xE6FA, 0x6BB0, 0x9D15, 0x012B,
  0x626C, 0xB062, 0xA000, 0xA800, 0xA020, 0x7800, 0xB470, 0xCBEF, 0xD698, 0xEF5B, 0xEF5B, 0xF77C, 0xF77C, 0xF77C, 0xEF5B, 0xEF5B,
  0xCD74, 0xB36D, 0xB185, 0xA021, 0xA020, 0x9020, 0x9821, 0xAA08, 0x2A4D, 0x19AB, 0x7BF0, 0x8492, 0xF77C, 0xE6FA, 0x636F, 0x9CF4,
  0x012C, 0x6A8D, 0xA841, 0x9000, 0xA000, 0xA000, 0x5800, 0xAC50, 0xCD34, 0xE71A, 0xF77C, 0xEF5B, 0xF77C, 0xF77C, 0xF77C, 0xEF5B,
  0xF77C, 0xBD75, 0xA492, 0xA1E7, 0xB820, 0xA000, 0x9800, 0x9821, 0x9965, 0x118A, 0x094A, 0x6B8F, 0x636E, 0xE71A, 0xE6FA, 0x634E,
  0x9CF5, 0x012D, 0x62AE, 0xB041, 0xA000, 0xA000, 0x8124, 0x6925, 0x8985, 0xADB7, 0xCE59, 0xEF5B, 0xF77C, 0xEF5B, 0xF77C, 0xEF5B,
  0xF77C, 0xDEB9, 0xBE18, 0x93EF, 0x9184, 0x7945, 0xA841, 0xB800, 0x9001, 0x70A2, 0x11AC, 0x198B, 0x8431, 0x4ACC, 0xE6FA, 0xE6FA,
  0x52ED, 0x9D15, 0x118C, 0x51EB, 0xA820, 0x80A2, 0x92CA, 0x8B0C, 0x8165, 0x6882, 0x6165, 0xBDF7, 0xD679, 0xF77C, 0xF77C, 0xF77C,
  0xF77C, 0xF77C, 0xB5B6, 0x9CF3, 0x60A2, 0x9041, 0x7104, 0x8A69, 0x91E7, 0x9041, 0x88C3, 0x3A8D, 0x52EE, 0x7C11, 0x6BAF, 0xEF5B,
  0xE6FA, 0x52CC, 0x94F5, 0x00EB, 0x224E, 0x7986, 0x80E3, 0x8A08, 0x6061, 0x8801, 0x88A2, 0x58C2, 0x6145, 0xC638, 0xDF3B, 0xEF9D,
  0xF79D, 0xEF9D, 0xBE59, 0xA515, 0x6165, 0x8000, 0x70A2, 0x8041, 0xA841, 0x9166, 0xA289, 0xA36D, 0x32AF, 0x3A2B, 0x7C11, 0x73D0,
  0xF77C, 0xDEDA, 0x52CC, 0x8CB4, 0x010B, 0x01AE, 0x2374, 0x7986, 0xC820, 0xA000, 0x7000, 0xB000, 0x9041, 0x71C7, 0xB534, 0xCD55,
  0xBD14, 0xB535, 0xCD35, 0xBD14, 0x9C30, 0x8820, 0x7841, 0x7862, 0xA021, 0xA021, 0xC000, 0xAC71, 0x4C35, 0x01AF, 0x2A4F, 0x8431,
  0x6BAF, 0xF77C, 0xE6FA, 0x52CC, 0x7C53, 0x00EB, 0x00EA, 0x014C, 0x2B94, 0xA2EB, 0xC040, 0x9821, 0x78E4, 0xA000, 0x9AAA, 0x940F,
  0x69A6, 0x5841, 0x4881, 0x6820, 0x5020, 0x7248, 0x80E4, 0x8062, 0x9800, 0xA821, 0xD000, 0x8A6A, 0x1312, 0x014C, 0x010B, 0x21ED,
  0x73F0, 0x634E, 0xF77C, 0xEF5B, 0x73AF, 0x6B90, 0x00EA, 0x012B, 0x012C, 0x014C, 0x2B32, 0x99C7, 0xB000, 0x80C3, 0x68C3, 0x8A28,
  0x7021, 0x9841, 0x8000, 0x4821, 0x9042, 0xA041, 0x9082, 0x9B4C, 0x9021, 0xA821, 0xC020, 0x828B, 0x1353, 0x014C, 0x012A, 0x016C,
  0x29CB, 0x7BF0, 0x5B0D, 0xF77C, 0xF77C, 0x634E, 0x73F1, 0x092B, 0x010A, 0x012B, 0x010B, 0x01D0, 0x2B74, 0xA9A6, 0xB820, 0x6124,
  0x91A6, 0xA800, 0x9800, 0xA000, 0x7800, 0xB000, 0xA020, 0xA000, 0x9ACA, 0x98A3, 0xC000, 0x8229, 0x1B33, 0x018E, 0x012B, 0x014B,
  0x016D, 0x21AB, 0x7BF0, 0x6B6E, 0xF77C, 0xF77C, 0x632D, 0x52ED, 0x322D, 0x018D, 0x014C, 0x01AF, 0x014D, 0x01F1, 0x5436, 0xA8C3,
  0x9145, 0x90A2, 0xA000, 0xA000, 0x9000, 0x6800, 0xA000, 0x9800, 0xA000, 0x8965, 0xA904, 0xB28A, 0x2395, 0x01AF, 0x016E, 0x016D,
  0x014C, 0x010B, 0x3A6C, 0x5B0C, 0xAD34, 0xF77C, 0xF75B, 0xD6B9, 0x424A, 0x7411, 0x092A, 0x01AE, 0x016D, 0x016D, 0x012B, 0x01F0,
  0x63D3, 0xB32C, 0xB000, 0xA821, 0x9000, 0x8800, 0x6000, 0x9021, 0x8800, 0x9821, 0x9882, 0xBCB1, 0x3B73, 0x01D1, 0x016E, 0x016D,
  0x014D, 0x014D, 0x21AB, 0x5AEC, 0x5B0C, 0xEF3B, 0xEF5B, 0xEF5B, 0xF77C, 0x9D13, 0x530D, 0x320B, 0x00EB, 0x016D, 0x016D, 0x016D,
  0x010B, 0x098D, 0x6C54, 0x6AAC, 0x90C3, 0xA800, 0x8800, 0x6041, 0xA820, 0xA841, 0x8987, 0x626B, 0x5BF3, 0x01F0, 0x016E, 0x016E,
  0x018E, 0x014B, 0x08E9, 0x52CD, 0x39E8, 0xDEB9, 0xF77C, 0xEF5B, 0xF77C, 0xEF5B, 0xF77C, 0x5B2D, 0x73F1, 0x21CC, 0x014D, 0x014C,
  0x014C, 0x016D, 0x00EA, 0x018E, 0x0A93, 0x3394, 0x7AAC, 0x98C3, 0x7103, 0xA9A6, 0x63B1, 0x1B14, 0x0A73, 0x012B, 0x012C, 0x016D,
  0x014C, 0x014C, 0x010A, 0x532E, 0x3A09, 0x9CD3, 0xF77C, 0xEF5B, 0xF77C, 0xF77C, 0xEF5B, 0xF75B, 0x8410, 0x530E, 0x6BD1, 0x00A9,
  0x016C, 0x014B, 0x014B, 0x220C, 0x096C, 0x012C, 0x018E, 0x0A72, 0x63B2, 0xACD2, 0x3B73, 0x0210, 0x014C, 0x014D, 0x00E9, 0x014C,
  0x014C, 0x012B, 0x012B, 0x196B, 0x632D, 0x52AB, 0xF77C, 0xEF5B, 0xF77C, 0xF77C, 0xF77C, 0xEF5B, 0xF77C, 0xC5F6, 0x10E5, 0x73F1,
  0x2A0B, 0x010B, 0x014C, 0x014C, 0x530F, 0x096C, 0x014B, 0x010A, 0x012B, 0x01D0, 0x1AD3, 0x01AF, 0x012B, 0x016C, 0x014C, 0x00EA,
  0x00EA, 0x014C, 0x014C, 0x010B, 0x52CC, 0x3A09, 0xBDB6, 0xEF5B, 0xEF5B, 0xF77C, 0xF77C, 0xF77C, 0xF77C, 0xEF5B, 0xF77C, 0x6B6D,
  0x320A, 0x7C31, 0x112A, 0x016D, 0x012B, 0x116B, 0x010B, 0x010A, 0x012B, 0x016D, 0x014C, 0x012C, 0x016E, 0x016D, 0x012B, 0x010A,
  0x010A, 0x00C9, 0x016D, 0x00EA, 0x2169, 0x5B0D, 0x2146, 0xDEDA, 0xEF5B, 0xEF5B, 0xF77C, 0xF77C, 0xF77C, 0xF77C, 0xEF5B, 0xEF5B,
  0xEF3B, 0x2967, 0x5B2E, 0x6BB0, 0x00EA, 0x012A, 0x00E9, 0x014D, 0x012B, 0x012C, 0x014D, 0x012C, 0x014D, 0x014C, 0x014C, 0x014C,
  0x014C, 0x00E9, 0x0087, 0x012B, 0x00C9, 0x5B2E, 0x29A8, 0x5AEB, 0xEF5B, 0xEF5B, 0xF77C, 0xF77C, 0xF77C, 0xF77C, 0xF77C, 0xF77C,
  0xEF5B, 0xF77C, 0xBDB6, 0x1906, 0x8452, 0x3A6D, 0x00C8, 0x00C8, 0x014D, 0x018E, 0x014C, 0x012C, 0x010A, 0x012B, 0x010A, 0x012B,
  0x012B, 0x010A, 0x012A, 0x00C8, 0x00EA, 0x3A4C, 0x52AB, 0x2146, 0xDEDA, 0xEF5B, 0xEF5B, 0xF77C, 0xF77C, 0xF77C, 0xF77C, 0xF77C,
  0xF77C, 0xF77C, 0xEF5B, 0xF77C, 0x6B4D, 0x426B, 0x8472, 0x18E7, 0x014C, 0x010A, 0x012C, 0x014D, 0x016D, 0x012B, 0x010A, 0x014B,
  0x010A, 0x012B, 0x014C, 0x014D, 0x010B, 0x1128, 0x7BF0, 0x2146, 0x9CB2, 0xF77C, 0xEF5B, 0xF77C, 0xF77C, 0xF77C, 0xF77C, 0xF77C,
  0xF77C, 0xF77C, 0xF77C, 0xEF5B, 0xEF5B, 0xDEDA, 0x2167, 0x73F0, 0x5B0D, 0x08C8, 0x0909, 0x116B, 0x092A, 0x090A, 0x092B, 0x094B,
  0x0909, 0x198B, 0x2A2E, 0x29EC, 0x0929, 0x10C7, 0x52ED, 0x4A8B, 0x31E8, 0xEF3B, 0xEF5B, 0xEF5B, 0xF77C, 0xF77C, 0xF77C, 0xF77C,
  0xF77C, 0xF77C, 0xF77C, 0xF77C, 0xF77C, 0xEF5B, 0xF77C, 0x94B2, 0x3A0A, 0x7BF0, 0x528B, 0x6B6E, 0x73AF, 0x6B6E, 0x6B6E, 0x6B6E,
  0x6B6F, 0x636E, 0x7C10, 0x8C71, 0x8430, 0x632D, 0x5AEC, 0x634E, 0x2166, 0xC617, 0xF77C, 0xEF5B, 0xF77C, 0xF77C, 0xF77C, 0xF77C,
  0xF77C, 0xF77C, 0xF77C, 0xF77C, 0xF77C, 0xF77C, 0xF77C, 0xEF5B, 0xF77C, 0x424A, 0x2167, 0x2187, 0x2187, 0x2167, 0x2167, 0x2187,
  0x2187, 0x2987, 0x2187, 0x2167, 0x2167, 0x2167, 0x1946, 0x52AB, 0x3A09, 0x8430, 0xF77C, 0xEF5B, 0xF77C, 0xF77C, 0xF77C, 0xF77C,
  0xF77C, 0xF77C, 0xF77C, 0xF77C, 0xF77C, 0xF77C, 0xF77C, 0xF77C, 0xEF5B, 0xEF5B, 0xCE78, 0x8C51, 0x10C4, 0x08A4, 0x08A4, 0x08A4,
  0x0883, 0x0083, 0x0062, 0x0063, 0x0883, 0x0883, 0x0883, 0x1105, 0x9491, 0x9CF3, 0xD699, 0xEF5B, 0xEF5B, 0xF77C, 0xF77C, 0xF77C,
  0xF77C, 0xF77C, 0xF77C, 0xF77C, 0xF77C, 0xF77C, 0xF77C, 0xF77C, 0xF77C, 0xF77C, 0xF77C, 0xF77C, 0xF77C, 0xD699, 0xBDD6, 0xBDD6,
  0xBDD6, 0xBDD6, 0xBDD6, 0xBDD6, 0xBDD6, 0xBDD6, 0xBDD6, 0xBDD6, 0xDEDA, 0xE6FA, 0xEF3B, 0xF77C, 0xF77C, 0xF77C, 0xF77C, 0xF77C,
  0xF77C, 0xF77C, 0xF77C, 0xF77C, 0xF77C, 0xF77C, 0xF77C, 0xF77C, 0xF77C, 0xF77C, 0xF77C, 0xF77C, 0xEF5B, 0xEF5B, 0xF77C, 0xF77C,
  0xF77C, 0xF77C, 0xF77C, 0xF77C, 0xF77C, 0xF77C, 0xF77C, 0xF77C, 0xF77C, 0xF77C, 0xF77C, 0xF77C, 0xEF5B, 0xF77C, 0xF77C, 0xF77C,
  0xF77C, 0xF77C, 0xF77C, 0xF77C, 0xF77C,
};

// hero_img_9  34 x 85  (RGB565)
const uint16_t hero_img_9[] PROGMEM = {
  0xF77C, 0xF77C, 0xF77C, 0xF77C, 0xF77C, 0xF77C, 0xF77C, 0xEF5B, 0xEF5B, 0xEF5B, 0xEF5B, 0xEF5B, 0xEF5B, 0xEF5B, 0xEF5B, 0xEF5B,
  0xEF5B, 0xEF5B, 0xEF5B, 0xEF5B, 0xEF5B, 0xEF5B, 0xEF5B, 0xEF5B, 0xEF5B, 0xEF5B, 0xEF5B, 0xF77C, 0xF77C, 0xF77C, 0xF77C, 0xF77C,
  0xF77C, 0xF77C, 0xF77C, 0xF77C, 0xF77C, 0xF77C, 0xF77C, 0xF77C, 0xEF5B, 0xF77C, 0xF77C, 0xF77C, 0xF77C, 0xF77C, 0xF77C, 0xF77C,
  0xF77C, 0xF77C, 0xF77C, 0xF77C, 0xF77C, 0xF77C, 0xF77C, 0xF77C, 0xF77C, 0xF77C, 0xF77C, 0xF77C, 0xF77C, 0xEF7C, 0xF77C, 0xF77C,
  0xF77C, 0xF77C, 0xF77C, 0xF77C, 0xF77C, 0xF77C, 0xF77C, 0xF77C, 0xF77C, 0xF77C, 0xF77C, 0xE6FA, 0xEF3B, 0xE71B, 0xEF3B, 0xEF3B,
  0xEF3B, 0xEF3B, 0xEF3B, 0xEF3B, 0xEF3B, 0xEF3B, 0xEF3B, 0xEF1B, 0xE71B, 0xE6FA, 0xDEDA, 0xDEB9, 0xD699, 0xDEDA, 0xDEDA, 0xF77C,
  0xF77C, 0xF77C, 0xF77C, 0xF77C, 0xF77C, 0xF77C, 0xF77C, 0xF77C, 0xF77C, 0xF77C, 0xEF5B, 0xF77C, 0xE71A, 0x94D4, 0xEF7D, 0xEFBE,
  0xEF9E, 0xEF9D, 0xE77D, 0xE77D, 0xE75D, 0xE77D, 0xE73C, 0xE75D, 0xEF7D, 0xE75D, 0xE75D, 0xDF3D, 0xD6FC, 0xCEBB, 0xC69A, 0xC67A,
  0x94D4, 0xD699, 0xF77C, 0xEF5B, 0xF77C, 0xF77C, 0xF77C, 0xF77C, 0xF77C, 0xF77C, 0xF77C, 0xF77C, 0xEF5B, 0xF77C, 0xA575, 0xADF9,
  0xACD2, 0xB430, 0xA40F, 0x7269, 0x7A48, 0x7228, 0x7228, 0x7A28, 0xA430, 0xAC50, 0xA3CE, 0xB4D2, 0xB471, 0x938D, 0x7A69, 0x7A89,
  0x7A69, 0x83CE, 0xC639, 0xAD55, 0xF77C, 0xF77C, 0xF77C, 0xF77C, 0xF77C, 0xF77C, 0xF77C, 0xF77C, 0xF77C, 0xEF5B, 0xF77C, 0xDEDA,
  0xA597, 0x8B4D, 0x82CA, 0xD0A3, 0xD882, 0xD882, 0xD062, 0xD8C3, 0xD8E3, 0xE083, 0xCAEB, 0xC1C7, 0xE062, 0xD062, 0xD862, 0xD8C3,
  0xD8E3, 0xE0E4, 0xC9A6, 0x79C6, 0x832C, 0xBE39, 0xDEB9, 0xF77C, 0xEF5B, 0xF77C, 0xF77C, 0xF77C, 0xF77C, 0xF77C, 0xF77C, 0xEF5B,
  0xF77C, 0xB5F8, 0x9472, 0xA144, 0x6882, 0x98A3, 0xE904, 0xE0C3, 0xE0C3, 0xE0C3, 0xD883, 0xF8C4, 0xCBEF, 0xD2CB, 0xF0C4, 0xD8E4,
  0xE0C4, 0xE8A3, 0xD8C3, 0xF0C4, 0xA228, 0xC186, 0x8841, 0x9C72, 0xCE99, 0xF77C, 0xF77C, 0xF77C, 0xF77C, 0xF77C, 0xF77C, 0xF77C,
  0xEF5B, 0xF77C, 0xC637, 0xB5F8, 0x9A49, 0xD1C7, 0xB042, 0x89E7, 0xE0A3, 0xE0A3, 0xE042, 0xE862, 0xD146, 0xBACB, 0xCD54, 0xC4D2,
  0xD2AA, 0xE945, 0xF0C3, 0xE882, 0xE883, 0xD0E4, 0xAAEB, 0xD0A3, 0xC083, 0x68C3, 0xCE7A, 0xCE58, 0xF77C, 0xEF5B, 0xF77C, 0xF77C,
  0xF77C, 0xEF5B, 0xF77C, 0xEF3B, 0xADD7, 0x9BAF, 0xCA68, 0xD904, 0xE083, 0xA248, 0xBA28, 0xC965, 0xC9E7, 0xCB6D, 0xB38D, 0xD186,
  0xCA8A, 0xDA28, 0xCAAA, 0xC36D, 0xC2AA, 0xB9C7, 0xC986, 0xBB0B, 0xC249, 0xC862, 0xD0E4, 0xA001, 0x836D, 0xD6BA, 0xEF3B, 0xF77C,
  0xEF7C, 0xF77C, 0xF77C, 0xF77C, 0xF77C, 0xC658, 0xB576, 0x9A07, 0xEA27, 0xD882, 0xE0A3, 0xCA69, 0xBD54, 0xBACA, 0xBB0B, 0xC228,
  0xC882, 0xE042, 0xB166, 0xD9C7, 0xF8A3, 0xD0E4, 0xB1A7, 0x8904, 0x8987, 0xA4B1, 0xC965, 0xC882, 0xC0C3, 0xE904, 0x7904, 0xBE59,
  0xCE58, 0xF77C, 0xF77C, 0xF77C, 0xEF5B, 0xF77C, 0xDEB9, 0xBE59, 0x936D, 0xD268, 0xD862, 0xD8A3, 0xE0E4, 0xAA49, 0x7985, 0xB842,
  0xD021, 0xC842, 0xC862, 0xD883, 0xC1E7, 0xCA08, 0xE082, 0xD8A3, 0xE8C3, 0xD862, 0xA8C4, 0x8AEA, 0xA986, 0xD862, 0xC8C3, 0xD0A3,
  0xA061, 0x7B0C, 0xD6DB, 0xDEB9, 0xF77C, 0xEF5B, 0xEF5B, 0xF77C, 0xB5F7, 0x9CD3, 0xAA28, 0xD924, 0xD062, 0xD082, 0xB904, 0xB208,
  0xB882, 0x80C3, 0xD883, 0xD082, 0xD083, 0xE062, 0xB986, 0xC9A6, 0xE062, 0xC8A3, 0xC841, 0xC062, 0x9B0C, 0xC8E4, 0x8145, 0xC882,
  0xC862, 0xB882, 0xD8C3, 0x7881, 0xAD55, 0xC618, 0xF77C, 0xF77C, 0xF77C, 0xD699, 0xB5D7, 0x8228, 0xD9A6, 0xC822, 0xC862, 0xD042,
  0xA249, 0xC986, 0xE062, 0x8924, 0xC883, 0xD862, 0xD041, 0xD841, 0x90E3, 0xB8C3, 0xD001, 0xC062, 0xC842, 0xA905, 0xB269, 0xE8A3,
  0xA125, 0xA165, 0xD021, 0xC082, 0xD082, 0xB862, 0x61E7, 0xC69A, 0xCE58, 0xF77C, 0xEF5B, 0x8451, 0xA4F3, 0xB207, 0xE0A2, 0xC841,
  0xD062, 0xC146, 0xAAAB, 0xD8A3, 0xD882, 0x9041, 0x98A3, 0xD082, 0xD0A3, 0xE925, 0x9985, 0xA965, 0xE125, 0xD0A3, 0xD062, 0x91C7,
  0xC0C3, 0xC862, 0xC883, 0x9228, 0xC082, 0xC862, 0xC082, 0xB862, 0x79A6, 0x8C92, 0x6B8E, 0xF77C, 0xE6FA, 0x3229, 0x728A, 0xB32C,
  0xC28A, 0xD0A3, 0xD862, 0xA2AB, 0xC125, 0xD882, 0xC882, 0xB8A3, 0xA228, 0xBA8A, 0xAAEB, 0xB2AA, 0xC4D2, 0xABAD, 0xB2AA, 0x91C6,
  0x9269, 0xC2AA, 0xB821, 0xB862, 0xD042, 0xB124, 0xA289, 0xD882, 0xC083, 0x99E8, 0x9A89, 0x5AAB, 0x5B2D, 0xF77C, 0xE6FA, 0x428B,
  0x50E4, 0xD104, 0xB9E7, 0xA208, 0xAACB, 0xB186, 0xE8A2, 0xC862, 0xC062, 0xD883, 0x9A08, 0x9D13, 0x4AEC, 0x3A8A, 0x428A, 0x428A,
  0x3A8A, 0x3A4A, 0x8C91, 0x9104, 0xD062, 0xC882, 0xC882, 0xE882, 0xB208, 0xB3AD, 0xB2EB, 0xB966, 0xB041, 0x526A, 0x6B8E, 0xEF5B,
  0xE6FA, 0x4AAB, 0x38C3, 0xB8C3, 0xE862, 0xC082, 0x9BEF, 0xC36D, 0xCA08, 0xC8A3, 0xD042, 0xA8C3, 0x738D, 0x4A6A, 0x738E, 0x7C10,
  0x7C10, 0x8430, 0x9492, 0x6B6E, 0x2166, 0x59C7, 0xD0C2, 0xD061, 0xD062, 0xC208, 0xC3CE, 0xAC50, 0xC124, 0xC862, 0xA882, 0x5AAB,
  0x4A8B, 0xE6FA, 0xE6FA, 0x4ACC, 0x38C3, 0xB8E3, 0xC862, 0xB882, 0x91A6, 0xD945, 0xBA89, 0xAAAA, 0xC945, 0x7A69, 0x530C, 0xA513,
  0xF77C, 0xF77C, 0xF77C, 0xE6FA, 0xBDF6, 0xF77C, 0x634D, 0x4ACB, 0x8185, 0xC104, 0xAACB, 0xC2EB, 0xC145, 0x9145, 0xC8A3, 0xC082,
  0xA841, 0x62CB, 0x4AAB, 0xE6FA, 0xE6FA, 0x530D, 0x48E4, 0xC862, 0xD062, 0xD062, 0x7082, 0xC841, 0xE8A3, 0xD145, 0x9B4C, 0x4269,
  0x840F, 0xF77C, 0xEF3B, 0xEF3B, 0xEF5B, 0xC617, 0xA533, 0xEF5B, 0xA513, 0x31E9, 0x6B8E, 0xB36D, 0xC145, 0xC862, 0xA842, 0xAA49,
  0xC882, 0xC042, 0xA041, 0x5AAB, 0x5AEC, 0xE6FA, 0xE71A, 0x636E, 0x40E4, 0xC061, 0xC861, 0xC042, 0x8945, 0xC041, 0xB862, 0xC021,
  0x89C7, 0x29E8, 0xCE58, 0xEF5B, 0xEF5B, 0xF77C, 0xF77C, 0xF77C, 0xF77C, 0xF77C, 0xEF3B, 0x2987, 0x4AEC, 0xA186, 0xB801, 0xB842,
  0xA062, 0x9104, 0xC842, 0xC862, 0x9841, 0x5AAB, 0x62EC, 0xE6FA, 0xE71A, 0x6B6E, 0x4104, 0xA882, 0xC062, 0xB083, 0xAA69, 0xC042,
  0xC062, 0xB821, 0x8207, 0x42AB, 0xCE78, 0xF77C, 0xEF5B, 0xF77C, 0xF77C, 0xEF5B, 0xEF5B, 0xEF5B, 0xF77C, 0x634D, 0x4ACB, 0xA986,
  0xC062, 0xC041, 0xB842, 0x9082, 0xC862, 0xB841, 0x9041, 0x5ACB, 0x732D, 0xE6FA, 0xE6FA, 0x7BAF, 0x6A8A, 0xA062, 0xC042, 0xB0A3,
  0xA249, 0xD862, 0xD082, 0xD021, 0x5041, 0x29C8, 0xD6B9, 0xF77C, 0xEF5B, 0xF77C, 0xF77C, 0xF77C, 0xF77C, 0xEF5B, 0xF77C, 0x738E,
  0x52EC, 0xC166, 0xD041, 0xC082, 0xC021, 0xA1C7, 0xB041, 0xB862, 0x9041, 0x5ACB, 0x7B4D, 0xE6FA, 0xE6FA, 0x8BF0, 0x7AAA, 0xB841,
  0xD021, 0xB986, 0xB229, 0xE021, 0xD082, 0xC821, 0x92AA, 0x4AEC, 0xCE78, 0xF77C, 0xEF5B, 0xF77C, 0xF77C, 0xF77C, 0xF77C, 0xEF5B,
  0xF77C, 0x73CF, 0x5B2D, 0xB986, 0xC041, 0xC0A3, 0xB041, 0xA248, 0xB0E4, 0xC062, 0x8020, 0x5AAB, 0x836D, 0xE6FA, 0xE6FA, 0x93EF,
  0x8B6D, 0xB104, 0xE0C3, 0xB268, 0xC0C3, 0xE062, 0xC021, 0xC842, 0xABAE, 0x534D, 0xD678, 0xF77C, 0xEF5B, 0xF77C, 0xF77C, 0xF77C,
  0xF77C, 0xEF5B, 0xF77C, 0x7BEF, 0x5B4D, 0xB9A6, 0xD041, 0xB000, 0xC021, 0xA124, 0xA186, 0xC042, 0x90C3, 0x6B0C, 0x93AE, 0xE6FA,
  0xE6FA, 0x9BCF, 0x8B4D, 0xA186, 0xBBEE, 0xBD53, 0xCA68, 0xB9A7, 0xB125, 0xB861, 0x9B4C, 0x532D, 0xD678, 0xF77C, 0xEF5B, 0xF77C,
  0xF77C, 0xF77C, 0xF77C, 0xEF5B, 0xF77C, 0x7BEF, 0x5B6E, 0xB965, 0xC8C3, 0xA249, 0xAAAA, 0xAB0B, 0xBD13, 0xB30C, 0x91A6, 0xA491,
  0x9BCE, 0xE6FA, 0xE6DA, 0xA40F, 0x8AAA, 0xD8A3, 0xD0C3, 0xB38D, 0xBA28, 0xB28A, 0xB2AA, 0xA269, 0x832C, 0x426A, 0xDEB9, 0xF77C,
  0xEF5B, 0xF77C, 0xF77C, 0xF77C, 0xF77C, 0xEF5B, 0xF77C, 0x7C10, 0x638E, 0x92AA, 0xAAEB, 0xBA69, 0xC146, 0xA1A7, 0xAB2C, 0xE0A3,
  0xA800, 0xA491, 0x9BCE, 0xE6FA, 0xE6FA, 0xAC0F, 0x6986, 0xC8C3, 0xE083, 0xC228, 0xB925, 0xD001, 0xC842, 0xC042, 0x6186, 0x3A6A,
  0xDEB9, 0xF77C, 0xEF5B, 0xF77C, 0xF77C, 0xF77C, 0xF77C, 0xEF5B, 0xF77C, 0x7BEF, 0x5B6E, 0xAA49, 0xC882, 0xC021, 0xD021, 0xBA69,
  0xA945, 0xD041, 0xA041, 0xA4B2, 0xA3EF, 0xE6FA, 0xE6FA, 0xABCF, 0x6145, 0xC021, 0xC821, 0xB125, 0xAA08, 0xC021, 0xC082, 0xC041,
  0x8269, 0x5B4D, 0xD678, 0xF77C, 0xEF5B, 0xF77C, 0xF77C, 0xF77C, 0xF77C, 0xEF5B, 0xF77C, 0x7BCF, 0x532D, 0xA965, 0xC041, 0xB042,
  0xC062, 0xAA69, 0xC882, 0xD042, 0x9082, 0xB554, 0xA3CE, 0xE6FA, 0xE6DA, 0xABAE, 0x7A8A, 0xB841, 0xC021, 0xB904, 0xC32C, 0xD862,
  0xC862, 0xB021, 0x932C, 0x5B4D, 0xD678, 0xF77C, 0xEF5B, 0xF77C, 0xF77C, 0xF77C, 0xF77C, 0xEF5B, 0xF77C, 0x73CF, 0x5B2D, 0xB1A6,
  0xB862, 0xA801, 0xB862, 0x8124, 0xC821, 0xC821, 0x98A2, 0xBD75, 0xA3CE, 0xE6FA, 0xE6DA, 0xAB8E, 0x8AEB, 0xB062, 0xC041, 0xB062,
  0xB269, 0xD841, 0xC061, 0xB821, 0x930B, 0x5B4D, 0xD678, 0xF77C, 0xEF5B, 0xF77C, 0xF77C, 0xF77C, 0xF77C, 0xEF5B, 0xEF5B, 0x73CF,
  0x5B4D, 0xB9A6, 0xB841, 0xC021, 0xC083, 0xB249, 0xC821, 0xC021, 0xA104, 0xCDF6, 0xA3AE, 0xE6FA, 0xE6DA, 0xA36D, 0x8AEB, 0xB041,
  0xC041, 0xC083, 0xB248, 0xC021, 0xB883, 0xA821, 0x8ACA, 0x530C, 0xD678, 0xEF5B, 0xEF5B, 0xF77C, 0xF77C, 0xF77C, 0xF77C, 0xEF5B,
  0xF77C, 0x73CF, 0x5B4E, 0xC9A6, 0xD000, 0xB021, 0xA882, 0xAA29, 0xC862, 0xC842, 0x9082, 0xBD34, 0xAC0F, 0xE6FA, 0xDEDA, 0x9B4D,
  0x8ACA, 0xC020, 0xC021, 0xB862, 0xB269, 0xB821, 0xA821, 0xA001, 0x6986, 0x6BD0, 0x8C71, 0xF77C, 0xEF5B, 0xF77C, 0xF77C, 0xF77C,
  0xEF5B, 0xEF5B, 0xEF3B, 0x8C72, 0x8C30, 0x69C6, 0xA165, 0xC000, 0xB041, 0xCBCF, 0xB021, 0xB021, 0x88C3, 0xCD95, 0xABEE, 0xE6FA,
  0xE6FA, 0x932C, 0x6965, 0xC061, 0xC062, 0xB0E4, 0xAA07, 0xB841, 0xA1C7, 0x8A07, 0x8124, 0x7B2C, 0x5B2D, 0xC617, 0xF77C, 0xEF5B,
  0xF77C, 0xF77C, 0xF77C, 0xF77C, 0xA534, 0x8CD3, 0x8165, 0xB082, 0x9229, 0xA2CA, 0xA0C3, 0x9986, 0xC062, 0xB862, 0x9904, 0xD5F6,
  0xA3AE, 0xE6FA, 0xE6FA, 0x8AEB, 0x6985, 0xC081, 0xD021, 0x98C3, 0x9ACA, 0x9186, 0xB289, 0xC1E7, 0xC924, 0x80A2, 0x7BEF, 0x636E,
  0xEF5B, 0xF77C, 0xF77C, 0xF77C, 0xF77C, 0xCE58, 0x8492, 0x732C, 0xA041, 0xB862, 0xD041, 0xC986, 0xA36D, 0x60C3, 0xB821, 0xC841,
  0x9020, 0xB4B1, 0xB40F, 0xE6FA, 0xE6FA, 0x82CB, 0x79E7, 0xC041, 0xA145, 0x69E7, 0xAD33, 0xA9A6, 0xC904, 0xB0C4, 0xB882, 0xB041,
  0x4904, 0x6B6E, 0x7C10, 0x8CB3, 0x94D4, 0xA556, 0xB5B7, 0x9D15, 0x8471, 0x80E3, 0xC083, 0x9862, 0xD0A3, 0xC1C7, 0xB36D, 0xA34C,
  0xAACB, 0xC924, 0x9800, 0xAC91, 0xB430, 0xE6FA, 0xE6FA, 0x7ACB, 0x936D, 0x6821, 0x91A6, 0xC124, 0xB945, 0xAA69, 0xC0A3, 0xB821,
  0xB021, 0xB842, 0x6000, 0x38E3, 0x7BEF, 0x94B2, 0xC659, 0xC659, 0xA575, 0x9CD3, 0x936D, 0xA0E3, 0xB021, 0xC042, 0x8925, 0x8945,
  0xB0A3, 0xC882, 0xB986, 0xB2AA, 0x68C2, 0xBD13, 0xBC2F, 0xE6FA, 0xEF5B, 0xA38E, 0xA471, 0xB0C3, 0xD062, 0xA001, 0xD021, 0xB061,
  0x91A6, 0xB021, 0xB042, 0xA021, 0x99A7, 0x7862, 0x8041, 0x9881, 0x9AEB, 0xA289, 0x90A2, 0x8841, 0xB041, 0x9A69, 0xB800, 0xA986,
  0x9986, 0xB000, 0xA821, 0xB001, 0xC000, 0xC0E4, 0x8269, 0xD5B5, 0xB40F, 0xE6FA, 0xF77C, 0xBB6D, 0xBB2B, 0x8165, 0xD8C4, 0xB062,
  0xB821, 0xC842, 0x9104, 0xA248, 0xB821, 0xA862, 0xAB2C, 0xC8C3, 0xC842, 0xC821, 0xA9A6, 0xC166, 0xD842, 0xA842, 0xB821, 0x99E7,
  0xA145, 0xA28A, 0xB021, 0xB841, 0xB000, 0xC041, 0xB8E4, 0x78E4, 0x9841, 0xBC71, 0xAC0F, 0xE6FA, 0xF77C, 0x8BEE, 0xB208, 0x8B0B,
  0xA062, 0xC082, 0xA821, 0xA882, 0xB842, 0xA249, 0xB0E4, 0xB1C7, 0xA186, 0xC801, 0xB041, 0xB882, 0xBB4C, 0xBA08, 0xB842, 0xB042,
  0xC000, 0xA8A2, 0x8AEB, 0x9925, 0xC001, 0xB821, 0xB862, 0xB0C3, 0xA0A3, 0xA8A3, 0xA020, 0xA491, 0xABEF, 0xE6FA, 0xF77C, 0xC5F6,
  0x50E4, 0xCB2C, 0x69C7, 0xA800, 0xA042, 0xA041, 0xB862, 0xB021, 0x8145, 0x92CA, 0xB882, 0xC062, 0xB021, 0xB801, 0xB2AA, 0xB986,
  0xB800, 0xA882, 0xB0E4, 0xB146, 0xACB2, 0xB966, 0xD800, 0xB083, 0xA0C3, 0x9020, 0xA062, 0xC821, 0x9061, 0xACF3, 0xABCE, 0xE6FA,
  0xEF5B, 0xF77C, 0x83EE, 0x8165, 0xCC0F, 0x9165, 0xC882, 0xA061, 0xB841, 0xC821, 0x9A07, 0xAB8D, 0xC2AA, 0xA28A, 0x9AAA, 0xB985,
  0x90E4, 0xB1A7, 0xB249, 0xB34D, 0xAA29, 0xBA29, 0xAB8D, 0xC28A, 0xA862, 0xA124, 0xC020, 0x8861, 0xA8A2, 0xB821, 0x7820, 0xA491,
  0xABEF, 0xE6FA, 0xEF5B, 0xEF5B, 0xE71A, 0x3966, 0xBA49, 0xA36D, 0x9820, 0xB862, 0xB821, 0xB882, 0xBBAE, 0x9841, 0xB000, 0xB021,
  0xA8A2, 0xBA69, 0xB470, 0xB3AE, 0xC1C7, 0xB882, 0xC001, 0xC021, 0xC042, 0xA36D, 0x9082, 0xC020, 0xD020, 0x80A2, 0xB082, 0xB841,
  0x8020, 0xA4B1, 0xA3EE, 0xE6FA, 0xF77C, 0xEF5B, 0xF77C, 0xC637, 0x48A3, 0xCACB, 0x92AA, 0xB841, 0xA000, 0xA186, 0x9A08, 0xA821,
  0xA041, 0xA821, 0xB021, 0xC001, 0xC38D, 0xB1C7, 0xC821, 0xB021, 0xB041, 0xB821, 0xB208, 0x9A49, 0xA8E4, 0xA800, 0xB021, 0x6882,
  0xB841, 0xB821, 0x8820, 0xA491, 0x9BCE, 0xE6FA, 0xF77C, 0xF77C, 0xEF5B, 0xF77C, 0x8430, 0x7145, 0xBBCE, 0x8965, 0xB821, 0x9229,
  0x98A2, 0xB041, 0xA841, 0xA021, 0xA821, 0xB821, 0xCAEB, 0xC1C7, 0xB821, 0xB041, 0xB021, 0xAACA, 0xD574, 0xB041, 0x8A08, 0xC021,
  0x8841, 0x70C3, 0xB020, 0xB021, 0x8800, 0x7B0B, 0x9BCE, 0xDEDA, 0xF77C, 0xF77C, 0xF77C, 0xEF5B, 0xF77C, 0x6B0C, 0x9A28, 0xA38D,
  0x98E3, 0xA9E7, 0xC000, 0xC041, 0xB021, 0xA841, 0xA041, 0xB001, 0xB2AA, 0xB165, 0xC821, 0xC021, 0x7062, 0x6BCE, 0xABCE, 0xB821,
  0x9AEB, 0xA986, 0x8041, 0x9862, 0xB000, 0xA800, 0x7800, 0x93AE, 0x9BCE, 0xE6FA, 0xF77C, 0xF77C, 0xF77C, 0xEF5B, 0xF75B, 0xEF3B,
  0x72CB, 0xC32C, 0xB513, 0x99E7, 0xB965, 0xB186, 0xB165, 0xB965, 0xA903, 0xB165, 0xC38D, 0xBA8A, 0xC1E7, 0x9965, 0x3166, 0x532C,
  0x71E8, 0xB000, 0xA082, 0xAB4C, 0x88C3, 0xA821, 0xB021, 0xC020, 0x90A2, 0xA513, 0x8410, 0xEF3B, 0xF77C, 0xF77C, 0xF77C, 0xF77C,
  0xEF5B, 0xF77C, 0xD678, 0x82AA, 0x730D, 0x426A, 0x7410, 0x7410, 0x73CF, 0x4A8A, 0x31C7, 0x73CE, 0xB5B5, 0xA534, 0x94D2, 0x4AAB,
  0x31A7, 0x6BCF, 0x8AAA, 0xA124, 0x9165, 0x9ACA, 0x9BEE, 0xB841, 0xD021, 0xA800, 0xA450, 0x9514, 0x4ACC, 0xE71A, 0xF77C, 0xF77C,
  0xF77C, 0xF77C, 0xF77C, 0xEF5B, 0xF77C, 0x83EF, 0x31A7, 0x52CB, 0x6B8E, 0x73AE, 0x6B6E, 0x4A8A, 0x52AB, 0x6B6D, 0x73AE, 0x634D,
  0x4A8A, 0x5AEC, 0xC5F6, 0x738E, 0xB554, 0x8A28, 0xA945, 0xB0A3, 0x93AE, 0x9925, 0xD020, 0x69C8, 0x320B, 0x8430, 0x4AAB, 0xE71A,
  0xF77C, 0xF77C, 0xF77C, 0xF77C, 0xF77C, 0xEF5B, 0xEF5B, 0xD678, 0xBDB6, 0x7BEF, 0x840F, 0xF77C, 0xF77C, 0xF77C, 0xF77C, 0xF77C,
  0xF77C, 0xF77C, 0xF77C, 0xF77C, 0xDEB9, 0x8431, 0xAC30, 0xA800, 0xC000, 0xC001, 0x99E7, 0x9207, 0x92AB, 0x11EE, 0x19AC, 0x9492,
  0x428B, 0xE6FA, 0xF77C, 0xF77C, 0xF77C, 0xF77C, 0xF77C, 0xF77C, 0xF77C, 0xF77C, 0xEF5B, 0xE6FA, 0xDEDA, 0xEF5B, 0xEF5B, 0xEF5B,
  0xEF5B, 0xEF5B, 0xEF5B, 0xEF5B, 0xEF5B, 0xEF5B, 0x9471, 0x8492, 0xBBCF, 0xB020, 0xA821, 0xA000, 0x9966, 0xB081, 0x626B, 0x014D,
  0x42AE, 0x94B2, 0x426B, 0xE71A, 0xF77C, 0xF77C, 0xF77C, 0xF77C, 0xF77C, 0xF77C, 0xF77C, 0xEF5B, 0xF77C, 0xF77C, 0xF77C, 0xF77C,
  0xF77C, 0xF77C, 0xF77C, 0xF77C, 0xF77C, 0xF77C, 0xF77C, 0xEF5B, 0x8C71, 0x834E, 0x6041, 0xC041, 0xB800, 0xA821, 0x7862, 0xA020,
  0x50E5, 0x00C9, 0x4ACE, 0x9CD3, 0x3A4A, 0xE71A, 0xF77C, 0xF77C, 0xF77C, 0xF77C, 0xF77C, 0xF77C, 0xF77C, 0xF77C, 0xF77C, 0xEF5B,
  0xEF5B, 0xF77C, 0xF77C, 0xF77C, 0xF77C, 0xF77C, 0xF77C, 0xEF5B, 0xF77C, 0xBDB5, 0x8471, 0xA966, 0x7821, 0xA841, 0xB020, 0xB841,
  0x9041, 0x7082, 0x7209, 0x012B, 0x21CC, 0x8410, 0x4AAC, 0xE71A, 0xF77C, 0xF77C, 0xF77C, 0xF77C, 0xF77C, 0xF77C, 0xF77C, 0xF77C,
  0xF77C, 0xF77C, 0xF77C, 0xF77C, 0xF77C, 0xF77C, 0xF77C, 0xF77C, 0xF77C, 0xF77C, 0xF77C, 0x8C92, 0x838E, 0xC861, 0x6861, 0x9821,
  0xB082, 0xC082, 0x9062, 0x91A6, 0x69C8, 0x016D, 0x3A6E, 0x8430, 0x6B8F, 0xF77C, 0xF77C, 0xF77C, 0xF77C, 0xF77C, 0xF77C, 0xF77C,
  0xF77C, 0xF77C, 0xF77C, 0xF77C, 0xF77C, 0xF77C, 0xF77C, 0xF77C, 0xF77C, 0xF77C, 0xEF5B, 0xF77C, 0xD678, 0x7C51, 0x9249, 0xD000,
  0x79A6, 0x8841, 0xA800, 0xA000, 0xA041, 0xAACA, 0x6209, 0x016D, 0x29EE, 0x7BF0, 0x636E, 0xF77C, 0xF77C, 0xF77C, 0xF77C, 0xF77C,
  0xF77C, 0xF77C, 0xF77C, 0xF77C, 0xF77C, 0xF77C, 0xF77C, 0xF77C, 0xF77C, 0xF77C, 0xF77C, 0xF77C, 0xEF5B, 0xF77C, 0xA534, 0x8C31,
  0x9104, 0xA821, 0xA32C, 0x9062, 0xA821, 0x9800, 0xA000, 0x8904, 0x5A09, 0x016D, 0x116C, 0x5AEC, 0x6BAF, 0xF77C, 0xF77C, 0xF77C,
  0xF77C, 0xF77C, 0xF77C, 0xF77C, 0xF77C, 0xF77C, 0xF77C, 0xF77C, 0xF77C, 0xF77C, 0xF77C, 0xF77C, 0xF77C, 0xEF5B, 0xF77C, 0xE6FA,
  0x7C31, 0x93CE, 0xB041, 0xA800, 0xA34C, 0x98C3, 0xA800, 0x9041, 0x9082, 0x7061, 0x4A29, 0x01D0, 0x218C, 0x73AE, 0x636E, 0xF77C,
  0xF77C, 0xF77C, 0xF77C, 0xF77C, 0xF77C, 0xF77C, 0xF77C, 0xF77C, 0xF77C, 0xF77C, 0xF77C, 0xF77C, 0xF77C, 0xF77C, 0xF77C, 0xEF5B,
  0xF77C, 0xAD54, 0x7C51, 0x89E7, 0x8966, 0x88A3, 0x8165, 0x8861, 0xA208, 0xAAEB, 0x90E4, 0x8882, 0x83D0, 0x016E, 0x29EE, 0x7C10,
  0x634D, 0xF77C, 0xF77C, 0xF77C, 0xF77C, 0xF77C, 0xF77C, 0xF77C, 0xF77C, 0xF77C, 0xF77C, 0xF77C, 0xF77C, 0xF77C, 0xF77C, 0xF77C,
  0xF77C, 0xF77C, 0xEF5B, 0x7C10, 0x7B6E, 0xA0C2, 0xB862, 0x9124, 0x8B0B, 0x9B0C, 0xB1E7, 0xC041, 0xA800, 0xA020, 0x9411, 0x016D,
  0x110A, 0x5B0D, 0x636E, 0xF77C, 0xF77C, 0xF77C, 0xF77C, 0xF77C, 0xF77C, 0xF77C, 0xF77C, 0xF77C, 0xF77C, 0xF77C, 0xF77C, 0xF77C,
  0xF77C, 0xF77C, 0xEF5B, 0xF77C, 0xC617, 0x638F, 0x81C7, 0xA8C3, 0xA800, 0xB000, 0x92AA, 0xAA28, 0xC800, 0xA000, 0x9000, 0x9021,
  0x7BCF, 0x014C, 0x196B, 0x634D, 0x634D, 0xF77C, 0xF77C, 0xF77C, 0xF77C, 0xF77C, 0xF77C, 0xF77C, 0xF77C, 0xF77C, 0xF77C, 0xF77C,
  0xF77C, 0xF77C, 0xF77C, 0xF77C, 0xEF5B, 0xF77C, 0x8C92, 0x6B4E, 0x9903, 0xA062, 0x9801, 0xB000, 0x8925, 0xB145, 0xB000, 0xA020,
  0xA000, 0xA021, 0x83CF, 0x010B, 0x29CC, 0x7BEF, 0x5B0D, 0xF77C, 0xF77C, 0xF77C, 0xF77C, 0xF77C, 0xF77C, 0xF77C, 0xF77C, 0xF77C,
  0xF77C, 0xF77C, 0xF77C, 0xF77C, 0xF77C, 0xEF5B, 0xF77C, 0xE71A, 0x6BD0, 0x82EB, 0xB0C2, 0x8800, 0x9021, 0xA800, 0x9165, 0xB165,
  0xB000, 0xA020, 0x9800, 0x9821, 0x8BCF, 0x010B, 0x29AB, 0x7BEF, 0x5B0D, 0xF77C, 0xF77C, 0xF77C, 0xF77C, 0xF77C, 0xF77C, 0xF77C,
  0xF77C, 0xF77C, 0xF77C, 0xF77C, 0xF77C, 0xF77C, 0xF77C, 0xEF5B, 0xF77C, 0xA4F3, 0x6BCF, 0xAA28, 0xB061, 0x9000, 0x9000, 0x8800,
  0x9166, 0xA145, 0xB000, 0xA820, 0x9000, 0x8821, 0x93CF, 0x012B, 0x29CB, 0x7BEF, 0x52EC, 0xF77C, 0xF77C, 0xF77C, 0xF77C, 0xF77C,
  0xF77C, 0xF77C, 0xF77C, 0xF77C, 0xF77C, 0xF77C, 0xF77C, 0xF77C, 0xEF5B, 0xEF5B, 0xEF5B, 0x6B8E, 0x83F0, 0xB0E3, 0x9021, 0x8800,
  0x9000, 0x9800, 0x8945, 0x9145, 0xA800, 0xA800, 0x9000, 0x9041, 0x8B6D, 0x010A, 0x29EC, 0x7BEF, 0x5AEC, 0xF77C, 0xF77C, 0xF77C,
  0xF77C, 0xF77C, 0xF77C, 0xF77C, 0xF77C, 0xF77C, 0xF77C, 0xF77C, 0xF77C, 0xF77C, 0xEF5B, 0xEF5B, 0xB595, 0x638F, 0x92CB, 0x9800,
  0x6820, 0x68A2, 0x7186, 0x7841, 0x88E3, 0x9945, 0xA000, 0x9800, 0x9800, 0x9800, 0x8B8E, 0x010B, 0x29CC, 0x7BF0, 0x4AAB, 0xF77C,
  0xF77C, 0xF77C, 0xF77C, 0xF77C, 0xF77C, 0xF77C, 0xF77C, 0xF77C, 0xF77C, 0xF77C, 0xF77C, 0xEF5B, 0xEF5B, 0xF77C, 0x7BEF, 0x7C30,
  0x78A2, 0x7145, 0x7A28, 0x80E3, 0x9A48, 0x91E7, 0x82CA, 0x8924, 0x9000, 0x9821, 0xA041, 0x92CB, 0x3A8D, 0x00C9, 0x426C, 0x39E8,
  0x8410, 0xF77C, 0xF77C, 0xF77C, 0xF77C, 0xF77C, 0xF77C, 0xF77C, 0xF77C, 0xF77C, 0xF77C, 0xEF5B, 0xF77C, 0xF77C, 0xF77C, 0xE6FA,
  0x6B4D, 0x9CD2, 0x7AAA, 0x81C7, 0xA0C3, 0x9800, 0xB000, 0xB000, 0xA1A6, 0x89C7, 0xB020, 0xA061, 0x6AEC, 0x2A6E, 0x016C, 0x1128,
  0x3A09, 0x4A6A, 0xEF3B, 0xEF5B, 0xF77C, 0xF77C, 0xF77C, 0xF77C, 0xF77C, 0xF77C, 0xF77C, 0xF77C, 0xF77C, 0xF77C, 0xE6FA, 0xD699,
  0xE71B, 0x8C51, 0x7C51, 0x99E7, 0x8A08, 0x8841, 0xA800, 0x9000, 0x9800, 0xA000, 0xB000, 0x5800, 0x8820, 0x4946, 0x09CD, 0x012B,
  0x5B0E, 0x8C71, 0x3A09, 0xE6FA, 0xF77C, 0xEF5B, 0xF77C, 0xF77C, 0xF77C, 0xF77C, 0xF77C, 0xF77C, 0xF77C, 0xEF5B, 0xF77C, 0xC637,
  0xC659, 0xE75D, 0xCEDB, 0xA555, 0x83CF, 0xB081, 0xA9A6, 0x9124, 0x9021, 0x8800, 0x9000, 0x8800, 0xB000, 0x9144, 0x632D, 0x09AC,
  0x00E9, 0x0086, 0x73AF, 0x52AA, 0xBDD6, 0xF77C, 0xEF5B, 0xF77C, 0xF77C, 0xF77C, 0xF77C, 0xF77C, 0xF77C, 0xF77C, 0xEF5B, 0xF77C,
  0xE71A, 0x7C32, 0x94B3, 0x830B, 0x934C, 0x9C0F, 0x9A28, 0xA821, 0x9945, 0x8A08, 0x9800, 0x9800, 0x9020, 0x9800, 0x9841, 0x628C,
  0x09CE, 0x010B, 0x012C, 0x1149, 0x2966, 0x73AE, 0xF77C, 0xEF5B, 0xF77C, 0xF77C, 0xF77C, 0xF77C, 0xF77C, 0xF77C, 0xF77C, 0xF77C,
  0xEF5B, 0xF77C, 0xBDD6, 0x7C52, 0x92CB, 0x9800, 0xA000, 0x89C7, 0x9904, 0xA000, 0x9841, 0xAACB, 0xA000, 0xA820, 0xA821, 0x9061,
  0x7BAF, 0x0A0E, 0x00C9, 0x014C, 0x00A8, 0x29A8, 0x424A, 0xF77C, 0xEF5B, 0xEF5B, 0xF77C, 0xF77C, 0xF77C, 0xF77C, 0xF77C, 0xF77C,
  0xF77C, 0xF77C, 0xEF5B, 0xEF5B, 0x8472, 0x7C10, 0xB904, 0xC862, 0x9020, 0x60C3, 0x9020, 0xA000, 0xA000, 0x80A3, 0x9021, 0xA841,
  0xA061, 0x8BF0, 0x1A70, 0x010A, 0x010A, 0x00A8, 0x3A0A, 0x2987, 0xCE37, 0xEF5B, 0xEF5B, 0xF77C, 0xF77C, 0xF77C, 0xF77C, 0xF77C,
  0xF77C, 0xF77C, 0xF77C, 0xEF5B, 0xEF5B, 0xCE38, 0x7452, 0xA2EB, 0xC082, 0x8800, 0x8041, 0x68C3, 0x9800, 0x9800, 0x9800, 0x78A3,
  0x9882, 0xC041, 0x8BF0, 0x1AB1, 0x010A, 0x010A, 0x010A, 0x3A4B, 0x424A, 0x9CD2, 0xF77C, 0xEF5B, 0xF77C, 0xF77C, 0xF77C, 0xF77C,
  0xF77C, 0xF77C, 0xF77C, 0xF77C, 0xF77C, 0xEF5B, 0xF77C, 0x8C92, 0x7411, 0xAB4C, 0x98A3, 0x8800, 0x7862, 0x7904, 0xA000, 0x9082,
  0xA0C3, 0xA925, 0xA186, 0x8A8A, 0x1AD3, 0x014D, 0x012B, 0x012B, 0x0909, 0x5AEC, 0x8C51, 0xF77C, 0xEF5B, 0xF77C, 0xF77C, 0xF77C,
  0xF77C, 0xF77C, 0xF77C, 0xF77C, 0xF77C, 0xF77C, 0xEF5B, 0xEF5B, 0xE6FA, 0x5B6E, 0x9C10, 0x99E8, 0x8228, 0x99C7, 0x8020, 0x8021,
  0x88E3, 0x7904, 0x7861, 0x90A2, 0xC533, 0x2B31, 0x014C, 0x012C, 0x016D, 0x010A, 0x39EA, 0x4A8A, 0xE6FA, 0xEF5B, 0xEF5B, 0xF77C,
  0xF77C, 0xF77C, 0xF77C, 0xF77C, 0xF77C, 0xF77C, 0xF77C, 0xF77C, 0xEF5B, 0xF77C, 0x94D3, 0x5B6E, 0xBB0B, 0xB041, 0xA821, 0xA9E8,
  0x8AEB, 0x8A08, 0x9061, 0x7881, 0x4ACC, 0x53B2, 0x42EF, 0x010B, 0x014C, 0x018D, 0x012C, 0x29CA, 0x39E8, 0x94B2, 0xF77C, 0xEF5B,
  0xF77C, 0xF77C, 0xF77C, 0xF77C, 0xF77C, 0xF77C, 0xF77C, 0xF77C, 0xF77C, 0xEF5B, 0xEF7C, 0xEF3B, 0x63B0, 0x7B4D, 0xB104, 0x9800,
  0x9820, 0xA800, 0xAB8E, 0xAA89, 0xA104, 0x4331, 0x0A30, 0x016D, 0x198B, 0x19AC, 0x012C, 0x014D, 0x0909, 0x424A, 0x630C, 0xF77C,
  0xEF5B, 0xF77C, 0xF77C, 0xF77C, 0xF77C, 0xF77C, 0xF77C, 0xF77C, 0xF77C, 0xF77C, 0xF77C, 0xEF5B, 0xF77C, 0xAD75, 0x4B2D, 0x92CB,
  0xA862, 0x9800, 0x9000, 0x8800, 0x6801, 0x69A6, 0x2B12, 0x016C, 0x010B, 0x014D, 0x098C, 0x090A, 0x016D, 0x114A, 0x6B6E, 0x2987,
  0xAD74, 0xF77C, 0xEF5B, 0xF77C, 0xF77C, 0xF77C, 0xF77C, 0xF77C, 0xF77C, 0xF77C, 0xF77C, 0xF77C, 0xF77C, 0xEF5B, 0xEF5B, 0x636E,
  0x7BF0, 0x9208, 0x9000, 0x9841, 0x9841, 0x80E3, 0x9BAD, 0x5C56, 0x01AF, 0x012B, 0x012B, 0x010B, 0x014C, 0x00E9, 0x00EB, 0x636F,
  0x4249, 0x8C91, 0xEF3B, 0xEF5B, 0xEF5B, 0xF77C, 0xF77C, 0xF77C, 0xF77C, 0xF77C, 0xF77C, 0xF77C, 0xF77C, 0xF77C, 0xEF5B, 0xF77C,
  0xD678, 0x530D, 0x9B4C, 0x9862, 0x90A3, 0xA2CA, 0x3A0D, 0x11EE, 0x32CE, 0x01AF, 0x014D, 0x018E, 0x018E, 0x016D, 0x012B, 0x21CA,
  0x3A2B, 0x634D, 0x5AEC, 0xF77C, 0xEF7C, 0xEF5B, 0xF77C, 0xF77C, 0xF77C, 0xF77C, 0xF77C, 0xF77C, 0xF77C, 0xF77C, 0xF77C, 0xF77C,
  0xEF5B, 0xF77C, 0x8C92, 0x5ACC, 0x9965, 0xAACA, 0xDE78, 0x3A4E, 0x1A10, 0x19CD, 0x196A, 0x092B, 0x012C, 0x094C, 0x092A, 0x114A,
  0x094B, 0x6B90, 0xA533, 0x29A8, 0xCE57, 0xEF5B, 0xEF5B, 0xF77C, 0xF77C, 0xF77C, 0xF77C, 0xF77C, 0xF77C, 0xF77C, 0xF77C, 0xF77C,
  0xF77C, 0xEF5B, 0xF77C, 0xEF3B, 0x636F, 0x62EC, 0x62AA, 0x94F3, 0x8CB2, 0x29A9, 0x52CB, 0x634D, 0x7BEF, 0x2987, 0x2167, 0x3A09,
  0x52AB, 0x52CC, 0x5AEC, 0x6B4D, 0x4A6A, 0x4229, 0xDEDA, 0xF77C, 0xEF5B, 0xF77C, 0xF77C, 0xF77C, 0xF77C, 0xF77C, 0xF77C, 0xF77C,
  0xF77C, 0xF77C, 0xF77C, 0xEF5B, 0xF77C, 0xE71A, 0x3A2A, 0x3A08, 0x426A, 0x426A, 0x4249, 0x73AE, 0x7BEF, 0x7BCF, 0x73CF, 0x630C,
  0x5B0C, 0x5AEC, 0x4A8A, 0x39E8, 0x4249, 0x4A8A, 0x2967, 0xB5B5, 0xF77C, 0xEF5B, 0xF77C, 0xF77C, 0xF77C, 0xF77C, 0xF77C, 0xF77C,
  0xF77C, 0xF77C, 0xF77C, 0xF77C, 0xF77C, 0xF77C, 0xEF5B, 0xE73B, 0x6BAE, 0x5B0C, 0x7BEF, 0xD698, 0xE6FA, 0xEF5B, 0xF77C, 0xF77C,
  0xF77C, 0xF77C, 0xF77C, 0xF77C, 0xEF5B, 0xAD54, 0x3A29, 0x73CF, 0x8450, 0xF77C, 0xEF5B, 0xF77C, 0xF77C, 0xF77C, 0xF77C, 0xF77C,
  0xF77C, 0xF77C, 0xF77C, 0xF77C, 0xF77C, 0xF77C, 0xF77C, 0xF77C, 0xF77C, 0xF77C, 0xEF3B, 0xD678, 0xE6FA, 0xEF5B, 0xF77C, 0xF77C,
  0xEF5B, 0xEF5B, 0xEF5B, 0xEF5B, 0xEF5B, 0xEF5B, 0xF77C, 0xF77C, 0xDEFA, 0xD6B9, 0xEF5B, 0xEF5B, 0xF77C, 0xF77C, 0xF77C, 0xF77C,
  0xF77C, 0xF77C, 0xF77C, 0xF77C, 0xF77C, 0xF77C, 0xF77C, 0xF77C, 0xF77C, 0xF77C, 0xF77C, 0xF77C, 0xF77C, 0xF77C, 0xF77C, 0xF77C,
  0xEF5B, 0xF77C, 0xF77C, 0xF77C, 0xF77C, 0xF77C, 0xF77C, 0xF77C, 0xEF5B, 0xF77C, 0xF77C, 0xF77C, 0xF77C, 0xF77C, 0xF77C, 0xF77C,
  0xF77C, 0xF77C, 0xF77C, 0xF77C, 0xF77C, 0xF77C, 0xF77C, 0xF77C, 0xF77C, 0xF77C,
};

const PhotoDigit HERO_DIGITS[10] = {
  { hero_img_0, 39, 85 },
  { hero_img_1, 22, 85 },
  { hero_img_2, 35, 85 },
  { hero_img_3, 33, 85 },
  { hero_img_4, 36, 85 },
  { hero_img_5, 36, 85 },
  { hero_img_6, 34, 85 },
  { hero_img_7, 38, 85 },
  { hero_img_8, 33, 85 },
  { hero_img_9, 34, 85 },
};
