#pragma once
#include <Arduino.h>

// Photo-traced gold digits (0-9), background removed, converted to RGB565
// via image2cpp.com. Each is a different native size (see PHOTO_GOLD_DIGITS
// below) - these are meant to be scaled at draw time, not used at native size.

// img_0  97 x 114  (RGB565)
const uint16_t img_0[] PROGMEM = {
  0x0000, 0x0000, 0x0000, 0x0000, 0x0000, 0x0000, 0x0000, 0x0000, 0x0000, 0x0000, 0x0000, 0x0000,
  0x0000, 0x0000, 0x0000, 0x0000, 0x0000, 0x0000, 0x0000, 0x0000, 0x0000, 0x0000, 0x0000, 0x0000,
  0x0000, 0x0000, 0x0000, 0x0000, 0x0000, 0x0000, 0x0000, 0x0000, 0x0000, 0x0000, 0x0000, 0x0000,
  0x0000, 0x0000, 0x0000, 0x0000, 0x0000, 0x0000, 0x0000, 0x0000, 0x0000, 0x0000, 0x0000, 0x0000,
  0x0000, 0x0000, 0x0000, 0x0000, 0x0000, 0x0000, 0x0000, 0x0000, 0x0000, 0x0000, 0x0000, 0x0000,
  0x0000, 0x0000, 0x0000, 0x0000, 0x0000, 0x0000, 0x0000, 0x0000, 0x0000, 0x0000, 0x0000, 0x0000,
  0x0000, 0x0000, 0x0000, 0x0000, 0x0000, 0x0000, 0x0000, 0x0000, 0x0000, 0x0000, 0x0000, 0x0000,
  0x0000, 0x0000, 0x0000, 0x0000, 0x0000, 0x0000, 0x0000, 0x0000, 0x0000, 0x0000, 0x0000, 0x0000,
  0x0000, 0x0000, 0x0000, 0x0000, 0x0000, 0x0000, 0x0000, 0x0000, 0x0000, 0x0000, 0x0000, 0x0000,
  0x0000, 0x0000, 0x0000, 0x0000, 0x0000, 0x0000, 0x0000, 0x0000, 0x0000, 0x0000, 0x0000, 0x0000,
  0x0000, 0x0000, 0x0000, 0x0000, 0x0000, 0x0000, 0x0000, 0x0000, 0x0000, 0x0000, 0x0000, 0x0000,
  0x0000, 0x0000, 0x0000, 0x0000, 0x0000, 0x0000, 0x0000, 0x0000, 0x0000, 0x0000, 0x0000, 0x0000,
  0x0000, 0x0000, 0x0000, 0x0000, 0x0000, 0x0000, 0x0000, 0x0000, 0x0000, 0x0000, 0x0000, 0x0000,
  0x0000, 0x0000, 0x0000, 0x0000, 0x0000, 0x0000, 0x0000, 0x0000, 0x0000, 0x0000, 0x0000, 0x0000,
  0x0000, 0x0000, 0x0000, 0x0000, 0x0000, 0x0000, 0x0000, 0x0000, 0x0000, 0x0000, 0x0000, 0x0000,
  0x0000, 0x0000, 0x0000, 0x0000, 0x0000, 0x0000, 0x0000, 0x0000, 0x0000, 0x0000, 0x0000, 0x0000,
  0x0000, 0x0000, 0x0000, 0x0000, 0x0000, 0x0000, 0x0000, 0x0000, 0x0000, 0x0000, 0x0000, 0x0000,
  0x0000, 0x0000, 0x0000, 0x0000, 0x0000, 0x0000, 0x0000, 0x0000, 0x0000, 0x0000, 0x0000, 0x0000,
  0x0000, 0x0000, 0x0000, 0x0000, 0x0000, 0x0000, 0x0000, 0x0000, 0x0000, 0x0000, 0x0000, 0x0000,
  0x0000, 0x0000, 0x0000, 0x0000, 0x0000, 0x0000, 0x0000, 0x0000, 0x0000, 0x0000, 0x0000, 0x0000,
  0x0000, 0x0000, 0x0000, 0x0000, 0x0000, 0x0000, 0x0000, 0x0000, 0x0000, 0x0000, 0x0000, 0x0000,
  0x0000, 0x0000, 0x0000, 0x0000, 0x0000, 0x0000, 0x0000, 0x0000, 0x0000, 0x0000, 0x0000, 0x0000,
  0x0000, 0x0000, 0x0000, 0x0000, 0x0000, 0x0000, 0x0000, 0x0000, 0x0000, 0x0000, 0x0000, 0x0000,
  0x0000, 0x0000, 0x0000, 0x0000, 0x0000, 0x0000, 0x0000, 0x0000, 0x0000, 0x0000, 0x0000, 0x0000,
  0x0000, 0x0000, 0x0000, 0x0000, 0x0000, 0x0000, 0x0000, 0x0000, 0x0000, 0x0000, 0x0000, 0x0000,
  0x0000, 0x0000, 0x0000, 0x0000, 0x0000, 0x0000, 0x0000, 0x0000, 0x0000, 0x0000, 0x0000, 0x0000,
  0x0000, 0x0000, 0x0000, 0x0000, 0x0000, 0x0000, 0x0000, 0x0000, 0x0000, 0x0000, 0x0000, 0x0000,
  0x0000, 0x0000, 0x0000, 0x0000, 0x0000, 0x0000, 0x0000, 0x0000, 0x0000, 0x0000, 0x0000, 0x0000,
  0x0000, 0x0000, 0x0000, 0x0000, 0x0000, 0x0000, 0x0000, 0x0000, 0x0000, 0x0000, 0x0000, 0x0000,
  0x0000, 0x0000, 0x0000, 0x0000, 0x0000, 0x0000, 0x0000, 0x0000, 0x0000, 0x0000, 0x0000, 0x0000,
  0x0000, 0x0000, 0x0000, 0x0000, 0x0000, 0x0000, 0x0000, 0x0000, 0x0000, 0x0000, 0x0000, 0x0000,
  0x0000, 0x0000, 0x0000, 0x0000, 0x0000, 0x0000, 0x0000, 0x0000, 0x0000, 0x0000, 0x0000, 0x0000,
  0x0000, 0x0000, 0x0000, 0x0000, 0x0000, 0x0000, 0x0000, 0x0000, 0x0000, 0x0000, 0x0000, 0x0000,
  0x0000, 0x0000, 0x0000, 0x0000, 0x0000, 0x0000, 0x0000, 0x0000, 0x0000, 0x0000, 0x0000, 0x0000,
  0x0000, 0x0000, 0x0000, 0x0000, 0x0000, 0x0000, 0x0000, 0x0000, 0x0000, 0x0000, 0x0000, 0x0000,
  0x0000, 0x0000, 0x0000, 0x0000, 0x0000, 0x0000, 0x0000, 0x0000, 0x0000, 0x0000, 0x0000, 0x0000,
  0x0000, 0x0000, 0x0000, 0x0000, 0x0000, 0x0000, 0x0000, 0x0000, 0x0000, 0x0000, 0x0000, 0x0000,
  0x0000, 0x0000, 0x0000, 0x0000, 0x0000, 0x0000, 0x0000, 0x0000, 0x0000, 0x0000, 0x0000, 0x0000,
  0x0000, 0x0000, 0x0000, 0x0000, 0x0000, 0x0000, 0x0000, 0x0000, 0x0000, 0x0000, 0x0000, 0x0000,
  0x0000, 0x0000, 0x0000, 0x0000, 0x0000, 0x0000, 0x0000, 0x0000, 0x0000, 0x0000, 0x0000, 0x0000,
  0x0000, 0x0000, 0x0000, 0x0000, 0x0000, 0x0000, 0x0000, 0x0000, 0x0000, 0x0000, 0x0000, 0x0000,
  0x0000, 0x0000, 0x0000, 0x0000, 0x0000, 0x0000, 0x0000, 0x0000, 0x0000, 0x0000, 0x0000, 0x0000,
  0x0000, 0x0000, 0x0000, 0x0000, 0x0000, 0x0000, 0x0000, 0x0000, 0x0000, 0x0000, 0x0000, 0x0000,
  0x0000, 0x0000, 0x0000, 0x0000, 0x0000, 0x0000, 0x0000, 0x0000, 0x0000, 0x0000, 0x0000, 0x0000,
  0x0000, 0x0000, 0x0000, 0x0000, 0x0000, 0x0000, 0x0000, 0x0000, 0x0000, 0x0000, 0x0000, 0x0000,
  0x0000, 0x0000, 0x0000, 0x0000, 0x0000, 0x0000, 0x0000, 0x0000, 0x0000, 0x0000, 0x0000, 0x0000,
  0x0000, 0x0000, 0x0000, 0x0000, 0x0000, 0x0000, 0x0000, 0x0000, 0x0000, 0x0000, 0x0000, 0x0000,
  0x0000, 0x0000, 0x0000, 0x0000, 0x0000, 0x0000, 0x0000, 0x0000, 0x0000, 0x0000, 0x0000, 0x0000,
  0x0000, 0x0000, 0x0000, 0x0000, 0x0000, 0x0000, 0x0000, 0x0000, 0x0000, 0x0000, 0x0000, 0x0000,
  0x0000, 0x0000, 0x0000, 0x0000, 0x0000, 0x0000, 0x0000, 0x0000, 0x0000, 0x0000, 0x0000, 0x0000,
  0x0000, 0x0000, 0x0000, 0x0000, 0x0000, 0x0000, 0x0000, 0x0000, 0x0000, 0x0000, 0x0000, 0x0000,
  0x0000, 0x0000, 0x0000, 0x0000, 0x0000, 0x0000, 0x0000, 0x0000, 0x0000, 0x0000, 0x0000, 0x0000,
  0x0000, 0x0000, 0x0000, 0x0000, 0x0000, 0x0000, 0x0000, 0x0000, 0x0000, 0x0000, 0x0000, 0x0000,
  0x0000, 0x0000, 0x0000, 0x0000, 0x0000, 0x0000, 0x0000, 0x0000, 0x0000, 0x0000, 0x0000, 0x0000,
  0x0000, 0x0000, 0x0000, 0x0000, 0x0000, 0x0000, 0x0000, 0x0000, 0x0000, 0x0000, 0x0000, 0x0000,
  0x0000, 0x0000, 0x0000, 0x0000, 0x0000, 0x0000, 0x0000, 0x0000, 0x0000, 0x0000, 0x0000, 0x0000,
  0x0000, 0x0000, 0x0000, 0x0000, 0x0000, 0x0000, 0x0000, 0x0000, 0x0000, 0x0000, 0x0000, 0x0000,
  0x0000, 0x0000, 0x0000, 0x0000, 0x0000, 0x0000, 0x0000, 0x0000, 0x0000, 0x0000, 0x0000, 0x0000,
  0x0000, 0x0000, 0x0000, 0x0000, 0x0000, 0x0000, 0x0000, 0x0000, 0x0000, 0x0000, 0x0000, 0x0000,
  0x0000, 0x0000, 0x0000, 0x0000, 0x0000, 0x0000, 0x0000, 0x0000, 0x0000, 0x0000, 0x0000, 0x0000,
  0x0000, 0x0000, 0x0000, 0x0000, 0x0000, 0x0020, 0x0020, 0x0020, 0x0020, 0x0020, 0x0020, 0x0020,
  0x0020, 0x0020, 0x0020, 0x0020, 0x0020, 0x0020, 0x0020, 0x0020, 0x0020, 0x0020, 0x0020, 0x0020,
  0x0020, 0x0020, 0x0020, 0x0020, 0x0020, 0x0000, 0x0000, 0x0000, 0x0000, 0x0000, 0x0000, 0x0000,
  0x0000, 0x0000, 0x0000, 0x0000, 0x0000, 0x0000, 0x0000, 0x0000, 0x0000, 0x0000, 0x0000, 0x0000,
  0x0000, 0x0000, 0x0000, 0x0000, 0x0000, 0x0000, 0x0000, 0x0000, 0x0000, 0x0000, 0x0000, 0x0000,
  0x0000, 0x0000, 0x0000, 0x0000, 0x0000, 0x0000, 0x0000, 0x0000, 0x0000, 0x0000, 0x0000, 0x0000,
  0x0000, 0x0000, 0x0000, 0x0000, 0x0000, 0x0000, 0x0000, 0x0000, 0x0000, 0x0000, 0x0000, 0x0000,
  0x0000, 0x0000, 0x0000, 0x0000, 0x0000, 0x0000, 0x0000, 0x0000, 0x0000, 0x0000, 0x0000, 0x0000,
  0x0020, 0x0020, 0x0841, 0x18C2, 0x3144, 0x41E6, 0x5268, 0x62EA, 0x6B0A, 0x6B0A, 0x6B0A, 0x630A,
  0x62E9, 0x62C9, 0x62C9, 0x5AC9, 0x5AA8, 0x5A88, 0x5A88, 0x5A88, 0x5A88, 0x5AA9, 0x5AC9, 0x5AC9,
  0x5AC9, 0x5AC9, 0x5AC9, 0x5AC9, 0x5AC9, 0x5288, 0x4A27, 0x39A6, 0x2944, 0x20E3, 0x0841, 0x0020,
  0x0000, 0x0000, 0x0000, 0x0000, 0x0000, 0x0000, 0x0000, 0x0000, 0x0000, 0x0000, 0x0000, 0x0000,
  0x0000, 0x0000, 0x0000, 0x0000, 0x0000, 0x0000, 0x0000, 0x0000, 0x0000, 0x0000, 0x0000, 0x0000,
  0x0000, 0x0000, 0x0000, 0x0000, 0x0000, 0x0000, 0x0000, 0x0000, 0x0000, 0x0000, 0x0000, 0x0000,
  0x0000, 0x0000, 0x0000, 0x0000, 0x0000, 0x0000, 0x0000, 0x0000, 0x0000, 0x0000, 0x0000, 0x0000,
  0x0000, 0x0000, 0x0000, 0x0000, 0x0000, 0x0000, 0x0000, 0x0000, 0x0000, 0x0000, 0x0020, 0x0840,
  0x2103, 0x4A27, 0x62CA, 0x734B, 0x944F, 0xAD11, 0xC593, 0xD635, 0xE696, 0xE6B6, 0xE696, 0xE696,
  0xDE76, 0xDE75, 0xDE55, 0xD655, 0xD634, 0xD614, 0xD614, 0xCE14, 0xCE14, 0xD635, 0xD635, 0xDE56,
  0xDE76, 0xDE76, 0xDE76, 0xDE97, 0xDE97, 0xDE76, 0xD635, 0xCDF5, 0xBD73, 0xAD11, 0x9CB0, 0x738C,
  0x62EA, 0x39A6, 0x0861, 0x0020, 0x0000, 0x0000, 0x0000, 0x0000, 0x0000, 0x0000, 0x0000, 0x0000,
  0x0000, 0x0000, 0x0000, 0x0000, 0x0000, 0x0000, 0x0000, 0x0000, 0x0000, 0x0000, 0x0000, 0x0000,
  0x0000, 0x0000, 0x0000, 0x0000, 0x0000, 0x0000, 0x0000, 0x0000, 0x0000, 0x0000, 0x0000, 0x0000,
  0x0000, 0x0000, 0x0000, 0x0000, 0x0000, 0x0000, 0x0000, 0x0000, 0x0000, 0x0000, 0x0000, 0x0000,
  0x0000, 0x0000, 0x0000, 0x0000, 0x0000, 0x0000, 0x0000, 0x0000, 0x0000, 0x0020, 0x2103, 0x5268,
  0x6B0A, 0x9C8F, 0xBD93, 0xCDF4, 0xCDD4, 0xC5D3, 0xCDB3, 0xC592, 0xC591, 0xBD71, 0xBD51, 0xBD50,
  0xBD50, 0xBD50, 0xBD50, 0xBD50, 0xBD51, 0xBD50, 0xBD51, 0xBD71, 0xBD71, 0xC571, 0xC591, 0xC592,
  0xC592, 0xC5B2, 0xC5B2, 0xC5B2, 0xCDD3, 0xCDD3, 0xC5B2, 0xC5B3, 0xC5D3, 0xCDF3, 0xCE14, 0xDE96,
  0xE6D7, 0xE6D8, 0xBD94, 0x7BCD, 0x62EA, 0x2944, 0x0841, 0x0000, 0x0000, 0x0000, 0x0000, 0x0000,
  0x0000, 0x0000, 0x0000, 0x0000, 0x0000, 0x0000, 0x0000, 0x0000, 0x0000, 0x0000, 0x0000, 0x0000,
  0x0000, 0x0000, 0x0000, 0x0000, 0x0000, 0x0000, 0x0000, 0x0000, 0x0000, 0x0000, 0x0000, 0x0000,
  0x0000, 0x0000, 0x0000, 0x0000, 0x0000, 0x0000, 0x0000, 0x0000, 0x0000, 0x0000, 0x0000, 0x0000,
  0x0000, 0x0000, 0x0000, 0x0000, 0x0000, 0x0000, 0x0000, 0x0000, 0x0820, 0x3164, 0x62C9, 0x946F,
  0xBD93, 0xC5B3, 0xBD72, 0xB551, 0xB510, 0xACCF, 0xA4AE, 0xA4AE, 0xA4AE, 0xACCE, 0xACAE, 0xA4AE,
  0xA4AE, 0xA48D, 0xA4AD, 0xA4AD, 0xA4AD, 0xACAE, 0xA4AE, 0xACCE, 0xACCE, 0xACCE, 0xACCE, 0xACCE,
  0xACEF, 0xACEF, 0xB4EF, 0xB50F, 0xB50F, 0xB50F, 0xB510, 0xB4EF, 0xB4EF, 0xACEF, 0xACEF, 0xB50F,
  0xBD51, 0xC592, 0xC5B3, 0xD635, 0xE6D8, 0xE6D9, 0xAD12, 0x6B2B, 0x2104, 0x0020, 0x0000, 0x0000,
  0x0000, 0x0000, 0x0000, 0x0000, 0x0000, 0x0000, 0x0000, 0x0000, 0x0000, 0x0000, 0x0000, 0x0000,
  0x0000, 0x0000, 0x0000, 0x0000, 0x0000, 0x0000, 0x0000, 0x0000, 0x0000, 0x0000, 0x0000, 0x0000,
  0x0000, 0x0000, 0x0000, 0x0000, 0x0000, 0x0000, 0x0000, 0x0000, 0x0000, 0x0000, 0x0000, 0x0000,
  0x0000, 0x0000, 0x0000, 0x0000, 0x0000, 0x0000, 0x0000, 0x0020, 0x3164, 0x62C9, 0x9CB0, 0xC5B3,
  0xBD72, 0xB510, 0xA4AE, 0x9C6D, 0xA48D, 0xA4AE, 0xACAE, 0xACAE, 0xACAE, 0xACCE, 0xACCE, 0xACCE,
  0xACAD, 0xA4AD, 0xA48D, 0xACCD, 0xACCE, 0xACAD, 0xACCE, 0xACCE, 0xACCE, 0xACCE, 0xACCE, 0xACCE,
  0xACCE, 0xACEE, 0xACEE, 0xB4EE, 0xB50F, 0xB50F, 0xB50F, 0xB50F, 0xB4EF, 0xB50F, 0xB50F, 0xB4EF,
  0xB4EF, 0xB50F, 0xB50F, 0xB50F, 0xB551, 0xC5B3, 0xCDF4, 0xE697, 0xE6D9, 0xA4F2, 0x52A9, 0x0861,
  0x0000, 0x0000, 0x0000, 0x0000, 0x0000, 0x0000, 0x0000, 0x0000, 0x0000, 0x0000, 0x0000, 0x0000,
  0x0000, 0x0000, 0x0000, 0x0000, 0x0000, 0x0000, 0x0000, 0x0000, 0x0000, 0x0000, 0x0000, 0x0000,
  0x0000, 0x0000, 0x0000, 0x0000, 0x0000, 0x0000, 0x0000, 0x0000, 0x0000, 0x0000, 0x0000, 0x0000,
  0x0000, 0x0000, 0x0000, 0x0000, 0x0000, 0x0000, 0x0000, 0x18C2, 0x5268, 0x9C8F, 0xBD72, 0xB530,
  0xACCF, 0xA4AE, 0xA4AE, 0xACAE, 0xA48D, 0xA4AD, 0xA48D, 0xA48D, 0xACAD, 0xACAD, 0xACCD, 0xACAD,
  0xACCD, 0xACAD, 0xACAD, 0xACAD, 0xACCD, 0xACCD, 0xACCE, 0xACCE, 0xACCE, 0xACCE, 0xACCE, 0xACCE,
  0xACCE, 0xACCE, 0xACCE, 0xACCE, 0xB4EE, 0xB4EE, 0xB50F, 0xB4EF, 0xB4EE, 0xB4EE, 0xB50F, 0xB50E,
  0xB50F, 0xB52F, 0xB50F, 0xB52F, 0xBD2F, 0xBD30, 0xBD30, 0xB530, 0xC592, 0xCDF4, 0xE6D8, 0xD677,
  0x738D, 0x0861, 0x0000, 0x0000, 0x0000, 0x0000, 0x0000, 0x0000, 0x0000, 0x0000, 0x0000, 0x0000,
  0x0000, 0x0000, 0x0000, 0x0000, 0x0000, 0x0000, 0x0000, 0x0000, 0x0000, 0x0000, 0x0000, 0x0000,
  0x0000, 0x0000, 0x0000, 0x0000, 0x0000, 0x0000, 0x0000, 0x0000, 0x0000, 0x0000, 0x0000, 0x0000,
  0x0000, 0x0000, 0x0000, 0x0000, 0x0000, 0x0000, 0x0020, 0x3164, 0x83CC, 0xB510, 0xB510, 0xA48E,
  0xA48E, 0xA4AE, 0xA4AD, 0xA4AD, 0xACAD, 0xACAD, 0xACAD, 0xA48D, 0xA48D, 0xACAD, 0xA48D, 0xACAD,
  0xACCD, 0xACCD, 0xACCD, 0xACAD, 0xA4AD, 0xACAD, 0xACCD, 0xACCD, 0xACCE, 0xACCD, 0xACCD, 0xACCD,
  0xACCE, 0xACCE, 0xACEE, 0xACEE, 0xB4EE, 0xB4EE, 0xB4EE, 0xB4EE, 0xB4EE, 0xB4EE, 0xB50E, 0xB4EE,
  0xB50E, 0xB52F, 0xB50F, 0xB50F, 0xB50F, 0xB50F, 0xB50F, 0xB52F, 0xBD30, 0xB530, 0xB530, 0xBD92,
  0xD635, 0xEEF9, 0x83EE, 0x2103, 0x0000, 0x0000, 0x0000, 0x0000, 0x0000, 0x0000, 0x0000, 0x0000,
  0x0000, 0x0000, 0x0000, 0x0000, 0x0000, 0x0000, 0x0000, 0x0000, 0x0000, 0x0000, 0x0000, 0x0000,
  0x0000, 0x0000, 0x0000, 0x0000, 0x0000, 0x0000, 0x0000, 0x0000, 0x0000, 0x0000, 0x0000, 0x0000,
  0x0000, 0x0000, 0x0000, 0x0000, 0x0000, 0x0000, 0x0840, 0x41E6, 0x944E, 0xB530, 0xACCE, 0xA46D,
  0xA46D, 0xA48D, 0xA48D, 0xA48D, 0xA4AD, 0xACAD, 0xA4AD, 0xA4AD, 0xA4AD, 0xA4AD, 0xA48D, 0xA4AD,
  0xACAD, 0xACCD, 0xACAD, 0xACCD, 0xACAD, 0xACAD, 0xACAD, 0xACCD, 0xACAD, 0xACCE, 0xACAD, 0xACAD,
  0xACAD, 0xACCD, 0xACCD, 0xACCE, 0xB4EE, 0xB4EE, 0xB4EE, 0xB4EE, 0xB4EE, 0xB4EE, 0xB4EE, 0xB50E,
  0xB4EE, 0xB50E, 0xB50F, 0xB50E, 0xB50F, 0xB50E, 0xB4EE, 0xB4EE, 0xB4EE, 0xB50F, 0xB50F, 0xB50F,
  0xACEF, 0xB530, 0xCDF4, 0xEF19, 0xA4F2, 0x2924, 0x0000, 0x0000, 0x0000, 0x0000, 0x0000, 0x0000,
  0x0000, 0x0000, 0x0000, 0x0000, 0x0000, 0x0000, 0x0000, 0x0000, 0x0000, 0x0000, 0x0000, 0x0000,
  0x0000, 0x0000, 0x0000, 0x0000, 0x0000, 0x0000, 0x0000, 0x0000, 0x0000, 0x0000, 0x0000, 0x0000,
  0x0000, 0x0000, 0x0000, 0x0000, 0x0000, 0x0000, 0x0840, 0x4A27, 0xA4AF, 0xB530, 0xACAE, 0xA48D,
  0xA4AD, 0xA48D, 0xA48D, 0xA48D, 0xA48D, 0xA4AD, 0xA4AD, 0xA48D, 0xA48D, 0xA48D, 0xA48D, 0xA48D,
  0xA4AD, 0xACAD, 0xACAD, 0xACAD, 0xACAD, 0xACAD, 0xA4AD, 0xACAD, 0xACAD, 0xA4AD, 0xACAD, 0xACAD,
  0xACAD, 0xACAD, 0xACCD, 0xACCD, 0xACCD, 0xACEE, 0xACEE, 0xB4EE, 0xB4EE, 0xB4EE, 0xB4EE, 0xB4EE,
  0xB4EE, 0xB50E, 0xB4EE, 0xB50E, 0xB50E, 0xB50E, 0xB4EE, 0xACEE, 0xB4EE, 0xACEE, 0xB4EE, 0xB4EE,
  0xB4EE, 0xB4EE, 0xB4EF, 0xB510, 0xCDD4, 0xF73A, 0xA4F2, 0x1081, 0x0000, 0x0000, 0x0000, 0x0000,
  0x0000, 0x0000, 0x0000, 0x0000, 0x0000, 0x0000, 0x0000, 0x0000, 0x0000, 0x0000, 0x0000, 0x0000,
  0x0000, 0x0000, 0x0000, 0x0000, 0x0000, 0x0000, 0x0000, 0x0000, 0x0000, 0x0000, 0x0000, 0x0000,
  0x0000, 0x0000, 0x0000, 0x0000, 0x0000, 0x0000, 0x0020, 0x4A27, 0xA4AF, 0xACCF, 0xACAE, 0xACAD,
  0xA46C, 0xA48D, 0xA48C, 0xA48D, 0xA4AD, 0xA48D, 0xA4AD, 0xA4AD, 0xA48C, 0xA48D, 0xA46C, 0xA48D,
  0xA4AD, 0xA4AD, 0xACAD, 0xA4AD, 0xA4AD, 0xACCD, 0xACAD, 0xA4AD, 0xACAD, 0xA48D, 0xA48D, 0xA48D,
  0xA4AD, 0xA4AD, 0xACAD, 0xACAD, 0xACCD, 0xACCD, 0xACCE, 0xACCE, 0xB4EE, 0xB4EE, 0xB4EE, 0xB4EE,
  0xB4EE, 0xB4EE, 0xB4EE, 0xB4EE, 0xB4EE, 0xACEE, 0xACEE, 0xACCE, 0xACCD, 0xACCD, 0xACCD, 0xACCE,
  0xB4EE, 0xB4EE, 0xB4EE, 0xB50F, 0xB50F, 0xB530, 0xCE14, 0xF75A, 0x7BAD, 0x0841, 0x0000, 0x0000,
  0x0000, 0x0000, 0x0000, 0x0000, 0x0000, 0x0000, 0x0000, 0x0000, 0x0000, 0x0000, 0x0000, 0x0000,
  0x0000, 0x0000, 0x0000, 0x0000, 0x0000, 0x0000, 0x0000, 0x0000, 0x0000, 0x0000, 0x0000, 0x0000,
  0x0000, 0x0000, 0x0000, 0x0000, 0x0000, 0x0000, 0x0020, 0x41E6, 0x9C8E, 0xACCF, 0xA4AE, 0xA48D,
  0xACAD, 0xA48D, 0xAC8D, 0xA48D, 0xA48D, 0xA48D, 0xA48D, 0xA48D, 0xA4AD, 0xA48D, 0xA46C, 0xA46C,
  0xA48D, 0xA4AD, 0xA48D, 0xA4AD, 0xA4AD, 0xA48D, 0xACAD, 0xAC8D, 0xA48D, 0xA48D, 0xA48D, 0xA48D,
  0xA48D, 0xA48D, 0xA4AD, 0xACAD, 0xACCE, 0xACAD, 0xACCD, 0xACCD, 0xACEE, 0xACEE, 0xACEE, 0xB4EE,
  0xACEE, 0xACEE, 0xACEE, 0xACEE, 0xB4CE, 0xB4CE, 0xACCD, 0xACAD, 0xACCE, 0xACCE, 0xACCE, 0xACAD,
  0xACCE, 0xACCE, 0xB4EE, 0xB4EE, 0xB4EF, 0xB50F, 0xB50F, 0xB510, 0xD635, 0xF77B, 0x5268, 0x0000,
  0x0000, 0x0000, 0x0000, 0x0000, 0x0000, 0x0000, 0x0000, 0x0000, 0x0000, 0x0000, 0x0000, 0x0000,
  0x0000, 0x0000, 0x0000, 0x0000, 0x0000, 0x0000, 0x0000, 0x0000, 0x0000, 0x0000, 0x0000, 0x0000,
  0x0000, 0x0000, 0x0000, 0x0000, 0x0000, 0x0000, 0x0000, 0x39C5, 0x9C6E, 0xA48E, 0xA48D, 0xA48D,
  0xA48D, 0xACAD, 0xA48D, 0xA48D, 0xA48D, 0xA48D, 0xA48D, 0xA46C, 0xA48D, 0xA48D, 0xA48D, 0xA46C,
  0xA46C, 0xA46C, 0xA46C, 0xA48D, 0xA48D, 0xA48C, 0xA48D, 0xA48D, 0xA48D, 0xA48D, 0xA48D, 0xA48D,
  0xA48D, 0xA48D, 0xA4AD, 0xACAD, 0xACAD, 0xACAD, 0xACAD, 0xACCD, 0xACCD, 0xACCE, 0xACCE, 0xACCE,
  0xACEE, 0xACCD, 0xACCD, 0xACCD, 0xACCD, 0xACCE, 0xACCD, 0xACCD, 0xACCD, 0xACCD, 0xB4CE, 0xACCE,
  0xACCD, 0xACCD, 0xACCE, 0xACEE, 0xB4EE, 0xB4EE, 0xB4EE, 0xB4EF, 0xACEF, 0xB510, 0xE6B7, 0xC5F5,
  0x1061, 0x0000, 0x0000, 0x0000, 0x0000, 0x0000, 0x0000, 0x0000, 0x0000, 0x0000, 0x0000, 0x0000,
  0x0000, 0x0000, 0x0000, 0x0000, 0x0000, 0x0000, 0x0000, 0x0000, 0x0000, 0x0000, 0x0000, 0x0000,
  0x0000, 0x0000, 0x0000, 0x0000, 0x0000, 0x0000, 0x0000, 0x2944, 0x944E, 0xA48D, 0x9C6C, 0xA46C,
  0xA48D, 0xA48D, 0xA48D, 0xA46C, 0xA46C, 0xA48D, 0xA48D, 0xA48D, 0xA46C, 0xA46C, 0xA46C, 0xA46C,
  0xA46C, 0xA46C, 0x9C6C, 0xA46D, 0xA48D, 0xA48D, 0xA48D, 0xA48C, 0xA48D, 0xA48D, 0xA48D, 0xA48D,
  0xA48D, 0xA48D, 0xA48D, 0xACAD, 0xA48D, 0xA48D, 0xA48D, 0xA4AD, 0xACCE, 0xACCE, 0xACCE, 0xACCE,
  0xACCE, 0xACCE, 0xACCE, 0xACAD, 0xACAD, 0xACCD, 0xACAD, 0xACCD, 0xACCD, 0xACCD, 0xACCE, 0xACCD,
  0xACAD, 0xACCD, 0xACCD, 0xACCD, 0xACCE, 0xACCE, 0xB4EE, 0xACCE, 0xACCE, 0xACCE, 0xA4AE, 0xBD51,
  0xEF19, 0x5289, 0x0000, 0x0000, 0x0000, 0x0000, 0x0000, 0x0000, 0x0000, 0x0000, 0x0000, 0x0000,
  0x0000, 0x0000, 0x0000, 0x0000, 0x0000, 0x0000, 0x0000, 0x0000, 0x0000, 0x0000, 0x0000, 0x0000,
  0x0000, 0x0000, 0x0000, 0x0000, 0x0000, 0x0000, 0x0000, 0x18C2, 0x83CC, 0xA48E, 0x9C4C, 0x9C4C,
  0xA44C, 0xA46C, 0xA48C, 0xA46C, 0xA46C, 0xA46C, 0xA46C, 0xA46C, 0xA48D, 0xA46C, 0xA46C, 0xA46C,
  0xA46C, 0x9C6C, 0xA46C, 0xA46D, 0xA46D, 0xA48D, 0xA4AD, 0xA4AD, 0xA4AD, 0xA48D, 0xA48D, 0xA4AD,
  0xA48D, 0xA48D, 0xA48D, 0xA48D, 0xA48D, 0xA4AD, 0xACAE, 0xA4AD, 0xACCE, 0xACEE, 0xACEE, 0xACEE,
  0xB4EE, 0xACCE, 0xACCE, 0xACCE, 0xACCE, 0xA4AD, 0xA48D, 0xACAD, 0xACAD, 0xACAD, 0xACCD, 0xACCD,
  0xACCD, 0xACAD, 0xACCD, 0xACCD, 0xACCD, 0xACCD, 0xACAD, 0xB4CE, 0xACCD, 0xACCD, 0xACAD, 0xACAE,
  0xA4AE, 0xDE76, 0xCE15, 0x0861, 0x0000, 0x0000, 0x0000, 0x0000, 0x0000, 0x0000, 0x0000, 0x0000,
  0x0000, 0x0000, 0x0000, 0x0000, 0x0000, 0x0000, 0x0000, 0x0000, 0x0000, 0x0000, 0x0000, 0x0000,
  0x0000, 0x0000, 0x0000, 0x0000, 0x0000, 0x0000, 0x0000, 0x0020, 0x6B0A, 0xA48E, 0x9C4C, 0x9C4C,
  0xA44C, 0xA44C, 0xA46C, 0x9C6C, 0xA44C, 0xA46C, 0xA46C, 0xA46C, 0xA46C, 0xA48D, 0xA46C, 0x9C6C,
  0x9C4C, 0x9C4C, 0x9C4D, 0xA46D, 0xA48E, 0xA48E, 0x9C6E, 0x944D, 0x9C6E, 0x9C8E, 0x9C8D, 0x9C6D,
  0x9C8D, 0x9C6D, 0x9C6D, 0x9C4D, 0x9C6D, 0xA48E, 0x9C8E, 0x9C8E, 0xA48E, 0xA4AE, 0xACCF, 0xA4CF,
  0xA4AE, 0xA4AE, 0xA48E, 0x9C6E, 0x9C6E, 0xA48E, 0xA4AE, 0xA4AE, 0xA4CE, 0xA4AD, 0xA4AD, 0xACAD,
  0xACCD, 0xACCD, 0xACAD, 0xACAD, 0xACAD, 0xACAD, 0xACAD, 0xACAD, 0xACCD, 0xACCD, 0xACAD, 0xACAD,
  0xACAE, 0xACCE, 0xB551, 0xF759, 0x2944, 0x0000, 0x0000, 0x0000, 0x0000, 0x0000, 0x0000, 0x0000,
  0x0000, 0x0000, 0x0000, 0x0000, 0x0000, 0x0000, 0x0000, 0x0000, 0x0000, 0x0000, 0x0000, 0x0000,
  0x0000, 0x0000, 0x0000, 0x0000, 0x0000, 0x0000, 0x0000, 0x0000, 0x39A5, 0x9C6E, 0x9C4D, 0x9C2C,
  0xA44C, 0xA44C, 0x9C4C, 0xA44C, 0xA44C, 0xA44C, 0xA46C, 0xA48D, 0xA46C, 0xA48C, 0xA46C, 0xA44C,
  0x9C4C, 0x9C6C, 0xA48D, 0x942D, 0x7B6B, 0x736B, 0x734A, 0x5AC9, 0x5267, 0x5267, 0x5A88, 0x5288,
  0x5288, 0x5AA8, 0x5A88, 0x5AA8, 0x5A88, 0x5A88, 0x5AA8, 0x5AC8, 0x5AC9, 0x62C9, 0x6B09, 0x6B09,
  0x6B09, 0x62E9, 0x62E9, 0x5AC9, 0x5A88, 0x5A88, 0x62E9, 0x7B8B, 0x83CC, 0x8C0D, 0x9C8E, 0xACAE,
  0xA4AD, 0xACAD, 0xACAD, 0xACAD, 0xACAD, 0xACAD, 0xAC8D, 0xACAD, 0xACAD, 0xACAD, 0xACAD, 0xA48D,
  0xA4AD, 0xACAD, 0xACAE, 0xACCF, 0xF738, 0x5AC9, 0x0000, 0x0000, 0x0000, 0x0000, 0x0000, 0x0000,
  0x0000, 0x0000, 0x0000, 0x0000, 0x0000, 0x0000, 0x0000, 0x0000, 0x0000, 0x0000, 0x0000, 0x0000,
  0x0000, 0x0000, 0x0000, 0x0000, 0x0000, 0x0000, 0x0000, 0x0000, 0x1081, 0x83CC, 0x9C4D, 0x9C2C,
  0x9C4C, 0xA46C, 0xA44C, 0xA44C, 0xA44C, 0xA44C, 0xA46C, 0xA46C, 0xA46C, 0xA46C, 0xA48D, 0xA46C,
  0x9C6C, 0xA48E, 0x940C, 0x83AB, 0x5A88, 0x18C2, 0x1081, 0x1081, 0x0861, 0x0840, 0x0840, 0x0840,
  0x0840, 0x0840, 0x0840, 0x0840, 0x0841, 0x0861, 0x0841, 0x0861, 0x0861, 0x0861, 0x1061, 0x1061,
  0x1081, 0x1081, 0x1061, 0x1061, 0x0861, 0x0861, 0x0841, 0x1061, 0x10A1, 0x18C2, 0x3164, 0x734B,
  0x8C0D, 0xA4AE, 0xA4AE, 0xA48D, 0xA48D, 0xA48C, 0xAC8D, 0xA48D, 0xAC8D, 0xACAD, 0xACAD, 0xACAD,
  0xA48D, 0xA48D, 0xA48D, 0xA4AD, 0xACCE, 0xDE75, 0x9C90, 0x0020, 0x0000, 0x0000, 0x0000, 0x0000,
  0x0000, 0x0000, 0x0000, 0x0000, 0x0000, 0x0000, 0x0000, 0x0000, 0x0000, 0x0000, 0x0000, 0x0000,
  0x0000, 0x0000, 0x0000, 0x0000, 0x0000, 0x0000, 0x0000, 0x0000, 0x0000, 0x5267, 0x942D, 0x942C,
  0x9C2C, 0x9C4C, 0x9C2C, 0xA44C, 0xA44C, 0x9C4C, 0xA46C, 0xA46C, 0xA46C, 0xA46C, 0xA46C, 0xA48D,
  0xA48D, 0x9C6E, 0x8BEC, 0x4A27, 0x18E2, 0x0861, 0x0000, 0x0000, 0x0000, 0x0000, 0x0000, 0x0000,
  0x0000, 0x0000, 0x0000, 0x0000, 0x0000, 0x0000, 0x0000, 0x0000, 0x0000, 0x0000, 0x0000, 0x0000,
  0x0000, 0x0000, 0x0000, 0x0000, 0x0000, 0x0000, 0x0000, 0x0000, 0x0000, 0x0000, 0x0000, 0x0000,
  0x1081, 0x3985, 0x7B8B, 0xA48E, 0xA4AE, 0xA48D, 0xA46C, 0xA48D, 0xA48D, 0xA48C, 0xAC8D, 0xAC8D,
  0xA48D, 0xA48C, 0xA48C, 0xA48C, 0xA48D, 0xACAE, 0xB551, 0xDE76, 0x0861, 0x0000, 0x0000, 0x0000,
  0x0000, 0x0000, 0x0000, 0x0000, 0x0000, 0x0000, 0x0000, 0x0000, 0x0000, 0x0000, 0x0000, 0x0000,
  0x0000, 0x0000, 0x0000, 0x0000, 0x0000, 0x0000, 0x0000, 0x0000, 0x0000, 0x1081, 0x83CC, 0x8C0C,
  0x940B, 0x9C2B, 0x9C2B, 0x9C2B, 0x9C2C, 0x9C4C, 0x9C2B, 0xA46C, 0xA44C, 0xA44C, 0x9C6C, 0xA46D,
  0xA48D, 0x9C4D, 0x7B6B, 0x2103, 0x0840, 0x0000, 0x0000, 0x0000, 0x0000, 0x0000, 0x0000, 0x0000,
  0x0000, 0x0000, 0x0000, 0x0000, 0x0000, 0x0000, 0x0000, 0x0000, 0x0000, 0x0000, 0x0000, 0x0000,
  0x0000, 0x0000, 0x0000, 0x0000, 0x0000, 0x0000, 0x0000, 0x0000, 0x0000, 0x0000, 0x0000, 0x0000,
  0x0000, 0x0000, 0x0000, 0x10A1, 0x6B2A, 0xA4AF, 0xA4AE, 0xA48D, 0xA46C, 0xA48D, 0xA46C, 0xA48C,
  0xA48C, 0xA48C, 0xA48C, 0xA48D, 0xA48C, 0xA48D, 0xA4AE, 0xA4AF, 0xF739, 0x2103, 0x0000, 0x0000,
  0x0000, 0x0000, 0x0000, 0x0000, 0x0000, 0x0000, 0x0000, 0x0000, 0x0000, 0x0000, 0x0000, 0x0000,
  0x0000, 0x0000, 0x0000, 0x0000, 0x0000, 0x0000, 0x0000, 0x0000, 0x0000, 0x0000, 0x4A27, 0x8C0C,
  0x940B, 0x93EB, 0x940B, 0x9C2B, 0x9C2B, 0x9C2B, 0x9C2B, 0x9C2B, 0x9C2B, 0x9C2B, 0x9C4C, 0x9C4C,
  0x9C6D, 0x9C4D, 0x62A8, 0x18C2, 0x0000, 0x0000, 0x0000, 0x0000, 0x0000, 0x0000, 0x0000, 0x0000,
  0x0000, 0x0000, 0x0000, 0x0000, 0x0000, 0x0000, 0x0000, 0x0000, 0x0000, 0x0000, 0x0000, 0x0000,
  0x0000, 0x0000, 0x0000, 0x0000, 0x0000, 0x0000, 0x0000, 0x0000, 0x0000, 0x0000, 0x0000, 0x0000,
  0x0000, 0x0000, 0x0000, 0x0000, 0x0000, 0x1081, 0x83AC, 0xACCF, 0xA48D, 0xA48D, 0xA46C, 0x9C6C,
  0xA46C, 0xA48C, 0xA46C, 0x9C6C, 0xA46C, 0xA46C, 0x9C6C, 0xA46D, 0x9C6D, 0xEF18, 0x4206, 0x0000,
  0x0000, 0x0000, 0x0000, 0x0000, 0x0000, 0x0000, 0x0000, 0x0000, 0x0000, 0x0000, 0x0000, 0x0000,
  0x0000, 0x0000, 0x0000, 0x0000, 0x0000, 0x0000, 0x0000, 0x0000, 0x0000, 0x0000, 0x0000, 0x734A,
  0x8C0C, 0x940B, 0x940B, 0x940B, 0x9C2B, 0x9C2B, 0x9C2B, 0x9C0B, 0x9C2B, 0x9C2B, 0x9C2B, 0x9C2C,
  0x942C, 0x942D, 0x5AA8, 0x1081, 0x0000, 0x0000, 0x0000, 0x0000, 0x0000, 0x0000, 0x0000, 0x0000,
  0x0000, 0x0000, 0x0000, 0x0000, 0x0000, 0x0000, 0x0000, 0x0000, 0x0000, 0x0000, 0x0000, 0x0000,
  0x0000, 0x0000, 0x0000, 0x0000, 0x0000, 0x0000, 0x0000, 0x0000, 0x0000, 0x0000, 0x0000, 0x0000,
  0x0000, 0x0000, 0x0000, 0x0000, 0x0000, 0x0000, 0x0000, 0x3164, 0x9C6E, 0xA48D, 0xA46D, 0xA46C,
  0x9C4C, 0xA46C, 0xA46C, 0xA46C, 0x9C6C, 0x9C6C, 0xA46C, 0x9C4C, 0x9C6C, 0x9C4D, 0xDE96, 0x62C9,
  0x0000, 0x0000, 0x0000, 0x0000, 0x0000, 0x0000, 0x0000, 0x0000, 0x0000, 0x0000, 0x0000, 0x0000,
  0x0000, 0x0000, 0x0000, 0x0000, 0x0000, 0x0000, 0x0000, 0x0000, 0x0000, 0x0000, 0x0000, 0x18C2,
  0x7BAB, 0x940B, 0x940B, 0x940B, 0x9C2B, 0x9C2B, 0x940B, 0x940B, 0x940B, 0x940B, 0x940B, 0x9C2B,
  0x940C, 0x940C, 0x6B09, 0x1081, 0x0000, 0x0000, 0x0000, 0x0000, 0x0000, 0x0000, 0x0000, 0x0000,
  0x0000, 0x0000, 0x0000, 0x0000, 0x0000, 0x0000, 0x0000, 0x0000, 0x0000, 0x0000, 0x0000, 0x0000,
  0x0000, 0x0000, 0x0000, 0x0000, 0x0000, 0x0000, 0x0000, 0x0000, 0x0000, 0x0000, 0x0000, 0x0000,
  0x0000, 0x0000, 0x0000, 0x0000, 0x0000, 0x0000, 0x0000, 0x0000, 0x0020, 0x6B0A, 0x9C4D, 0x9C6C,
  0x9C6C, 0x9C4C, 0x9C4C, 0x9C4C, 0x9C6C, 0x9C4C, 0x9C6C, 0xA46C, 0x9C4C, 0x9C4C, 0x9C4D, 0xC5B2,
  0x7BAC, 0x0020, 0x0000, 0x0000, 0x0000, 0x0000, 0x0000, 0x0000, 0x0000, 0x0000, 0x0000, 0x0000,
  0x0000, 0x0000, 0x0000, 0x0000, 0x0000, 0x0000, 0x0000, 0x0000, 0x0000, 0x0000, 0x0000, 0x0000,
  0x5A68, 0x8BEC, 0x940B, 0x940B, 0x940B, 0x940B, 0x940B, 0x940A, 0x940B, 0x940B, 0x940B, 0x940B,
  0x940B, 0x940B, 0x944D, 0x20E2, 0x0000, 0x0000, 0x0000, 0x0000, 0x0000, 0x0000, 0x0000, 0x0000,
  0x0000, 0x0000, 0x0000, 0x0000, 0x0000, 0x0000, 0x0000, 0x0000, 0x0000, 0x0000, 0x0000, 0x0000,
  0x0000, 0x0000, 0x0000, 0x0000, 0x0000, 0x0000, 0x0000, 0x0000, 0x0000, 0x0000, 0x0000, 0x0000,
  0x0000, 0x0000, 0x0000, 0x0000, 0x0000, 0x0000, 0x0000, 0x0000, 0x0000, 0x0000, 0x2923, 0x8BEC,
  0x9C4D, 0x9C4C, 0x9C4C, 0x9C4C, 0x9C4C, 0x9C4C, 0x9C4C, 0x9C6C, 0xA46C, 0xA46C, 0x9C6C, 0x9C4D,
  0xB530, 0x946E, 0x0020, 0x0000, 0x0000, 0x0000, 0x0000, 0x0000, 0x0000, 0x0000, 0x0000, 0x0000,
  0x0000, 0x0000, 0x0000, 0x0000, 0x0000, 0x0000, 0x0000, 0x0000, 0x0000, 0x0000, 0x0000, 0x0000,
  0x0000, 0x734B, 0x940C, 0x940B, 0x9C0B, 0x93EA, 0x940B, 0x93EA, 0x93EA, 0x940B, 0x93EA, 0x93EB,
  0x940B, 0x940B, 0x9C4D, 0x5A88, 0x0000, 0x0000, 0x0000, 0x0000, 0x0000, 0x0000, 0x0000, 0x0000,
  0x0000, 0x0000, 0x0000, 0x0000, 0x0000, 0x0000, 0x0000, 0x0000, 0x0000, 0x0000, 0x0000, 0x0000,
  0x0000, 0x0000, 0x0000, 0x0000, 0x0000, 0x0000, 0x0000, 0x0000, 0x0000, 0x0000, 0x0000, 0x0000,
  0x0000, 0x0000, 0x0000, 0x0000, 0x0000, 0x0000, 0x0000, 0x0000, 0x0000, 0x0000, 0x0000, 0x0020,
  0x7B6B, 0x9C2C, 0x9C2C, 0x9C2C, 0x9C4C, 0x9C4C, 0x9C4C, 0xA44C, 0xA46C, 0xA46C, 0xA46C, 0xA46C,
  0xA46D, 0xACEF, 0xA4B0, 0x0820, 0x0000, 0x0000, 0x0000, 0x0000, 0x0000, 0x0000, 0x0000, 0x0000,
  0x0000, 0x0000, 0x0000, 0x0000, 0x0000, 0x0000, 0x0000, 0x0000, 0x0000, 0x0000, 0x0000, 0x0000,
  0x0000, 0x10A1, 0x83AB, 0x942C, 0x940B, 0x9C0B, 0x940B, 0x93EA, 0x93EA, 0x93EA, 0x93EB, 0x8BCA,
  0x8BEA, 0x8BCA, 0x8BCB, 0xACEF, 0x18A1, 0x0000, 0x0000, 0x0000, 0x0000, 0x0000, 0x0000, 0x0000,
  0x0000, 0x0000, 0x0000, 0x0000, 0x0000, 0x0000, 0x0000, 0x0000, 0x0000, 0x0000, 0x0000, 0x0000,
  0x0000, 0x0000, 0x0000, 0x0000, 0x0000, 0x0000, 0x0000, 0x0000, 0x0000, 0x0000, 0x0000, 0x0000,
  0x0000, 0x0000, 0x0000, 0x0000, 0x0000, 0x0000, 0x0000, 0x0000, 0x0000, 0x0000, 0x0000, 0x0000,
  0x0000, 0x6B2A, 0x940C, 0x9C0B, 0x9C2B, 0x9C2B, 0x9C2B, 0x9C4C, 0xA44C, 0xA44C, 0xA44C, 0xA46C,
  0xA46D, 0xA48D, 0xACCF, 0x9C8F, 0x0020, 0x0000, 0x0000, 0x0000, 0x0000, 0x0000, 0x0000, 0x0000,
  0x0000, 0x0000, 0x0000, 0x0000, 0x0000, 0x0000, 0x0000, 0x0000, 0x0000, 0x0000, 0x0000, 0x0000,
  0x0000, 0x0000, 0x41E6, 0x8BEC, 0x940B, 0x93EB, 0x93EB, 0x93EA, 0x93CA, 0x8BCA, 0x93CA, 0x93CA,
  0x8BCA, 0x8BCA, 0x8BCA, 0x83AA, 0x8C0D, 0x0020, 0x0000, 0x0000, 0x0000, 0x0000, 0x0000, 0x0000,
  0x0000, 0x0000, 0x0000, 0x0000, 0x0000, 0x0000, 0x0000, 0x0000, 0x0000, 0x0000, 0x0000, 0x0000,
  0x0000, 0x0000, 0x0000, 0x0000, 0x0000, 0x0000, 0x0000, 0x0000, 0x0000, 0x0000, 0x0000, 0x0000,
  0x0000, 0x0000, 0x0000, 0x0000, 0x0000, 0x0000, 0x0000, 0x0000, 0x0000, 0x0000, 0x0000, 0x0000,
  0x0000, 0x0000, 0x62E9, 0x8BEC, 0x940B, 0x940B, 0x942B, 0x9C2B, 0x9C2B, 0x9C2B, 0x9C2B, 0x9C4C,
  0xA46C, 0xA46C, 0xA46D, 0xB510, 0x83ED, 0x0020, 0x0000, 0x0000, 0x0000, 0x0000, 0x0000, 0x0000,
  0x0000, 0x0000, 0x0000, 0x0000, 0x0000, 0x0000, 0x0000, 0x0000, 0x0000, 0x0000, 0x0000, 0x0000,
  0x0000, 0x0000, 0x0000, 0x62C9, 0x8BEB, 0x93EB, 0x93EA, 0x93CA, 0x93CA, 0x8BCA, 0x8BCA, 0x8BCA,
  0x8BCA, 0x8BAA, 0x8BCA, 0x8BAA, 0x8BEC, 0x4A06, 0x0000, 0x0000, 0x0000, 0x0000, 0x0000, 0x0000,
  0x0000, 0x0000, 0x0000, 0x0000, 0x0000, 0x0000, 0x0000, 0x0000, 0x0000, 0x0000, 0x0000, 0x0000,
  0x0000, 0x0000, 0x0000, 0x0000, 0x0000, 0x0000, 0x0000, 0x0000, 0x0000, 0x0000, 0x0000, 0x0000,
  0x0000, 0x0000, 0x0000, 0x0000, 0x0000, 0x0000, 0x0000, 0x0000, 0x0000, 0x0000, 0x0000, 0x0000,
  0x0000, 0x0000, 0x0000, 0x62C9, 0x8BEC, 0x940B, 0x942B, 0x942B, 0x9C2B, 0x940B, 0x9C2B, 0x940B,
  0x9C2C, 0x9C4C, 0x9C4C, 0x9C4D, 0xB551, 0x5AC9, 0x0000, 0x0000, 0x0000, 0x0000, 0x0000, 0x0000,
  0x0000, 0x0000, 0x0000, 0x0000, 0x0000, 0x0000, 0x0000, 0x0000, 0x0000, 0x0000, 0x0000, 0x0000,
  0x0000, 0x0000, 0x0000, 0x0000, 0x734A, 0x8BEB, 0x8BCA, 0x8BCA, 0x8BCA, 0x8BCA, 0x8BCA, 0x8BAA,
  0x8BAA, 0x8BCA, 0x8BAA, 0x8BAA, 0x8BAA, 0xACF0, 0x1081, 0x0000, 0x0000, 0x0000, 0x0000, 0x0000,
  0x0000, 0x0000, 0x0000, 0x0000, 0x0000, 0x0000, 0x0000, 0x0000, 0x0000, 0x0000, 0x0000, 0x0000,
  0x0000, 0x0000, 0x0000, 0x0000, 0x0000, 0x0000, 0x0000, 0x0000, 0x0000, 0x0000, 0x0000, 0x0000,
  0x0000, 0x0000, 0x0000, 0x0000, 0x0000, 0x0000, 0x0000, 0x0000, 0x0000, 0x0000, 0x0000, 0x0000,
  0x0000, 0x0000, 0x0000, 0x0000, 0x6B0A, 0x8BEC, 0x940B, 0x942B, 0x940B, 0x940B, 0x940B, 0x9C2B,
  0x940B, 0x940B, 0x942B, 0x942C, 0x942C, 0xC5B3, 0x3184, 0x0000, 0x0000, 0x0000, 0x0000, 0x0000,
  0x0000, 0x0000, 0x0000, 0x0000, 0x0000, 0x0000, 0x0000, 0x0000, 0x0000, 0x0000, 0x0000, 0x0000,
  0x0000, 0x0000, 0x0000, 0x0000, 0x0000, 0x7B6B, 0x8BCB, 0x8BCA, 0x8BCA, 0x8BCA, 0x8BCA, 0x8BAA,
  0x8BAA, 0x8BAA, 0x8BAA, 0x8BAA, 0x8BAA, 0x838A, 0xCDF4, 0x0840, 0x0000, 0x0000, 0x0000, 0x0000,
  0x0000, 0x0000, 0x0000, 0x0000, 0x0000, 0x0000, 0x0000, 0x0000, 0x0000, 0x0000, 0x0000, 0x0000,
  0x0000, 0x0000, 0x0000, 0x0000, 0x0000, 0x0000, 0x0000, 0x0000, 0x0000, 0x0000, 0x0000, 0x0000,
  0x0000, 0x0000, 0x0000, 0x0000, 0x0000, 0x0000, 0x0000, 0x0000, 0x0000, 0x0000, 0x0000, 0x0000,
  0x0000, 0x0000, 0x0000, 0x0000, 0x0000, 0x734B, 0x8C0C, 0x940B, 0x9C2C, 0x9C2C, 0x940B, 0x940B,
  0x940B, 0x940B, 0x9C2B, 0x940B, 0x940B, 0x8BEB, 0xD655, 0x1081, 0x0000, 0x0000, 0x0000, 0x0000,
  0x0000, 0x0000, 0x0000, 0x0000, 0x0000, 0x0000, 0x0000, 0x0000, 0x0000, 0x0000, 0x0000, 0x0000,
  0x0000, 0x0000, 0x0000, 0x0000, 0x0000, 0x18A2, 0x83AB, 0x8BCB, 0x8BAA, 0x93CA, 0x8BAA, 0x8BAA,
  0x8BAA, 0x8BAA, 0x8BAA, 0x8BAA, 0x8BAA, 0x8BAA, 0x838A, 0xD635, 0x0840, 0x0000, 0x0000, 0x0000,
  0x0000, 0x0000, 0x0000, 0x0000, 0x0000, 0x0000, 0x0000, 0x0000, 0x0000, 0x0000, 0x0000, 0x0000,
  0x0000, 0x0000, 0x0000, 0x0000, 0x0000, 0x0000, 0x0000, 0x0000, 0x0000, 0x0000, 0x0000, 0x0000,
  0x0000, 0x0000, 0x0000, 0x0000, 0x0000, 0x0000, 0x0000, 0x0000, 0x0000, 0x0000, 0x0000, 0x0000,
  0x0000, 0x0000, 0x0000, 0x0000, 0x0000, 0x0000, 0x7B8C, 0x942C, 0x940B, 0x9C2B, 0x9C2B, 0x940B,
  0x940B, 0x940B, 0x940B, 0x940B, 0x940B, 0x940B, 0x8BCB, 0xDE76, 0x0840, 0x0000, 0x0000, 0x0000,
  0x0000, 0x0000, 0x0000, 0x0000, 0x0000, 0x0000, 0x0000, 0x0000, 0x0000, 0x0000, 0x0000, 0x0000,
  0x0000, 0x0000, 0x0000, 0x0000, 0x0000, 0x0000, 0x41C6, 0x83CC, 0x8BAA, 0x8BAA, 0x8BAA, 0x8BAA,
  0x8BAA, 0x8BAA, 0x8BAA, 0x8BAA, 0x8BAA, 0x8BAA, 0x8BCA, 0x7B69, 0xCDF4, 0x0840, 0x0000, 0x0000,
  0x0000, 0x0000, 0x0000, 0x0000, 0x0000, 0x0000, 0x0000, 0x0000, 0x0000, 0x0000, 0x0000, 0x0000,
  0x0000, 0x0000, 0x0000, 0x0000, 0x0000, 0x0000, 0x0000, 0x0000, 0x0000, 0x0000, 0x0000, 0x0000,
  0x0000, 0x0000, 0x0000, 0x0000, 0x0000, 0x0000, 0x0000, 0x0000, 0x0000, 0x0000, 0x0000, 0x0000,
  0x0000, 0x0000, 0x0000, 0x0000, 0x0000, 0x0000, 0x0000, 0x83AC, 0x942C, 0x942B, 0x940B, 0x940B,
  0x940B, 0x940B, 0x940B, 0x940B, 0x8BEB, 0x93EB, 0x8BEB, 0x83CB, 0xD635, 0x0840, 0x0000, 0x0000,
  0x0000, 0x0000, 0x0000, 0x0000, 0x0000, 0x0000, 0x0000, 0x0000, 0x0000, 0x0000, 0x0000, 0x0000,
  0x0000, 0x0000, 0x0000, 0x0000, 0x0000, 0x0000, 0x0000, 0x5AA9, 0x83CB, 0x83AA, 0x8B89, 0x8B89,
  0x8BAA, 0x8B89, 0x8B89, 0x8BAA, 0x8BAA, 0x8BAA, 0x8BAA, 0x8BAA, 0x7B69, 0xAD11, 0x0820, 0x0000,
  0x0000, 0x0000, 0x0000, 0x0000, 0x0000, 0x0000, 0x0000, 0x0000, 0x0000, 0x0000, 0x0000, 0x0000,
  0x0000, 0x0000, 0x0000, 0x0000, 0x0000, 0x0000, 0x0000, 0x0000, 0x0000, 0x0000, 0x0000, 0x0000,
  0x0000, 0x0000, 0x0000, 0x0000, 0x0000, 0x0000, 0x0000, 0x0000, 0x0000, 0x0000, 0x0000, 0x0000,
  0x0000, 0x0000, 0x0000, 0x0000, 0x0000, 0x0000, 0x0000, 0x0840, 0x83CC, 0x942C, 0x940B, 0x940B,
  0x940B, 0x940B, 0x940B, 0x93EB, 0x93EB, 0x93EB, 0x8BEB, 0x8BCB, 0x83CB, 0xB552, 0x0820, 0x0000,
  0x0000, 0x0000, 0x0000, 0x0000, 0x0000, 0x0000, 0x0000, 0x0000, 0x0000, 0x0000, 0x0000, 0x0000,
  0x0000, 0x0000, 0x0000, 0x0000, 0x0000, 0x0000, 0x0000, 0x0000, 0x83AC, 0x83AB, 0x8369, 0x8389,
  0x8B89, 0x8B89, 0x8389, 0x8B89, 0x8BAA, 0x8BAA, 0x8BAA, 0x8BAA, 0x8BCA, 0x7B8A, 0x83CC, 0x0020,
  0x0000, 0x0000, 0x0000, 0x0000, 0x0000, 0x0000, 0x0000, 0x0000, 0x0000, 0x0000, 0x0000, 0x0000,
  0x0000, 0x0000, 0x0000, 0x0000, 0x0000, 0x0000, 0x0000, 0x0000, 0x0000, 0x0000, 0x0000, 0x0000,
  0x0000, 0x0000, 0x0000, 0x0000, 0x0000, 0x0000, 0x0000, 0x0000, 0x0000, 0x0000, 0x0000, 0x0000,
  0x0000, 0x0000, 0x0000, 0x0000, 0x0000, 0x0000, 0x0000, 0x0000, 0x2923, 0x83CC, 0x942C, 0x8BEB,
  0x93EB, 0x940B, 0x93EB, 0x8BEA, 0x93EB, 0x8BEA, 0x8BCA, 0x8BCA, 0x8BCB, 0x8BEC, 0x8C0E, 0x0020,
  0x0000, 0x0000, 0x0000, 0x0000, 0x0000, 0x0000, 0x0000, 0x0000, 0x0000, 0x0000, 0x0000, 0x0000,
  0x0000, 0x0000, 0x0000, 0x0000, 0x0000, 0x0000, 0x0000, 0x0000, 0x0000, 0x944E, 0x83AB, 0x8369,
  0x8389, 0x8369, 0x8389, 0x8389, 0x8B89, 0x8BAA, 0x8BAA, 0x8BAA, 0x8BAA, 0x8BCB, 0x8BEC, 0x5AA8,
  0x0000, 0x0000, 0x0000, 0x0000, 0x0000, 0x0000, 0x0000, 0x0000, 0x0000, 0x0000, 0x0000, 0x0000,
  0x0000, 0x0000, 0x0000, 0x0000, 0x0000, 0x0000, 0x0000, 0x0000, 0x0000, 0x0000, 0x0000, 0x0000,
  0x0000, 0x0000, 0x0000, 0x0000, 0x0000, 0x0000, 0x0000, 0x0000, 0x0000, 0x0000, 0x0000, 0x0000,
  0x0000, 0x0000, 0x0000, 0x0000, 0x0000, 0x0000, 0x0000, 0x0000, 0x0000, 0x41C6, 0x83CC, 0x8BEB,
  0x93EA, 0x93CA, 0x93CA, 0x8BEA, 0x8BCA, 0x8BCA, 0x8BCA, 0x8BAA, 0x8BCA, 0x8BCB, 0x9C6E, 0x5AC9,
  0x0000, 0x0000, 0x0000, 0x0000, 0x0000, 0x0000, 0x0000, 0x0000, 0x0000, 0x0000, 0x0000, 0x0000,
  0x0000, 0x0000, 0x0000, 0x0000, 0x0000, 0x0000, 0x0000, 0x0000, 0x0000, 0x0020, 0x9C6E, 0x83AA,
  0x8369, 0x8369, 0x8369, 0x8389, 0x8389, 0x8389, 0x8389, 0x8389, 0x8BAA, 0x8BAA, 0x83AA, 0xA48E,
  0x39C5, 0x0000, 0x0000, 0x0000, 0x0000, 0x0000, 0x0000, 0x0000, 0x0000, 0x0000, 0x0000, 0x0000,
  0x0000, 0x0000, 0x0000, 0x0000, 0x0000, 0x0000, 0x0000, 0x0000, 0x0000, 0x0000, 0x0000, 0x0000,
  0x0000, 0x0000, 0x0000, 0x0000, 0x0000, 0x0000, 0x0000, 0x0000, 0x0000, 0x0000, 0x0000, 0x0000,
  0x0000, 0x0000, 0x0000, 0x0000, 0x0000, 0x0000, 0x0000, 0x0000, 0x0000, 0x0000, 0x5A88, 0x83CC,
  0x8BCB, 0x8BCA, 0x8BCA, 0x8BCA, 0x8BAA, 0x8BCA, 0x8BCA, 0x8BCA, 0x8BAA, 0x8BAA, 0x8BCB, 0xACEF,
  0x3184, 0x0000, 0x0000, 0x0000, 0x0000, 0x0000, 0x0000, 0x0000, 0x0000, 0x0000, 0x0000, 0x0000,
  0x0000, 0x0000, 0x0000, 0x0000, 0x0000, 0x0000, 0x0000, 0x0000, 0x0000, 0x0000, 0x10A1, 0x9C6E,
  0x83AA, 0x8369, 0x8369, 0x8389, 0x8389, 0x8389, 0x8389, 0x8389, 0x8389, 0x8B8A, 0x8389, 0x7B69,
  0xBD51, 0x2923, 0x0000, 0x0000, 0x0000, 0x0000, 0x0000, 0x0000, 0x0000, 0x0000, 0x0000, 0x0000,
  0x0000, 0x0000, 0x0000, 0x0000, 0x0000, 0x0000, 0x0000, 0x0000, 0x0000, 0x0000, 0x0000, 0x0000,
  0x0000, 0x0000, 0x0000, 0x0000, 0x0000, 0x0000, 0x0000, 0x0000, 0x0000, 0x0000, 0x0000, 0x0000,
  0x0000, 0x0000, 0x0000, 0x0000, 0x0000, 0x0000, 0x0000, 0x0000, 0x0000, 0x0000, 0x0000, 0x734B,
  0x83CB, 0x8BCA, 0x8BCA, 0x8BAA, 0x8BAA, 0x8BAA, 0x8BAA, 0x8BAA, 0x8BAA, 0x8BAA, 0x8BAA, 0x8BCB,
  0xBD92, 0x1081, 0x0000, 0x0000, 0x0000, 0x0000, 0x0000, 0x0000, 0x0000, 0x0000, 0x0000, 0x0000,
  0x0000, 0x0000, 0x0000, 0x0000, 0x0000, 0x0000, 0x0000, 0x0000, 0x0000, 0x0000, 0x0000, 0x2943,
  0x9C6D, 0x838A, 0x8369, 0x8369, 0x8389, 0x8369, 0x8389, 0x8389, 0x8389, 0x8369, 0x8369, 0x8369,
  0x7329, 0xC5D3, 0x1081, 0x0000, 0x0000, 0x0000, 0x0000, 0x0000, 0x0000, 0x0000, 0x0000, 0x0000,
  0x0000, 0x0000, 0x0000, 0x0000, 0x0000, 0x0000, 0x0000, 0x0000, 0x0000, 0x0000, 0x0000, 0x0000,
  0x0000, 0x0000, 0x0000, 0x0000, 0x0000, 0x0000, 0x0000, 0x0000, 0x0000, 0x0000, 0x0000, 0x0000,
  0x0000, 0x0000, 0x0000, 0x0000, 0x0000, 0x0000, 0x0000, 0x0000, 0x0000, 0x0000, 0x0000, 0x0000,
  0x7BAC, 0x83CB, 0x83AA, 0x8BAA, 0x8BAA, 0x838A, 0x8B8A, 0x8BAA, 0x8BAA, 0x838A, 0x8BAA, 0x8BAA,
  0x83AB, 0xD634, 0x0840, 0x0000, 0x0000, 0x0000, 0x0000, 0x0000, 0x0000, 0x0000, 0x0000, 0x0000,
  0x0000, 0x0000, 0x0000, 0x0000, 0x0000, 0x0000, 0x0000, 0x0000, 0x0000, 0x0000, 0x0000, 0x0000,
  0x4A27, 0x942D, 0x8369, 0x7B49, 0x8369, 0x8369, 0x7B68, 0x7B68, 0x8369, 0x8369, 0x8369, 0x8369,
  0x838A, 0x7329, 0xCDF4, 0x0840, 0x0000, 0x0000, 0x0000, 0x0000, 0x0000, 0x0000, 0x0000, 0x0000,
  0x0000, 0x0000, 0x0000, 0x0000, 0x0000, 0x0000, 0x0000, 0x0000, 0x0000, 0x0000, 0x0000, 0x0000,
  0x0000, 0x0000, 0x0000, 0x0000, 0x0000, 0x0000, 0x0000, 0x0000, 0x0000, 0x0000, 0x0000, 0x0000,
  0x0000, 0x0000, 0x0000, 0x0000, 0x0000, 0x0000, 0x0000, 0x0000, 0x0000, 0x0000, 0x0000, 0x0000,
  0x0000, 0x83CC, 0x83AB, 0x838A, 0x8BAA, 0x8389, 0x8389, 0x8389, 0x8389, 0x838A, 0x8389, 0x8BAA,
  0x8BAA, 0x7B6A, 0xD655, 0x0840, 0x0000, 0x0000, 0x0000, 0x0000, 0x0000, 0x0000, 0x0000, 0x0000,
  0x0000, 0x0000, 0x0000, 0x0000, 0x0000, 0x0000, 0x0000, 0x0000, 0x0000, 0x0000, 0x0000, 0x0000,
  0x0000, 0x734B, 0x8BEC, 0x7B49, 0x7B28, 0x8369, 0x7B48, 0x7B48, 0x7B48, 0x7B68, 0x7B68, 0x7B49,
  0x7B49, 0x7B49, 0x6AE8, 0xC5B3, 0x0840, 0x0000, 0x0000, 0x0000, 0x0000, 0x0000, 0x0000, 0x0000,
  0x0000, 0x0000, 0x0000, 0x0000, 0x0000, 0x0000, 0x0000, 0x0000, 0x0000, 0x0000, 0x0000, 0x0000,
  0x0000, 0x0000, 0x0000, 0x0000, 0x0000, 0x0000, 0x0000, 0x0000, 0x0000, 0x0000, 0x0000, 0x0000,
  0x0000, 0x0000, 0x0000, 0x0000, 0x0000, 0x0000, 0x0000, 0x0000, 0x0000, 0x0000, 0x0000, 0x0000,
  0x0000, 0x0840, 0x83CC, 0x83AB, 0x8369, 0x8389, 0x8389, 0x8389, 0x8369, 0x8389, 0x8389, 0x8369,
  0x8B8A, 0x838A, 0x7349, 0xCDF4, 0x0840, 0x0000, 0x0000, 0x0000, 0x0000, 0x0000, 0x0000, 0x0000,
  0x0000, 0x0000, 0x0000, 0x0000, 0x0000, 0x0000, 0x0000, 0x0000, 0x0000, 0x0000, 0x0000, 0x0000,
  0x0000, 0x0000, 0x942E, 0x83AB, 0x7328, 0x7B28, 0x7B48, 0x7B28, 0x7B28, 0x8349, 0x7B48, 0x7B48,
  0x7B48, 0x7B28, 0x7B49, 0x6B08, 0xA4D0, 0x0820, 0x0000, 0x0000, 0x0000, 0x0000, 0x0000, 0x0000,
  0x0000, 0x0000, 0x0000, 0x0000, 0x0000, 0x0000, 0x0000, 0x0000, 0x0000, 0x0000, 0x0000, 0x0000,
  0x0000, 0x0000, 0x0000, 0x0000, 0x0000, 0x0000, 0x0000, 0x0000, 0x0000, 0x0000, 0x0000, 0x0000,
  0x0000, 0x0000, 0x0000, 0x0000, 0x0000, 0x0000, 0x0000, 0x0000, 0x0000, 0x0000, 0x0000, 0x0000,
  0x0000, 0x0000, 0x20E3, 0x8BCC, 0x838A, 0x8369, 0x8369, 0x8369, 0x8369, 0x8369, 0x8369, 0x8369,
  0x8389, 0x8369, 0x7B69, 0x7349, 0xA4B0, 0x0820, 0x0000, 0x0000, 0x0000, 0x0000, 0x0000, 0x0000,
  0x0000, 0x0000, 0x0000, 0x0000, 0x0000, 0x0000, 0x0000, 0x0000, 0x0000, 0x0000, 0x0000, 0x0000,
  0x0000, 0x0000, 0x0820, 0xA4D0, 0x7B69, 0x7308, 0x7B28, 0x7B28, 0x7B28, 0x7B28, 0x7B28, 0x7B28,
  0x7B48, 0x7B28, 0x7B28, 0x7328, 0x7329, 0x7B6B, 0x0020, 0x0000, 0x0000, 0x0000, 0x0000, 0x0000,
  0x0000, 0x0000, 0x0000, 0x0000, 0x0000, 0x0000, 0x0000, 0x0000, 0x0000, 0x0000, 0x0000, 0x0000,
  0x0000, 0x0000, 0x0000, 0x0000, 0x0000, 0x0000, 0x0000, 0x0000, 0x0000, 0x0000, 0x0000, 0x0000,
  0x0000, 0x0000, 0x0000, 0x0000, 0x0000, 0x0000, 0x0000, 0x0000, 0x0000, 0x0000, 0x0000, 0x0000,
  0x0000, 0x0000, 0x0000, 0x4206, 0x8BCC, 0x7B6A, 0x7B49, 0x8369, 0x7B48, 0x7B49, 0x8369, 0x7B49,
  0x8369, 0x8389, 0x8369, 0x7B49, 0x7B8A, 0x734A, 0x0020, 0x0000, 0x0000, 0x0000, 0x0000, 0x0000,
  0x0000, 0x0000, 0x0000, 0x0000, 0x0000, 0x0000, 0x0000, 0x0000, 0x0000, 0x0000, 0x0000, 0x0000,
  0x0000, 0x0000, 0x0000, 0x18A1, 0xACF0, 0x7329, 0x7308, 0x7B28, 0x7B28, 0x7B28, 0x7B28, 0x7308,
  0x7B28, 0x7B28, 0x7328, 0x7308, 0x7308, 0x83AB, 0x5247, 0x0000, 0x0000, 0x0000, 0x0000, 0x0000,
  0x0000, 0x0000, 0x0000, 0x0000, 0x0000, 0x0000, 0x0000, 0x0000, 0x0000, 0x0000, 0x0000, 0x0000,
  0x0000, 0x0000, 0x0000, 0x0000, 0x0000, 0x0000, 0x0000, 0x0000, 0x0000, 0x0000, 0x0000, 0x0000,
  0x0000, 0x0000, 0x0000, 0x0000, 0x0000, 0x0000, 0x0000, 0x0000, 0x0000, 0x0000, 0x0000, 0x0000,
  0x0000, 0x0000, 0x0000, 0x0000, 0x6B0A, 0x83AB, 0x7B49, 0x7B49, 0x7B48, 0x7B48, 0x8369, 0x7B49,
  0x7B49, 0x8369, 0x8369, 0x7B69, 0x7B49, 0x8BEC, 0x41C5, 0x0000, 0x0000, 0x0000, 0x0000, 0x0000,
  0x0000, 0x0000, 0x0000, 0x0000, 0x0000, 0x0000, 0x0000, 0x0000, 0x0000, 0x0000, 0x0000, 0x0000,
  0x0000, 0x0000, 0x0000, 0x0000, 0x2923, 0xA4AF, 0x7308, 0x6AE7, 0x7328, 0x7308, 0x7B28, 0x7307,
  0x7307, 0x7307, 0x7308, 0x7308, 0x7308, 0x7308, 0xA48E, 0x3984, 0x0000, 0x0000, 0x0000, 0x0000,
  0x0000, 0x0000, 0x0000, 0x0000, 0x0000, 0x0000, 0x0000, 0x0000, 0x0000, 0x0000, 0x0000, 0x0000,
  0x0000, 0x0000, 0x0000, 0x0000, 0x0000, 0x0000, 0x0000, 0x0000, 0x0000, 0x0000, 0x0000, 0x0000,
  0x0000, 0x0000, 0x0000, 0x0000, 0x0000, 0x0000, 0x0000, 0x0000, 0x0000, 0x0000, 0x0000, 0x0000,
  0x0000, 0x0000, 0x0000, 0x0000, 0x0000, 0x7BAC, 0x7B8A, 0x7349, 0x7B49, 0x7B48, 0x7B48, 0x7B48,
  0x7B49, 0x7B28, 0x8369, 0x7B49, 0x7B48, 0x7328, 0xA4AF, 0x1081, 0x0000, 0x0000, 0x0000, 0x0000,
  0x0000, 0x0000, 0x0000, 0x0000, 0x0000, 0x0000, 0x0000, 0x0000, 0x0000, 0x0000, 0x0000, 0x0000,
  0x0000, 0x0000, 0x0000, 0x0000, 0x0000, 0x41E6, 0x9C6E, 0x7308, 0x6AE7, 0x7308, 0x72E7, 0x72E7,
  0x6AE7, 0x7307, 0x72E7, 0x6AE7, 0x72E8, 0x6AE8, 0x6AE8, 0xBD72, 0x2923, 0x0000, 0x0000, 0x0000,
  0x0000, 0x0000, 0x0000, 0x0000, 0x0000, 0x0000, 0x0000, 0x0000, 0x0000, 0x0000, 0x0000, 0x0000,
  0x0000, 0x0000, 0x0000, 0x0000, 0x0000, 0x0000, 0x0000, 0x0000, 0x0000, 0x0000, 0x0000, 0x0000,
  0x0000, 0x0000, 0x0000, 0x0000, 0x0000, 0x0000, 0x0000, 0x0000, 0x0000, 0x0000, 0x0000, 0x0000,
  0x0000, 0x0000, 0x0000, 0x0000, 0x0000, 0x0000, 0x83CD, 0x7B6A, 0x7328, 0x7B48, 0x7B48, 0x7B28,
  0x7B28, 0x7B28, 0x7B28, 0x7B28, 0x7B28, 0x7B28, 0x6B08, 0xBD72, 0x0840, 0x0000, 0x0000, 0x0000,
  0x0000, 0x0000, 0x0000, 0x0000, 0x0000, 0x0000, 0x0000, 0x0000, 0x0000, 0x0000, 0x0000, 0x0000,
  0x0000, 0x0000, 0x0000, 0x0000, 0x0000, 0x0000, 0x62E9, 0x940D, 0x6B08, 0x6AE7, 0x6AC7, 0x6AE7,
  0x6AE7, 0x6AE7, 0x6AE7, 0x6AE7, 0x6AE7, 0x6AE7, 0x6AE7, 0x62C7, 0xCDF3, 0x20E2, 0x0000, 0x0000,
  0x0000, 0x0000, 0x0000, 0x0000, 0x0000, 0x0000, 0x0000, 0x0000, 0x0000, 0x0000, 0x0000, 0x0000,
  0x0000, 0x0000, 0x0000, 0x0000, 0x0000, 0x0000, 0x0000, 0x0000, 0x0000, 0x0000, 0x0000, 0x0000,
  0x0000, 0x0000, 0x0000, 0x0000, 0x0000, 0x0000, 0x0000, 0x0000, 0x0000, 0x0000, 0x0000, 0x0000,
  0x0000, 0x0000, 0x0000, 0x0000, 0x0000, 0x0000, 0x0000, 0x83CD, 0x7B6A, 0x7328, 0x7B48, 0x7B48,
  0x7B28, 0x7B28, 0x7B28, 0x7B28, 0x7B28, 0x7308, 0x7308, 0x6AE8, 0xCDF4, 0x0840, 0x0000, 0x0000,
  0x0000, 0x0000, 0x0000, 0x0000, 0x0000, 0x0000, 0x0000, 0x0000, 0x0000, 0x0000, 0x0000, 0x0000,
  0x0000, 0x0000, 0x0000, 0x0000, 0x0000, 0x0000, 0x0000, 0x8BED, 0x83CB, 0x6AC7, 0x6AC7, 0x6AC7,
  0x6AC7, 0x6AC7, 0x6AC7, 0x6AE7, 0x6AC7, 0x6AC7, 0x6AC7, 0x6AC7, 0x62A7, 0xCDF4, 0x18A1, 0x0000,
  0x0000, 0x0000, 0x0000, 0x0000, 0x0000, 0x0000, 0x0000, 0x0000, 0x0000, 0x0000, 0x0000, 0x0000,
  0x0000, 0x0000, 0x0000, 0x0000, 0x0000, 0x0000, 0x0000, 0x0000, 0x0000, 0x0000, 0x0000, 0x0000,
  0x0000, 0x0000, 0x0000, 0x0000, 0x0000, 0x0000, 0x0000, 0x0000, 0x0000, 0x0000, 0x0000, 0x0000,
  0x0000, 0x0000, 0x0000, 0x0000, 0x0000, 0x0000, 0x0000, 0x0020, 0x7BAC, 0x7B6A, 0x7B28, 0x7B48,
  0x8349, 0x7B28, 0x7B28, 0x7328, 0x7B28, 0x7B28, 0x7328, 0x7308, 0x62C7, 0xCDF3, 0x0840, 0x0000,
  0x0000, 0x0000, 0x0000, 0x0000, 0x0000, 0x0000, 0x0000, 0x0000, 0x0000, 0x0000, 0x0000, 0x0000,
  0x0000, 0x0000, 0x0000, 0x0000, 0x0000, 0x0000, 0x0000, 0x0020, 0xA4D0, 0x7349, 0x62A7, 0x62A7,
  0x6AC7, 0x6AC7, 0x6AC7, 0x6AC7, 0x6AC7, 0x6AC7, 0x6AC7, 0x6AC7, 0x6AC7, 0x62A7, 0xB552, 0x0861,
  0x0000, 0x0000, 0x0000, 0x0000, 0x0000, 0x0000, 0x0000, 0x0000, 0x0000, 0x0000, 0x0000, 0x0000,
  0x0000, 0x0000, 0x0000, 0x0000, 0x0000, 0x0000, 0x0000, 0x0000, 0x0000, 0x0000, 0x0000, 0x0000,
  0x0000, 0x0000, 0x0000, 0x0000, 0x0000, 0x0000, 0x0000, 0x0000, 0x0000, 0x0000, 0x0000, 0x0000,
  0x0000, 0x0000, 0x0000, 0x0000, 0x0000, 0x0000, 0x0000, 0x0000, 0x18C2, 0x7B8B, 0x7B49, 0x7B28,
  0x7B28, 0x7B28, 0x7328, 0x7328, 0x7308, 0x7307, 0x7328, 0x7308, 0x7308, 0x62C7, 0xB531, 0x0820,
  0x0000, 0x0000, 0x0000, 0x0000, 0x0000, 0x0000, 0x0000, 0x0000, 0x0000, 0x0000, 0x0000, 0x0000,
  0x0000, 0x0000, 0x0000, 0x0000, 0x0000, 0x0000, 0x0000, 0x0000, 0x1081, 0xBD51, 0x7308, 0x6286,
  0x6286, 0x6AA7, 0x62A6, 0x62A6, 0x6AC7, 0x6AA7, 0x6AC7, 0x6AC7, 0x6AC7, 0x6AC7, 0x6B08, 0x944E,
  0x0840, 0x0000, 0x0000, 0x0000, 0x0000, 0x0000, 0x0000, 0x0000, 0x0000, 0x0000, 0x0000, 0x0000,
  0x0000, 0x0000, 0x0000, 0x0000, 0x0000, 0x0000, 0x0000, 0x0000, 0x0000, 0x0000, 0x0000, 0x0000,
  0x0000, 0x0000, 0x0000, 0x0000, 0x0000, 0x0000, 0x0000, 0x0000, 0x0000, 0x0000, 0x0000, 0x0000,
  0x0000, 0x0000, 0x0000, 0x0000, 0x0000, 0x0000, 0x0000, 0x0000, 0x0000, 0x39A5, 0x7B6A, 0x7329,
  0x7308, 0x7328, 0x7308, 0x7308, 0x7308, 0x7308, 0x72E7, 0x7308, 0x72E8, 0x7308, 0x62C8, 0x8BED,
  0x0020, 0x0000, 0x0000, 0x0000, 0x0000, 0x0000, 0x0000, 0x0000, 0x0000, 0x0000, 0x0000, 0x0000,
  0x0000, 0x0000, 0x0000, 0x0000, 0x0000, 0x0000, 0x0000, 0x0000, 0x0000, 0x20E2, 0xB551, 0x6AE8,
  0x5A86, 0x6286, 0x6286, 0x62A6, 0x6286, 0x62A6, 0x62A6, 0x6AA7, 0x6AA7, 0x6AA7, 0x62C7, 0x838A,
  0x734A, 0x0020, 0x0000, 0x0000, 0x0000, 0x0000, 0x0000, 0x0000, 0x0000, 0x0000, 0x0000, 0x0000,
  0x0000, 0x0000, 0x0000, 0x0000, 0x0000, 0x0000, 0x0000, 0x0000, 0x0000, 0x0000, 0x0000, 0x0000,
  0x0000, 0x0000, 0x0000, 0x0000, 0x0000, 0x0000, 0x0000, 0x0000, 0x0000, 0x0000, 0x0000, 0x0000,
  0x0000, 0x0000, 0x0000, 0x0000, 0x0000, 0x0000, 0x0000, 0x0000, 0x0000, 0x0000, 0x5AA9, 0x732A,
  0x7308, 0x7308, 0x7308, 0x7308, 0x72E7, 0x72E7, 0x72E7, 0x6AE7, 0x72E7, 0x6AE7, 0x6AE8, 0x7309,
  0x5A88, 0x0000, 0x0000, 0x0000, 0x0000, 0x0000, 0x0000, 0x0000, 0x0000, 0x0000, 0x0000, 0x0000,
  0x0000, 0x0000, 0x0000, 0x0000, 0x0000, 0x0000, 0x0000, 0x0000, 0x0000, 0x0000, 0x3164, 0xACCF,
  0x6AC7, 0x6286, 0x6286, 0x6286, 0x6286, 0x6286, 0x6286, 0x6286, 0x62A6, 0x6286, 0x62A7, 0x62A7,
  0x942D, 0x5A88, 0x0000, 0x0000, 0x0000, 0x0000, 0x0000, 0x0000, 0x0000, 0x0000, 0x0000, 0x0000,
  0x0000, 0x0000, 0x0000, 0x0000, 0x0000, 0x0000, 0x0000, 0x0000, 0x0000, 0x0000, 0x0000, 0x0000,
  0x0000, 0x0000, 0x0000, 0x0000, 0x0000, 0x0000, 0x0000, 0x0000, 0x0000, 0x0000, 0x0000, 0x0000,
  0x0000, 0x0000, 0x0000, 0x0000, 0x0000, 0x0000, 0x0000, 0x0000, 0x0000, 0x0000, 0x0000, 0x7B8C,
  0x7309, 0x6AC7, 0x6AE7, 0x72E7, 0x6AE7, 0x6AE7, 0x72E7, 0x72E7, 0x6AC7, 0x6AC7, 0x6AE7, 0x6AE8,
  0x7B8B, 0x3164, 0x0000, 0x0000, 0x0000, 0x0000, 0x0000, 0x0000, 0x0000, 0x0000, 0x0000, 0x0000,
  0x0000, 0x0000, 0x0000, 0x0000, 0x0000, 0x0000, 0x0000, 0x0000, 0x0000, 0x0000, 0x0000, 0x4A27,
  0x942C, 0x62C7, 0x6286, 0x6286, 0x6286, 0x6286, 0x6286, 0x6286, 0x6286, 0x6286, 0x6286, 0x6286,
  0x5A86, 0xACCF, 0x41E6, 0x0000, 0x0000, 0x0000, 0x0000, 0x0000, 0x0000, 0x0000, 0x0000, 0x0000,
  0x0000, 0x0000, 0x0000, 0x0000, 0x0000, 0x0000, 0x0000, 0x0000, 0x0000, 0x0000, 0x0000, 0x0000,
  0x0000, 0x0000, 0x0000, 0x0000, 0x0000, 0x0000, 0x0000, 0x0000, 0x0000, 0x0000, 0x0000, 0x0000,
  0x0000, 0x0000, 0x0000, 0x0000, 0x0000, 0x0000, 0x0000, 0x0000, 0x0000, 0x0000, 0x0000, 0x0000,
  0x8BED, 0x6B09, 0x62C7, 0x6AC7, 0x6AC7, 0x6AC7, 0x6AC7, 0x6AC7, 0x6AC7, 0x6AC7, 0x72C7, 0x6AC7,
  0x6AC7, 0x942D, 0x1081, 0x0000, 0x0000, 0x0000, 0x0000, 0x0000, 0x0000, 0x0000, 0x0000, 0x0000,
  0x0000, 0x0000, 0x0000, 0x0000, 0x0000, 0x0000, 0x0000, 0x0000, 0x0000, 0x0000, 0x0000, 0x0000,
  0x6B2A, 0x83AA, 0x5A86, 0x5A66, 0x6286, 0x6286, 0x6286, 0x6286, 0x6286, 0x6266, 0x6266, 0x6286,
  0x6286, 0x5A66, 0xBD51, 0x3984, 0x0000, 0x0000, 0x0000, 0x0000, 0x0000, 0x0000, 0x0000, 0x0000,
  0x0000, 0x0000, 0x0000, 0x0000, 0x0000, 0x0000, 0x0000, 0x0000, 0x0000, 0x0000, 0x0000, 0x0000,
  0x0000, 0x0000, 0x0000, 0x0000, 0x0000, 0x0000, 0x0000, 0x0000, 0x0000, 0x0000, 0x0000, 0x0000,
  0x0000, 0x0000, 0x0000, 0x0000, 0x0000, 0x0000, 0x0000, 0x0000, 0x0000, 0x0000, 0x0000, 0x0000,
  0x0000, 0x8BED, 0x7329, 0x62A7, 0x6AA7, 0x6AA7, 0x62A6, 0x6AC7, 0x6AC7, 0x62A7, 0x6AC7, 0x6AE7,
  0x6AE7, 0x62A7, 0xACF0, 0x0840, 0x0000, 0x0000, 0x0000, 0x0000, 0x0000, 0x0000, 0x0000, 0x0000,
  0x0000, 0x0000, 0x0000, 0x0000, 0x0000, 0x0000, 0x0000, 0x0000, 0x0000, 0x0000, 0x0000, 0x0000,
  0x0000, 0x8C2E, 0x7349, 0x5A66, 0x5A45, 0x5A66, 0x5A66, 0x5A66, 0x6266, 0x5A66, 0x5A66, 0x6266,
  0x6266, 0x6286, 0x5A66, 0xCDD3, 0x2923, 0x0000, 0x0000, 0x0000, 0x0000, 0x0000, 0x0000, 0x0000,
  0x0000, 0x0000, 0x0000, 0x0000, 0x0000, 0x0000, 0x0000, 0x0000, 0x0000, 0x0000, 0x0000, 0x0000,
  0x0000, 0x0000, 0x0000, 0x0000, 0x0000, 0x0000, 0x0000, 0x0000, 0x0000, 0x0000, 0x0000, 0x0000,
  0x0000, 0x0000, 0x0000, 0x0000, 0x0000, 0x0000, 0x0000, 0x0000, 0x0000, 0x0000, 0x0000, 0x0000,
  0x0000, 0x0000, 0x7B8B, 0x6B08, 0x6286, 0x62A6, 0x62A6, 0x6286, 0x62A6, 0x62A6, 0x6AA7, 0x6AA7,
  0x6AC7, 0x6AC7, 0x6287, 0xC593, 0x0840, 0x0000, 0x0000, 0x0000, 0x0000, 0x0000, 0x0000, 0x0000,
  0x0000, 0x0000, 0x0000, 0x0000, 0x0000, 0x0000, 0x0000, 0x0000, 0x0000, 0x0000, 0x0000, 0x0000,
  0x0000, 0x0000, 0xAD11, 0x7329, 0x5A66, 0x5A45, 0x5A45, 0x5A65, 0x5A45, 0x5A66, 0x5A66, 0x5A66,
  0x5A66, 0x5A66, 0x5A66, 0x5A46, 0xC592, 0x18C2, 0x0000, 0x0000, 0x0000, 0x0000, 0x0000, 0x0000,
  0x0000, 0x0000, 0x0000, 0x0000, 0x0000, 0x0000, 0x0000, 0x0000, 0x0000, 0x0000, 0x0000, 0x0000,
  0x0000, 0x0000, 0x0000, 0x0000, 0x0000, 0x0000, 0x0000, 0x0000, 0x0000, 0x0000, 0x0000, 0x0000,
  0x0000, 0x0000, 0x0000, 0x0000, 0x0000, 0x0000, 0x0000, 0x0000, 0x0000, 0x0000, 0x0000, 0x0000,
  0x0000, 0x0000, 0x0860, 0x734A, 0x62A7, 0x6286, 0x6286, 0x6286, 0x6286, 0x6286, 0x6286, 0x6286,
  0x6286, 0x62A6, 0x62A7, 0x5A66, 0xC5D3, 0x0840, 0x0000, 0x0000, 0x0000, 0x0000, 0x0000, 0x0000,
  0x0000, 0x0000, 0x0000, 0x0000, 0x0000, 0x0000, 0x0000, 0x0000, 0x0000, 0x0000, 0x0000, 0x0000,
  0x0000, 0x0000, 0x0860, 0xC593, 0x6B08, 0x5245, 0x5A45, 0x5A45, 0x5A45, 0x5A45, 0x5A45, 0x5A66,
  0x5A66, 0x5A66, 0x5A46, 0x5A46, 0x5A66, 0xA4AF, 0x1081, 0x0000, 0x0000, 0x0000, 0x0000, 0x0000,
  0x0000, 0x0000, 0x0000, 0x0000, 0x0000, 0x0000, 0x0000, 0x0000, 0x0000, 0x0000, 0x0000, 0x0000,
  0x0000, 0x0000, 0x0000, 0x0000, 0x0000, 0x0000, 0x0000, 0x0000, 0x0000, 0x0000, 0x0000, 0x0000,
  0x0000, 0x0000, 0x0000, 0x0000, 0x0000, 0x0000, 0x0000, 0x0000, 0x0000, 0x0000, 0x0000, 0x0000,
  0x0000, 0x0000, 0x0000, 0x20E2, 0x62C8, 0x5A86, 0x5A66, 0x6266, 0x6266, 0x6286, 0x6286, 0x6286,
  0x6286, 0x6286, 0x6286, 0x6287, 0x5A46, 0xB552, 0x0840, 0x0000, 0x0000, 0x0000, 0x0000, 0x0000,
  0x0000, 0x0000, 0x0000, 0x0000, 0x0000, 0x0000, 0x0000, 0x0000, 0x0000, 0x0000, 0x0000, 0x0000,
  0x0000, 0x0000, 0x0000, 0x18C2, 0xC592, 0x62C7, 0x5245, 0x5245, 0x5A45, 0x5A45, 0x5A45, 0x5A45,
  0x5A45, 0x5A46, 0x5A46, 0x5A45, 0x5246, 0x62A7, 0x7BAC, 0x0840, 0x0000, 0x0000, 0x0000, 0x0000,
  0x0000, 0x0000, 0x0000, 0x0000, 0x0000, 0x0000, 0x0000, 0x0000, 0x0000, 0x0000, 0x0000, 0x0000,
  0x0000, 0x0000, 0x0000, 0x0000, 0x0000, 0x0000, 0x0000, 0x0000, 0x0000, 0x0000, 0x0000, 0x0000,
  0x0000, 0x0000, 0x0000, 0x0000, 0x0000, 0x0000, 0x0000, 0x0000, 0x0000, 0x0000, 0x0000, 0x0000,
  0x0000, 0x0000, 0x0000, 0x0000, 0x3164, 0x5A87, 0x5A66, 0x5A66, 0x6266, 0x5A66, 0x5A66, 0x6286,
  0x6286, 0x6286, 0x6266, 0x6286, 0x5A86, 0x5A66, 0x8C0D, 0x0020, 0x0000, 0x0000, 0x0000, 0x0000,
  0x0000, 0x0000, 0x0000, 0x0000, 0x0000, 0x0000, 0x0000, 0x0000, 0x0000, 0x0000, 0x0000, 0x0000,
  0x0000, 0x0000, 0x0000, 0x0000, 0x3144, 0xACF0, 0x5AA7, 0x5225, 0x5225, 0x5A45, 0x5A45, 0x5A45,
  0x5225, 0x5A45, 0x5A46, 0x5A45, 0x5225, 0x5225, 0x734A, 0x62E9, 0x0020, 0x0000, 0x0000, 0x0000,
  0x0000, 0x0000, 0x0000, 0x0000, 0x0000, 0x0000, 0x0000, 0x0000, 0x0000, 0x0000, 0x0000, 0x0000,
  0x0000, 0x0000, 0x0000, 0x0000, 0x0000, 0x0000, 0x0000, 0x0000, 0x0000, 0x0000, 0x0000, 0x0000,
  0x0000, 0x0000, 0x0000, 0x0000, 0x0000, 0x0000, 0x0000, 0x0000, 0x0000, 0x0000, 0x0000, 0x0000,
  0x0000, 0x0000, 0x0000, 0x0000, 0x0000, 0x4A27, 0x5A87, 0x5A66, 0x5A66, 0x6266, 0x5A66, 0x5A66,
  0x6266, 0x5A66, 0x6286, 0x6286, 0x6286, 0x5A66, 0x62C8, 0x5A88, 0x0000, 0x0000, 0x0000, 0x0000,
  0x0000, 0x0000, 0x0000, 0x0000, 0x0000, 0x0000, 0x0000, 0x0000, 0x0000, 0x0000, 0x0000, 0x0000,
  0x0000, 0x0000, 0x0000, 0x0000, 0x0000, 0x4A06, 0x8C0D, 0x5A66, 0x5225, 0x5225, 0x5225, 0x5205,
  0x5225, 0x5225, 0x5225, 0x5225, 0x5225, 0x5205, 0x4A05, 0x8BEC, 0x5A88, 0x0000, 0x0000, 0x0000,
  0x0000, 0x0000, 0x0000, 0x0000, 0x0000, 0x0000, 0x0000, 0x0000, 0x0000, 0x0000, 0x0000, 0x0000,
  0x0000, 0x0000, 0x0000, 0x0000, 0x0000, 0x0000, 0x0000, 0x0000, 0x0000, 0x0000, 0x0000, 0x0000,
  0x0000, 0x0000, 0x0000, 0x0000, 0x0000, 0x0000, 0x0000, 0x0000, 0x0000, 0x0000, 0x0000, 0x0000,
  0x0000, 0x0000, 0x0000, 0x0000, 0x0000, 0x0000, 0x62C9, 0x5A87, 0x5A65, 0x5A66, 0x5A66, 0x5A66,
  0x5A66, 0x5A66, 0x5A66, 0x6266, 0x6266, 0x6286, 0x5A66, 0x732A, 0x2903, 0x0000, 0x0000, 0x0000,
  0x0000, 0x0000, 0x0000, 0x0000, 0x0000, 0x0000, 0x0000, 0x0000, 0x0000, 0x0000, 0x0000, 0x0000,
  0x0000, 0x0000, 0x0000, 0x0000, 0x0000, 0x0000, 0x6B2A, 0x7B6A, 0x5246, 0x5225, 0x5225, 0x5225,
  0x5205, 0x5205, 0x5205, 0x5205, 0x5205, 0x5205, 0x4A05, 0x41C4, 0x9C6E, 0x4A27, 0x0000, 0x0000,
  0x0000, 0x0000, 0x0000, 0x0000, 0x0000, 0x0000, 0x0000, 0x0000, 0x0000, 0x0000, 0x0000, 0x0000,
  0x0000, 0x0000, 0x0000, 0x0000, 0x0000, 0x0000, 0x0000, 0x0000, 0x0000, 0x0000, 0x0000, 0x0000,
  0x0000, 0x0000, 0x0000, 0x0000, 0x0000, 0x0000, 0x0000, 0x0000, 0x0000, 0x0000, 0x0000, 0x0000,
  0x0000, 0x0000, 0x0000, 0x0000, 0x0000, 0x0000, 0x0000, 0x6B2A, 0x62A7, 0x5A45, 0x5A66, 0x5A65,
  0x5A66, 0x5A66, 0x5A66, 0x5A66, 0x5A66, 0x5A66, 0x5A45, 0x5225, 0x8BEC, 0x0860, 0x0000, 0x0000,
  0x0000, 0x0000, 0x0000, 0x0000, 0x0000, 0x0000, 0x0000, 0x0000, 0x0000, 0x0000, 0x0000, 0x0000,
  0x0000, 0x0000, 0x0000, 0x0000, 0x0000, 0x0000, 0x0000, 0x944E, 0x6AE8, 0x5225, 0x5225, 0x5225,
  0x5225, 0x5205, 0x5205, 0x4A05, 0x4A05, 0x4A05, 0x49E5, 0x49E5, 0x41A4, 0xACF0, 0x41E6, 0x0000,
  0x0000, 0x0000, 0x0000, 0x0000, 0x0000, 0x0000, 0x0000, 0x0000, 0x0000, 0x0000, 0x0000, 0x0000,
  0x0000, 0x0000, 0x0000, 0x0000, 0x0000, 0x0000, 0x0000, 0x0000, 0x0000, 0x0000, 0x0000, 0x0000,
  0x0000, 0x0000, 0x0000, 0x0000, 0x0000, 0x0000, 0x0000, 0x0000, 0x0000, 0x0000, 0x0000, 0x0000,
  0x0000, 0x0000, 0x0000, 0x0000, 0x0000, 0x0000, 0x0000, 0x0000, 0x6AE9, 0x5A86, 0x5A45, 0x5A65,
  0x5A65, 0x5A66, 0x5A66, 0x5A65, 0x5A65, 0x5A66, 0x5A46, 0x5245, 0x4A05, 0xA4D0, 0x0820, 0x0000,
  0x0000, 0x0000, 0x0000, 0x0000, 0x0000, 0x0000, 0x0000, 0x0000, 0x0000, 0x0000, 0x0000, 0x0000,
  0x0000, 0x0000, 0x0000, 0x0000, 0x0000, 0x0000, 0x0000, 0x0840, 0xBD52, 0x5AA7, 0x4A05, 0x4A05,
  0x5225, 0x5225, 0x5205, 0x5205, 0x4A05, 0x49E4, 0x49E5, 0x49E4, 0x49E5, 0x39A4, 0xB531, 0x39A5,
  0x0000, 0x0000, 0x0000, 0x0000, 0x0000, 0x0000, 0x0000, 0x0000, 0x0000, 0x0000, 0x0000, 0x0000,
  0x0000, 0x0000, 0x0000, 0x0000, 0x0000, 0x0000, 0x0000, 0x0000, 0x0000, 0x0000, 0x0000, 0x0000,
  0x0000, 0x0000, 0x0000, 0x0000, 0x0000, 0x0000, 0x0000, 0x0000, 0x0000, 0x0000, 0x0000, 0x0000,
  0x0000, 0x0000, 0x0000, 0x0000, 0x0000, 0x0000, 0x0000, 0x0000, 0x0840, 0x62C8, 0x5A66, 0x5A45,
  0x5A45, 0x5A65, 0x5A45, 0x5A46, 0x5A45, 0x5A45, 0x5A45, 0x5225, 0x5225, 0x49E5, 0xBD72, 0x0840,
  0x0000, 0x0000, 0x0000, 0x0000, 0x0000, 0x0000, 0x0000, 0x0000, 0x0000, 0x0000, 0x0000, 0x0000,
  0x0000, 0x0000, 0x0000, 0x0000, 0x0000, 0x0000, 0x0000, 0x0000, 0x18A1, 0xC5B2, 0x5A66, 0x41E4,
  0x49E4, 0x4A05, 0x4A05, 0x49E4, 0x49E4, 0x49E4, 0x49E4, 0x49E4, 0x49E4, 0x49E4, 0x41A4, 0xACF0,
  0x2944, 0x0000, 0x0000, 0x0000, 0x0000, 0x0000, 0x0000, 0x0000, 0x0000, 0x0000, 0x0000, 0x0000,
  0x0000, 0x0000, 0x0000, 0x0000, 0x0000, 0x0000, 0x0000, 0x0000, 0x0000, 0x0000, 0x0000, 0x0000,
  0x0000, 0x0000, 0x0000, 0x0000, 0x0000, 0x0000, 0x0000, 0x0000, 0x0000, 0x0000, 0x0000, 0x0000,
  0x0000, 0x0000, 0x0000, 0x0000, 0x0000, 0x0000, 0x0000, 0x0000, 0x0000, 0x18A1, 0x5A87, 0x5A66,
  0x5225, 0x5A45, 0x5A45, 0x5A45, 0x5225, 0x5225, 0x5225, 0x5225, 0x5205, 0x5205, 0x41E5, 0xBD72,
  0x0840, 0x0000, 0x0000, 0x0000, 0x0000, 0x0000, 0x0000, 0x0000, 0x0000, 0x0000, 0x0000, 0x0000,
  0x0000, 0x0000, 0x0000, 0x0000, 0x0000, 0x0000, 0x0000, 0x0000, 0x0000, 0x20E2, 0xB510, 0x5225,
  0x41C4, 0x49E4, 0x49E4, 0x49E4, 0x49E4, 0x49E4, 0x49E4, 0x49E4, 0x49E4, 0x49E4, 0x41E4, 0x49E5,
  0x8BED, 0x1081, 0x0000, 0x0000, 0x0000, 0x0000, 0x0000, 0x0000, 0x0000, 0x0000, 0x0000, 0x0000,
  0x0000, 0x0000, 0x0000, 0x0000, 0x0000, 0x0000, 0x0000, 0x0000, 0x0000, 0x0000, 0x0000, 0x0000,
  0x0000, 0x0000, 0x0000, 0x0000, 0x0000, 0x0000, 0x0000, 0x0000, 0x0000, 0x0000, 0x0000, 0x0000,
  0x0000, 0x0000, 0x0000, 0x0000, 0x0000, 0x0000, 0x0000, 0x0000, 0x0000, 0x0000, 0x2923, 0x5246,
  0x5225, 0x5225, 0x5225, 0x5225, 0x5225, 0x5225, 0x5225, 0x5205, 0x5205, 0x4A05, 0x4A05, 0x4A05,
  0xA4D0, 0x0820, 0x0000, 0x0000, 0x0000, 0x0000, 0x0000, 0x0000, 0x0000, 0x0000, 0x0000, 0x0000,
  0x0000, 0x0000, 0x0000, 0x0000, 0x0000, 0x0000, 0x0000, 0x0000, 0x0000, 0x0000, 0x2923, 0x942C,
  0x4A05, 0x41C4, 0x41C4, 0x41C4, 0x41C4, 0x41C4, 0x49E4, 0x49E4, 0x49E4, 0x49E5, 0x49E5, 0x41C4,
  0x5A87, 0x62C8, 0x0020, 0x0000, 0x0000, 0x0000, 0x0000, 0x0000, 0x0000, 0x0000, 0x0000, 0x0000,
  0x0000, 0x0000, 0x0000, 0x0000, 0x0000, 0x0000, 0x0000, 0x0000, 0x0000, 0x0000, 0x0000, 0x0000,
  0x0000, 0x0000, 0x0000, 0x0000, 0x0000, 0x0000, 0x0000, 0x0000, 0x0000, 0x0000, 0x0000, 0x0000,
  0x0000, 0x0000, 0x0000, 0x0000, 0x0000, 0x0000, 0x0000, 0x0000, 0x0000, 0x0000, 0x0000, 0x39A5,
  0x4A06, 0x4A05, 0x5205, 0x5205, 0x5205, 0x5205, 0x5205, 0x5205, 0x5205, 0x4A05, 0x49E4, 0x49E5,
  0x5226, 0x8BED, 0x0020, 0x0000, 0x0000, 0x0000, 0x0000, 0x0000, 0x0000, 0x0000, 0x0000, 0x0000,
  0x0000, 0x0000, 0x0000, 0x0000, 0x0000, 0x0000, 0x0000, 0x0000, 0x0000, 0x0000, 0x0000, 0x39C5,
  0x7B4A, 0x49E4, 0x41C4, 0x41C4, 0x41C4, 0x41C4, 0x41C4, 0x49E4, 0x41C4, 0x49E4, 0x49E4, 0x49E4,
  0x41C4, 0x7B6A, 0x39A5, 0x0000, 0x0000, 0x0000, 0x0000, 0x0000, 0x0000, 0x0000, 0x0000, 0x0000,
  0x0000, 0x0000, 0x0000, 0x0000, 0x0000, 0x0000, 0x0000, 0x0000, 0x0000, 0x0000, 0x0000, 0x0000,
  0x0000, 0x0000, 0x0000, 0x0000, 0x0000, 0x0000, 0x0000, 0x0000, 0x0000, 0x0000, 0x0000, 0x0000,
  0x0000, 0x0000, 0x0000, 0x0000, 0x0000, 0x0000, 0x0000, 0x0000, 0x0000, 0x0000, 0x0000, 0x0000,
  0x4A27, 0x49E5, 0x49E5, 0x4A05, 0x4A05, 0x49E4, 0x49E4, 0x49E4, 0x49E4, 0x49E4, 0x49E4, 0x49E4,
  0x49E5, 0x5A87, 0x5AA8, 0x0000, 0x0000, 0x0000, 0x0000, 0x0000, 0x0000, 0x0000, 0x0000, 0x0000,
  0x0000, 0x0000, 0x0000, 0x0000, 0x0000, 0x0000, 0x0000, 0x0000, 0x0000, 0x0000, 0x0000, 0x0000,
  0x5AA8, 0x62C8, 0x41E4, 0x41C4, 0x41C4, 0x41C4, 0x41C4, 0x41C4, 0x41C4, 0x41C4, 0x41C4, 0x49E4,
  0x49E4, 0x41A4, 0x942D, 0x20E2, 0x0000, 0x0000, 0x0000, 0x0000, 0x0000, 0x0000, 0x0000, 0x0000,
  0x0000, 0x0000, 0x0000, 0x0000, 0x0000, 0x0000, 0x0000, 0x0000, 0x0000, 0x0000, 0x0000, 0x0000,
  0x0000, 0x0000, 0x0000, 0x0000, 0x0000, 0x0000, 0x0000, 0x0000, 0x0000, 0x0000, 0x0000, 0x0000,
  0x0000, 0x0000, 0x0000, 0x0000, 0x0000, 0x0000, 0x0000, 0x0000, 0x0000, 0x0000, 0x0000, 0x0000,
  0x0000, 0x5A88, 0x49E5, 0x41C4, 0x49E4, 0x49E4, 0x49E4, 0x49E4, 0x49E4, 0x49E4, 0x49E4, 0x49E4,
  0x49E4, 0x49E5, 0x7329, 0x3984, 0x0000, 0x0000, 0x0000, 0x0000, 0x0000, 0x0000, 0x0000, 0x0000,
  0x0000, 0x0000, 0x0000, 0x0000, 0x0000, 0x0000, 0x0000, 0x0000, 0x0000, 0x0000, 0x0000, 0x0000,
  0x0000, 0x83CC, 0x5246, 0x41C4, 0x41A4, 0x41C4, 0x41C4, 0x41C4, 0x41C4, 0x41C4, 0x41C4, 0x41C4,
  0x49E4, 0x49C4, 0x3983, 0xA48F, 0x18A1, 0x0000, 0x0000, 0x0000, 0x0000, 0x0000, 0x0000, 0x0000,
  0x0000, 0x0000, 0x0000, 0x0000, 0x0000, 0x0000, 0x0000, 0x0000, 0x0000, 0x0000, 0x0000, 0x0000,
  0x0000, 0x0000, 0x0000, 0x0000, 0x0000, 0x0000, 0x0000, 0x0000, 0x0000, 0x0000, 0x0000, 0x0000,
  0x0000, 0x0000, 0x0000, 0x0000, 0x0000, 0x0000, 0x0000, 0x0000, 0x0000, 0x0000, 0x0000, 0x0000,
  0x0000, 0x0000, 0x5A68, 0x49E5, 0x41C4, 0x41C4, 0x41C4, 0x41C4, 0x49C4, 0x49C4, 0x49E4, 0x49E4,
  0x49E4, 0x49E5, 0x49E4, 0x8BCC, 0x18C2, 0x0000, 0x0000, 0x0000, 0x0000, 0x0000, 0x0000, 0x0000,
  0x0000, 0x0000, 0x0000, 0x0000, 0x0000, 0x0000, 0x0000, 0x0000, 0x0000, 0x0000, 0x0000, 0x0000,
  0x0000, 0x0820, 0xACF0, 0x4A05, 0x41A4, 0x41A4, 0x41A4, 0x41A4, 0x41A4, 0x41C4, 0x41C4, 0x41C4,
  0x41C4, 0x41C4, 0x41C4, 0x3983, 0xA4AF, 0x1081, 0x0000, 0x0000, 0x0000, 0x0000, 0x0000, 0x0000,
  0x0000, 0x0000, 0x0000, 0x0000, 0x0000, 0x0000, 0x0000, 0x0000, 0x0000, 0x0000, 0x0000, 0x0000,
  0x0000, 0x0000, 0x0000, 0x0000, 0x0000, 0x0000, 0x0000, 0x0000, 0x0000, 0x0000, 0x0000, 0x0000,
  0x0000, 0x0000, 0x0000, 0x0000, 0x0000, 0x0000, 0x0000, 0x0000, 0x0000, 0x0000, 0x0000, 0x0000,
  0x0000, 0x0000, 0x0000, 0x5247, 0x4A05, 0x41C4, 0x41C4, 0x41C4, 0x41C4, 0x41C4, 0x41C4, 0x41C4,
  0x49E4, 0x49E4, 0x49E4, 0x41C4, 0xA4AF, 0x1061, 0x0000, 0x0000, 0x0000, 0x0000, 0x0000, 0x0000,
  0x0000, 0x0000, 0x0000, 0x0000, 0x0000, 0x0000, 0x0000, 0x0000, 0x0000, 0x0000, 0x0000, 0x0000,
  0x0000, 0x0000, 0x1081, 0xC5B3, 0x4A05, 0x3983, 0x39A4, 0x3983, 0x41A4, 0x41A4, 0x41A4, 0x41A4,
  0x41A4, 0x41C4, 0x41C4, 0x41C4, 0x3984, 0x9C8F, 0x1061, 0x0000, 0x0000, 0x0000, 0x0000, 0x0000,
  0x0000, 0x0000, 0x0000, 0x0000, 0x0000, 0x0000, 0x0000, 0x0000, 0x0000, 0x0000, 0x0000, 0x0000,
  0x0000, 0x0000, 0x0000, 0x0000, 0x0000, 0x0000, 0x0000, 0x0000, 0x0000, 0x0000, 0x0000, 0x0000,
  0x0000, 0x0000, 0x0000, 0x0000, 0x0000, 0x0000, 0x0000, 0x0000, 0x0000, 0x0000, 0x0000, 0x0000,
  0x0000, 0x0000, 0x0000, 0x0820, 0x4A26, 0x49E5, 0x41A4, 0x41A4, 0x41A4, 0x41C4, 0x41C4, 0x41C4,
  0x41C4, 0x41C4, 0x49E4, 0x49E4, 0x41C4, 0xB531, 0x1061, 0x0000, 0x0000, 0x0000, 0x0000, 0x0000,
  0x0000, 0x0000, 0x0000, 0x0000, 0x0000, 0x0000, 0x0000, 0x0000, 0x0000, 0x0000, 0x0000, 0x0000,
  0x0000, 0x0000, 0x0000, 0x20E2, 0xC5B3, 0x41E5, 0x3983, 0x3983, 0x3983, 0x3983, 0x3983, 0x39A3,
  0x3983, 0x41A4, 0x41A4, 0x41A4, 0x41A4, 0x41A4, 0x83CD, 0x0840, 0x0000, 0x0000, 0x0000, 0x0000,
  0x0000, 0x0000, 0x0000, 0x0000, 0x0000, 0x0000, 0x0000, 0x0000, 0x0000, 0x0000, 0x0000, 0x0000,
  0x0000, 0x0000, 0x0000, 0x0000, 0x0000, 0x0000, 0x0000, 0x0000, 0x0000, 0x0000, 0x0000, 0x0000,
  0x0000, 0x0000, 0x0000, 0x0000, 0x0000, 0x0000, 0x0000, 0x0000, 0x0000, 0x0000, 0x0000, 0x0000,
  0x0000, 0x0000, 0x0000, 0x0000, 0x18A2, 0x49E5, 0x41C4, 0x41A4, 0x41C4, 0x41C4, 0x41C4, 0x41C4,
  0x41C4, 0x41C4, 0x41C4, 0x41C4, 0x41C4, 0x41A4, 0xAD11, 0x1061, 0x0000, 0x0000, 0x0000, 0x0000,
  0x0000, 0x0000, 0x0000, 0x0000, 0x0000, 0x0000, 0x0000, 0x0000, 0x0000, 0x0000, 0x0000, 0x0000,
  0x0000, 0x0000, 0x0000, 0x0000, 0x2923, 0xACF0, 0x41C5, 0x3983, 0x3983, 0x3983, 0x3983, 0x3983,
  0x3983, 0x3983, 0x3983, 0x3983, 0x3983, 0x3983, 0x49E5, 0x6B0A, 0x0020, 0x0000, 0x0000, 0x0000,
  0x0000, 0x0000, 0x0000, 0x0000, 0x0000, 0x0000, 0x0000, 0x0000, 0x0000, 0x0000, 0x0000, 0x0000,
  0x0000, 0x0000, 0x0000, 0x0000, 0x0000, 0x0000, 0x0000, 0x0000, 0x0000, 0x0000, 0x0000, 0x0000,
  0x0000, 0x0000, 0x0000, 0x0000, 0x0000, 0x0000, 0x0000, 0x0000, 0x0000, 0x0000, 0x0000, 0x0000,
  0x0000, 0x0000, 0x0000, 0x0000, 0x0000, 0x2923, 0x41C5, 0x41A4, 0x41A4, 0x41A4, 0x41A4, 0x41A4,
  0x41A4, 0x41A4, 0x41A4, 0x41A4, 0x41A4, 0x41C4, 0x41A4, 0x9C8F, 0x0861, 0x0000, 0x0000, 0x0000,
  0x0000, 0x0000, 0x0000, 0x0000, 0x0000, 0x0000, 0x0000, 0x0000, 0x0000, 0x0000, 0x0000, 0x0000,
  0x0000, 0x0000, 0x0000, 0x0000, 0x0000, 0x3144, 0x83CC, 0x41A4, 0x3963, 0x3983, 0x3983, 0x3983,
  0x3983, 0x3983, 0x3983, 0x3983, 0x3983, 0x3983, 0x3963, 0x5246, 0x62A8, 0x0020, 0x0000, 0x0000,
  0x0000, 0x0000, 0x0000, 0x0000, 0x0000, 0x0000, 0x0000, 0x0000, 0x0000, 0x0000, 0x0000, 0x0000,
  0x0000, 0x0000, 0x0000, 0x0000, 0x0000, 0x0000, 0x0000, 0x0000, 0x0000, 0x0000, 0x0000, 0x0000,
  0x0000, 0x0000, 0x0000, 0x0000, 0x0000, 0x0000, 0x0000, 0x0000, 0x0000, 0x0000, 0x0000, 0x0000,
  0x0000, 0x0000, 0x0000, 0x0000, 0x0000, 0x0000, 0x39A5, 0x41A4, 0x41A4, 0x41A4, 0x41A4, 0x41A4,
  0x41A4, 0x41A4, 0x41A4, 0x41A4, 0x41A4, 0x41A4, 0x41A4, 0x41C5, 0x7B6B, 0x0840, 0x0000, 0x0000,
  0x0000, 0x0000, 0x0000, 0x0000, 0x0000, 0x0000, 0x0000, 0x0000, 0x0000, 0x0000, 0x0000, 0x0000,
  0x0000, 0x0000, 0x0000, 0x0000, 0x0000, 0x0000, 0x3164, 0x62A8, 0x39A4, 0x3983, 0x3983, 0x3983,
  0x3983, 0x3963, 0x3963, 0x3963, 0x3963, 0x3963, 0x3963, 0x3163, 0x5A87, 0x62E9, 0x0841, 0x0000,
  0x0000, 0x0000, 0x0000, 0x0000, 0x0000, 0x0000, 0x0000, 0x0000, 0x0000, 0x0000, 0x0000, 0x0000,
  0x0000, 0x0000, 0x0000, 0x0000, 0x0000, 0x0000, 0x0000, 0x0000, 0x0000, 0x0000, 0x0000, 0x0000,
  0x0000, 0x0000, 0x0000, 0x0000, 0x0000, 0x0000, 0x0000, 0x0000, 0x0000, 0x0000, 0x0000, 0x0000,
  0x0000, 0x0000, 0x0000, 0x0000, 0x0000, 0x0000, 0x0000, 0x4A27, 0x41C4, 0x41A4, 0x41A4, 0x41A4,
  0x41A4, 0x3983, 0x3983, 0x3983, 0x3983, 0x3983, 0x3983, 0x3983, 0x4A06, 0x4A27, 0x0020, 0x0000,
  0x0000, 0x0000, 0x0000, 0x0000, 0x0000, 0x0000, 0x0000, 0x0000, 0x0000, 0x0000, 0x0000, 0x0000,
  0x0000, 0x0000, 0x0000, 0x0000, 0x0000, 0x0000, 0x0000, 0x3164, 0x4A06, 0x3984, 0x3963, 0x3963,
  0x3983, 0x3963, 0x3963, 0x3963, 0x3963, 0x3163, 0x3163, 0x3143, 0x3163, 0x5A87, 0x83AB, 0x2103,
  0x0000, 0x0000, 0x0000, 0x0000, 0x0000, 0x0000, 0x0000, 0x0000, 0x0000, 0x0000, 0x0000, 0x0000,
  0x0000, 0x0000, 0x0000, 0x0000, 0x0000, 0x0000, 0x0000, 0x0000, 0x0000, 0x0000, 0x0000, 0x0000,
  0x0000, 0x0000, 0x0000, 0x0000, 0x0000, 0x0000, 0x0000, 0x0000, 0x0000, 0x0000, 0x0000, 0x0000,
  0x0000, 0x0000, 0x0000, 0x0000, 0x0000, 0x0000, 0x0000, 0x0840, 0x5247, 0x41E5, 0x41A4, 0x41A4,
  0x41A4, 0x41A4, 0x3983, 0x3983, 0x3983, 0x3983, 0x3983, 0x3983, 0x3983, 0x5AA8, 0x2103, 0x0000,
  0x0000, 0x0000, 0x0000, 0x0000, 0x0000, 0x0000, 0x0000, 0x0000, 0x0000, 0x0000, 0x0000, 0x0000,
  0x0000, 0x0000, 0x0000, 0x0000, 0x0000, 0x0000, 0x0000, 0x0000, 0x2923, 0x39A4, 0x3163, 0x3163,
  0x3963, 0x3963, 0x3963, 0x3963, 0x3963, 0x3143, 0x3143, 0x3163, 0x3143, 0x3163, 0x5246, 0xA4AF,
  0x4A06, 0x0000, 0x0000, 0x0000, 0x0000, 0x0000, 0x0000, 0x0000, 0x0000, 0x0000, 0x0000, 0x0000,
  0x0000, 0x0000, 0x0000, 0x0000, 0x0000, 0x0000, 0x0000, 0x0000, 0x0000, 0x0000, 0x0000, 0x0000,
  0x0000, 0x0000, 0x0000, 0x0000, 0x0000, 0x0000, 0x0000, 0x0000, 0x0000, 0x0000, 0x0000, 0x0000,
  0x0000, 0x0000, 0x0000, 0x0000, 0x0000, 0x0000, 0x0000, 0x0000, 0x3144, 0x49E5, 0x41A4, 0x39A3,
  0x41A4, 0x3983, 0x3983, 0x3983, 0x3983, 0x3983, 0x3983, 0x3983, 0x3983, 0x3983, 0x6B09, 0x1061,
  0x0000, 0x0000, 0x0000, 0x0000, 0x0000, 0x0000, 0x0000, 0x0000, 0x0000, 0x0000, 0x0000, 0x0000,
  0x0000, 0x0000, 0x0000, 0x0000, 0x0000, 0x0000, 0x0000, 0x0000, 0x0000, 0x20C2, 0x3163, 0x3163,
  0x3143, 0x3163, 0x3163, 0x3163, 0x3163, 0x3163, 0x3143, 0x3143, 0x3143, 0x3143, 0x3143, 0x41C4,
  0xBD71, 0x732A, 0x0020, 0x0000, 0x0000, 0x0000, 0x0000, 0x0000, 0x0000, 0x0000, 0x0000, 0x0000,
  0x0000, 0x0000, 0x0000, 0x0000, 0x0000, 0x0000, 0x0000, 0x0000, 0x0000, 0x0000, 0x0000, 0x0000,
  0x0000, 0x0000, 0x0000, 0x0000, 0x0000, 0x0000, 0x0000, 0x0000, 0x0000, 0x0000, 0x0000, 0x0000,
  0x0000, 0x0000, 0x0000, 0x0000, 0x0000, 0x0000, 0x0000, 0x0000, 0x0840, 0x5247, 0x41A4, 0x3983,
  0x3983, 0x3983, 0x3983, 0x3983, 0x3963, 0x3983, 0x3963, 0x3963, 0x3963, 0x3963, 0x3984, 0x5267,
  0x0840, 0x0000, 0x0000, 0x0000, 0x0000, 0x0000, 0x0000, 0x0000, 0x0000, 0x0000, 0x0000, 0x0000,
  0x0000, 0x0000, 0x0000, 0x0000, 0x0000, 0x0000, 0x0000, 0x0000, 0x0000, 0x0000, 0x1081, 0x3143,
  0x3143, 0x3143, 0x3163, 0x3143, 0x3143, 0x3163, 0x3163, 0x3143, 0x3143, 0x3143, 0x3143, 0x3143,
  0x3163, 0xBD72, 0x9C8F, 0x0860, 0x0000, 0x0000, 0x0000, 0x0000, 0x0000, 0x0000, 0x0000, 0x0000,
  0x0000, 0x0000, 0x0000, 0x0000, 0x0000, 0x0000, 0x0000, 0x0000, 0x0000, 0x0000, 0x0000, 0x0000,
  0x0000, 0x0000, 0x0000, 0x0000, 0x0000, 0x0000, 0x0000, 0x0000, 0x0000, 0x0000, 0x0000, 0x0000,
  0x0000, 0x0000, 0x0000, 0x0000, 0x0000, 0x0000, 0x0000, 0x0000, 0x0840, 0x39A5, 0x4A06, 0x3983,
  0x3963, 0x3963, 0x3963, 0x3963, 0x3963, 0x3963, 0x3963, 0x3963, 0x3963, 0x3963, 0x3963, 0x41E5,
  0x2903, 0x0000, 0x0000, 0x0000, 0x0000, 0x0000, 0x0000, 0x0000, 0x0000, 0x0000, 0x0000, 0x0000,
  0x0000, 0x0000, 0x0000, 0x0000, 0x0000, 0x0000, 0x0000, 0x0000, 0x0000, 0x0000, 0x0000, 0x0820,
  0x2923, 0x3163, 0x3163, 0x3963, 0x3143, 0x3143, 0x3143, 0x3143, 0x3143, 0x3143, 0x3143, 0x3143,
  0x3143, 0x3143, 0x944D, 0xC5B3, 0x41E6, 0x0000, 0x0000, 0x0000, 0x0000, 0x0000, 0x0000, 0x0000,
  0x0000, 0x0000, 0x0000, 0x0000, 0x0000, 0x0000, 0x0000, 0x0000, 0x0000, 0x0000, 0x0000, 0x0000,
  0x0000, 0x0000, 0x0000, 0x0000, 0x0000, 0x0000, 0x0000, 0x0000, 0x0000, 0x0000, 0x0000, 0x0000,
  0x0000, 0x0000, 0x0000, 0x0000, 0x0000, 0x0000, 0x0000, 0x0000, 0x0840, 0x3164, 0x5267, 0x3984,
  0x3143, 0x3163, 0x3143, 0x3143, 0x3163, 0x3963, 0x3163, 0x3963, 0x3963, 0x3963, 0x3963, 0x3963,
  0x5226, 0x0840, 0x0000, 0x0000, 0x0000, 0x0000, 0x0000, 0x0000, 0x0000, 0x0000, 0x0000, 0x0000,
  0x0000, 0x0000, 0x0000, 0x0000, 0x0000, 0x0000, 0x0000, 0x0000, 0x0000, 0x0000, 0x0000, 0x0000,
  0x0000, 0x2923, 0x3163, 0x3963, 0x3143, 0x3143, 0x3143, 0x3143, 0x3143, 0x3143, 0x3143, 0x3143,
  0x3143, 0x3143, 0x3143, 0x5246, 0xCDF4, 0xB553, 0x1081, 0x0000, 0x0000, 0x0000, 0x0000, 0x0000,
  0x0000, 0x0000, 0x0000, 0x0000, 0x0000, 0x0000, 0x0000, 0x0000, 0x0000, 0x0000, 0x0000, 0x0000,
  0x0000, 0x0000, 0x0000, 0x0000, 0x0000, 0x0000, 0x0000, 0x0000, 0x0000, 0x0000, 0x0000, 0x0000,
  0x0000, 0x0000, 0x0000, 0x0000, 0x0000, 0x0000, 0x0000, 0x0000, 0x0860, 0x3984, 0x5A87, 0x41C4,
  0x3163, 0x3143, 0x3143, 0x3143, 0x3143, 0x3143, 0x3143, 0x3163, 0x3143, 0x3143, 0x3963, 0x3963,
  0x39A4, 0x3984, 0x0000, 0x0000, 0x0000, 0x0000, 0x0000, 0x0000, 0x0000, 0x0000, 0x0000, 0x0000,
  0x0000, 0x0000, 0x0000, 0x0000, 0x0000, 0x0000, 0x0000, 0x0000, 0x0000, 0x0000, 0x0000, 0x0000,
  0x0000, 0x0000, 0x2103, 0x3143, 0x3163, 0x3143, 0x3143, 0x3143, 0x3143, 0x3143, 0x3143, 0x3143,
  0x3143, 0x3143, 0x3163, 0x3143, 0x3143, 0x8C0D, 0xDEB7, 0x6B4B, 0x0861, 0x0000, 0x0000, 0x0000,
  0x0000, 0x0000, 0x0000, 0x0000, 0x0000, 0x0000, 0x0000, 0x0000, 0x0000, 0x0000, 0x0000, 0x0000,
  0x0000, 0x0000, 0x0000, 0x0000, 0x0000, 0x0000, 0x0000, 0x0000, 0x0000, 0x0000, 0x0000, 0x0000,
  0x0000, 0x0000, 0x0000, 0x0000, 0x0000, 0x0000, 0x0000, 0x0000, 0x1081, 0x41C5, 0x62A8, 0x4A05,
  0x3963, 0x3143, 0x3143, 0x3143, 0x3143, 0x3143, 0x3143, 0x3143, 0x3143, 0x3143, 0x3163, 0x3163,
  0x3163, 0x41E5, 0x1061, 0x0000, 0x0000, 0x0000, 0x0000, 0x0000, 0x0000, 0x0000, 0x0000, 0x0000,
  0x0000, 0x0000, 0x0000, 0x0000, 0x0000, 0x0000, 0x0000, 0x0000, 0x0000, 0x0000, 0x0000, 0x0000,
  0x0000, 0x0000, 0x0000, 0x18C2, 0x3143, 0x3163, 0x3143, 0x3143, 0x3143, 0x3143, 0x3143, 0x3143,
  0x3143, 0x3143, 0x3143, 0x3143, 0x3143, 0x2923, 0x41E5, 0xA4D0, 0xCE56, 0x6B4C, 0x1061, 0x0020,
  0x0000, 0x0000, 0x0000, 0x0000, 0x0000, 0x0000, 0x0000, 0x0000, 0x0000, 0x0000, 0x0000, 0x0000,
  0x0000, 0x0000, 0x0000, 0x0000, 0x0000, 0x0000, 0x0000, 0x0000, 0x0000, 0x0000, 0x0000, 0x0000,
  0x0000, 0x0000, 0x0000, 0x0000, 0x0000, 0x0000, 0x0000, 0x0020, 0x18C2, 0x5246, 0x62A8, 0x5226,
  0x3963, 0x3143, 0x3143, 0x3143, 0x3143, 0x3143, 0x3143, 0x3143, 0x3143, 0x3143, 0x3142, 0x3143,
  0x3143, 0x3163, 0x3164, 0x0000, 0x0000, 0x0000, 0x0000, 0x0000, 0x0000, 0x0000, 0x0000, 0x0000,
  0x0000, 0x0000, 0x0000, 0x0000, 0x0000, 0x0000, 0x0000, 0x0000, 0x0000, 0x0000, 0x0000, 0x0000,
  0x0000, 0x0000, 0x0000, 0x0000, 0x1061, 0x2923, 0x3143, 0x3143, 0x3143, 0x3142, 0x3142, 0x3123,
  0x3142, 0x3142, 0x3142, 0x3123, 0x2922, 0x2922, 0x2922, 0x2902, 0x4A06, 0x9C6F, 0xC5D5, 0x7B8D,
  0x4A48, 0x2103, 0x0840, 0x0000, 0x0000, 0x0000, 0x0000, 0x0000, 0x0000, 0x0000, 0x0000, 0x0000,
  0x0000, 0x0000, 0x0000, 0x0000, 0x0000, 0x0000, 0x0000, 0x0000, 0x0000, 0x0000, 0x0000, 0x0000,
  0x0000, 0x0000, 0x0000, 0x0000, 0x0000, 0x0020, 0x18A1, 0x20E2, 0x3143, 0x5267, 0x5A67, 0x49E5,
  0x3963, 0x3143, 0x3143, 0x3143, 0x3143, 0x3143, 0x3143, 0x3143, 0x3143, 0x3142, 0x3143, 0x3143,
  0x3143, 0x3143, 0x3984, 0x1061, 0x0000, 0x0000, 0x0000, 0x0000, 0x0000, 0x0000, 0x0000, 0x0000,
  0x0000, 0x0000, 0x0000, 0x0000, 0x0000, 0x0000, 0x0000, 0x0000, 0x0000, 0x0000, 0x0000, 0x0000,
  0x0000, 0x0000, 0x0000, 0x0000, 0x0000, 0x0000, 0x20E2, 0x2923, 0x2923, 0x2922, 0x2922, 0x2922,
  0x2922, 0x2922, 0x2922, 0x2922, 0x2922, 0x2922, 0x2902, 0x2902, 0x2902, 0x2902, 0x41C5, 0x6B0A,
  0xAD11, 0xB553, 0x8C2E, 0x5AC9, 0x4206, 0x3185, 0x2944, 0x2923, 0x3144, 0x3164, 0x3164, 0x3184,
  0x3984, 0x3984, 0x3984, 0x3984, 0x3985, 0x39A5, 0x3985, 0x3184, 0x3184, 0x3164, 0x3164, 0x3144,
  0x3144, 0x3144, 0x3144, 0x3144, 0x3164, 0x3984, 0x41C5, 0x62C8, 0x62C8, 0x5A67, 0x5225, 0x3983,
  0x3143, 0x3143, 0x3143, 0x3143, 0x3143, 0x3143, 0x3143, 0x3143, 0x3143, 0x3143, 0x3122, 0x3142,
  0x3142, 0x3143, 0x3163, 0x2923, 0x0000, 0x0000, 0x0000, 0x0000, 0x0000, 0x0000, 0x0000, 0x0000,
  0x0000, 0x0000, 0x0000, 0x0000, 0x0000, 0x0000, 0x0000, 0x0000, 0x0000, 0x0000, 0x0000, 0x0000,
  0x0000, 0x0000, 0x0000, 0x0000, 0x0000, 0x0000, 0x0000, 0x18C2, 0x2923, 0x2902, 0x2922, 0x2902,
  0x2902, 0x2902, 0x2902, 0x2902, 0x2902, 0x2902, 0x2902, 0x2902, 0x2902, 0x2902, 0x2902, 0x2902,
  0x3143, 0x4A26, 0x6AE9, 0x8BED, 0xA4D0, 0xACF1, 0xA48F, 0x942E, 0x942E, 0x944E, 0x9C4E, 0x9C6F,
  0x9C8F, 0xA48F, 0xA48F, 0xA48F, 0xA4AF, 0xA4AF, 0xA4B0, 0xA48F, 0x9C8F, 0x9C8F, 0x9C6F, 0x944E,
  0x944E, 0x944E, 0x944E, 0x9C4E, 0x942E, 0x8BED, 0x7B8B, 0x7329, 0x62C8, 0x5226, 0x3984, 0x3143,
  0x3143, 0x3143, 0x3143, 0x3143, 0x3143, 0x3143, 0x3143, 0x3143, 0x3143, 0x3143, 0x3143, 0x3143,
  0x2923, 0x2922, 0x3143, 0x3984, 0x0840, 0x0000, 0x0000, 0x0000, 0x0000, 0x0000, 0x0000, 0x0000,
  0x0000, 0x0000, 0x0000, 0x0000, 0x0000, 0x0000, 0x0000, 0x0000, 0x0000, 0x0000, 0x0000, 0x0000,
  0x0000, 0x0000, 0x0000, 0x0000, 0x0000, 0x0000, 0x0000, 0x0000, 0x1061, 0x20E2, 0x2902, 0x2902,
  0x2902, 0x2902, 0x2902, 0x2902, 0x2902, 0x2902, 0x2902, 0x2902, 0x2902, 0x2902, 0x2902, 0x2922,
  0x2902, 0x2902, 0x2902, 0x3143, 0x41C5, 0x5247, 0x62C8, 0x6AE9, 0x6AE9, 0x6AE9, 0x6AE9, 0x6AE9,
  0x6AE9, 0x62E9, 0x6AE9, 0x6AE9, 0x6AE9, 0x6B09, 0x6B09, 0x6B09, 0x6B09, 0x6AE9, 0x6AC9, 0x6AE9,
  0x62C8, 0x62C8, 0x62C9, 0x6AE9, 0x6AE9, 0x62C8, 0x5A87, 0x5226, 0x41C4, 0x3963, 0x3143, 0x3143,
  0x3143, 0x3143, 0x3143, 0x3122, 0x3142, 0x3142, 0x3142, 0x3143, 0x3143, 0x3143, 0x3143, 0x3123,
  0x2923, 0x2922, 0x2923, 0x3163, 0x18C2, 0x0000, 0x0000, 0x0000, 0x0000, 0x0000, 0x0000, 0x0000,
  0x0000, 0x0000, 0x0000, 0x0000, 0x0000, 0x0000, 0x0000, 0x0000, 0x0000, 0x0000, 0x0000, 0x0000,
  0x0000, 0x0000, 0x0000, 0x0000, 0x0000, 0x0000, 0x0000, 0x0000, 0x0000, 0x0000, 0x18C2, 0x2902,
  0x2902, 0x2902, 0x2902, 0x2902, 0x2902, 0x2902, 0x2902, 0x2902, 0x2902, 0x2902, 0x2902, 0x2902,
  0x2922, 0x2902, 0x2922, 0x2922, 0x2922, 0x2922, 0x2902, 0x2922, 0x2923, 0x2923, 0x2923, 0x2923,
  0x2902, 0x2902, 0x2902, 0x2923, 0x2923, 0x2923, 0x2923, 0x2923, 0x3123, 0x2923, 0x2922, 0x2923,
  0x2923, 0x2902, 0x2902, 0x2902, 0x2902, 0x2923, 0x2923, 0x2923, 0x3123, 0x3143, 0x3143, 0x3143,
  0x3142, 0x3143, 0x3142, 0x2922, 0x2922, 0x3122, 0x3122, 0x3122, 0x3142, 0x3142, 0x2922, 0x3123,
  0x2922, 0x2922, 0x2922, 0x2923, 0x2103, 0x0020, 0x0000, 0x0000, 0x0000, 0x0000, 0x0000, 0x0000,
  0x0000, 0x0000, 0x0000, 0x0000, 0x0000, 0x0000, 0x0000, 0x0000, 0x0000, 0x0000, 0x0000, 0x0000,
  0x0000, 0x0000, 0x0000, 0x0000, 0x0000, 0x0000, 0x0000, 0x0000, 0x0000, 0x0000, 0x0000, 0x1061,
  0x20E2, 0x2902, 0x2902, 0x2902, 0x2902, 0x2902, 0x2902, 0x2902, 0x2902, 0x2902, 0x2922, 0x2902,
  0x2902, 0x2902, 0x2902, 0x2902, 0x2922, 0x2902, 0x2902, 0x2902, 0x2902, 0x2902, 0x2902, 0x2902,
  0x20E2, 0x2902, 0x20E2, 0x20E2, 0x2902, 0x2902, 0x2902, 0x2902, 0x2902, 0x2922, 0x2922, 0x2902,
  0x2902, 0x2902, 0x2902, 0x2902, 0x2902, 0x2902, 0x2902, 0x2922, 0x3123, 0x2922, 0x3143, 0x2922,
  0x3123, 0x2922, 0x2922, 0x2922, 0x2922, 0x2922, 0x2922, 0x2922, 0x2922, 0x3122, 0x2922, 0x2922,
  0x2922, 0x2922, 0x2922, 0x2923, 0x2103, 0x0840, 0x0000, 0x0000, 0x0000, 0x0000, 0x0000, 0x0000,
  0x0000, 0x0000, 0x0000, 0x0000, 0x0000, 0x0000, 0x0000, 0x0000, 0x0000, 0x0000, 0x0000, 0x0000,
  0x0000, 0x0000, 0x0000, 0x0000, 0x0000, 0x0000, 0x0000, 0x0000, 0x0000, 0x0000, 0x0000, 0x0000,
  0x0000, 0x18A2, 0x2902, 0x2902, 0x2902, 0x2922, 0x2922, 0x2902, 0x2902, 0x2902, 0x2902, 0x2902,
  0x2902, 0x2902, 0x2902, 0x2902, 0x2902, 0x2902, 0x2902, 0x2902, 0x2902, 0x2902, 0x2902, 0x2902,
  0x2902, 0x2902, 0x2902, 0x2902, 0x20E2, 0x2902, 0x2902, 0x2902, 0x2902, 0x2902, 0x2902, 0x2922,
  0x2902, 0x2902, 0x2902, 0x2902, 0x2902, 0x2902, 0x2902, 0x2922, 0x2922, 0x2923, 0x2922, 0x2922,
  0x2922, 0x2922, 0x2922, 0x2922, 0x2922, 0x2902, 0x2902, 0x2922, 0x2922, 0x2922, 0x2922, 0x2922,
  0x2922, 0x2922, 0x2902, 0x2903, 0x2102, 0x0840, 0x0000, 0x0000, 0x0000, 0x0000, 0x0000, 0x0000,
  0x0000, 0x0000, 0x0000, 0x0000, 0x0000, 0x0000, 0x0000, 0x0000, 0x0000, 0x0000, 0x0000, 0x0000,
  0x0000, 0x0000, 0x0000, 0x0000, 0x0000, 0x0000, 0x0000, 0x0000, 0x0000, 0x0000, 0x0000, 0x0000,
  0x0000, 0x0000, 0x0840, 0x20E2, 0x2902, 0x2902, 0x2902, 0x2902, 0x2902, 0x2902, 0x2902, 0x2902,
  0x2902, 0x2902, 0x2902, 0x2902, 0x2902, 0x2902, 0x2902, 0x2902, 0x20E2, 0x20E2, 0x2902, 0x2902,
  0x2902, 0x2902, 0x2902, 0x2902, 0x2902, 0x20E2, 0x2902, 0x2902, 0x2902, 0x2902, 0x2902, 0x2902,
  0x2902, 0x2902, 0x2922, 0x2902, 0x2902, 0x2922, 0x2902, 0x2902, 0x2902, 0x2922, 0x2922, 0x2902,
  0x2902, 0x2902, 0x2902, 0x2902, 0x2902, 0x2902, 0x2902, 0x2902, 0x2922, 0x2922, 0x2922, 0x2922,
  0x2922, 0x2922, 0x2922, 0x2923, 0x20E2, 0x0840, 0x0000, 0x0000, 0x0000, 0x0000, 0x0000, 0x0000,
  0x0000, 0x0000, 0x0000, 0x0000, 0x0000, 0x0000, 0x0000, 0x0000, 0x0000, 0x0000, 0x0000, 0x0000,
  0x0000, 0x0000, 0x0000, 0x0000, 0x0000, 0x0000, 0x0000, 0x0000, 0x0000, 0x0000, 0x0000, 0x0000,
  0x0000, 0x0000, 0x0000, 0x0000, 0x1081, 0x2102, 0x2902, 0x2902, 0x2902, 0x2902, 0x2902, 0x2902,
  0x2902, 0x2902, 0x2902, 0x2902, 0x2902, 0x20E2, 0x2902, 0x2902, 0x2902, 0x20E2, 0x20E2, 0x20E2,
  0x20E2, 0x20E2, 0x20E2, 0x2902, 0x2902, 0x2902, 0x20E2, 0x20E2, 0x2902, 0x2902, 0x2902, 0x2902,
  0x2902, 0x2902, 0x2902, 0x2922, 0x2922, 0x2902, 0x2902, 0x2922, 0x2922, 0x2922, 0x2922, 0x2922,
  0x2902, 0x2902, 0x2902, 0x2902, 0x2902, 0x2902, 0x2902, 0x2902, 0x2902, 0x2902, 0x2902, 0x2902,
  0x2922, 0x2922, 0x2922, 0x2902, 0x20E2, 0x0840, 0x0000, 0x0000, 0x0000, 0x0000, 0x0000, 0x0000,
  0x0000, 0x0000, 0x0000, 0x0000, 0x0000, 0x0000, 0x0000, 0x0000, 0x0000, 0x0000, 0x0000, 0x0000,
  0x0000, 0x0000, 0x0000, 0x0000, 0x0000, 0x0000, 0x0000, 0x0000, 0x0000, 0x0000, 0x0000, 0x0000,
  0x0000, 0x0000, 0x0000, 0x0000, 0x0000, 0x0000, 0x18A1, 0x2902, 0x2902, 0x2902, 0x2902, 0x20E2,
  0x2902, 0x2902, 0x20E2, 0x20E2, 0x2902, 0x20E2, 0x20E2, 0x20E2, 0x2902, 0x20E2, 0x20E2, 0x20E2,
  0x20E2, 0x20E2, 0x20E2, 0x2902, 0x2902, 0x2902, 0x2902, 0x20E2, 0x2902, 0x2902, 0x2902, 0x2902,
  0x2902, 0x2902, 0x2902, 0x2902, 0x2902, 0x2922, 0x2922, 0x2902, 0x2902, 0x2922, 0x2902, 0x2922,
  0x2922, 0x2902, 0x2902, 0x2902, 0x2902, 0x2902, 0x2902, 0x2902, 0x2902, 0x2902, 0x2902, 0x2902,
  0x2902, 0x2902, 0x2922, 0x2902, 0x20C2, 0x0840, 0x0000, 0x0000, 0x0000, 0x0000, 0x0000, 0x0000,
  0x0000, 0x0000, 0x0000, 0x0000, 0x0000, 0x0000, 0x0000, 0x0000, 0x0000, 0x0000, 0x0000, 0x0000,
  0x0000, 0x0000, 0x0000, 0x0000, 0x0000, 0x0000, 0x0000, 0x0000, 0x0000, 0x0000, 0x0000, 0x0000,
  0x0000, 0x0000, 0x0000, 0x0000, 0x0000, 0x0000, 0x0000, 0x0000, 0x18A2, 0x2903, 0x2902, 0x2902,
  0x20E2, 0x20E2, 0x20E2, 0x2902, 0x20E2, 0x20E2, 0x2902, 0x20E2, 0x2902, 0x2902, 0x28E2, 0x20E2,
  0x2902, 0x20E2, 0x20E2, 0x20E2, 0x2902, 0x2902, 0x2902, 0x2902, 0x2902, 0x2902, 0x2902, 0x2902,
  0x2902, 0x2902, 0x2902, 0x2902, 0x2902, 0x2902, 0x2902, 0x2902, 0x2902, 0x2902, 0x2902, 0x2902,
  0x2902, 0x2922, 0x2902, 0x2902, 0x2902, 0x2902, 0x2902, 0x2902, 0x2902, 0x2902, 0x2902, 0x2902,
  0x2902, 0x2902, 0x2903, 0x20E2, 0x18A1, 0x0820, 0x0000, 0x0000, 0x0000, 0x0000, 0x0000, 0x0000,
  0x0000, 0x0000, 0x0000, 0x0000, 0x0000, 0x0000, 0x0000, 0x0000, 0x0000, 0x0000, 0x0000, 0x0000,
  0x0000, 0x0000, 0x0000, 0x0000, 0x0000, 0x0000, 0x0000, 0x0000, 0x0000, 0x0000, 0x0000, 0x0000,
  0x0000, 0x0000, 0x0000, 0x0000, 0x0000, 0x0000, 0x0000, 0x0000, 0x0000, 0x0020, 0x18C2, 0x2903,
  0x2902, 0x20E2, 0x20E2, 0x20E2, 0x20E2, 0x20E2, 0x20E2, 0x20E2, 0x20E2, 0x20E2, 0x2902, 0x2902,
  0x2902, 0x2902, 0x2902, 0x2902, 0x2902, 0x20E2, 0x2902, 0x2902, 0x2902, 0x2902, 0x2902, 0x2902,
  0x2902, 0x2902, 0x2902, 0x2902, 0x2902, 0x2902, 0x2902, 0x2902, 0x2902, 0x2902, 0x2902, 0x2902,
  0x2902, 0x2902, 0x2902, 0x2902, 0x2902, 0x2902, 0x2902, 0x2902, 0x2902, 0x2902, 0x2902, 0x2902,
  0x2902, 0x2902, 0x2102, 0x20E2, 0x0840, 0x0000, 0x0000, 0x0000, 0x0000, 0x0000, 0x0000, 0x0000,
  0x0000, 0x0000, 0x0000, 0x0000, 0x0000, 0x0000, 0x0000, 0x0000, 0x0000, 0x0000, 0x0000, 0x0000,
  0x0000, 0x0000, 0x0000, 0x0000, 0x0000, 0x0000, 0x0000, 0x0000, 0x0000, 0x0000, 0x0000, 0x0000,
  0x0000, 0x0000, 0x0000, 0x0000, 0x0000, 0x0000, 0x0000, 0x0000, 0x0000, 0x0000, 0x0000, 0x0020,
  0x18A2, 0x2903, 0x2922, 0x2902, 0x20E2, 0x20E2, 0x20E2, 0x20E2, 0x20E2, 0x28E2, 0x2902, 0x2902,
  0x2902, 0x2902, 0x2902, 0x2902, 0x2902, 0x2902, 0x2902, 0x2902, 0x2902, 0x2902, 0x2902, 0x2902,
  0x2902, 0x2902, 0x2902, 0x2902, 0x2902, 0x2902, 0x2902, 0x2902, 0x2902, 0x2902, 0x2902, 0x2902,
  0x2902, 0x2902, 0x2902, 0x2902, 0x2902, 0x2902, 0x2902, 0x2902, 0x2902, 0x2902, 0x2902, 0x2902,
  0x2923, 0x2902, 0x20E2, 0x18A1, 0x0820, 0x0000, 0x0000, 0x0000, 0x0000, 0x0000, 0x0000, 0x0000,
  0x0000, 0x0000, 0x0000, 0x0000, 0x0000, 0x0000, 0x0000, 0x0000, 0x0000, 0x0000, 0x0000, 0x0000,
  0x0000, 0x0000, 0x0000, 0x0000, 0x0000, 0x0000, 0x0000, 0x0000, 0x0000, 0x0000, 0x0000, 0x0000,
  0x0000, 0x0000, 0x0000, 0x0000, 0x0000, 0x0000, 0x0000, 0x0000, 0x0000, 0x0000, 0x0000, 0x0000,
  0x0000, 0x0000, 0x1061, 0x3164, 0x3964, 0x2922, 0x2922, 0x20E2, 0x20C1, 0x20C1, 0x28E2, 0x2902,
  0x2902, 0x2902, 0x2902, 0x2902, 0x2902, 0x2902, 0x2902, 0x2902, 0x2902, 0x2902, 0x2902, 0x2902,
  0x2902, 0x2902, 0x2902, 0x2902, 0x20E2, 0x2902, 0x20E2, 0x20E2, 0x2902, 0x2902, 0x2902, 0x2902,
  0x2902, 0x2902, 0x2902, 0x2902, 0x2902, 0x2902, 0x2902, 0x2902, 0x2902, 0x2902, 0x2902, 0x2902,
  0x20E2, 0x20E2, 0x18A2, 0x0840, 0x0000, 0x0000, 0x0000, 0x0000, 0x0000, 0x0000, 0x0000, 0x0000,
  0x0000, 0x0000, 0x0000, 0x0000, 0x0000, 0x0000, 0x0000, 0x0000, 0x0000, 0x0000, 0x0000, 0x0000,
  0x0000, 0x0000, 0x0000, 0x0000, 0x0000, 0x0000, 0x0000, 0x0000, 0x0000, 0x0000, 0x0000, 0x0000,
  0x0000, 0x0000, 0x0000, 0x0000, 0x0000, 0x0000, 0x0000, 0x0000, 0x0000, 0x0000, 0x0000, 0x0000,
  0x0000, 0x0000, 0x0000, 0x0000, 0x1081, 0x3143, 0x5226, 0x4A05, 0x3143, 0x2902, 0x2902, 0x3143,
  0x3143, 0x3122, 0x2922, 0x2922, 0x2902, 0x2902, 0x2902, 0x2902, 0x2902, 0x20E2, 0x20E2, 0x20C1,
  0x20C1, 0x20C1, 0x20C1, 0x20C1, 0x20C1, 0x20C1, 0x20C1, 0x20C1, 0x20C1, 0x20C1, 0x20C1, 0x20C1,
  0x20C1, 0x20E2, 0x28E2, 0x2902, 0x2902, 0x2902, 0x2922, 0x2922, 0x2902, 0x2102, 0x20C2, 0x20C2,
  0x18C2, 0x1061, 0x0820, 0x0020, 0x0000, 0x0000, 0x0000, 0x0000, 0x0000, 0x0000, 0x0000, 0x0000,
  0x0000, 0x0000, 0x0000, 0x0000, 0x0000, 0x0000, 0x0000, 0x0000, 0x0000, 0x0000, 0x0000, 0x0000,
  0x0000, 0x0000, 0x0000, 0x0000, 0x0000, 0x0000, 0x0000, 0x0000, 0x0000, 0x0000, 0x0000, 0x0000,
  0x0000, 0x0000, 0x0000, 0x0000, 0x0000, 0x0000, 0x0000, 0x0000, 0x0000, 0x0000, 0x0000, 0x0000,
  0x0000, 0x0000, 0x0000, 0x0000, 0x0000, 0x0000, 0x1081, 0x3144, 0x39A4, 0x49E5, 0x5226, 0x5246,
  0x5226, 0x41C4, 0x3984, 0x3963, 0x3163, 0x3143, 0x3143, 0x3143, 0x3143, 0x3143, 0x2922, 0x2902,
  0x20E2, 0x20E2, 0x20C2, 0x20C2, 0x20C1, 0x20C1, 0x20E2, 0x20E2, 0x20E1, 0x20E2, 0x2102, 0x20E2,
  0x20E2, 0x20E2, 0x2922, 0x2922, 0x2922, 0x2922, 0x2902, 0x2902, 0x20E2, 0x20C2, 0x18A2, 0x0840,
  0x0020, 0x0020, 0x0000, 0x0000, 0x0000, 0x0000, 0x0000, 0x0000, 0x0000, 0x0000, 0x0000, 0x0000,
  0x0000, 0x0000, 0x0000, 0x0000, 0x0000, 0x0000, 0x0000, 0x0000, 0x0000, 0x0000, 0x0000, 0x0000,
  0x0000, 0x0000, 0x0000, 0x0000, 0x0000, 0x0000, 0x0000, 0x0000, 0x0000, 0x0000, 0x0000, 0x0000,
  0x0000, 0x0000, 0x0000, 0x0000, 0x0000, 0x0000, 0x0000, 0x0000, 0x0000, 0x0000, 0x0000, 0x0000,
  0x0000, 0x0000, 0x0000, 0x0000, 0x0000, 0x0000, 0x0000, 0x0000, 0x0000, 0x1061, 0x2923, 0x3984,
  0x3984, 0x3984, 0x3984, 0x41E5, 0x5226, 0x5246, 0x5A67, 0x5A67, 0x5246, 0x5246, 0x5246, 0x5246,
  0x4A06, 0x41E5, 0x41E5, 0x49E5, 0x49E5, 0x49E5, 0x49E5, 0x49E5, 0x49E5, 0x41E5, 0x41E5, 0x4A06,
  0x49E5, 0x4A06, 0x49E5, 0x4A06, 0x41E5, 0x3164, 0x2923, 0x20E2, 0x1081, 0x0840, 0x0020, 0x0020,
  0x0000, 0x0000, 0x0000, 0x0000, 0x0000, 0x0000, 0x0000, 0x0000, 0x0000, 0x0000, 0x0000, 0x0000,
  0x0000, 0x0000, 0x0000, 0x0000, 0x0000, 0x0000, 0x0000, 0x0000, 0x0000, 0x0000, 0x0000, 0x0000,
  0x0000, 0x0000, 0x0000, 0x0000, 0x0000, 0x0000, 0x0000, 0x0000, 0x0000, 0x0000, 0x0000, 0x0000,
  0x0000, 0x0000, 0x0000, 0x0000, 0x0000, 0x0000, 0x0000, 0x0000, 0x0000, 0x0000, 0x0000, 0x0000,
  0x0000, 0x0000, 0x0000, 0x0000, 0x0000, 0x0000, 0x0000, 0x0000, 0x0000, 0x0000, 0x0000, 0x0020,
  0x0020, 0x0020, 0x0840, 0x1061, 0x20E2, 0x2923, 0x3164, 0x3164, 0x3164, 0x3143, 0x3143, 0x2923,
  0x2923, 0x2923, 0x2923, 0x2923, 0x2943, 0x3143, 0x3143, 0x3143, 0x3143, 0x3143, 0x2943, 0x2943,
  0x2923, 0x2923, 0x2923, 0x2903, 0x2102, 0x20C2, 0x1081, 0x0841, 0x0820, 0x0000, 0x0000, 0x0000,
  0x0000, 0x0000, 0x0000, 0x0000, 0x0000, 0x0000, 0x0000, 0x0000, 0x0000, 0x0000, 0x0000, 0x0000,
  0x0000, 0x0000, 0x0000, 0x0000, 0x0000, 0x0000, 0x0000, 0x0000, 0x0000, 0x0000, 0x0000, 0x0000,
  0x0000, 0x0000, 0x0000, 0x0000, 0x0000, 0x0000, 0x0000, 0x0000, 0x0000, 0x0000, 0x0000, 0x0000,
  0x0000, 0x0000, 0x0000, 0x0000, 0x0000, 0x0000, 0x0000, 0x0000, 0x0000, 0x0000, 0x0000, 0x0000,
  0x0000, 0x0000, 0x0000, 0x0000, 0x0000, 0x0000, 0x0000, 0x0000, 0x0000, 0x0000, 0x0000, 0x0000,
  0x0000, 0x0000, 0x0000, 0x0000, 0x0000, 0x0000, 0x0000, 0x0000, 0x0000, 0x0000, 0x0000, 0x0000,
  0x0000, 0x0000, 0x0000, 0x0000, 0x0000, 0x0000, 0x0000, 0x0000, 0x0000, 0x0000, 0x0000, 0x0000,
  0x0000, 0x0000, 0x0000, 0x0000, 0x0000, 0x0000, 0x0000, 0x0000, 0x0000, 0x0000, 0x0000, 0x0000,
  0x0000, 0x0000, 0x0000, 0x0000, 0x0000, 0x0000, 0x0000, 0x0000, 0x0000, 0x0000, 0x0000, 0x0000,
  0x0000, 0x0000, 0x0000, 0x0000, 0x0000, 0x0000, 0x0000, 0x0000, 0x0000, 0x0000, 0x0000, 0x0000,
  0x0000, 0x0000, 0x0000, 0x0000, 0x0000, 0x0000, 0x0000, 0x0000, 0x0000, 0x0000, 0x0000, 0x0000,
  0x0000, 0x0000, 0x0000, 0x0000, 0x0000, 0x0000, 0x0000, 0x0000, 0x0000, 0x0000, 0x0000, 0x0000,
  0x0000, 0x0000, 0x0000, 0x0000, 0x0000, 0x0000, 0x0000, 0x0000, 0x0000, 0x0000, 0x0000, 0x0000,
  0x0000, 0x0000, 0x0000, 0x0000, 0x0000, 0x0000, 0x0000, 0x0000, 0x0000, 0x0000, 0x0000, 0x0000,
  0x0000, 0x0000, 0x0000, 0x0000, 0x0000, 0x0000, 0x0000, 0x0000, 0x0000, 0x0000, 0x0000, 0x0000,
  0x0000, 0x0000, 0x0000, 0x0000, 0x0000, 0x0000, 0x0000, 0x0000, 0x0000, 0x0000, 0x0000, 0x0000,
  0x0000, 0x0000, 0x0000, 0x0000, 0x0000, 0x0000, 0x0000, 0x0000, 0x0000, 0x0000, 0x0000, 0x0000,
  0x0000, 0x0000, 0x0000, 0x0000, 0x0000, 0x0000, 0x0000, 0x0000, 0x0000, 0x0000, 0x0000, 0x0000,
  0x0000, 0x0000, 0x0000, 0x0000, 0x0000, 0x0000, 0x0000, 0x0000, 0x0000, 0x0000, 0x0000, 0x0000,
  0x0000, 0x0000, 0x0000, 0x0000, 0x0000, 0x0000, 0x0000, 0x0000, 0x0000, 0x0000, 0x0000, 0x0000,
  0x0000, 0x0000, 0x0000, 0x0000, 0x0000, 0x0000, 0x0000, 0x0000, 0x0000, 0x0000, 0x0000, 0x0000,
  0x0000, 0x0000, 0x0000, 0x0000, 0x0000, 0x0000, 0x0000, 0x0000, 0x0000, 0x0000, 0x0000, 0x0000,
  0x0000, 0x0000, 0x0000, 0x0000, 0x0000, 0x0000, 0x0000, 0x0000, 0x0000, 0x0000, 0x0000, 0x0000,
  0x0000, 0x0000, 0x0000, 0x0000, 0x0000, 0x0000, 0x0000, 0x0000, 0x0000, 0x0000, 0x0000, 0x0000,
  0x0000, 0x0000, 0x0000, 0x0000, 0x0000, 0x0000, 0x0000, 0x0000, 0x0000, 0x0000, 0x0000, 0x0000,
  0x0000, 0x0000, 0x0000, 0x0000, 0x0000, 0x0000, 0x0000, 0x0000, 0x0000, 0x0000, 0x0000, 0x0000,
  0x0000, 0x0000, 0x0000, 0x0000, 0x0000, 0x0000, 0x0000, 0x0000, 0x0000, 0x0000, 0x0000, 0x0000,
  0x0000, 0x0000, 0x0000, 0x0000, 0x0000, 0x0000, 0x0000, 0x0000, 0x0000, 0x0000, 0x0000, 0x0000,
  0x0000, 0x0000, 0x0000, 0x0000, 0x0000, 0x0000, 0x0000, 0x0000, 0x0000, 0x0000, 0x0000, 0x0000,
  0x0000, 0x0000, 0x0000, 0x0000, 0x0000, 0x0000, 0x0000, 0x0000, 0x0000, 0x0000, 0x0000, 0x0000,
  0x0000, 0x0000, 0x0000, 0x0000, 0x0000, 0x0000, 0x0000, 0x0000, 0x0000, 0x0000, 0x0000, 0x0000,
  0x0000, 0x0000, 0x0000, 0x0000, 0x0000, 0x0000, 0x0000, 0x0000, 0x0000, 0x0000, 0x0000, 0x0000,
  0x0000, 0x0000, 0x0000, 0x0000, 0x0000, 0x0000, 0x0000, 0x0000, 0x0000, 0x0000, 0x0000, 0x0000,
  0x0000, 0x0000, 0x0000, 0x0000, 0x0000, 0x0000, 0x0000, 0x0000, 0x0000, 0x0000, 0x0000, 0x0000,
  0x0000, 0x0000, 0x0000, 0x0000, 0x0000, 0x0000, 0x0000, 0x0000, 0x0000, 0x0000, 0x0000, 0x0000,
  0x0000, 0x0000, 0x0000, 0x0000, 0x0000, 0x0000, 0x0000, 0x0000, 0x0000, 0x0000, 0x0000, 0x0000,
  0x0000, 0x0000, 0x0000, 0x0000, 0x0000, 0x0000, 0x0000, 0x0000, 0x0000, 0x0000, 0x0000, 0x0000,
  0x0000, 0x0000, 0x0000, 0x0000, 0x0000, 0x0000, 0x0000, 0x0000, 0x0000, 0x0000, 0x0000, 0x0000,
  0x0000, 0x0000, 0x0000, 0x0000, 0x0000, 0x0000, 0x0000, 0x0000, 0x0000, 0x0000, 0x0000, 0x0000,
  0x0000, 0x0000, 0x0000, 0x0000, 0x0000, 0x0000, 0x0000, 0x0000, 0x0000, 0x0000, 0x0000, 0x0000,
  0x0000, 0x0000, 0x0000, 0x0000, 0x0000, 0x0000, 0x0000, 0x0000, 0x0000, 0x0000, 0x0000, 0x0000,
  0x0000, 0x0000, 0x0000, 0x0000, 0x0000, 0x0000, 0x0000, 0x0000, 0x0000, 0x0000, 0x0000, 0x0000,
  0x0000, 0x0000, 0x0000, 0x0000, 0x0000, 0x0000, 0x0000, 0x0000, 0x0000, 0x0000, 0x0000, 0x0000,
  0x0000, 0x0000, 0x0000, 0x0000, 0x0000, 0x0000, 0x0000, 0x0000, 0x0000, 0x0000, 0x0000, 0x0000,
  0x0000, 0x0000, 0x0000, 0x0000, 0x0000, 0x0000, 0x0000, 0x0000, 0x0000, 0x0000, 0x0000, 0x0000,
  0x0000, 0x0000, 0x0000, 0x0000, 0x0000, 0x0000, 0x0000, 0x0000, 0x0000, 0x0000, 0x0000, 0x0000,
  0x0000, 0x0000, 0x0000, 0x0000, 0x0000, 0x0000, 0x0000, 0x0000, 0x0000, 0x0000, 0x0000, 0x0000,
  0x0000, 0x0000, 0x0000, 0x0000, 0x0000, 0x0000, 0x0000, 0x0000, 0x0000, 0x0000, 0x0000, 0x0000,
  0x0000, 0x0000, 0x0000, 0x0000, 0x0000, 0x0000, 0x0000, 0x0000, 0x0000, 0x0000, 0x0000, 0x0000,
  0x0000, 0x0000, 0x0000, 0x0000, 0x0000, 0x0000, 0x0000, 0x0000, 0x0000, 0x0000, 0x0000, 0x0000,
  0x0000, 0x0000, 0x0000, 0x0000, 0x0000, 0x0000, 0x0000, 0x0000, 0x0000, 0x0000, 0x0000, 0x0000,
  0x0000, 0x0000, 0x0000, 0x0000, 0x0000, 0x0000, 0x0000, 0x0000, 0x0000, 0x0000, 0x0000, 0x0000,
  0x0000, 0x0000, 0x0000, 0x0000, 0x0000, 0x0000, 0x0000, 0x0000, 0x0000, 0x0000, 0x0000, 0x0000,
  0x0000, 0x0000, 0x0000, 0x0000, 0x0000, 0x0000, 0x0000, 0x0000, 0x0000, 0x0000, 0x0000, 0x0000,
  0x0000, 0x0000, 0x0000, 0x0000, 0x0000, 0x0000, 0x0000, 0x0000, 0x0000, 0x0000, 0x0000, 0x0000,
  0x0000, 0x0000, 0x0000, 0x0000, 0x0000, 0x0000, 0x0000, 0x0000, 0x0000, 0x0000, 0x0000, 0x0000,
  0x0000, 0x0000, 0x0000, 0x0000, 0x0000, 0x0000, 0x0000, 0x0000, 0x0000, 0x0000, 0x0000, 0x0000,
  0x0000, 0x0000, 0x0000, 0x0000, 0x0000, 0x0000, 0x0000, 0x0000, 0x0000, 0x0000, 0x0000, 0x0000,
  0x0000, 0x0000, 0x0000, 0x0000, 0x0000, 0x0000, 0x0000, 0x0000, 0x0000, 0x0000, 0x0000, 0x0000,
  0x0000, 0x0000, 0x0000, 0x0000, 0x0000, 0x0000
};
const int img_0_width  = 97;
const int img_0_height = 114;

// img_1  48 x 114  (RGB565)
const uint16_t img_1[] PROGMEM = {
  0x0000, 0x0000, 0x0000, 0x0000, 0x0000, 0x0000, 0x0000, 0x0000, 0x0000, 0x0000, 0x0000, 0x0000,
  0x0000, 0x0000, 0x0000, 0x0000, 0x0000, 0x0000, 0x0000, 0x0000, 0x0000, 0x0000, 0x0000, 0x0000,
  0x0000, 0x0000, 0x0000, 0x0000, 0x0000, 0x0000, 0x0000, 0x0000, 0x0000, 0x0000, 0x0000, 0x0000,
  0x0000, 0x0000, 0x0000, 0x0000, 0x0000, 0x0000, 0x0000, 0x0000, 0x0000, 0x0000, 0x0000, 0x0000,
  0x0000, 0x0000, 0x0000, 0x0000, 0x0000, 0x0000, 0x0000, 0x0000, 0x0000, 0x0000, 0x0000, 0x0000,
  0x0000, 0x0000, 0x0000, 0x0000, 0x0000, 0x0000, 0x0000, 0x0000, 0x0000, 0x0000, 0x0000, 0x0000,
  0x0000, 0x0000, 0x0000, 0x0000, 0x0000, 0x0000, 0x0000, 0x0000, 0x0000, 0x0000, 0x0000, 0x0000,
  0x0000, 0x0000, 0x0000, 0x0000, 0x0000, 0x0000, 0x0000, 0x0000, 0x0000, 0x0000, 0x0000, 0x0000,
  0x0000, 0x0000, 0x0000, 0x0000, 0x0000, 0x0000, 0x0000, 0x0000, 0x0000, 0x0000, 0x0000, 0x0000,
  0x0000, 0x0000, 0x0000, 0x0000, 0x0000, 0x0000, 0x0000, 0x0000, 0x0000, 0x0000, 0x0000, 0x0000,
  0x0000, 0x0000, 0x0000, 0x0000, 0x0000, 0x0000, 0x0000, 0x0000, 0x0000, 0x0000, 0x0000, 0x0000,
  0x0000, 0x0000, 0x0000, 0x0000, 0x0000, 0x0000, 0x0000, 0x0000, 0x0000, 0x0000, 0x0000, 0x0000,
  0x0000, 0x0000, 0x0000, 0x0000, 0x0000, 0x0000, 0x0000, 0x0000, 0x0000, 0x0000, 0x0000, 0x0000,
  0x0000, 0x0000, 0x0000, 0x0000, 0x0000, 0x0000, 0x0000, 0x0000, 0x0000, 0x0000, 0x0000, 0x0000,
  0x0000, 0x0000, 0x0000, 0x0000, 0x0000, 0x0000, 0x0000, 0x0000, 0x0000, 0x0000, 0x0000, 0x0000,
  0x0000, 0x0000, 0x0000, 0x0000, 0x0000, 0x0000, 0x0000, 0x0000, 0x0000, 0x0000, 0x0000, 0x0000,
  0x0000, 0x0000, 0x0000, 0x0000, 0x0000, 0x0000, 0x0000, 0x0000, 0x0000, 0x0000, 0x0000, 0x0000,
  0x0000, 0x0000, 0x0000, 0x0000, 0x0000, 0x0000, 0x0000, 0x0000, 0x0000, 0x0000, 0x0000, 0x0000,
  0x0000, 0x0000, 0x0000, 0x0000, 0x0000, 0x0000, 0x0000, 0x0000, 0x0000, 0x0000, 0x0000, 0x0000,
  0x0000, 0x0000, 0x0000, 0x0000, 0x0000, 0x0000, 0x0000, 0x0000, 0x0000, 0x0000, 0x0000, 0x0000,
  0x0000, 0x0000, 0x0000, 0x0000, 0x0000, 0x0000, 0x0000, 0x0000, 0x0000, 0x0000, 0x0000, 0x0000,
  0x0000, 0x0000, 0x0000, 0x0000, 0x0000, 0x0000, 0x0000, 0x0000, 0x0000, 0x0000, 0x0000, 0x0000,
  0x0000, 0x0000, 0x0000, 0x0000, 0x0000, 0x0000, 0x0000, 0x0000, 0x0000, 0x0000, 0x0000, 0x0000,
  0x0000, 0x0000, 0x0000, 0x0000, 0x0000, 0x0000, 0x0000, 0x0000, 0x0000, 0x0000, 0x0000, 0x0000,
  0x0000, 0x0000, 0x0000, 0x0000, 0x0000, 0x0000, 0x0000, 0x0000, 0x0000, 0x0000, 0x0000, 0x0000,
  0x0000, 0x0000, 0x0000, 0x0000, 0x0000, 0x0000, 0x0000, 0x0000, 0x0000, 0x0000, 0x0000, 0x0000,
  0x0000, 0x0000, 0x0000, 0x0000, 0x0000, 0x0000, 0x0000, 0x0000, 0x0000, 0x0000, 0x0000, 0x0000,
  0x0000, 0x0000, 0x0000, 0x0000, 0x0000, 0x0000, 0x0000, 0x0000, 0x0000, 0x0000, 0x0000, 0x0000,
  0x0000, 0x0000, 0x0000, 0x0000, 0x0000, 0x0000, 0x0000, 0x0000, 0x0000, 0x0000, 0x0000, 0x0000,
  0x0000, 0x0000, 0x0000, 0x0000, 0x0000, 0x0000, 0x0000, 0x0000, 0x0000, 0x0000, 0x0000, 0x0000,
  0x0000, 0x0000, 0x0000, 0x0000, 0x0000, 0x0000, 0x0000, 0x0000, 0x0000, 0x0000, 0x0000, 0x0000,
  0x0000, 0x0000, 0x0000, 0x0000, 0x0000, 0x0000, 0x0000, 0x0000, 0x0000, 0x0000, 0x0000, 0x0000,
  0x0000, 0x0000, 0x0000, 0x0000, 0x0000, 0x0000, 0x0000, 0x0000, 0x0000, 0x0000, 0x0000, 0x0000,
  0x0000, 0x0000, 0x0000, 0x1082, 0x20E3, 0x20E3, 0x18E3, 0x18C3, 0x18C2, 0x18C2, 0x18C2, 0x18C2,
  0x18C2, 0x18C2, 0x18C2, 0x18C2, 0x18E3, 0x18E3, 0x20E3, 0x20E3, 0x18E3, 0x18E3, 0x18C3, 0x18C3,
  0x18E3, 0x18C3, 0x0000, 0x0000, 0x0000, 0x0000, 0x0000, 0x0000, 0x0000, 0x0000, 0x0000, 0x0000,
  0x0000, 0x0000, 0x0000, 0x0000, 0x0000, 0x0000, 0x0000, 0x0000, 0x0000, 0x0000, 0x0000, 0x0000,
  0x0000, 0x0000, 0x0841, 0x6B4B, 0x9CB0, 0x9CB0, 0x9490, 0x946F, 0x944F, 0x944F, 0x8C4F, 0x8C4F,
  0x8C4F, 0x8C4F, 0x8C4F, 0x944F, 0x946F, 0x948F, 0x9C8F, 0x9CB0, 0x9C90, 0x946F, 0x946F, 0x9470,
  0x9CB1, 0x3185, 0x0000, 0x0000, 0x0000, 0x0000, 0x0000, 0x0000, 0x0000, 0x0000, 0x0000, 0x0000,
  0x0000, 0x0000, 0x0000, 0x0000, 0x0000, 0x0000, 0x0000, 0x0000, 0x0000, 0x0000, 0x0000, 0x0000,
  0x0000, 0x0000, 0x41E6, 0xC5B3, 0xD635, 0xCE34, 0xD635, 0xD635, 0xD635, 0xD635, 0xD635, 0xCE34,
  0xD635, 0xCE14, 0xD634, 0xCE14, 0xCE14, 0xD634, 0xCE14, 0xD634, 0xCE34, 0xCE14, 0xCE35, 0xD636,
  0xEF5B, 0x1082, 0x0000, 0x0000, 0x0000, 0x0000, 0x0000, 0x0000, 0x0000, 0x0000, 0x0000, 0x0000,
  0x0000, 0x0000, 0x0000, 0x0000, 0x0000, 0x0000, 0x0000, 0x0000, 0x0000, 0x0000, 0x0000, 0x0000,
  0x0000, 0x18C2, 0x946E, 0xC592, 0xB550, 0xB530, 0xB530, 0xBD51, 0xBD51, 0xB530, 0xBD51, 0xBD50,
  0xBD50, 0xBD51, 0xBD50, 0xBD71, 0xBD50, 0xBD50, 0xBD50, 0xBD71, 0xBD50, 0xBD50, 0xB551, 0xBD72,
  0xEF3A, 0x0840, 0x0000, 0x0000, 0x0000, 0x0000, 0x0000, 0x0000, 0x0000, 0x0000, 0x0000, 0x0000,
  0x0000, 0x0000, 0x0000, 0x0000, 0x0000, 0x0000, 0x0000, 0x0000, 0x0000, 0x0000, 0x0000, 0x0000,
  0x1081, 0x736B, 0xC591, 0xBD30, 0xB52F, 0xB52F, 0xBD4F, 0xBD50, 0xBD50, 0xBD50, 0xBD50, 0xBD70,
  0xBD50, 0xC570, 0xC570, 0xC570, 0xC570, 0xC570, 0xC570, 0xC570, 0xC570, 0xC570, 0xC571, 0xB551,
  0xF73A, 0x0841, 0x0000, 0x0000, 0x0000, 0x0000, 0x0000, 0x0000, 0x0000, 0x0000, 0x0000, 0x0000,
  0x0000, 0x0000, 0x0000, 0x0000, 0x0000, 0x0000, 0x0000, 0x0000, 0x0000, 0x0000, 0x0000, 0x0000,
  0x5267, 0xBD71, 0xBD50, 0xB50F, 0xB50F, 0xBD2F, 0xBD2F, 0xBD2F, 0xBD2F, 0xBD2F, 0xBD4F, 0xBD4F,
  0xBD4F, 0xC570, 0xC550, 0xC570, 0xC570, 0xC570, 0xC570, 0xC550, 0xBD50, 0xC550, 0xC570, 0xB510,
  0xDE77, 0x0840, 0x0000, 0x0000, 0x0000, 0x0000, 0x0000, 0x0000, 0x0000, 0x0000, 0x0000, 0x0000,
  0x0000, 0x0000, 0x0000, 0x0000, 0x0000, 0x0000, 0x0000, 0x0000, 0x0000, 0x0000, 0x0000, 0x2923,
  0xACF0, 0xC591, 0xBD30, 0xB52F, 0xBD2F, 0xB50F, 0xB50F, 0xBD2F, 0xBD2F, 0xB50F, 0xBD2F, 0xBD2F,
  0xBD2F, 0xBD2F, 0xBD4F, 0xC570, 0xC570, 0xC570, 0xC570, 0xC570, 0xBD50, 0xBD4F, 0xBD50, 0xACEF,
  0xB532, 0x0820, 0x0000, 0x0000, 0x0000, 0x0000, 0x0000, 0x0000, 0x0000, 0x0000, 0x0000, 0x0000,
  0x0000, 0x0000, 0x0000, 0x0000, 0x0000, 0x0000, 0x0000, 0x0000, 0x0000, 0x0000, 0x1081, 0x942E,
  0xC5B2, 0xBD50, 0xBD50, 0xBD2F, 0xBD2F, 0xB50F, 0xB50F, 0xB50F, 0xB50F, 0xBD0F, 0xBD2F, 0xBD0F,
  0xB50F, 0xBD2F, 0xBD4F, 0xBD4F, 0xBD4F, 0xC570, 0xBD4F, 0xC550, 0xC550, 0xC550, 0xBD50, 0xACEF,
  0x7BAC, 0x0020, 0x0000, 0x0000, 0x0000, 0x0000, 0x0000, 0x0000, 0x0000, 0x0000, 0x0000, 0x0000,
  0x0000, 0x0000, 0x0000, 0x0000, 0x0000, 0x0000, 0x0000, 0x0000, 0x0000, 0x0000, 0x5A88, 0xC592,
  0xBD50, 0xBD30, 0xBD4F, 0xBD2F, 0xBD2F, 0xB50F, 0xB50F, 0xB50F, 0xB50F, 0xB50F, 0xBD2F, 0xBD0F,
  0xBD0F, 0xBD2F, 0xBD4F, 0xBD4F, 0xB52F, 0xBD4F, 0xBD4F, 0xC550, 0xBD2F, 0xBD50, 0xBD50, 0xB510,
  0x4A27, 0x0000, 0x0000, 0x0000, 0x0000, 0x0000, 0x0000, 0x0000, 0x0000, 0x0000, 0x0000, 0x0000,
  0x0000, 0x0000, 0x0000, 0x0000, 0x0000, 0x0000, 0x0000, 0x0000, 0x0000, 0x2923, 0xA4D0, 0xBD51,
  0xB50F, 0xB50F, 0xBD2F, 0xB50F, 0xBD2F, 0xB50F, 0xB50F, 0xB50F, 0xB50F, 0xB50F, 0xB50F, 0xB50E,
  0xBD0F, 0xBD2F, 0xBD2F, 0xBD4F, 0xBD2F, 0xC54F, 0xC550, 0xC550, 0xC550, 0xC570, 0xBD50, 0xC5B2,
  0x20E2, 0x0000, 0x0000, 0x0000, 0x0000, 0x0000, 0x0000, 0x0000, 0x0000, 0x0000, 0x0000, 0x0000,
  0x0000, 0x0000, 0x0000, 0x0000, 0x0000, 0x0000, 0x0000, 0x0000, 0x1081, 0x8BED, 0xBD51, 0xB4EF,
  0xB4EE, 0xB4EE, 0xB50F, 0xB50E, 0xB50F, 0xB50F, 0xB50F, 0xB50E, 0xB50E, 0xB50E, 0xB4EE, 0xBD0F,
  0xBD0F, 0xBD0F, 0xBD2F, 0xBD2F, 0xBD2F, 0xBD2F, 0xC54F, 0xBD50, 0xC570, 0xBD50, 0xBD50, 0xDE76,
  0x0860, 0x0000, 0x0000, 0x0000, 0x0000, 0x0000, 0x0000, 0x0000, 0x0000, 0x0000, 0x0000, 0x0000,
  0x0000, 0x0000, 0x0000, 0x0000, 0x0000, 0x0000, 0x0000, 0x0000, 0x62A9, 0xB531, 0xACEF, 0xACCE,
  0xACCE, 0xACEE, 0xB4EE, 0xB4EE, 0xB50E, 0xB50F, 0xB4EE, 0xB4EE, 0xB4EE, 0xB4EE, 0xB50E, 0xBD0F,
  0xB50E, 0xBD0E, 0xB50E, 0xBD2F, 0xBD2F, 0xBD2F, 0xBD2F, 0xBD2F, 0xBD50, 0xBD50, 0xB530, 0xE6D8,
  0x0840, 0x0000, 0x0000, 0x0000, 0x0000, 0x0000, 0x0000, 0x0000, 0x0000, 0x0000, 0x0000, 0x0000,
  0x0000, 0x0000, 0x0000, 0x0000, 0x0000, 0x0000, 0x0000, 0x3164, 0xAD10, 0xAD0F, 0xACAE, 0xACAD,
  0xACCD, 0xACCD, 0xACCD, 0xB4EE, 0xB4EE, 0xB50E, 0xB4EE, 0xACCE, 0xACCE, 0xB4EE, 0xB4EE, 0xB50E,
  0xB50E, 0xB50E, 0xB50E, 0xB50E, 0xB50F, 0xB50F, 0xB50F, 0xBD2F, 0xBD2F, 0xBD50, 0xB510, 0xE6D7,
  0x0840, 0x0000, 0x0000, 0x0000, 0x0000, 0x0000, 0x0000, 0x0000, 0x0000, 0x0000, 0x0000, 0x0000,
  0x0000, 0x0000, 0x0000, 0x0000, 0x0000, 0x0000, 0x18C2, 0x9C6F, 0xBD71, 0xACCE, 0xA4AD, 0xACAD,
  0xACCE, 0xACCD, 0xACCD, 0xACEE, 0xACEE, 0xB4EE, 0xB4EE, 0xB4EE, 0xACEE, 0xACEE, 0xB4EE, 0xB4EE,
  0xB4EE, 0xB50F, 0xB4EE, 0xB50E, 0xB50F, 0xB50F, 0xB50F, 0xBD2F, 0xBD4F, 0xBD30, 0xACEF, 0xCE15,
  0x0840, 0x0000, 0x0000, 0x0000, 0x0000, 0x0000, 0x0000, 0x0000, 0x0000, 0x0000, 0x0000, 0x0000,
  0x0000, 0x0000, 0x0000, 0x0000, 0x0000, 0x0841, 0x736B, 0xC592, 0xAD0F, 0xACCE, 0xACCE, 0xACCE,
  0xACCE, 0xACCE, 0xACCE, 0xACEE, 0xB4EE, 0xB4EF, 0xB4EF, 0xB4EF, 0xACCE, 0xACEE, 0xB50F, 0xB4EE,
  0xB4EE, 0xB50F, 0xB50E, 0xB50F, 0xB50F, 0xB50F, 0xBD2F, 0xBD2F, 0xBD4F, 0xBD30, 0xACEF, 0x9C8F,
  0x0020, 0x0000, 0x0000, 0x0000, 0x0000, 0x0000, 0x0000, 0x0000, 0x0000, 0x0000, 0x0000, 0x0000,
  0x0000, 0x0000, 0x0000, 0x0000, 0x0000, 0x4A27, 0xB552, 0xB510, 0xACCF, 0xB4EF, 0xB50F, 0xB50F,
  0xB50F, 0xACEF, 0x9C6D, 0x9C4D, 0x83CB, 0x83CC, 0x83CC, 0x83AB, 0x7B6A, 0xA4AE, 0xB50F, 0xB50F,
  0xB50F, 0xB50E, 0xB50E, 0xB50E, 0xB50E, 0xB50F, 0xB50F, 0xBD2F, 0xBD2F, 0xB530, 0xAD10, 0x5AC9,
  0x0000, 0x0000, 0x0000, 0x0000, 0x0000, 0x0000, 0x0000, 0x0000, 0x0000, 0x0000, 0x0000, 0x0000,
  0x0000, 0x0000, 0x0000, 0x0000, 0x2103, 0xA4F1, 0xB551, 0xB510, 0xB510, 0xB510, 0xACCF, 0x9C8E,
  0x8C0D, 0x7BAB, 0x5AA8, 0x41C5, 0x18C2, 0x18A2, 0x18A2, 0x18A1, 0x18A1, 0x942D, 0xB50F, 0xB50F,
  0xB50F, 0xB50F, 0xB50E, 0xB50E, 0xB50E, 0xB50E, 0xB4EE, 0xB50F, 0xB50F, 0xB50F, 0xBD72, 0x3164,
  0x0000, 0x0000, 0x0000, 0x0000, 0x0000, 0x0000, 0x0000, 0x0000, 0x0000, 0x0000, 0x0000, 0x0000,
  0x0000, 0x0000, 0x0000, 0x0000, 0x738C, 0xC5B4, 0xAD11, 0xA4AF, 0x944E, 0x7B8B, 0x5A88, 0x39A5,
  0x20E2, 0x10A1, 0x0861, 0x0020, 0x0000, 0x0000, 0x0000, 0x0000, 0x0000, 0x83CC, 0xB510, 0xB50F,
  0xB50F, 0xB50F, 0xB50E, 0xB50E, 0xB4EE, 0xB4EE, 0xB4EE, 0xB4EE, 0xB4EE, 0xACEF, 0xCE14, 0x1081,
  0x0000, 0x0000, 0x0000, 0x0000, 0x0000, 0x0000, 0x0000, 0x0000, 0x0000, 0x0000, 0x0000, 0x0000,
  0x0000, 0x0000, 0x0000, 0x2103, 0x7BCD, 0x8C0E, 0x734A, 0x4A27, 0x2923, 0x10A1, 0x0840, 0x0000,
  0x0000, 0x0000, 0x0000, 0x0000, 0x0000, 0x0000, 0x0000, 0x0000, 0x0000, 0x83CC, 0xB50F, 0xB4EE,
  0xB50E, 0xB4EE, 0xB4EE, 0xB4EE, 0xB4EE, 0xB4EE, 0xB4EE, 0xB4EE, 0xACCE, 0xA4AE, 0xDE76, 0x0840,
  0x0000, 0x0000, 0x0000, 0x0000, 0x0000, 0x0000, 0x0000, 0x0000, 0x0000, 0x0000, 0x0000, 0x0000,
  0x0000, 0x0000, 0x0000, 0x2104, 0x18C2, 0x18A2, 0x1081, 0x0820, 0x0000, 0x0000, 0x0000, 0x0000,
  0x0000, 0x0000, 0x0000, 0x0000, 0x0000, 0x0000, 0x0000, 0x0000, 0x0000, 0x83CC, 0xACCF, 0xACCE,
  0xB4EE, 0xB4EE, 0xB4EE, 0xB4EE, 0xB4EE, 0xB4EE, 0xB4EE, 0xB4EE, 0xACCE, 0xA48E, 0xDE97, 0x0840,
  0x0000, 0x0000, 0x0000, 0x0000, 0x0000, 0x0000, 0x0000, 0x0000, 0x0000, 0x0000, 0x0000, 0x0000,
  0x0000, 0x0000, 0x0000, 0x0000, 0x0000, 0x0000, 0x0000, 0x0000, 0x0000, 0x0000, 0x0000, 0x0000,
  0x0000, 0x0000, 0x0000, 0x0000, 0x0000, 0x0000, 0x0000, 0x0000, 0x10A1, 0x8C0C, 0xACAE, 0xACAD,
  0xACCD, 0xACEE, 0xACEE, 0xACCE, 0xB4EE, 0xB4EE, 0xB4EE, 0xB4EE, 0xACCE, 0xA48E, 0xD635, 0x0840,
  0x0000, 0x0000, 0x0000, 0x0000, 0x0000, 0x0000, 0x0000, 0x0000, 0x0000, 0x0000, 0x0000, 0x0000,
  0x0000, 0x0000, 0x0000, 0x0000, 0x0000, 0x0000, 0x0000, 0x0000, 0x0000, 0x0000, 0x0000, 0x0000,
  0x0000, 0x0000, 0x0000, 0x0000, 0x0000, 0x0000, 0x0000, 0x0000, 0x3164, 0x9C4D, 0xA48D, 0xACAD,
  0xACAD, 0xACCD, 0xACCD, 0xB4EE, 0xB4EE, 0xACEE, 0xACEE, 0xB4EE, 0xACCE, 0xA48E, 0xB572, 0x0820,
  0x0000, 0x0000, 0x0000, 0x0000, 0x0000, 0x0000, 0x0000, 0x0000, 0x0000, 0x0000, 0x0000, 0x0000,
  0x0000, 0x0000, 0x0000, 0x0000, 0x0000, 0x0000, 0x0000, 0x0000, 0x0000, 0x0000, 0x0000, 0x0000,
  0x0000, 0x0000, 0x0000, 0x0000, 0x0000, 0x0000, 0x0000, 0x0000, 0x5247, 0x9C6D, 0xA48D, 0xACAD,
  0xACAD, 0xACAD, 0xACCD, 0xB4CE, 0xACCD, 0xACAD, 0xACCD, 0xACCE, 0xACAE, 0x9C8E, 0x83CD, 0x0020,
  0x0000, 0x0000, 0x0000, 0x0000, 0x0000, 0x0000, 0x0000, 0x0000, 0x0000, 0x0000, 0x0000, 0x0000,
  0x0000, 0x0000, 0x0000, 0x0000, 0x0000, 0x0000, 0x0000, 0x0000, 0x0000, 0x0000, 0x0000, 0x0000,
  0x0000, 0x0000, 0x0000, 0x0000, 0x0000, 0x0000, 0x0000, 0x0000, 0x6B2A, 0xA48E, 0xACAD, 0xACAD,
  0xACCD, 0xACAD, 0xACAD, 0xACCD, 0xACCD, 0xACAD, 0xACAD, 0xACAD, 0xA4AE, 0xA4AF, 0x4A26, 0x0000,
  0x0000, 0x0000, 0x0000, 0x0000, 0x0000, 0x0000, 0x0000, 0x0000, 0x0000, 0x0000, 0x0000, 0x0000,
  0x0000, 0x0000, 0x0000, 0x0000, 0x0000, 0x0000, 0x0000, 0x0000, 0x0000, 0x0000, 0x0000, 0x0000,
  0x0000, 0x0000, 0x0000, 0x0000, 0x0000, 0x0000, 0x0000, 0x0000, 0x7BAC, 0xA4AE, 0xA4AD, 0xACAD,
  0xACAD, 0xACAD, 0xACAD, 0xACAD, 0xAC8D, 0xAC8D, 0xAC8D, 0xA48D, 0xA48E, 0xBD72, 0x18C2, 0x0000,
  0x0000, 0x0000, 0x0000, 0x0000, 0x0000, 0x0000, 0x0000, 0x0000, 0x0000, 0x0000, 0x0000, 0x0000,
  0x0000, 0x0000, 0x0000, 0x0000, 0x0000, 0x0000, 0x0000, 0x0000, 0x0000, 0x0000, 0x0000, 0x0000,
  0x0000, 0x0000, 0x0000, 0x0000, 0x0000, 0x0000, 0x0000, 0x0000, 0x83AC, 0xA48E, 0xA4AD, 0xA4AD,
  0xA48C, 0xAC8D, 0xACAD, 0xAC8D, 0xAC8D, 0xAC8D, 0xA48D, 0xA46D, 0x9C6D, 0xCE14, 0x0840, 0x0000,
  0x0000, 0x0000, 0x0000, 0x0000, 0x0000, 0x0000, 0x0000, 0x0000, 0x0000, 0x0000, 0x0000, 0x0000,
  0x0000, 0x0000, 0x0000, 0x0000, 0x0000, 0x0000, 0x0000, 0x0000, 0x0000, 0x0000, 0x0000, 0x0000,
  0x0000, 0x0000, 0x0000, 0x0000, 0x0000, 0x0000, 0x0000, 0x0000, 0x7BAC, 0xA48D, 0xA48D, 0xA48C,
  0xA48C, 0xA48D, 0xACAD, 0xACAD, 0xA48C, 0xA48D, 0xA46D, 0x9C6D, 0x9C6D, 0xD655, 0x0840, 0x0000,
  0x0000, 0x0000, 0x0000, 0x0000, 0x0000, 0x0000, 0x0000, 0x0000, 0x0000, 0x0000, 0x0000, 0x0000,
  0x0000, 0x0000, 0x0000, 0x0000, 0x0000, 0x0000, 0x0000, 0x0000, 0x0000, 0x0000, 0x0000, 0x0000,
  0x0000, 0x0000, 0x0000, 0x0000, 0x0000, 0x0000, 0x0000, 0x0840, 0x83AC, 0xA46D, 0xA46C, 0xA46C,
  0xA48C, 0xA46C, 0xA48D, 0xA48D, 0xA46C, 0xA46C, 0xA46C, 0xA46D, 0x9C6D, 0xCE15, 0x0840, 0x0000,
  0x0000, 0x0000, 0x0000, 0x0000, 0x0000, 0x0000, 0x0000, 0x0000, 0x0000, 0x0000, 0x0000, 0x0000,
  0x0000, 0x0000, 0x0000, 0x0000, 0x0000, 0x0000, 0x0000, 0x0000, 0x0000, 0x0000, 0x0000, 0x0000,
  0x0000, 0x0000, 0x0000, 0x0000, 0x0000, 0x0000, 0x0000, 0x2103, 0x8BEC, 0x9C6C, 0xA44C, 0xA44C,
  0xA44C, 0xA46C, 0xA46C, 0xA44C, 0xA46C, 0xA46C, 0x9C6C, 0x9C4D, 0x9C4D, 0xBD93, 0x0840, 0x0000,
  0x0000, 0x0000, 0x0000, 0x0000, 0x0000, 0x0000, 0x0000, 0x0000, 0x0000, 0x0000, 0x0000, 0x0000,
  0x0000, 0x0000, 0x0000, 0x0000, 0x0000, 0x0000, 0x0000, 0x0000, 0x0000, 0x0000, 0x0000, 0x0000,
  0x0000, 0x0000, 0x0000, 0x0000, 0x0000, 0x0000, 0x0000, 0x4A06, 0x940D, 0x9C4C, 0xA46C, 0xA46C,
  0xA44C, 0x9C4C, 0xA44C, 0xA44C, 0xA44C, 0xA44C, 0x9C4C, 0x9C4D, 0x9C6E, 0x944F, 0x0020, 0x0000,
  0x0000, 0x0000, 0x0000, 0x0000, 0x0000, 0x0000, 0x0000, 0x0000, 0x0000, 0x0000, 0x0000, 0x0000,
  0x0000, 0x0000, 0x0000, 0x0000, 0x0000, 0x0000, 0x0000, 0x0000, 0x0000, 0x0000, 0x0000, 0x0000,
  0x0000, 0x0000, 0x0000, 0x0000, 0x0000, 0x0000, 0x0000, 0x6B2A, 0x942D, 0x9C2C, 0x9C4B, 0x9C4B,
  0x9C4B, 0x9C2C, 0x9C4C, 0x9C4C, 0x9C4C, 0x9C4C, 0x9C4C, 0x9C4D, 0x9C8E, 0x62C9, 0x0000, 0x0000,
  0x0000, 0x0000, 0x0000, 0x0000, 0x0000, 0x0000, 0x0000, 0x0000, 0x0000, 0x0000, 0x0000, 0x0000,
  0x0000, 0x0000, 0x0000, 0x0000, 0x0000, 0x0000, 0x0000, 0x0000, 0x0000, 0x0000, 0x0000, 0x0000,
  0x0000, 0x0000, 0x0000, 0x0000, 0x0000, 0x0000, 0x0000, 0x83CC, 0x942D, 0x942B, 0x9C2B, 0x9C4B,
  0x9C4B, 0x9C4B, 0x9C4B, 0x9C2C, 0x9C2C, 0x9C2C, 0x9C2C, 0x942C, 0xACD0, 0x3164, 0x0000, 0x0000,
  0x0000, 0x0000, 0x0000, 0x0000, 0x0000, 0x0000, 0x0000, 0x0000, 0x0000, 0x0000, 0x0000, 0x0000,
  0x0000, 0x0000, 0x0000, 0x0000, 0x0000, 0x0000, 0x0000, 0x0000, 0x0000, 0x0000, 0x0000, 0x0000,
  0x0000, 0x0000, 0x0000, 0x0000, 0x0000, 0x0000, 0x0000, 0x7BAC, 0x942C, 0x940B, 0x9C0B, 0x9C2B,
  0x9C2B, 0x9C2B, 0x9C4B, 0x9C2B, 0x9C2B, 0x9C2C, 0x9C2C, 0x940C, 0xC593, 0x1081, 0x0000, 0x0000,
  0x0000, 0x0000, 0x0000, 0x0000, 0x0000, 0x0000, 0x0000, 0x0000, 0x0000, 0x0000, 0x0000, 0x0000,
  0x0000, 0x0000, 0x0000, 0x0000, 0x0000, 0x0000, 0x0000, 0x0000, 0x0000, 0x0000, 0x0000, 0x0000,
  0x0000, 0x0000, 0x0000, 0x0000, 0x0000, 0x0000, 0x0000, 0x736B, 0x942C, 0x93EB, 0x940B, 0x9C0B,
  0x940B, 0x9C0B, 0x9C2B, 0x9C0B, 0x9C0B, 0x9C2B, 0x940B, 0x8BEC, 0xCDF4, 0x0840, 0x0000, 0x0000,
  0x0000, 0x0000, 0x0000, 0x0000, 0x0000, 0x0000, 0x0000, 0x0000, 0x0000, 0x0000, 0x0000, 0x0000,
  0x0000, 0x0000, 0x0000, 0x0000, 0x0000, 0x0000, 0x0000, 0x0000, 0x0000, 0x0000, 0x0000, 0x0000,
  0x0000, 0x0000, 0x0000, 0x0000, 0x0000, 0x0000, 0x0000, 0x734A, 0x940C, 0x93EB, 0x93EA, 0x940B,
  0x93EA, 0x940B, 0x9C0B, 0x940B, 0x940B, 0x940B, 0x940B, 0x8BEC, 0xCDF4, 0x0840, 0x0000, 0x0000,
  0x0000, 0x0000, 0x0000, 0x0000, 0x0000, 0x0000, 0x0000, 0x0000, 0x0000, 0x0000, 0x0000, 0x0000,
  0x0000, 0x0000, 0x0000, 0x0000, 0x0000, 0x0000, 0x0000, 0x0000, 0x0000, 0x0000, 0x0000, 0x0000,
  0x0000, 0x0000, 0x0000, 0x0000, 0x0000, 0x0000, 0x10A1, 0x7B8B, 0x93EB, 0x93CA, 0x93EA, 0x93EA,
  0x93EA, 0x8BCA, 0x93EA, 0x93EA, 0x93EA, 0x93EA, 0x940B, 0x8BEC, 0xBD73, 0x0820, 0x0000, 0x0000,
  0x0000, 0x0000, 0x0000, 0x0000, 0x0000, 0x0000, 0x0000, 0x0000, 0x0000, 0x0000, 0x0000, 0x0000,
  0x0000, 0x0000, 0x0000, 0x0000, 0x0000, 0x0000, 0x0000, 0x0000, 0x0000, 0x0000, 0x0000, 0x0000,
  0x0000, 0x0000, 0x0000, 0x0000, 0x0000, 0x0000, 0x39C5, 0x8BCB, 0x8BCA, 0x8BCA, 0x93CA, 0x93CA,
  0x93EA, 0x8BCA, 0x93EA, 0x93EA, 0x93EA, 0x93EA, 0x8BEB, 0x8BEC, 0x946F, 0x0020, 0x0000, 0x0000,
  0x0000, 0x0000, 0x0000, 0x0000, 0x0000, 0x0000, 0x0000, 0x0000, 0x0000, 0x0000, 0x0000, 0x0000,
  0x0000, 0x0000, 0x0000, 0x0000, 0x0000, 0x0000, 0x0000, 0x0000, 0x0000, 0x0000, 0x0000, 0x0000,
  0x0000, 0x0000, 0x0000, 0x0000, 0x0000, 0x0000, 0x62C9, 0x8BCB, 0x8BAA, 0x8BCA, 0x93CA, 0x93CA,
  0x93CA, 0x8BCA, 0x8BCA, 0x8BCA, 0x93EA, 0x93EA, 0x8BEB, 0x8C0C, 0x62E9, 0x0020, 0x0000, 0x0000,
  0x0000, 0x0000, 0x0000, 0x0000, 0x0000, 0x0000, 0x0000, 0x0000, 0x0000, 0x0000, 0x0000, 0x0000,
  0x0000, 0x0000, 0x0000, 0x0000, 0x0000, 0x0000, 0x0000, 0x0000, 0x0000, 0x0000, 0x0000, 0x0000,
  0x0000, 0x0000, 0x0000, 0x0000, 0x0000, 0x0000, 0x7BAC, 0x8BEB, 0x8BAA, 0x8BCA, 0x8BCA, 0x8BCA,
  0x8BAA, 0x8BCA, 0x8BCA, 0x8BCA, 0x8BCA, 0x8BCA, 0x8BAA, 0x9C4D, 0x3985, 0x0000, 0x0000, 0x0000,
  0x0000, 0x0000, 0x0000, 0x0000, 0x0000, 0x0000, 0x0000, 0x0000, 0x0000, 0x0000, 0x0000, 0x0000,
  0x0000, 0x0000, 0x0000, 0x0000, 0x0000, 0x0000, 0x0000, 0x0000, 0x0000, 0x0000, 0x0000, 0x0000,
  0x0000, 0x0000, 0x0000, 0x0000, 0x0000, 0x0000, 0x942E, 0x940C, 0x8BAA, 0x8BAA, 0x8BA9, 0x8BA9,
  0x8BA9, 0x8BAA, 0x8BAA, 0x8BCA, 0x8BCA, 0x8BAA, 0x83AA, 0xA4CF, 0x1081, 0x0000, 0x0000, 0x0000,
  0x0000, 0x0000, 0x0000, 0x0000, 0x0000, 0x0000, 0x0000, 0x0000, 0x0000, 0x0000, 0x0000, 0x0000,
  0x0000, 0x0000, 0x0000, 0x0000, 0x0000, 0x0000, 0x0000, 0x0000, 0x0000, 0x0000, 0x0000, 0x0000,
  0x0000, 0x0000, 0x0000, 0x0000, 0x0000, 0x0000, 0x8C0D, 0x940C, 0x8BAA, 0x8BAA, 0x8BAA, 0x8BAA,
  0x8BA9, 0x8BA9, 0x8BAA, 0x93CA, 0x8BAA, 0x8BAA, 0x838A, 0xB551, 0x0840, 0x0000, 0x0000, 0x0000,
  0x0000, 0x0000, 0x0000, 0x0000, 0x0000, 0x0000, 0x0000, 0x0000, 0x0000, 0x0000, 0x0000, 0x0000,
  0x0000, 0x0000, 0x0000, 0x0000, 0x0000, 0x0000, 0x0000, 0x0000, 0x0000, 0x0000, 0x0000, 0x0000,
  0x0000, 0x0000, 0x0000, 0x0000, 0x0000, 0x0000, 0x7B8B, 0x8BEB, 0x8389, 0x8BA9, 0x8BA9, 0x8BA9,
  0x8B89, 0x8BA9, 0x8BA9, 0x8BAA, 0x8BAA, 0x838A, 0x7B6A, 0xBD92, 0x0820, 0x0000, 0x0000, 0x0000,
  0x0000, 0x0000, 0x0000, 0x0000, 0x0000, 0x0000, 0x0000, 0x0000, 0x0000, 0x0000, 0x0000, 0x0000,
  0x0000, 0x0000, 0x0000, 0x0000, 0x0000, 0x0000, 0x0000, 0x0000, 0x0000, 0x0000, 0x0000, 0x0000,
  0x0000, 0x0000, 0x0000, 0x0000, 0x0000, 0x1061, 0x734A, 0x83AA, 0x8389, 0x8BA9, 0x8BA9, 0x8B89,
  0x8B89, 0x8389, 0x8B89, 0x8B89, 0x8BAA, 0x838A, 0x7B6A, 0xB531, 0x0820, 0x0000, 0x0000, 0x0000,
  0x0000, 0x0000, 0x0000, 0x0000, 0x0000, 0x0000, 0x0000, 0x0000, 0x0000, 0x0000, 0x0000, 0x0000,
  0x0000, 0x0000, 0x0000, 0x0000, 0x0000, 0x0000, 0x0000, 0x0000, 0x0000, 0x0000, 0x0000, 0x0000,
  0x0000, 0x0000, 0x0000, 0x0000, 0x0000, 0x3184, 0x734A, 0x7B69, 0x8389, 0x8B89, 0x8B89, 0x8B89,
  0x8389, 0x8389, 0x8B89, 0x8389, 0x8389, 0x838A, 0x7B8A, 0x9C8F, 0x0020, 0x0000, 0x0000, 0x0000,
  0x0000, 0x0000, 0x0000, 0x0000, 0x0000, 0x0000, 0x0000, 0x0000, 0x0000, 0x0000, 0x0000, 0x0000,
  0x0000, 0x0000, 0x0000, 0x0000, 0x0000, 0x0000, 0x0000, 0x0000, 0x0000, 0x0000, 0x0000, 0x0000,
  0x0000, 0x0000, 0x0000, 0x0000, 0x0000, 0x62C9, 0x734A, 0x7B49, 0x7B68, 0x8369, 0x8369, 0x8369,
  0x8369, 0x8389, 0x8369, 0x8369, 0x8369, 0x836A, 0x83AB, 0x736B, 0x0020, 0x0000, 0x0000, 0x0000,
  0x0000, 0x0000, 0x0000, 0x0000, 0x0000, 0x0000, 0x0000, 0x0000, 0x0000, 0x0000, 0x0000, 0x0000,
  0x0000, 0x0000, 0x0000, 0x0000, 0x0000, 0x0000, 0x0000, 0x0000, 0x0000, 0x0000, 0x0000, 0x0000,
  0x0000, 0x0000, 0x0000, 0x0000, 0x0000, 0x8BED, 0x7B6A, 0x7B48, 0x7B48, 0x7B48, 0x8348, 0x8348,
  0x8369, 0x8369, 0x8369, 0x8369, 0x8369, 0x7B6A, 0x942D, 0x4A47, 0x0000, 0x0000, 0x0000, 0x0000,
  0x0000, 0x0000, 0x0000, 0x0000, 0x0000, 0x0000, 0x0000, 0x0000, 0x0000, 0x0000, 0x0000, 0x0000,
  0x0000, 0x0000, 0x0000, 0x0000, 0x0000, 0x0000, 0x0000, 0x0000, 0x0000, 0x0000, 0x0000, 0x0000,
  0x0000, 0x0000, 0x0000, 0x0000, 0x0000, 0x9C8F, 0x7B6A, 0x7328, 0x7B28, 0x7B28, 0x7B48, 0x7B48,
  0x8348, 0x8349, 0x8369, 0x8369, 0x8369, 0x7B49, 0xA4AF, 0x2944, 0x0000, 0x0000, 0x0000, 0x0000,
  0x0000, 0x0000, 0x0000, 0x0000, 0x0000, 0x0000, 0x0000, 0x0000, 0x0000, 0x0000, 0x0000, 0x0000,
  0x0000, 0x0000, 0x0000, 0x0000, 0x0000, 0x0000, 0x0000, 0x0000, 0x0000, 0x0000, 0x0000, 0x0000,
  0x0000, 0x0000, 0x0000, 0x0000, 0x0000, 0x946E, 0x7B6A, 0x7328, 0x7B28, 0x7B28, 0x7B48, 0x7B48,
  0x7B48, 0x7B48, 0x8349, 0x8369, 0x7B49, 0x7329, 0xB531, 0x1081, 0x0000, 0x0000, 0x0000, 0x0000,
  0x0000, 0x0000, 0x0000, 0x0000, 0x0000, 0x0000, 0x0000, 0x0000, 0x0000, 0x0000, 0x0000, 0x0000,
  0x0000, 0x0000, 0x0000, 0x0000, 0x0000, 0x0000, 0x0000, 0x0000, 0x0000, 0x0000, 0x0000, 0x0000,
  0x0000, 0x0000, 0x0000, 0x0000, 0x0020, 0x83CC, 0x7B69, 0x7328, 0x7B28, 0x7B28, 0x7B28, 0x7B48,
  0x7B48, 0x7B48, 0x7B48, 0x7B49, 0x7B49, 0x7308, 0xBD72, 0x0840, 0x0000, 0x0000, 0x0000, 0x0000,
  0x0000, 0x0000, 0x0000, 0x0000, 0x0000, 0x0000, 0x0000, 0x0000, 0x0000, 0x0000, 0x0000, 0x0000,
  0x0000, 0x0000, 0x0000, 0x0000, 0x0000, 0x0000, 0x0000, 0x0000, 0x0000, 0x0000, 0x0000, 0x0000,
  0x0000, 0x0000, 0x0000, 0x0000, 0x1081, 0x7B6A, 0x7349, 0x7328, 0x7328, 0x7B28, 0x7B28, 0x7B28,
  0x7B28, 0x7B48, 0x7B48, 0x7B28, 0x7B28, 0x6AE8, 0xB511, 0x0820, 0x0000, 0x0000, 0x0000, 0x0000,
  0x0000, 0x0000, 0x0000, 0x0000, 0x0000, 0x0000, 0x0000, 0x0000, 0x0000, 0x0000, 0x0000, 0x0000,
  0x0000, 0x0000, 0x0000, 0x0000, 0x0000, 0x0000, 0x0000, 0x0000, 0x0000, 0x0000, 0x0000, 0x0000,
  0x0000, 0x0000, 0x0000, 0x0000, 0x3184, 0x7329, 0x7328, 0x7328, 0x7B28, 0x7B28, 0x7B28, 0x7B48,
  0x7B28, 0x7B28, 0x7B48, 0x7328, 0x7308, 0x6AE8, 0x9C8F, 0x0820, 0x0000, 0x0000, 0x0000, 0x0000,
  0x0000, 0x0000, 0x0000, 0x0000, 0x0000, 0x0000, 0x0000, 0x0000, 0x0000, 0x0000, 0x0000, 0x0000,
  0x0000, 0x0000, 0x0000, 0x0000, 0x0000, 0x0000, 0x0000, 0x0000, 0x0000, 0x0000, 0x0000, 0x0000,
  0x0000, 0x0000, 0x0000, 0x0000, 0x62C9, 0x7329, 0x7308, 0x7308, 0x7B28, 0x7307, 0x7307, 0x7B28,
  0x7B28, 0x7B28, 0x7B28, 0x7328, 0x7308, 0x7329, 0x7B8C, 0x0020, 0x0000, 0x0000, 0x0000, 0x0000,
  0x0000, 0x0000, 0x0000, 0x0000, 0x0000, 0x0000, 0x0000, 0x0000, 0x0000, 0x0000, 0x0000, 0x0000,
  0x0000, 0x0000, 0x0000, 0x0000, 0x0000, 0x0000, 0x0000, 0x0000, 0x0000, 0x0000, 0x0000, 0x0000,
  0x0000, 0x0000, 0x0000, 0x0000, 0x8BED, 0x7329, 0x7308, 0x7328, 0x7308, 0x7308, 0x7307, 0x7307,
  0x7308, 0x7308, 0x7308, 0x7308, 0x6AE8, 0x7B6A, 0x5268, 0x0000, 0x0000, 0x0000, 0x0000, 0x0000,
  0x0000, 0x0000, 0x0000, 0x0000, 0x0000, 0x0000, 0x0000, 0x0000, 0x0000, 0x0000, 0x0000, 0x0000,
  0x0000, 0x0000, 0x0000, 0x0000, 0x0000, 0x0000, 0x0000, 0x0000, 0x0000, 0x0000, 0x0000, 0x0000,
  0x0000, 0x0000, 0x0000, 0x0000, 0x9C6F, 0x7B69, 0x6AE7, 0x7308, 0x7307, 0x7307, 0x72E7, 0x72E7,
  0x6AE7, 0x6AE7, 0x72E7, 0x6AE7, 0x62C7, 0x8BEC, 0x2944, 0x0000, 0x0000, 0x0000, 0x0000, 0x0000,
  0x0000, 0x0000, 0x0000, 0x0000, 0x0000, 0x0000, 0x0000, 0x0000, 0x0000, 0x0000, 0x0000, 0x0000,
  0x0000, 0x0000, 0x0000, 0x0000, 0x0000, 0x0000, 0x0000, 0x0000, 0x0000, 0x0000, 0x0000, 0x0000,
  0x0000, 0x0000, 0x0000, 0x0000, 0x944E, 0x7B49, 0x6AE7, 0x6AE7, 0x7308, 0x72E7, 0x6AE7, 0x6AE7,
  0x6AC7, 0x6AC7, 0x6AC7, 0x6AE7, 0x62A7, 0x9C6E, 0x1061, 0x0000, 0x0000, 0x0000, 0x0000, 0x0000,
  0x0000, 0x0000, 0x0000, 0x0000, 0x0000, 0x0000, 0x0000, 0x0000, 0x0000, 0x0000, 0x0000, 0x0000,
  0x0000, 0x0000, 0x0000, 0x0000, 0x0000, 0x0000, 0x0000, 0x0000, 0x0000, 0x0000, 0x0000, 0x0000,
  0x0000, 0x0000, 0x0000, 0x0020, 0x7B8B, 0x7308, 0x6AC7, 0x6AC7, 0x6AC7, 0x6AC7, 0x6AC7, 0x6AC7,
  0x6AC7, 0x6AC7, 0x6AC7, 0x62A7, 0x5A66, 0xA4CF, 0x0820, 0x0000, 0x0000, 0x0000, 0x0000, 0x0000,
  0x0000, 0x0000, 0x0000, 0x0000, 0x0000, 0x0000, 0x0000, 0x0000, 0x0000, 0x0000, 0x0000, 0x0000,
  0x0000, 0x0000, 0x0000, 0x0000, 0x0000, 0x0000, 0x0000, 0x0000, 0x0000, 0x0000, 0x0000, 0x0000,
  0x0000, 0x0000, 0x0000, 0x1081, 0x6AE9, 0x6AC7, 0x62A7, 0x6AA7, 0x6AC7, 0x6AC7, 0x6AC7, 0x62A7,
  0x62A6, 0x62A6, 0x6286, 0x62A6, 0x5A66, 0xA4AF, 0x0820, 0x0000, 0x0000, 0x0000, 0x0000, 0x0000,
  0x0000, 0x0000, 0x0000, 0x0000, 0x0000, 0x0000, 0x0000, 0x0000, 0x0000, 0x0000, 0x0000, 0x0000,
  0x0000, 0x0000, 0x0000, 0x0000, 0x0000, 0x0000, 0x0000, 0x0000, 0x0000, 0x0000, 0x0000, 0x0000,
  0x0000, 0x0000, 0x0000, 0x3144, 0x5A67, 0x5A87, 0x6286, 0x6286, 0x6286, 0x62A6, 0x6286, 0x6286,
  0x6286, 0x6286, 0x6286, 0x6286, 0x5A87, 0x944E, 0x0020, 0x0000, 0x0000, 0x0000, 0x0000, 0x0000,
  0x0000, 0x0000, 0x0000, 0x0000, 0x0000, 0x0000, 0x0000, 0x0000, 0x0000, 0x0000, 0x0000, 0x0000,
  0x0000, 0x0000, 0x0000, 0x0000, 0x0000, 0x0000, 0x0000, 0x0000, 0x0000, 0x0000, 0x0000, 0x0000,
  0x0000, 0x0000, 0x0000, 0x5A88, 0x5A67, 0x5A46, 0x5A66, 0x6286, 0x5A66, 0x5A66, 0x6286, 0x6286,
  0x6266, 0x6286, 0x6286, 0x6286, 0x6AE8, 0x7BAB, 0x0020, 0x0000, 0x0000, 0x0000, 0x0000, 0x0000,
  0x0000, 0x0000, 0x0000, 0x0000, 0x0000, 0x0000, 0x0000, 0x0000, 0x0000, 0x0000, 0x0000, 0x0000,
  0x0000, 0x0000, 0x0000, 0x0000, 0x0000, 0x0000, 0x0000, 0x0000, 0x0000, 0x0000, 0x0000, 0x0000,
  0x0000, 0x0000, 0x0000, 0x7BAC, 0x5A87, 0x5A46, 0x5A65, 0x5A66, 0x5A66, 0x5A66, 0x5A66, 0x5A66,
  0x5A46, 0x5A66, 0x5A66, 0x6287, 0x734A, 0x5AA8, 0x0000, 0x0000, 0x0000, 0x0000, 0x0000, 0x0000,
  0x0000, 0x0000, 0x0000, 0x0000, 0x0000, 0x0000, 0x0000, 0x0000, 0x0000, 0x0000, 0x0000, 0x0000,
  0x0000, 0x0000, 0x0000, 0x0000, 0x0000, 0x0000, 0x0000, 0x0000, 0x0000, 0x0000, 0x0000, 0x0000,
  0x0000, 0x0000, 0x0000, 0x942E, 0x5AA7, 0x5225, 0x5A45, 0x5A65, 0x5A45, 0x5A66, 0x5A46, 0x5A66,
  0x5A46, 0x5A65, 0x5A66, 0x5A86, 0x83AB, 0x41C5, 0x0000, 0x0000, 0x0000, 0x0000, 0x0000, 0x0000,
  0x0000, 0x0000, 0x0000, 0x0000, 0x0000, 0x0000, 0x0000, 0x0000, 0x0000, 0x0000, 0x0000, 0x0000,
  0x0000, 0x0000, 0x0000, 0x0000, 0x0000, 0x0000, 0x0000, 0x0000, 0x0000, 0x0000, 0x0000, 0x0000,
  0x0000, 0x0000, 0x0000, 0x8BED, 0x62A7, 0x5245, 0x5A45, 0x5A45, 0x5A45, 0x5A66, 0x5A66, 0x5A46,
  0x5A46, 0x5A66, 0x5A46, 0x5246, 0x942D, 0x2923, 0x0000, 0x0000, 0x0000, 0x0000, 0x0000, 0x0000,
  0x0000, 0x0000, 0x0000, 0x0000, 0x0000, 0x0000, 0x0000, 0x0000, 0x0000, 0x0000, 0x0000, 0x0000,
  0x0000, 0x0000, 0x0000, 0x0000, 0x0000, 0x0000, 0x0000, 0x0000, 0x0000, 0x0000, 0x0000, 0x0000,
  0x0000, 0x0000, 0x0860, 0x734A, 0x5A86, 0x5225, 0x5A45, 0x5A45, 0x5A45, 0x5A45, 0x5A45, 0x5A45,
  0x5A45, 0x5A46, 0x5245, 0x5225, 0xA48E, 0x18A1, 0x0000, 0x0000, 0x0000, 0x0000, 0x0000, 0x0000,
  0x0000, 0x0000, 0x0000, 0x0000, 0x0000, 0x0000, 0x0000, 0x0000, 0x0000, 0x0000, 0x0000, 0x0000,
  0x0000, 0x0000, 0x0000, 0x0000, 0x0000, 0x0000, 0x0000, 0x0000, 0x0000, 0x0000, 0x0000, 0x0000,
  0x0000, 0x0000, 0x2943, 0x62C8, 0x5246, 0x5225, 0x5225, 0x5225, 0x5225, 0x5225, 0x5225, 0x5225,
  0x5A45, 0x5A45, 0x5A46, 0x5225, 0xA48F, 0x1081, 0x0000, 0x0000, 0x0000, 0x0000, 0x0000, 0x0000,
  0x0000, 0x0000, 0x0000, 0x0000, 0x0000, 0x0000, 0x0000, 0x0000, 0x0000, 0x0000, 0x0000, 0x0000,
  0x0000, 0x0000, 0x0000, 0x0000, 0x0000, 0x0000, 0x0000, 0x0000, 0x0000, 0x0000, 0x0000, 0x0000,
  0x0000, 0x0000, 0x5267, 0x5A66, 0x5225, 0x5225, 0x5225, 0x5225, 0x5225, 0x5225, 0x5225, 0x5225,
  0x5225, 0x5225, 0x5225, 0x5246, 0x942E, 0x0861, 0x0000, 0x0000, 0x0000, 0x0000, 0x0000, 0x0000,
  0x0000, 0x0000, 0x0000, 0x0000, 0x0000, 0x0000, 0x0000, 0x0000, 0x0000, 0x0000, 0x0000, 0x0000,
  0x0000, 0x0000, 0x0000, 0x0000, 0x0000, 0x0000, 0x0000, 0x0000, 0x0000, 0x0000, 0x0000, 0x0000,
  0x0000, 0x0000, 0x7BAC, 0x5246, 0x4A05, 0x5225, 0x5225, 0x5205, 0x5225, 0x5205, 0x5205, 0x5205,
  0x5205, 0x5225, 0x5205, 0x5A87, 0x7B8B, 0x0820, 0x0000, 0x0000, 0x0000, 0x0000, 0x0000, 0x0000,
  0x0000, 0x0000, 0x0000, 0x0000, 0x0000, 0x0000, 0x0000, 0x0000, 0x0000, 0x0000, 0x0000, 0x0000,
  0x0000, 0x0000, 0x0000, 0x0000, 0x0000, 0x0000, 0x0000, 0x0000, 0x0000, 0x0000, 0x0000, 0x0000,
  0x0000, 0x0020, 0x9C8F, 0x5246, 0x49E5, 0x4A05, 0x5205, 0x5205, 0x5205, 0x5205, 0x5205, 0x5205,
  0x4A05, 0x49E5, 0x49E5, 0x7309, 0x62C9, 0x0020, 0x0000, 0x0000, 0x0000, 0x0000, 0x0000, 0x0000,
  0x0000, 0x0000, 0x0000, 0x0000, 0x0000, 0x0000, 0x0000, 0x0000, 0x0000, 0x0000, 0x0000, 0x0000,
  0x0000, 0x0000, 0x0000, 0x0000, 0x0000, 0x0000, 0x0000, 0x0000, 0x0000, 0x0000, 0x0000, 0x0000,
  0x0000, 0x1081, 0xA4AF, 0x5246, 0x49E4, 0x49E5, 0x4A05, 0x5205, 0x5205, 0x4A05, 0x49E4, 0x49E5,
  0x49E5, 0x49E4, 0x41C4, 0x83CB, 0x5247, 0x0000, 0x0000, 0x0000, 0x0000, 0x0000, 0x0000, 0x0000,
  0x0000, 0x0000, 0x0000, 0x0000, 0x0000, 0x0000, 0x0000, 0x0000, 0x0000, 0x0000, 0x0000, 0x0000,
  0x0000, 0x0000, 0x0000, 0x0000, 0x0000, 0x0000, 0x0000, 0x0000, 0x0000, 0x0000, 0x0000, 0x0000,
  0x0000, 0x18C2, 0x8BEC, 0x5226, 0x49E4, 0x49E4, 0x49E4, 0x49E4, 0x49E4, 0x49E4, 0x49E4, 0x49E4,
  0x41C4, 0x41C4, 0x39A4, 0x9C6E, 0x41E5, 0x0000, 0x0000, 0x0000, 0x0000, 0x0000, 0x0000, 0x0000,
  0x0000, 0x0000, 0x0000, 0x0000, 0x0000, 0x0000, 0x0000, 0x0000, 0x0000, 0x0000, 0x0000, 0x0000,
  0x0000, 0x0000, 0x0000, 0x0000, 0x0000, 0x0000, 0x0000, 0x0000, 0x0000, 0x0000, 0x0000, 0x0000,
  0x0000, 0x3144, 0x6B09, 0x4A05, 0x41E4, 0x41C4, 0x41C4, 0x41C4, 0x49E4, 0x49C4, 0x41C4, 0x41C4,
  0x41C4, 0x41C4, 0x3983, 0xA4AF, 0x39A5, 0x0000, 0x0000, 0x0000, 0x0000, 0x0000, 0x0000, 0x0000,
  0x0000, 0x0000, 0x0000, 0x0000, 0x0000, 0x0000, 0x0000, 0x0000, 0x0000, 0x0000, 0x0000, 0x0000,
  0x0000, 0x0000, 0x0000, 0x0000, 0x0000, 0x0000, 0x0000, 0x0000, 0x0000, 0x0000, 0x0000, 0x0000,
  0x0000, 0x4A06, 0x5246, 0x41C4, 0x41C4, 0x41C4, 0x41C4, 0x41C4, 0x41C4, 0x41C4, 0x41C4, 0x41C4,
  0x41C4, 0x41C4, 0x39A4, 0xA4AF, 0x2943, 0x0000, 0x0000, 0x0000, 0x0000, 0x0000, 0x0000, 0x0000,
  0x0000, 0x0000, 0x0000, 0x0000, 0x0000, 0x0000, 0x0000, 0x0000, 0x0000, 0x0000, 0x0000, 0x0000,
  0x0000, 0x0000, 0x0000, 0x0000, 0x0000, 0x0000, 0x0000, 0x0000, 0x0000, 0x0000, 0x0000, 0x0000,
  0x0000, 0x62E9, 0x4A05, 0x39A4, 0x41A4, 0x41A4, 0x41A4, 0x41A4, 0x41C4, 0x41C4, 0x41C4, 0x41C4,
  0x41A4, 0x41C4, 0x41E4, 0x8C2D, 0x18A2, 0x0000, 0x0000, 0x0000, 0x0000, 0x0000, 0x0000, 0x0000,
  0x0000, 0x0000, 0x0000, 0x0000, 0x0000, 0x0000, 0x0000, 0x0000, 0x0000, 0x0000, 0x0000, 0x0000,
  0x0000, 0x0000, 0x0000, 0x0000, 0x0000, 0x0000, 0x0000, 0x0000, 0x0000, 0x0000, 0x0000, 0x0000,
  0x0000, 0x83CC, 0x41E5, 0x3984, 0x41A4, 0x41A4, 0x41A4, 0x41A4, 0x41C4, 0x41C4, 0x41C4, 0x41C4,
  0x41A4, 0x41C4, 0x5246, 0x732A, 0x0840, 0x0000, 0x0000, 0x0000, 0x0000, 0x0000, 0x0000, 0x0000,
  0x0000, 0x0000, 0x0000, 0x0000, 0x0000, 0x0000, 0x0000, 0x0000, 0x0000, 0x0000, 0x0000, 0x0000,
  0x0000, 0x0000, 0x0000, 0x0000, 0x0000, 0x0000, 0x0000, 0x0000, 0x0000, 0x0000, 0x0000, 0x0000,
  0x0840, 0x944E, 0x41E5, 0x3983, 0x41A4, 0x41A4, 0x41A4, 0x41A4, 0x41C4, 0x41A4, 0x41C4, 0x41C4,
  0x41A4, 0x41C4, 0x6AE8, 0x5267, 0x0020, 0x0000, 0x0000, 0x0000, 0x0000, 0x0000, 0x0000, 0x0000,
  0x0000, 0x0000, 0x0000, 0x0000, 0x0000, 0x0000, 0x0000, 0x0000, 0x0000, 0x0000, 0x0000, 0x0000,
  0x0000, 0x0000, 0x0000, 0x0000, 0x0000, 0x0000, 0x0000, 0x0000, 0x0000, 0x0000, 0x0000, 0x0000,
  0x18A1, 0x942D, 0x41C4, 0x3983, 0x3984, 0x39A3, 0x39A3, 0x41A4, 0x41A4, 0x41A4, 0x41A4, 0x41C4,
  0x41A4, 0x3983, 0x7B8B, 0x41C5, 0x0000, 0x0000, 0x0000, 0x0000, 0x0000, 0x0000, 0x0000, 0x0000,
  0x0000, 0x0000, 0x0000, 0x0000, 0x0000, 0x0000, 0x0000, 0x0000, 0x0000, 0x0000, 0x0000, 0x0000,
  0x0000, 0x0000, 0x0000, 0x0000, 0x0000, 0x0000, 0x0000, 0x0000, 0x0000, 0x0000, 0x0000, 0x0000,
  0x2923, 0x7B8A, 0x41C4, 0x3983, 0x3983, 0x3983, 0x3983, 0x3983, 0x41A4, 0x41A4, 0x41A4, 0x41A4,
  0x39A4, 0x3963, 0x942D, 0x3143, 0x0000, 0x0000, 0x0000, 0x0000, 0x0000, 0x0000, 0x0000, 0x0000,
  0x0000, 0x0000, 0x0000, 0x0000, 0x0000, 0x0000, 0x0000, 0x0000, 0x0000, 0x0000, 0x0000, 0x0000,
  0x0000, 0x0000, 0x0000, 0x0000, 0x0000, 0x0000, 0x0000, 0x0000, 0x0000, 0x0000, 0x0000, 0x0000,
  0x39A5, 0x62A8, 0x41A4, 0x3983, 0x3983, 0x3983, 0x3983, 0x3983, 0x39A3, 0x41A4, 0x41A4, 0x41A4,
  0x3984, 0x3143, 0x9C8E, 0x20E2, 0x0000, 0x0000, 0x0000, 0x0000, 0x0000, 0x0000, 0x0000, 0x0000,
  0x0000, 0x0000, 0x0000, 0x0000, 0x0000, 0x0000, 0x0000, 0x0000, 0x0000, 0x0000, 0x0000, 0x0000,
  0x0000, 0x0000, 0x0000, 0x0000, 0x0000, 0x0000, 0x0000, 0x0000, 0x0000, 0x0000, 0x0000, 0x0000,
  0x5267, 0x4A06, 0x3983, 0x3983, 0x3983, 0x3983, 0x3963, 0x3983, 0x3983, 0x3983, 0x3983, 0x3984,
  0x3984, 0x3143, 0x944E, 0x1081, 0x0000, 0x0000, 0x0000, 0x0000, 0x0000, 0x0000, 0x0000, 0x0000,
  0x0000, 0x0000, 0x0000, 0x0000, 0x0000, 0x0000, 0x0000, 0x0000, 0x0000, 0x0000, 0x0000, 0x0000,
  0x0000, 0x0000, 0x0000, 0x0000, 0x0000, 0x0000, 0x0000, 0x0000, 0x0000, 0x0000, 0x0000, 0x0000,
  0x732A, 0x41C4, 0x3163, 0x3963, 0x3963, 0x3963, 0x3963, 0x3963, 0x3963, 0x3963, 0x3963, 0x3963,
  0x3963, 0x3143, 0x83AC, 0x0820, 0x0000, 0x0000, 0x0000, 0x0000, 0x0000, 0x0000, 0x0000, 0x0000,
  0x0000, 0x0000, 0x0000, 0x0000, 0x0000, 0x0000, 0x0000, 0x0000, 0x0000, 0x0000, 0x0000, 0x0000,
  0x0000, 0x0000, 0x0000, 0x0000, 0x0000, 0x0000, 0x0000, 0x0000, 0x0000, 0x0000, 0x0000, 0x0860,
  0x8C0D, 0x3984, 0x3142, 0x3163, 0x3163, 0x3143, 0x3963, 0x3963, 0x3963, 0x3963, 0x3963, 0x3163,
  0x3163, 0x3984, 0x6B0A, 0x0020, 0x0000, 0x0000, 0x0000, 0x0000, 0x0000, 0x0000, 0x0000, 0x0000,
  0x0000, 0x0000, 0x0000, 0x0000, 0x0000, 0x0000, 0x0000, 0x0000, 0x0000, 0x0000, 0x0000, 0x0000,
  0x0000, 0x0000, 0x0000, 0x0000, 0x0000, 0x0000, 0x0000, 0x0000, 0x0000, 0x0000, 0x0000, 0x18C2,
  0x942D, 0x3984, 0x3142, 0x3163, 0x3163, 0x3143, 0x3963, 0x3963, 0x3963, 0x3143, 0x3163, 0x3143,
  0x3143, 0x4A26, 0x5247, 0x0000, 0x0000, 0x0000, 0x0000, 0x0000, 0x0000, 0x0000, 0x0000, 0x0000,
  0x0000, 0x0000, 0x0000, 0x0000, 0x0000, 0x0000, 0x0000, 0x0000, 0x0000, 0x0000, 0x0000, 0x0000,
  0x0000, 0x0000, 0x0000, 0x0000, 0x0000, 0x0000, 0x0000, 0x0000, 0x0000, 0x0000, 0x0000, 0x2923,
  0x83AC, 0x3984, 0x3143, 0x3143, 0x3143, 0x3143, 0x3143, 0x3143, 0x3143, 0x3143, 0x3143, 0x3143,
  0x2922, 0x62E9, 0x3164, 0x0000, 0x0000, 0x0000, 0x0000, 0x0000, 0x0000, 0x0000, 0x0000, 0x0000,
  0x0000, 0x0000, 0x0000, 0x0000, 0x0000, 0x0000, 0x0000, 0x0000, 0x0000, 0x0000, 0x0000, 0x0000,
  0x0000, 0x0000, 0x0000, 0x0000, 0x0000, 0x0000, 0x0000, 0x0000, 0x0000, 0x0000, 0x0000, 0x39A5,
  0x6AE9, 0x3963, 0x3143, 0x3143, 0x3143, 0x3143, 0x3143, 0x3143, 0x3142, 0x2923, 0x2923, 0x2922,
  0x20E2, 0x7B8B, 0x10A1, 0x0000, 0x0000, 0x0000, 0x0000, 0x0000, 0x0000, 0x0000, 0x0000, 0x0000,
  0x0000, 0x0000, 0x0000, 0x0000, 0x0000, 0x0000, 0x0000, 0x0000, 0x0000, 0x0000, 0x0000, 0x0000,
  0x0000, 0x0000, 0x0000, 0x0000, 0x0000, 0x0000, 0x0000, 0x0000, 0x0000, 0x0000, 0x0000, 0x4A27,
  0x5246, 0x3143, 0x2922, 0x3143, 0x3143, 0x3142, 0x3143, 0x3123, 0x2922, 0x2922, 0x2922, 0x2902,
  0x18A1, 0x83CC, 0x0860, 0x0000, 0x0000, 0x0000, 0x0000, 0x0000, 0x0000, 0x0000, 0x0000, 0x0000,
  0x0000, 0x0000, 0x0000, 0x0000, 0x0000, 0x0000, 0x0000, 0x0000, 0x0000, 0x0000, 0x0000, 0x0000,
  0x0000, 0x0000, 0x0000, 0x0000, 0x0000, 0x0000, 0x0000, 0x0000, 0x0000, 0x0000, 0x0000, 0x62A9,
  0x41C5, 0x3143, 0x2922, 0x3142, 0x3142, 0x3122, 0x3123, 0x2922, 0x2922, 0x2922, 0x2922, 0x2922,
  0x18A1, 0x83CC, 0x0840, 0x0000, 0x0000, 0x0000, 0x0000, 0x0000, 0x0000, 0x0000, 0x0000, 0x0000,
  0x0000, 0x0000, 0x0000, 0x0000, 0x0000, 0x0000, 0x0000, 0x0000, 0x0000, 0x0000, 0x0000, 0x0000,
  0x0000, 0x0000, 0x0000, 0x0000, 0x0000, 0x0000, 0x0000, 0x0000, 0x0000, 0x0000, 0x0000, 0x7B6B,
  0x3984, 0x2922, 0x2922, 0x2922, 0x2922, 0x2922, 0x2922, 0x2922, 0x2922, 0x2922, 0x2922, 0x2922,
  0x20E2, 0x7B8B, 0x0840, 0x0000, 0x0000, 0x0000, 0x0000, 0x0000, 0x0000, 0x0000, 0x0000, 0x0000,
  0x0000, 0x0000, 0x0000, 0x0000, 0x0000, 0x0000, 0x0000, 0x0000, 0x0000, 0x0000, 0x0000, 0x0000,
  0x0000, 0x0000, 0x0000, 0x0000, 0x0000, 0x0000, 0x0000, 0x0000, 0x0000, 0x0000, 0x0840, 0x8BCC,
  0x3163, 0x2902, 0x2902, 0x2922, 0x2922, 0x2902, 0x2902, 0x2922, 0x2922, 0x2902, 0x2902, 0x2922,
  0x3163, 0x6B09, 0x0020, 0x0000, 0x0000, 0x0000, 0x0000, 0x0000, 0x0000, 0x0000, 0x0000, 0x0000,
  0x0000, 0x0000, 0x0000, 0x0000, 0x0000, 0x0000, 0x0000, 0x0000, 0x0000, 0x0000, 0x0000, 0x0000,
  0x0000, 0x0000, 0x0000, 0x0000, 0x0000, 0x0000, 0x0000, 0x0000, 0x0000, 0x0000, 0x18A1, 0x8BCC,
  0x3143, 0x2902, 0x2902, 0x2902, 0x2902, 0x2902, 0x2902, 0x2922, 0x2902, 0x2902, 0x2902, 0x2922,
  0x4A05, 0x5288, 0x0000, 0x0000, 0x0000, 0x0000, 0x0000, 0x0000, 0x0000, 0x0000, 0x0000, 0x0000,
  0x0000, 0x0000, 0x0000, 0x0000, 0x0000, 0x0000, 0x0000, 0x0000, 0x0000, 0x0000, 0x0000, 0x0000,
  0x0000, 0x0000, 0x0000, 0x0000, 0x0000, 0x0000, 0x0000, 0x0000, 0x0000, 0x0000, 0x20E2, 0x734A,
  0x3143, 0x20E2, 0x20E2, 0x2902, 0x2902, 0x2902, 0x2902, 0x2902, 0x2902, 0x2902, 0x2902, 0x2902,
  0x62C9, 0x41C5, 0x0000, 0x0000, 0x0000, 0x0000, 0x0000, 0x0000, 0x0000, 0x0000, 0x0000, 0x0000,
  0x0000, 0x0000, 0x0000, 0x0000, 0x0000, 0x0000, 0x0000, 0x0000, 0x0000, 0x0000, 0x0000, 0x0000,
  0x0000, 0x0000, 0x0000, 0x0000, 0x0000, 0x0000, 0x0000, 0x0000, 0x0000, 0x0000, 0x2103, 0x5A87,
  0x2923, 0x20E2, 0x20E2, 0x20E2, 0x20E2, 0x2902, 0x2902, 0x2902, 0x2902, 0x2902, 0x2902, 0x20E2,
  0x7B8B, 0x2923, 0x0000, 0x0000, 0x0000, 0x0000, 0x0000, 0x0000, 0x0000, 0x0000, 0x0000, 0x0000,
  0x0000, 0x0000, 0x0000, 0x0000, 0x0000, 0x0000, 0x0000, 0x0000, 0x0000, 0x0000, 0x0000, 0x0000,
  0x0000, 0x0000, 0x0000, 0x0000, 0x0000, 0x0000, 0x0000, 0x0000, 0x0000, 0x0000, 0x2923, 0x41E5,
  0x2902, 0x20E2, 0x20E2, 0x20E2, 0x20E2, 0x20E2, 0x2902, 0x2902, 0x2902, 0x2902, 0x2102, 0x1081,
  0x7BAC, 0x1081, 0x0000, 0x0000, 0x0000, 0x0000, 0x0000, 0x0000, 0x0000, 0x0000, 0x0000, 0x0000,
  0x0000, 0x0000, 0x0000, 0x0000, 0x0000, 0x0000, 0x0000, 0x0000, 0x0000, 0x0000, 0x0000, 0x0000,
  0x0000, 0x0000, 0x0000, 0x0000, 0x0000, 0x0000, 0x0000, 0x0000, 0x0000, 0x0000, 0x3164, 0x3984,
  0x2902, 0x20E2, 0x20E2, 0x20E2, 0x20E2, 0x20E2, 0x20E2, 0x20E2, 0x20E2, 0x20E2, 0x20E2, 0x0840,
  0x734B, 0x0820, 0x0000, 0x0000, 0x0000, 0x0000, 0x0000, 0x0000, 0x0000, 0x0000, 0x0000, 0x0000,
  0x0000, 0x0000, 0x0000, 0x0000, 0x0000, 0x0000, 0x0000, 0x0000, 0x0000, 0x0000, 0x0000, 0x0000,
  0x0000, 0x0000, 0x0000, 0x0000, 0x0000, 0x0000, 0x0000, 0x0000, 0x0000, 0x0000, 0x3985, 0x3143,
  0x2902, 0x20E2, 0x20E2, 0x20E2, 0x20E2, 0x20E2, 0x20E2, 0x20E2, 0x20E2, 0x20E2, 0x20E2, 0x0840,
  0x62CA, 0x0020, 0x0000, 0x0000, 0x0000, 0x0000, 0x0000, 0x0000, 0x0000, 0x0000, 0x0000, 0x0000,
  0x0000, 0x0000, 0x0000, 0x0000, 0x0000, 0x0000, 0x0000, 0x0000, 0x0000, 0x0000, 0x0000, 0x0000,
  0x0000, 0x0000, 0x0000, 0x0000, 0x0000, 0x0000, 0x0000, 0x0000, 0x0000, 0x0000, 0x39A5, 0x2923,
  0x2902, 0x20E2, 0x2902, 0x20E2, 0x20E2, 0x20E2, 0x20E2, 0x20E2, 0x20E2, 0x20E2, 0x20E2, 0x18A1,
  0x5248, 0x0020, 0x0000, 0x0000, 0x0000, 0x0000, 0x0000, 0x0000, 0x0000, 0x0000, 0x0000, 0x0000,
  0x0000, 0x0000, 0x0000, 0x0000, 0x0000, 0x0000, 0x0000, 0x0000, 0x0000, 0x0000, 0x0000, 0x0000,
  0x0000, 0x0000, 0x0000, 0x0000, 0x0000, 0x0000, 0x0000, 0x0000, 0x0000, 0x0000, 0x3985, 0x2923,
  0x2902, 0x2902, 0x2902, 0x20E2, 0x20E2, 0x20E2, 0x20E2, 0x20E2, 0x20E2, 0x20C1, 0x20E2, 0x3164,
  0x39C6, 0x0000, 0x0000, 0x0000, 0x0000, 0x0000, 0x0000, 0x0000, 0x0000, 0x0000, 0x0000, 0x0000,
  0x0000, 0x0000, 0x0000, 0x0000, 0x0000, 0x0000, 0x0000, 0x0000, 0x0000, 0x0000, 0x0000, 0x0000,
  0x0000, 0x0000, 0x0000, 0x0000, 0x0000, 0x0000, 0x0000, 0x0000, 0x0000, 0x0000, 0x3164, 0x2923,
  0x2902, 0x2902, 0x2102, 0x2902, 0x2102, 0x20E2, 0x20E2, 0x2102, 0x20E2, 0x20C2, 0x20E2, 0x4A27,
  0x2103, 0x0000, 0x0000, 0x0000, 0x0000, 0x0000, 0x0000, 0x0000, 0x0000, 0x0000, 0x0000, 0x0000,
  0x0000, 0x0000, 0x0000, 0x0000, 0x0000, 0x0000, 0x0000, 0x0000, 0x0000, 0x0000, 0x0000, 0x0000,
  0x0000, 0x0000, 0x0000, 0x0000, 0x0000, 0x0000, 0x0000, 0x0000, 0x0000, 0x0000, 0x18E2, 0x18C2,
  0x18A1, 0x18C1, 0x18C2, 0x18C2, 0x18C2, 0x18C2, 0x18C2, 0x18C2, 0x18A1, 0x18A1, 0x18A1, 0x41E6,
  0x0841, 0x0000, 0x0000, 0x0000, 0x0000, 0x0000, 0x0000, 0x0000, 0x0000, 0x0000, 0x0000, 0x0000,
  0x0000, 0x0000, 0x0000, 0x0000, 0x0000, 0x0000, 0x0000, 0x0000, 0x0000, 0x0000, 0x0000, 0x0000,
  0x0000, 0x0000, 0x0000, 0x0000, 0x0000, 0x0000, 0x0000, 0x0000, 0x0000, 0x0000, 0x0020, 0x0020,
  0x0020, 0x0020, 0x0020, 0x0020, 0x0020, 0x0020, 0x0020, 0x0820, 0x0020, 0x0020, 0x0020, 0x0861,
  0x0000, 0x0000, 0x0000, 0x0000, 0x0000, 0x0000, 0x0000, 0x0000, 0x0000, 0x0000, 0x0000, 0x0000,
  0x0000, 0x0000, 0x0000, 0x0000, 0x0000, 0x0000, 0x0000, 0x0000, 0x0000, 0x0000, 0x0000, 0x0000,
  0x0000, 0x0000, 0x0000, 0x0000, 0x0000, 0x0000, 0x0000, 0x0000, 0x0000, 0x0000, 0x0000, 0x0000,
  0x0000, 0x0000, 0x0000, 0x0000, 0x0000, 0x0000, 0x0000, 0x0000, 0x0000, 0x0000, 0x0000, 0x0000,
  0x0000, 0x0000, 0x0000, 0x0000, 0x0000, 0x0000, 0x0000, 0x0000, 0x0000, 0x0000, 0x0000, 0x0000,
  0x0000, 0x0000, 0x0000, 0x0000, 0x0000, 0x0000, 0x0000, 0x0000, 0x0000, 0x0000, 0x0000, 0x0000,
  0x0000, 0x0000, 0x0000, 0x0000, 0x0000, 0x0000, 0x0000, 0x0000, 0x0000, 0x0000, 0x0000, 0x0000,
  0x0000, 0x0000, 0x0000, 0x0000, 0x0000, 0x0000, 0x0000, 0x0000, 0x0000, 0x0000, 0x0000, 0x0000,
  0x0000, 0x0000, 0x0000, 0x0000, 0x0000, 0x0000, 0x0000, 0x0000, 0x0000, 0x0000, 0x0000, 0x0000,
  0x0000, 0x0000, 0x0000, 0x0000, 0x0000, 0x0000, 0x0000, 0x0000, 0x0000, 0x0000, 0x0000, 0x0000,
  0x0000, 0x0000, 0x0000, 0x0000, 0x0000, 0x0000, 0x0000, 0x0000, 0x0000, 0x0000, 0x0000, 0x0000,
  0x0000, 0x0000, 0x0000, 0x0000, 0x0000, 0x0000, 0x0000, 0x0000, 0x0000, 0x0000, 0x0000, 0x0000,
  0x0000, 0x0000, 0x0000, 0x0000, 0x0000, 0x0000, 0x0000, 0x0000, 0x0000, 0x0000, 0x0000, 0x0000,
  0x0000, 0x0000, 0x0000, 0x0000, 0x0000, 0x0000, 0x0000, 0x0000, 0x0000, 0x0000, 0x0000, 0x0000,
  0x0000, 0x0000, 0x0000, 0x0000, 0x0000, 0x0000, 0x0000, 0x0000, 0x0000, 0x0000, 0x0000, 0x0000,
  0x0000, 0x0000, 0x0000, 0x0000, 0x0000, 0x0000, 0x0000, 0x0000, 0x0000, 0x0000, 0x0000, 0x0000,
  0x0000, 0x0000, 0x0000, 0x0000, 0x0000, 0x0000, 0x0000, 0x0000, 0x0000, 0x0000, 0x0000, 0x0000,
  0x0000, 0x0000, 0x0000, 0x0000, 0x0000, 0x0000, 0x0000, 0x0000, 0x0000, 0x0000, 0x0000, 0x0000,
  0x0000, 0x0000, 0x0000, 0x0000, 0x0000, 0x0000, 0x0000, 0x0000, 0x0000, 0x0000, 0x0000, 0x0000,
  0x0000, 0x0000, 0x0000, 0x0000, 0x0000, 0x0000, 0x0000, 0x0000, 0x0000, 0x0000, 0x0000, 0x0000,
  0x0000, 0x0000, 0x0000, 0x0000, 0x0000, 0x0000, 0x0000, 0x0000, 0x0000, 0x0000, 0x0000, 0x0000,
  0x0000, 0x0000, 0x0000, 0x0000, 0x0000, 0x0000, 0x0000, 0x0000, 0x0000, 0x0000, 0x0000, 0x0000,
  0x0000, 0x0000, 0x0000, 0x0000, 0x0000, 0x0000, 0x0000, 0x0000, 0x0000, 0x0000, 0x0000, 0x0000,
  0x0000, 0x0000, 0x0000, 0x0000, 0x0000, 0x0000, 0x0000, 0x0000, 0x0000, 0x0000, 0x0000, 0x0000,
  0x0000, 0x0000, 0x0000, 0x0000, 0x0000, 0x0000, 0x0000, 0x0000, 0x0000, 0x0000, 0x0000, 0x0000,
  0x0000, 0x0000, 0x0000, 0x0000, 0x0000, 0x0000, 0x0000, 0x0000, 0x0000, 0x0000, 0x0000, 0x0000,
  0x0000, 0x0000, 0x0000, 0x0000, 0x0000, 0x0000, 0x0000, 0x0000, 0x0000, 0x0000, 0x0000, 0x0000,
  0x0000, 0x0000, 0x0000, 0x0000, 0x0000, 0x0000, 0x0000, 0x0000, 0x0000, 0x0000, 0x0000, 0x0000,
  0x0000, 0x0000, 0x0000, 0x0000, 0x0000, 0x0000, 0x0000, 0x0000, 0x0000, 0x0000, 0x0000, 0x0000,
  0x0000, 0x0000, 0x0000, 0x0000, 0x0000, 0x0000, 0x0000, 0x0000, 0x0000, 0x0000, 0x0000, 0x0000,
  0x0000, 0x0000, 0x0000, 0x0000, 0x0000, 0x0000, 0x0000, 0x0000, 0x0000, 0x0000, 0x0000, 0x0000,
  0x0000, 0x0000, 0x0000, 0x0000, 0x0000, 0x0000, 0x0000, 0x0000, 0x0000, 0x0000, 0x0000, 0x0000,
  0x0000, 0x0000, 0x0000, 0x0000, 0x0000, 0x0000, 0x0000, 0x0000, 0x0000, 0x0000, 0x0000, 0x0000,
  0x0000, 0x0000, 0x0000, 0x0000, 0x0000, 0x0000, 0x0000, 0x0000, 0x0000, 0x0000, 0x0000, 0x0000
};
const int img_1_width  = 48;
const int img_1_height = 114;

// img_2  97 x 114  (RGB565)
const uint16_t img_2[] PROGMEM = {
  0x0000, 0x0000, 0x0000, 0x0000, 0x0000, 0x0000, 0x0000, 0x0000, 0x0000, 0x0000, 0x0000, 0x0000,
  0x0000, 0x0000, 0x0000, 0x0000, 0x0000, 0x0000, 0x0000, 0x0000, 0x0000, 0x0000, 0x0000, 0x0000,
  0x0000, 0x0000, 0x0000, 0x0000, 0x0000, 0x0000, 0x0000, 0x0000, 0x0000, 0x0000, 0x0000, 0x0000,
  0x0000, 0x0000, 0x0000, 0x0000, 0x0000, 0x0000, 0x0000, 0x0000, 0x0000, 0x0000, 0x0000, 0x0000,
  0x0000, 0x0000, 0x0000, 0x0000, 0x0000, 0x0000, 0x0000, 0x0000, 0x0000, 0x0000, 0x0000, 0x0000,
  0x0000, 0x0000, 0x0000, 0x0000, 0x0000, 0x0000, 0x0000, 0x0000, 0x0000, 0x0000, 0x0000, 0x0000,
  0x0000, 0x0000, 0x0000, 0x0000, 0x0000, 0x0000, 0x0000, 0x0000, 0x0000, 0x0000, 0x0000, 0x0000,
  0x0000, 0x0000, 0x0000, 0x0000, 0x0000, 0x0000, 0x0000, 0x0000, 0x0000, 0x0000, 0x0000, 0x0000,
  0x0000, 0x0000, 0x0000, 0x0000, 0x0000, 0x0000, 0x0000, 0x0000, 0x0000, 0x0000, 0x0000, 0x0000,
  0x0000, 0x0000, 0x0000, 0x0000, 0x0000, 0x0000, 0x0000, 0x0000, 0x0000, 0x0000, 0x0000, 0x0000,
  0x0000, 0x0000, 0x0000, 0x0000, 0x0000, 0x0000, 0x0000, 0x0000, 0x0000, 0x0000, 0x0000, 0x0000,
  0x0000, 0x0000, 0x0000, 0x0000, 0x0000, 0x0000, 0x0000, 0x0000, 0x0000, 0x0000, 0x0000, 0x0000,
  0x0000, 0x0000, 0x0000, 0x0000, 0x0000, 0x0000, 0x0000, 0x0000, 0x0000, 0x0000, 0x0000, 0x0000,
  0x0000, 0x0000, 0x0000, 0x0000, 0x0000, 0x0000, 0x0000, 0x0000, 0x0000, 0x0000, 0x0000, 0x0000,
  0x0000, 0x0000, 0x0000, 0x0000, 0x0000, 0x0000, 0x0000, 0x0000, 0x0000, 0x0000, 0x0000, 0x0000,
  0x0000, 0x0000, 0x0000, 0x0000, 0x0000, 0x0000, 0x0000, 0x0000, 0x0000, 0x0000, 0x0000, 0x0000,
  0x0000, 0x0000, 0x0000, 0x0000, 0x0000, 0x0000, 0x0000, 0x0000, 0x0000, 0x0000, 0x0000, 0x0000,
  0x0000, 0x0000, 0x0000, 0x0000, 0x0000, 0x0000, 0x0000, 0x0000, 0x0000, 0x0000, 0x0000, 0x0000,
  0x0000, 0x0000, 0x0000, 0x0000, 0x0000, 0x0000, 0x0000, 0x0000, 0x0000, 0x0000, 0x0000, 0x0000,
  0x0000, 0x0000, 0x0000, 0x0000, 0x0000, 0x0000, 0x0000, 0x0000, 0x0000, 0x0000, 0x0000, 0x0000,
  0x0000, 0x0000, 0x0000, 0x0000, 0x0000, 0x0000, 0x0000, 0x0000, 0x0000, 0x0000, 0x0000, 0x0000,
  0x0000, 0x0000, 0x0000, 0x0000, 0x0000, 0x0000, 0x0000, 0x0000, 0x0000, 0x0000, 0x0000, 0x0000,
  0x0000, 0x0000, 0x0000, 0x0000, 0x0000, 0x0000, 0x0000, 0x0000, 0x0000, 0x0000, 0x0000, 0x0000,
  0x0000, 0x0000, 0x0000, 0x0000, 0x0000, 0x0000, 0x0000, 0x0000, 0x0000, 0x0000, 0x0000, 0x0000,
  0x0000, 0x0000, 0x0000, 0x0000, 0x0000, 0x0000, 0x0000, 0x0000, 0x0000, 0x0000, 0x0000, 0x0000,
  0x0000, 0x0000, 0x0000, 0x0000, 0x0000, 0x0000, 0x0000, 0x0000, 0x0000, 0x0000, 0x0000, 0x0000,
  0x0000, 0x0000, 0x0000, 0x0000, 0x0000, 0x0000, 0x0000, 0x0000, 0x0000, 0x0000, 0x0000, 0x0000,
  0x0000, 0x0000, 0x0000, 0x0000, 0x0000, 0x0000, 0x0000, 0x0000, 0x0000, 0x0000, 0x0000, 0x0000,
  0x0000, 0x0000, 0x0000, 0x0000, 0x0000, 0x0000, 0x0000, 0x0000, 0x0000, 0x0000, 0x0000, 0x0000,
  0x0000, 0x0000, 0x0000, 0x0000, 0x0000, 0x0000, 0x0000, 0x0000, 0x0000, 0x0000, 0x0000, 0x0000,
  0x0000, 0x0000, 0x0000, 0x0000, 0x0000, 0x0000, 0x0000, 0x0000, 0x0000, 0x0000, 0x0000, 0x0000,
  0x0000, 0x0000, 0x0000, 0x0000, 0x0000, 0x0000, 0x0000, 0x0000, 0x0000, 0x0000, 0x0000, 0x0000,
  0x0000, 0x0000, 0x0000, 0x0000, 0x0000, 0x0000, 0x0000, 0x0000, 0x0000, 0x0000, 0x0000, 0x0000,
  0x0000, 0x0000, 0x0000, 0x0000, 0x0000, 0x0000, 0x0000, 0x0000, 0x0000, 0x0000, 0x0000, 0x0000,
  0x0000, 0x0000, 0x0000, 0x0000, 0x0000, 0x0000, 0x0000, 0x0000, 0x0000, 0x0000, 0x0000, 0x0000,
  0x0000, 0x0000, 0x0000, 0x0000, 0x0000, 0x0000, 0x0000, 0x0000, 0x0000, 0x0000, 0x0000, 0x0000,
  0x0000, 0x0000, 0x0000, 0x0000, 0x0000, 0x0000, 0x0000, 0x0000, 0x0000, 0x0000, 0x0000, 0x0000,
  0x0000, 0x0000, 0x0000, 0x0000, 0x0000, 0x0000, 0x0000, 0x0000, 0x0000, 0x0000, 0x0000, 0x0000,
  0x0000, 0x0000, 0x0000, 0x0000, 0x0000, 0x0000, 0x0000, 0x0000, 0x0000, 0x0000, 0x0000, 0x0000,
  0x0000, 0x0000, 0x0000, 0x0000, 0x0000, 0x0000, 0x0000, 0x0000, 0x0000, 0x0000, 0x0000, 0x0000,
  0x0000, 0x0000, 0x0000, 0x0000, 0x0000, 0x0000, 0x0000, 0x0000, 0x0000, 0x0000, 0x0000, 0x0000,
  0x0000, 0x0000, 0x0000, 0x0000, 0x0000, 0x0000, 0x0000, 0x0000, 0x0000, 0x0000, 0x0000, 0x0000,
  0x0000, 0x0000, 0x0000, 0x0000, 0x0000, 0x0000, 0x0000, 0x0000, 0x0000, 0x0000, 0x0000, 0x0000,
  0x0000, 0x0000, 0x0000, 0x0000, 0x0000, 0x0000, 0x0000, 0x0000, 0x0000, 0x0000, 0x0000, 0x0000,
  0x0000, 0x0000, 0x0000, 0x0000, 0x0000, 0x0000, 0x0000, 0x0000, 0x0000, 0x0000, 0x0000, 0x0000,
  0x0000, 0x0000, 0x0000, 0x0000, 0x0000, 0x0000, 0x0000, 0x0000, 0x0000, 0x0000, 0x0000, 0x0000,
  0x0000, 0x0000, 0x0000, 0x0000, 0x0000, 0x0000, 0x0000, 0x0000, 0x0000, 0x0000, 0x0000, 0x0000,
  0x0000, 0x0000, 0x0000, 0x0000, 0x0000, 0x0000, 0x0000, 0x0000, 0x0000, 0x0000, 0x0000, 0x0000,
  0x0000, 0x0000, 0x0000, 0x0000, 0x0000, 0x0000, 0x0000, 0x0000, 0x0000, 0x0000, 0x0000, 0x0000,
  0x0000, 0x0000, 0x0000, 0x0000, 0x0000, 0x0000, 0x0000, 0x0000, 0x0000, 0x0000, 0x0000, 0x0000,
  0x0000, 0x0000, 0x0000, 0x0000, 0x0000, 0x0000, 0x0000, 0x0000, 0x0000, 0x0000, 0x0000, 0x0000,
  0x0000, 0x0000, 0x0000, 0x0000, 0x0000, 0x0000, 0x0000, 0x0000, 0x0000, 0x0000, 0x0000, 0x0000,
  0x0000, 0x0000, 0x0000, 0x0000, 0x0000, 0x0000, 0x0000, 0x0000, 0x0000, 0x0000, 0x0000, 0x0000,
  0x0000, 0x0000, 0x0000, 0x0000, 0x0000, 0x0000, 0x0000, 0x0000, 0x0000, 0x0000, 0x0000, 0x0000,
  0x0000, 0x0000, 0x0000, 0x0000, 0x0000, 0x0000, 0x0000, 0x0000, 0x0000, 0x0000, 0x0000, 0x0000,
  0x0000, 0x0000, 0x0000, 0x0000, 0x0000, 0x0000, 0x0000, 0x0000, 0x0000, 0x0000, 0x0000, 0x0000,
  0x0000, 0x0000, 0x0000, 0x0000, 0x0000, 0x0000, 0x0000, 0x0000, 0x0000, 0x0000, 0x0000, 0x0000,
  0x0000, 0x0000, 0x0000, 0x0000, 0x0000, 0x0000, 0x0000, 0x0000, 0x0000, 0x0000, 0x0000, 0x0000,
  0x0000, 0x0000, 0x0000, 0x0000, 0x0000, 0x0820, 0x10A2, 0x18C2, 0x18A2, 0x1082, 0x1081, 0x0861,
  0x0841, 0x0840, 0x0820, 0x0020, 0x0020, 0x0020, 0x0020, 0x0020, 0x0020, 0x0020, 0x0020, 0x0020,
  0x0020, 0x0020, 0x0020, 0x0020, 0x0020, 0x0020, 0x0020, 0x0020, 0x0020, 0x0020, 0x0020, 0x0020,
  0x0020, 0x0020, 0x0020, 0x0020, 0x0020, 0x0020, 0x0020, 0x0020, 0x0020, 0x0020, 0x0020, 0x0020,
  0x0020, 0x0020, 0x0000, 0x0000, 0x0000, 0x0000, 0x0000, 0x0000, 0x0000, 0x0000, 0x0000, 0x0000,
  0x0000, 0x0000, 0x0000, 0x0000, 0x0000, 0x0000, 0x0000, 0x0000, 0x0000, 0x0000, 0x0000, 0x0000,
  0x0000, 0x0000, 0x0000, 0x0000, 0x0000, 0x0000, 0x0000, 0x0000, 0x0000, 0x0000, 0x0000, 0x0000,
  0x0000, 0x0000, 0x0000, 0x0000, 0x0000, 0x0000, 0x0000, 0x0000, 0x0000, 0x0000, 0x0000, 0x0000,
  0x0000, 0x0000, 0x0000, 0x0000, 0x0000, 0x0020, 0x5AAA, 0x9450, 0x9491, 0x9470, 0x8C4F, 0x840F,
  0x7BCE, 0x73AD, 0x738D, 0x738D, 0x736C, 0x736C, 0x736C, 0x6B6C, 0x6B4C, 0x6B4C, 0x6B4C, 0x736C,
  0x6B6C, 0x6B4C, 0x6B4C, 0x6B6C, 0x6B6C, 0x6B6C, 0x736C, 0x736C, 0x736C, 0x6B6C, 0x6B6C, 0x6B6D,
  0x6B6D, 0x6B6D, 0x6B6C, 0x736C, 0x6B6C, 0x6B6C, 0x6B4C, 0x6B6C, 0x6B4C, 0x6B6C, 0x6B6C, 0x6B6C,
  0x6B6C, 0x62EA, 0x4A68, 0x39A6, 0x2103, 0x0861, 0x0020, 0x0020, 0x0000, 0x0000, 0x0000, 0x0000,
  0x0000, 0x0000, 0x0000, 0x0000, 0x0000, 0x0000, 0x0000, 0x0000, 0x0000, 0x0000, 0x0000, 0x0000,
  0x0000, 0x0000, 0x0000, 0x0000, 0x0000, 0x0000, 0x0000, 0x0000, 0x0000, 0x0000, 0x0000, 0x0000,
  0x0000, 0x0000, 0x0000, 0x0000, 0x0000, 0x0000, 0x0000, 0x0000, 0x0000, 0x0000, 0x0000, 0x0000,
  0x0000, 0x0000, 0x0000, 0x0000, 0x0000, 0x0000, 0x0020, 0xB574, 0xEF3A, 0xEF39, 0xF739, 0xF739,
  0xF739, 0xF73A, 0xF73A, 0xEF3A, 0xEF3A, 0xEF39, 0xEF39, 0xEF39, 0xEF39, 0xEF19, 0xEF19, 0xEF39,
  0xEF39, 0xEF39, 0xEF19, 0xEF19, 0xEF19, 0xEF39, 0xF739, 0xF75A, 0xEF5A, 0xEF5A, 0xF75A, 0xF75A,
  0xF75B, 0xEF5A, 0xF75B, 0xF75A, 0xF75A, 0xF75A, 0xF75A, 0xEF5A, 0xEF3A, 0xEF3A, 0xEF5A, 0xEF3A,
  0xF75A, 0xF75A, 0xE6D8, 0xD657, 0xBDB4, 0xA4D1, 0x7BCE, 0x6B4C, 0x4228, 0x20E3, 0x0840, 0x0000,
  0x0000, 0x0000, 0x0000, 0x0000, 0x0000, 0x0000, 0x0000, 0x0000, 0x0000, 0x0000, 0x0000, 0x0000,
  0x0000, 0x0000, 0x0000, 0x0000, 0x0000, 0x0000, 0x0000, 0x0000, 0x0000, 0x0000, 0x0000, 0x0000,
  0x0000, 0x0000, 0x0000, 0x0000, 0x0000, 0x0000, 0x0000, 0x0000, 0x0000, 0x0000, 0x0000, 0x0000,
  0x0000, 0x0000, 0x0000, 0x0000, 0x0000, 0x0000, 0x0000, 0x0000, 0xA512, 0xCE15, 0xCDF4, 0xCDD3,
  0xCDF3, 0xCDF3, 0xCDF3, 0xCDF4, 0xCE14, 0xCDF4, 0xCE14, 0xCE14, 0xCE14, 0xCE14, 0xCE14, 0xCE14,
  0xCE14, 0xCE14, 0xCE14, 0xCDF4, 0xCE14, 0xCE14, 0xD634, 0xD634, 0xD634, 0xD655, 0xD635, 0xD635,
  0xD655, 0xDE76, 0xD655, 0xD655, 0xD655, 0xD655, 0xD655, 0xD655, 0xD655, 0xD655, 0xD635, 0xD635,
  0xCE34, 0xD635, 0xD655, 0xD655, 0xDE76, 0xE6B7, 0xEEF8, 0xEF39, 0xF75B, 0xCE36, 0x9CD1, 0x6B6C,
  0x39A6, 0x0841, 0x0000, 0x0000, 0x0000, 0x0000, 0x0000, 0x0000, 0x0000, 0x0000, 0x0000, 0x0000,
  0x0000, 0x0000, 0x0000, 0x0000, 0x0000, 0x0000, 0x0000, 0x0000, 0x0000, 0x0000, 0x0000, 0x0000,
  0x0000, 0x0000, 0x0000, 0x0000, 0x0000, 0x0000, 0x0000, 0x0000, 0x0000, 0x0000, 0x0000, 0x0000,
  0x0000, 0x0000, 0x0000, 0x0000, 0x0000, 0x0000, 0x0000, 0x0000, 0x0861, 0xAD11, 0xBD92, 0xBD51,
  0xBD50, 0xBD50, 0xBD50, 0xBD50, 0xBD71, 0xBD71, 0xBD71, 0xC591, 0xC591, 0xC591, 0xC591, 0xC591,
  0xC591, 0xC591, 0xBD71, 0xC591, 0xC5B2, 0xC5B2, 0xC5B2, 0xC5B2, 0xC5B2, 0xCDD2, 0xCDD2, 0xCDD2,
  0xCDD3, 0xCDF3, 0xCDF3, 0xCDD3, 0xCDF3, 0xCDF3, 0xCDF3, 0xCDF3, 0xCDF3, 0xCDF3, 0xCDF3, 0xC5D2,
  0xC5D2, 0xC5D2, 0xCDD2, 0xC5B2, 0xCDD2, 0xCDF3, 0xCDF4, 0xD635, 0xDE76, 0xDE76, 0xE697, 0xEF19,
  0xEF3A, 0xBDD5, 0x7B8D, 0x4207, 0x0841, 0x0000, 0x0000, 0x0000, 0x0000, 0x0000, 0x0000, 0x0000,
  0x0000, 0x0000, 0x0000, 0x0000, 0x0000, 0x0000, 0x0000, 0x0000, 0x0000, 0x0000, 0x0000, 0x0000,
  0x0000, 0x0000, 0x0000, 0x0000, 0x0000, 0x0000, 0x0000, 0x0000, 0x0000, 0x0000, 0x0000, 0x0000,
  0x0000, 0x0000, 0x0000, 0x0000, 0x0000, 0x0000, 0x0000, 0x0000, 0x0000, 0x2103, 0xAD31, 0xC591,
  0xC571, 0xBD70, 0xBD50, 0xBD50, 0xC570, 0xBD70, 0xC570, 0xC591, 0xC591, 0xC571, 0xC591, 0xC591,
  0xC591, 0xC591, 0xC591, 0xC5B1, 0xC591, 0xC5B1, 0xC5B2, 0xC5B2, 0xC5B2, 0xCDB2, 0xCDB2, 0xCDB2,
  0xCDD2, 0xCDD2, 0xCDD2, 0xCDD2, 0xCDD2, 0xCDD2, 0xCDD2, 0xCDD2, 0xCDD2, 0xCDD2, 0xCDF2, 0xCDF2,
  0xCDD2, 0xCDD2, 0xCDD2, 0xCDD2, 0xCDD2, 0xCDD2, 0xCDF2, 0xD613, 0xD613, 0xD614, 0xCE13, 0xCDF3,
  0xD635, 0xD676, 0xE6B7, 0xEF3A, 0xCE36, 0x736C, 0x18C2, 0x0000, 0x0000, 0x0000, 0x0000, 0x0000,
  0x0000, 0x0000, 0x0000, 0x0000, 0x0000, 0x0000, 0x0000, 0x0000, 0x0000, 0x0000, 0x0000, 0x0000,
  0x0000, 0x0000, 0x0000, 0x0000, 0x0000, 0x0000, 0x0000, 0x0000, 0x0000, 0x0000, 0x0000, 0x0000,
  0x0000, 0x0000, 0x0000, 0x0000, 0x0000, 0x0000, 0x0000, 0x0000, 0x0000, 0x0000, 0x39C6, 0xAD11,
  0xC571, 0xC570, 0xC570, 0xC570, 0xC570, 0xC590, 0xC570, 0xC570, 0xC591, 0xC591, 0xC591, 0xC591,
  0xC591, 0xC5B1, 0xCDB1, 0xC5B1, 0xC5B1, 0xC5B1, 0xCDB1, 0xCDB1, 0xCDD2, 0xCDD2, 0xCDB1, 0xCDD2,
  0xCDD2, 0xCDD2, 0xCDD2, 0xCDD2, 0xCDD2, 0xCDB2, 0xCDD2, 0xCDD2, 0xD5F2, 0xD5F2, 0xCDF2, 0xD5F2,
  0xCDF2, 0xD5F2, 0xCDF2, 0xCDF2, 0xCDF2, 0xD5F2, 0xCDF2, 0xCDF2, 0xD613, 0xD613, 0xD613, 0xD613,
  0xD613, 0xCDF3, 0xC5D3, 0xCDF3, 0xD655, 0xEEF8, 0xEF19, 0x9470, 0x3185, 0x0020, 0x0000, 0x0000,
  0x0000, 0x0000, 0x0000, 0x0000, 0x0000, 0x0000, 0x0000, 0x0000, 0x0000, 0x0000, 0x0000, 0x0000,
  0x0000, 0x0000, 0x0000, 0x0000, 0x0000, 0x0000, 0x0000, 0x0000, 0x0000, 0x0000, 0x0000, 0x0000,
  0x0000, 0x0000, 0x0000, 0x0000, 0x0000, 0x0000, 0x0000, 0x0000, 0x0000, 0x0000, 0x0000, 0x5AA9,
  0xACF0, 0xBD71, 0xC570, 0xC590, 0xC590, 0xC570, 0xC590, 0xC570, 0xC591, 0xC570, 0xC591, 0xC591,
  0xC591, 0xC5B1, 0xCDB1, 0xCDB1, 0xCDB1, 0xC5B1, 0xC5B1, 0xCDB1, 0xCDB1, 0xCDD2, 0xCDD2, 0xCDB1,
  0xCDD2, 0xCDD2, 0xCDD2, 0xCDD2, 0xCDD2, 0xCDB1, 0xCDB1, 0xCDD2, 0xCDD2, 0xCDF2, 0xCDF2, 0xCDF2,
  0xCDF2, 0xCDF2, 0xD5F2, 0xD5F2, 0xCDF2, 0xCDD2, 0xD5F2, 0xCDF2, 0xCDD2, 0xD5F2, 0xD612, 0xCDF2,
  0xCDF2, 0xD5F2, 0xCDF2, 0xCDD2, 0xCDD2, 0xCDD3, 0xD634, 0xDE96, 0xEF19, 0xB573, 0x41E6, 0x0020,
  0x0000, 0x0000, 0x0000, 0x0000, 0x0000, 0x0000, 0x0000, 0x0000, 0x0000, 0x0000, 0x0000, 0x0000,
  0x0000, 0x0000, 0x0000, 0x0000, 0x0000, 0x0000, 0x0000, 0x0000, 0x0000, 0x0000, 0x0000, 0x0000,
  0x0000, 0x0000, 0x0000, 0x0000, 0x0000, 0x0000, 0x0000, 0x0000, 0x0000, 0x0000, 0x0000, 0x0000,
  0x734B, 0xAD10, 0xBD71, 0xC590, 0xC591, 0xC590, 0xC590, 0xC591, 0xC591, 0xC591, 0xC591, 0xC591,
  0xC591, 0xC591, 0xC5B1, 0xCDB1, 0xCDB1, 0xCDB1, 0xCDB1, 0xCDB1, 0xCDB1, 0xCDB1, 0xCDB1, 0xCDD2,
  0xCDD1, 0xCDB1, 0xCDB1, 0xCDD2, 0xCDD2, 0xCDB1, 0xCDB2, 0xCDB2, 0xCDD2, 0xCDD2, 0xCDD2, 0xCDD2,
  0xCDD2, 0xCDF2, 0xCDF2, 0xCDF2, 0xD5F2, 0xD5F2, 0xCDD2, 0xCDF2, 0xCDD2, 0xCDD2, 0xCDF2, 0xCDF2,
  0xCDF2, 0xCDF2, 0xCDF2, 0xCDF2, 0xCDF2, 0xCDF2, 0xCDF2, 0xCDF3, 0xCDF4, 0xDE96, 0xF739, 0xBDB4,
  0x3185, 0x0000, 0x0000, 0x0000, 0x0000, 0x0000, 0x0000, 0x0000, 0x0000, 0x0000, 0x0000, 0x0000,
  0x0000, 0x0000, 0x0000, 0x0000, 0x0000, 0x0000, 0x0000, 0x0000, 0x0000, 0x0000, 0x0000, 0x0000,
  0x0000, 0x0000, 0x0000, 0x0000, 0x0000, 0x0000, 0x0000, 0x0000, 0x0000, 0x0000, 0x0000, 0x0000,
  0x0000, 0x8C0E, 0xB531, 0xC571, 0xC590, 0xC590, 0xC590, 0xC590, 0xC591, 0xC591, 0xC590, 0xC591,
  0xCDB1, 0xC591, 0xC591, 0xC5B1, 0xCDB1, 0xCDB1, 0xCDB1, 0xCDB1, 0xCDB1, 0xCDB1, 0xCDB1, 0xCDD1,
  0xCDD2, 0xCDB1, 0xCDB1, 0xCDB1, 0xCDB1, 0xCDB1, 0xCDB1, 0xCDB2, 0xCDB1, 0xCDB2, 0xCDB1, 0xCDB1,
  0xCDD1, 0xCDD2, 0xCDF2, 0xCDF2, 0xD5F2, 0xD5F2, 0xCDD2, 0xCDD2, 0xCDD2, 0xCDB1, 0xCDD2, 0xCDD2,
  0xCDD2, 0xCDF2, 0xCDF2, 0xCDF2, 0xD5F2, 0xCDF2, 0xD612, 0xCDF2, 0xCDF3, 0xD613, 0xD634, 0xDE96,
  0xF75A, 0xACF2, 0x0861, 0x0000, 0x0000, 0x0000, 0x0000, 0x0000, 0x0000, 0x0000, 0x0000, 0x0000,
  0x0000, 0x0000, 0x0000, 0x0000, 0x0000, 0x0000, 0x0000, 0x0000, 0x0000, 0x0000, 0x0000, 0x0000,
  0x0000, 0x0000, 0x0000, 0x0000, 0x0000, 0x0000, 0x0000, 0x0000, 0x0000, 0x0000, 0x0000, 0x0000,
  0x0000, 0x0000, 0x946F, 0xBD51, 0xBD70, 0xC570, 0xC570, 0xC590, 0xC570, 0xC590, 0xC590, 0xC570,
  0xC590, 0xC591, 0xC591, 0xC591, 0xC591, 0xCDB1, 0xC5B1, 0xCDB1, 0xCDB1, 0xC5B1, 0xC5B1, 0xCDB1,
  0xCDB1, 0xCDB1, 0xCDB1, 0xCDB1, 0xCDB1, 0xCDB1, 0xCDB1, 0xCDB1, 0xCDB1, 0xCDB1, 0xCDD1, 0xCDD1,
  0xCDD1, 0xCDB2, 0xCDD2, 0xCDF2, 0xCDD2, 0xCDD2, 0xCDF2, 0xCDF2, 0xCDD2, 0xCDD2, 0xCDD2, 0xCDB1,
  0xCDD2, 0xCDD2, 0xCDD1, 0xCDF2, 0xCDD2, 0xD5F2, 0xD5F2, 0xD613, 0xCDF3, 0xCDF3, 0xD613, 0xD613,
  0xD614, 0xE696, 0xEF19, 0x5288, 0x0000, 0x0000, 0x0000, 0x0000, 0x0000, 0x0000, 0x0000, 0x0000,
  0x0000, 0x0000, 0x0000, 0x0000, 0x0000, 0x0000, 0x0000, 0x0000, 0x0000, 0x0000, 0x0000, 0x0000,
  0x0000, 0x0000, 0x0000, 0x0000, 0x0000, 0x0000, 0x0000, 0x0000, 0x0000, 0x0000, 0x0000, 0x0000,
  0x0000, 0x0000, 0x0840, 0x9C8F, 0xBD51, 0xBD50, 0xBD50, 0xBD50, 0xC570, 0xBD50, 0xC570, 0xC570,
  0xC570, 0xC570, 0xC570, 0xC590, 0xC591, 0xC591, 0xC591, 0xC5B1, 0xC591, 0xC5B1, 0xC5B1, 0xC5B1,
  0xCDB1, 0xCDB1, 0xCDB1, 0xCDB1, 0xC5B1, 0xC5B1, 0xCDB1, 0xCDB1, 0xCDB1, 0xCDB1, 0xCDD1, 0xCDD2,
  0xCDD2, 0xCDD1, 0xCDB2, 0xCDD2, 0xCDF2, 0xCDD2, 0xCDD2, 0xCDD2, 0xCDD2, 0xCDD2, 0xCDD2, 0xCDB1,
  0xCDB1, 0xCDD2, 0xCDB2, 0xCDB1, 0xCDD1, 0xCDD2, 0xCDD2, 0xCDD2, 0xD5F2, 0xD5F2, 0xCDD2, 0xCDF2,
  0xCDF3, 0xCDF3, 0xCDF3, 0xE697, 0xC5F5, 0x1081, 0x0000, 0x0000, 0x0000, 0x0000, 0x0000, 0x0000,
  0x0000, 0x0000, 0x0000, 0x0000, 0x0000, 0x0000, 0x0000, 0x0000, 0x0000, 0x0000, 0x0000, 0x0000,
  0x0000, 0x0000, 0x0000, 0x0000, 0x0000, 0x0000, 0x0000, 0x0000, 0x0000, 0x0000, 0x0000, 0x0000,
  0x0000, 0x0000, 0x0000, 0x18C2, 0xA4D0, 0xBD50, 0xBD50, 0xBD4F, 0xBD4F, 0xBD50, 0xBD4F, 0xBD50,
  0xC570, 0xC550, 0xC570, 0xC570, 0xC570, 0xC590, 0xC591, 0xC5B1, 0xC5B1, 0xC591, 0xC591, 0xC5B1,
  0xCDB1, 0xCDB1, 0xCDB1, 0xCDB1, 0xCDB1, 0xC5B1, 0xCDB1, 0xCDB1, 0xCDB1, 0xCDD1, 0xCDB1, 0xCDB1,
  0xCDD2, 0xCDB1, 0xCDB1, 0xCDB1, 0xCDB1, 0xCDF2, 0xCDD2, 0xCDB1, 0xCDB1, 0xCDD1, 0xCDD1, 0xCDB1,
  0xCDB1, 0xCDB1, 0xCDB1, 0xCDB1, 0xCDB1, 0xCDB1, 0xCDB1, 0xCDB2, 0xCDD2, 0xCDD2, 0xCDD2, 0xCDD2,
  0xCDD2, 0xCDD2, 0xCDD2, 0xCDB2, 0xCDF3, 0xE6D7, 0x630A, 0x0000, 0x0000, 0x0000, 0x0000, 0x0000,
  0x0000, 0x0000, 0x0000, 0x0000, 0x0000, 0x0000, 0x0000, 0x0000, 0x0000, 0x0000, 0x0000, 0x0000,
  0x0000, 0x0000, 0x0000, 0x0000, 0x0000, 0x0000, 0x0000, 0x0000, 0x0000, 0x0000, 0x0000, 0x0000,
  0x0000, 0x0000, 0x0000, 0x0000, 0x3164, 0xA4D0, 0xBD50, 0xBD30, 0xBD50, 0xBD50, 0xBD50, 0xBD50,
  0xBD50, 0xBD50, 0xBD50, 0xC570, 0xBD70, 0xC570, 0xC591, 0xC591, 0xC591, 0xCDB1, 0xC591, 0xCDB1,
  0xC5B1, 0xCDB1, 0xC5B1, 0xCDB1, 0xC5B1, 0xCDB1, 0xC5B1, 0xCDB1, 0xC5B1, 0xC5B1, 0xC5B1, 0xCDB2,
  0xC5B2, 0xCDD2, 0xCDD2, 0xCDB1, 0xC5B1, 0xC5B1, 0xC5B1, 0xC5B2, 0xC591, 0xCDB1, 0xCDB1, 0xCDB1,
  0xCDB1, 0xCDB1, 0xCDB1, 0xCDB1, 0xCDB1, 0xCDB1, 0xCDB1, 0xCDB1, 0xCDB1, 0xCDB1, 0xCDB1, 0xCDB2,
  0xCDD2, 0xCDD2, 0xC5B2, 0xCDD2, 0xCDB2, 0xC592, 0xCDF4, 0xD676, 0x10A2, 0x0000, 0x0000, 0x0000,
  0x0000, 0x0000, 0x0000, 0x0000, 0x0000, 0x0000, 0x0000, 0x0000, 0x0000, 0x0000, 0x0000, 0x0000,
  0x0000, 0x0000, 0x0000, 0x0000, 0x0000, 0x0000, 0x0000, 0x0000, 0x0000, 0x0000, 0x0000, 0x0000,
  0x0000, 0x0000, 0x0000, 0x0000, 0x0000, 0x41E6, 0xA4D0, 0xB551, 0xBD50, 0xBD50, 0xBD50, 0xBD50,
  0xBD50, 0xBD50, 0xBD50, 0xBD70, 0xC570, 0xBD70, 0xC571, 0xC5B1, 0xC591, 0xC5B1, 0xC5B2, 0xC5B2,
  0xCDB2, 0xC5B2, 0xCDB2, 0xCDD2, 0xCDB2, 0xC5D2, 0xC5B2, 0xC5B1, 0xC5B2, 0xC5D2, 0xCDD2, 0xCDD2,
  0xCDD2, 0xCDD2, 0xCDD2, 0xCDD2, 0xCDB2, 0xCDD2, 0xC5D2, 0xC591, 0xC5B2, 0xC591, 0xC591, 0xC591,
  0xC571, 0xC591, 0xCDB1, 0xCDB1, 0xCDB1, 0xCDB1, 0xCDB1, 0xCDB1, 0xCDB1, 0xCDB1, 0xC5B1, 0xCDB2,
  0xCDB1, 0xCDB1, 0xCDD2, 0xCDD2, 0xCDB2, 0xCDB2, 0xC591, 0xC592, 0xE6D7, 0x6B2B, 0x0000, 0x0000,
  0x0000, 0x0000, 0x0000, 0x0000, 0x0000, 0x0000, 0x0000, 0x0000, 0x0000, 0x0000, 0x0000, 0x0000,
  0x0000, 0x0000, 0x0000, 0x0000, 0x0000, 0x0000, 0x0000, 0x0000, 0x0000, 0x0000, 0x0000, 0x0000,
  0x0000, 0x0000, 0x0000, 0x0000, 0x0000, 0x0000, 0x39A6, 0x7BAC, 0x944E, 0x9C8E, 0x9C8E, 0xA48E,
  0xA4AF, 0xA4AF, 0xA48E, 0xA4AF, 0xA4AE, 0xA4AF, 0xA4CF, 0xA4CF, 0xACF0, 0xACF0, 0xACF0, 0xACF0,
  0xAD10, 0xAD10, 0xAD10, 0xAD10, 0xAD10, 0xAD10, 0xAD10, 0xAD10, 0xAD10, 0xAD10, 0xB531, 0xB531,
  0xB551, 0xB531, 0xB551, 0xB551, 0xB531, 0xAD10, 0xAD10, 0xAD10, 0xACF0, 0xACF0, 0xA4D0, 0xA4CF,
  0xACF0, 0xBD51, 0xC592, 0xC5B2, 0xC5B1, 0xC5B1, 0xC5B1, 0xC5B1, 0xC5B1, 0xCDB1, 0xCDB1, 0xC591,
  0xC5B1, 0xCDB1, 0xCDB1, 0xCDB1, 0xCDB1, 0xCDB1, 0xC5B1, 0xCDB2, 0xC5B2, 0xCE14, 0xD677, 0x0861,
  0x0000, 0x0000, 0x0000, 0x0000, 0x0000, 0x0000, 0x0000, 0x0000, 0x0000, 0x0000, 0x0000, 0x0000,
  0x0000, 0x0000, 0x0000, 0x0000, 0x0000, 0x0000, 0x0000, 0x0000, 0x0000, 0x0000, 0x0000, 0x0000,
  0x0000, 0x0000, 0x0000, 0x0000, 0x0000, 0x0000, 0x0000, 0x0841, 0x10A2, 0x2123, 0x3185, 0x39A5,
  0x39C5, 0x39C5, 0x41E6, 0x41E6, 0x41E6, 0x41E6, 0x41E6, 0x4206, 0x4206, 0x4206, 0x4206, 0x4206,
  0x4A27, 0x4A27, 0x4A27, 0x4A47, 0x4A27, 0x4A26, 0x4A26, 0x4A26, 0x4A27, 0x4A47, 0x5247, 0x5247,
  0x5247, 0x5247, 0x4A47, 0x4A47, 0x5247, 0x4A27, 0x4A27, 0x4206, 0x4206, 0x41E6, 0x41E6, 0x41E6,
  0x41E6, 0x5267, 0x7B8C, 0x944E, 0xA4D0, 0xBD72, 0xC5B2, 0xC592, 0xC591, 0xC5B1, 0xC5B1, 0xCDB1,
  0xC5B1, 0xC5B1, 0xCDB1, 0xC591, 0xC5B1, 0xCDB1, 0xCDB1, 0xCDB1, 0xCDD2, 0xCDD2, 0xC5B3, 0xEF19,
  0x3185, 0x0000, 0x0000, 0x0000, 0x0000, 0x0000, 0x0000, 0x0000, 0x0000, 0x0000, 0x0000, 0x0000,
  0x0000, 0x0000, 0x0000, 0x0000, 0x0000, 0x0000, 0x0000, 0x0000, 0x0000, 0x0000, 0x0000, 0x0000,
  0x0000, 0x0000, 0x0000, 0x0000, 0x0000, 0x0000, 0x0000, 0x0000, 0x0000, 0x0000, 0x0000, 0x0000,
  0x0000, 0x0020, 0x0020, 0x0020, 0x0020, 0x0020, 0x0020, 0x0020, 0x0020, 0x0020, 0x0020, 0x0020,
  0x0020, 0x0020, 0x0020, 0x0820, 0x0820, 0x0020, 0x0020, 0x0020, 0x0020, 0x0820, 0x0820, 0x0820,
  0x0820, 0x0820, 0x0820, 0x0820, 0x0820, 0x0820, 0x0020, 0x0020, 0x0020, 0x0020, 0x0020, 0x0020,
  0x0020, 0x0020, 0x0840, 0x1081, 0x18C2, 0x39A5, 0x7B8C, 0x944E, 0xBD72, 0xBD71, 0xC571, 0xC591,
  0xC591, 0xC591, 0xC591, 0xC591, 0xC591, 0xC5B1, 0xC5B1, 0xCDB1, 0xCDB1, 0xCDD2, 0xC5B1, 0xCDD2,
  0xDE76, 0x83EE, 0x0020, 0x0000, 0x0000, 0x0000, 0x0000, 0x0000, 0x0000, 0x0000, 0x0000, 0x0000,
  0x0000, 0x0000, 0x0000, 0x0000, 0x0000, 0x0000, 0x0000, 0x0000, 0x0000, 0x0000, 0x0000, 0x0000,
  0x0000, 0x0000, 0x0000, 0x0000, 0x0000, 0x0000, 0x0000, 0x0000, 0x0000, 0x0000, 0x0000, 0x0000,
  0x0000, 0x0000, 0x0000, 0x0000, 0x0000, 0x0000, 0x0000, 0x0000, 0x0000, 0x0000, 0x0000, 0x0000,
  0x0000, 0x0000, 0x0000, 0x0000, 0x0000, 0x0000, 0x0000, 0x0000, 0x0000, 0x0000, 0x0000, 0x0000,
  0x0000, 0x0000, 0x0000, 0x0000, 0x0000, 0x0000, 0x0000, 0x0000, 0x0000, 0x0000, 0x0000, 0x0000,
  0x0000, 0x0000, 0x0000, 0x0000, 0x0000, 0x0000, 0x0000, 0x1081, 0x18C2, 0x7B8C, 0xB552, 0xBD71,
  0xC571, 0xC571, 0xC590, 0xC590, 0xC590, 0xC590, 0xCDB1, 0xC591, 0xCDB1, 0xCDB1, 0xCDD2, 0xCDB2,
  0xC5B2, 0xC5B3, 0xCE36, 0x0840, 0x0000, 0x0000, 0x0000, 0x0000, 0x0000, 0x0000, 0x0000, 0x0000,
  0x0000, 0x0000, 0x0000, 0x0000, 0x0000, 0x0000, 0x0000, 0x0000, 0x0000, 0x0000, 0x0000, 0x0000,
  0x0000, 0x0000, 0x0000, 0x0000, 0x0000, 0x0000, 0x0000, 0x0000, 0x0000, 0x0000, 0x0000, 0x0000,
  0x0000, 0x0000, 0x0000, 0x0000, 0x0000, 0x0000, 0x0000, 0x0000, 0x0000, 0x0000, 0x0000, 0x0000,
  0x0000, 0x0000, 0x0000, 0x0000, 0x0000, 0x0000, 0x0000, 0x0000, 0x0000, 0x0000, 0x0000, 0x0000,
  0x0000, 0x0000, 0x0000, 0x0000, 0x0000, 0x0000, 0x0000, 0x0000, 0x0000, 0x0000, 0x0000, 0x0000,
  0x0000, 0x0000, 0x0000, 0x0000, 0x0000, 0x0000, 0x0000, 0x0000, 0x0000, 0x0000, 0x1081, 0x7B8C,
  0xB551, 0xBD71, 0xBD70, 0xC570, 0xC570, 0xC570, 0xC570, 0xC591, 0xC591, 0xC591, 0xC591, 0xC5B1,
  0xC591, 0xC5B2, 0xBD92, 0xF739, 0x1081, 0x0000, 0x0000, 0x0000, 0x0000, 0x0000, 0x0000, 0x0000,
  0x0000, 0x0000, 0x0000, 0x0000, 0x0000, 0x0000, 0x0000, 0x0000, 0x0000, 0x0000, 0x0000, 0x0000,
  0x0000, 0x0000, 0x0000, 0x0000, 0x0000, 0x0000, 0x0000, 0x0000, 0x0000, 0x0000, 0x0000, 0x0000,
  0x0000, 0x0000, 0x0000, 0x0000, 0x0000, 0x0000, 0x0000, 0x0000, 0x0000, 0x0000, 0x0000, 0x0000,
  0x0000, 0x0000, 0x0000, 0x0000, 0x0000, 0x0000, 0x0000, 0x0000, 0x0000, 0x0000, 0x0000, 0x0000,
  0x0000, 0x0000, 0x0000, 0x0000, 0x0000, 0x0000, 0x0000, 0x0000, 0x0000, 0x0000, 0x0000, 0x0000,
  0x0000, 0x0000, 0x0000, 0x0000, 0x0000, 0x0000, 0x0000, 0x0000, 0x0000, 0x0000, 0x0000, 0x0000,
  0x1081, 0x734B, 0xAD10, 0xB530, 0xBD30, 0xC570, 0xC570, 0xC570, 0xC570, 0xC590, 0xC591, 0xC591,
  0xC591, 0xC591, 0xC591, 0xBD71, 0xEEF8, 0x2944, 0x0000, 0x0000, 0x0000, 0x0000, 0x0000, 0x0000,
  0x0000, 0x0000, 0x0000, 0x0000, 0x0000, 0x0000, 0x0000, 0x0000, 0x0000, 0x0000, 0x0000, 0x0000,
  0x0000, 0x0000, 0x0000, 0x0000, 0x0000, 0x0000, 0x0000, 0x0000, 0x0000, 0x0000, 0x0000, 0x0000,
  0x0000, 0x0000, 0x0000, 0x0000, 0x0000, 0x0000, 0x0000, 0x0000, 0x0000, 0x0000, 0x0000, 0x0000,
  0x0000, 0x0000, 0x0000, 0x0000, 0x0000, 0x0000, 0x0000, 0x0000, 0x0000, 0x0000, 0x0000, 0x0000,
  0x0000, 0x0000, 0x0000, 0x0000, 0x0000, 0x0000, 0x0000, 0x0000, 0x0000, 0x0000, 0x0000, 0x0000,
  0x0000, 0x0000, 0x0000, 0x0000, 0x0000, 0x0000, 0x0000, 0x0000, 0x0000, 0x0000, 0x0000, 0x0000,
  0x0000, 0x0000, 0x1081, 0x8C0D, 0xB510, 0xBD30, 0xBD50, 0xC570, 0xC570, 0xC570, 0xC590, 0xC590,
  0xC591, 0xC591, 0xC591, 0xC591, 0xC592, 0xDE75, 0x5247, 0x0000, 0x0000, 0x0000, 0x0000, 0x0000,
  0x0000, 0x0000, 0x0000, 0x0000, 0x0000, 0x0000, 0x0000, 0x0000, 0x0000, 0x0000, 0x0000, 0x0000,
  0x0000, 0x0000, 0x0000, 0x0000, 0x0000, 0x0000, 0x0000, 0x0000, 0x0000, 0x0000, 0x0000, 0x0000,
  0x0000, 0x0000, 0x0000, 0x0000, 0x0000, 0x0000, 0x0000, 0x0000, 0x0000, 0x0000, 0x0000, 0x0000,
  0x0000, 0x0000, 0x0000, 0x0000, 0x0000, 0x0000, 0x0000, 0x0000, 0x0000, 0x0000, 0x0000, 0x0000,
  0x0000, 0x0000, 0x0000, 0x0000, 0x0000, 0x0000, 0x0000, 0x0000, 0x0000, 0x0000, 0x0000, 0x0000,
  0x0000, 0x0000, 0x0000, 0x0000, 0x0000, 0x0000, 0x0000, 0x0000, 0x0000, 0x0000, 0x0000, 0x0000,
  0x0000, 0x0000, 0x0000, 0x0000, 0x5A88, 0xA4CF, 0xB530, 0xBD50, 0xC570, 0xC570, 0xC590, 0xC591,
  0xC571, 0xC591, 0xC590, 0xC591, 0xC591, 0xC591, 0xCDD3, 0x736B, 0x0020, 0x0000, 0x0000, 0x0000,
  0x0000, 0x0000, 0x0000, 0x0000, 0x0000, 0x0000, 0x0000, 0x0000, 0x0000, 0x0000, 0x0000, 0x0000,
  0x0000, 0x0000, 0x0000, 0x0000, 0x0000, 0x0000, 0x0000, 0x0000, 0x0000, 0x0000, 0x0000, 0x0000,
  0x0000, 0x0000, 0x0000, 0x0000, 0x0000, 0x0000, 0x0000, 0x0000, 0x0000, 0x0000, 0x0000, 0x0000,
  0x0000, 0x0000, 0x0000, 0x0000, 0x0000, 0x0000, 0x0000, 0x0000, 0x0000, 0x0000, 0x0000, 0x0000,
  0x0000, 0x0000, 0x0000, 0x0000, 0x0000, 0x0000, 0x0000, 0x0000, 0x0000, 0x0000, 0x0000, 0x0000,
  0x0000, 0x0000, 0x0000, 0x0000, 0x0000, 0x0000, 0x0000, 0x0000, 0x0000, 0x0000, 0x0000, 0x0000,
  0x0000, 0x0000, 0x0000, 0x0000, 0x0000, 0x18A2, 0x944E, 0xBD51, 0xC570, 0xC570, 0xC570, 0xC570,
  0xC590, 0xC570, 0xC590, 0xC570, 0xC570, 0xC571, 0xC571, 0xBD51, 0x944E, 0x0020, 0x0000, 0x0000,
  0x0000, 0x0000, 0x0000, 0x0000, 0x0000, 0x0000, 0x0000, 0x0000, 0x0000, 0x0000, 0x0000, 0x0000,
  0x0000, 0x0000, 0x0000, 0x0000, 0x0000, 0x0000, 0x0000, 0x0000, 0x0000, 0x0000, 0x0000, 0x0000,
  0x0000, 0x0000, 0x0000, 0x0000, 0x0000, 0x0000, 0x0000, 0x0000, 0x0000, 0x0000, 0x0000, 0x0000,
  0x0000, 0x0000, 0x0000, 0x0000, 0x0000, 0x0000, 0x0000, 0x0000, 0x0000, 0x0000, 0x0000, 0x0000,
  0x0000, 0x0000, 0x0000, 0x0000, 0x0000, 0x0000, 0x0000, 0x0000, 0x0000, 0x0000, 0x0000, 0x0000,
  0x0000, 0x0000, 0x0000, 0x0000, 0x0000, 0x0000, 0x0000, 0x0000, 0x0000, 0x0000, 0x0000, 0x0000,
  0x0000, 0x0000, 0x0000, 0x0000, 0x0000, 0x0000, 0x0000, 0x83ED, 0xBD71, 0xC571, 0xBD70, 0xBD50,
  0xBD50, 0xC570, 0xBD50, 0xBD50, 0xC550, 0xBD50, 0xC550, 0xBD50, 0xACEF, 0x9C8F, 0x0020, 0x0000,
  0x0000, 0x0000, 0x0000, 0x0000, 0x0000, 0x0000, 0x0000, 0x0000, 0x0000, 0x0000, 0x0000, 0x0000,
  0x0000, 0x0000, 0x0000, 0x0000, 0x0000, 0x0000, 0x0000, 0x0000, 0x0000, 0x0000, 0x0000, 0x0000,
  0x0000, 0x0000, 0x0000, 0x0000, 0x0000, 0x0000, 0x0000, 0x0000, 0x0000, 0x0000, 0x0000, 0x0000,
  0x0000, 0x0000, 0x0000, 0x0000, 0x0000, 0x0000, 0x0000, 0x0000, 0x0000, 0x0000, 0x0000, 0x0000,
  0x0000, 0x0000, 0x0000, 0x0000, 0x0000, 0x0000, 0x0000, 0x0000, 0x0000, 0x0000, 0x0000, 0x0000,
  0x0000, 0x0000, 0x0000, 0x0000, 0x0000, 0x0000, 0x0000, 0x0000, 0x0000, 0x0000, 0x0000, 0x0000,
  0x0000, 0x0000, 0x0000, 0x0000, 0x0000, 0x0000, 0x0000, 0x0000, 0x7BAC, 0xB551, 0xBD50, 0xBD4F,
  0xBD2F, 0xBD4F, 0xBD4F, 0xBD4F, 0xBD4F, 0xBD2F, 0xBD2F, 0xBD30, 0xB530, 0xACCF, 0x944E, 0x0020,
  0x0000, 0x0000, 0x0000, 0x0000, 0x0000, 0x0000, 0x0000, 0x0000, 0x0000, 0x0000, 0x0000, 0x0000,
  0x0000, 0x0000, 0x0000, 0x0000, 0x0000, 0x0000, 0x0000, 0x0000, 0x0000, 0x0000, 0x0000, 0x0000,
  0x0000, 0x0000, 0x0000, 0x0000, 0x0000, 0x0000, 0x0000, 0x0000, 0x0000, 0x0000, 0x0000, 0x0000,
  0x0000, 0x0000, 0x0000, 0x0000, 0x0000, 0x0000, 0x0000, 0x0000, 0x0000, 0x0000, 0x0000, 0x0000,
  0x0000, 0x0000, 0x0000, 0x0000, 0x0000, 0x0000, 0x0000, 0x0000, 0x0000, 0x0000, 0x0000, 0x0000,
  0x0000, 0x0000, 0x0000, 0x0000, 0x0000, 0x0000, 0x0000, 0x0000, 0x0000, 0x0000, 0x0000, 0x0000,
  0x0000, 0x0000, 0x0000, 0x0000, 0x0000, 0x0000, 0x0000, 0x0000, 0x0000, 0x6B0A, 0xACF0, 0xB52F,
  0xB50F, 0xB50F, 0xB50F, 0xB50F, 0xBD4F, 0xBD4F, 0xBD2F, 0xBD2F, 0xBD2F, 0xB52F, 0xACEF, 0x7B8B,
  0x0020, 0x0000, 0x0000, 0x0000, 0x0000, 0x0000, 0x0000, 0x0000, 0x0000, 0x0000, 0x0000, 0x0000,
  0x0000, 0x0000, 0x0000, 0x0000, 0x0000, 0x0000, 0x0000, 0x0000, 0x0000, 0x0000, 0x0000, 0x0000,
  0x0000, 0x0000, 0x0000, 0x0000, 0x0000, 0x0000, 0x0000, 0x0000, 0x0000, 0x0000, 0x0000, 0x0000,
  0x0000, 0x0000, 0x0000, 0x0000, 0x0000, 0x0000, 0x0000, 0x0000, 0x0000, 0x0000, 0x0000, 0x0000,
  0x0000, 0x0000, 0x0000, 0x0000, 0x0000, 0x0000, 0x0000, 0x0000, 0x0000, 0x0000, 0x0000, 0x0000,
  0x0000, 0x0000, 0x0000, 0x0000, 0x0000, 0x0000, 0x0000, 0x0000, 0x0000, 0x0000, 0x0000, 0x0000,
  0x0000, 0x0000, 0x0000, 0x0000, 0x0000, 0x0000, 0x0000, 0x0000, 0x0000, 0x0000, 0x62C9, 0xA4CF,
  0xACEF, 0xB4EE, 0xB4EE, 0xB4EE, 0xB50F, 0xB50F, 0xBD2F, 0xBD2F, 0xBD2F, 0xBD50, 0xBD50, 0xB530,
  0x5267, 0x0000, 0x0000, 0x0000, 0x0000, 0x0000, 0x0000, 0x0000, 0x0000, 0x0000, 0x0000, 0x0000,
  0x0000, 0x0000, 0x0000, 0x0000, 0x0000, 0x0000, 0x0000, 0x0000, 0x0000, 0x0000, 0x0000, 0x0000,
  0x0000, 0x0000, 0x0000, 0x0000, 0x0000, 0x0000, 0x0000, 0x0000, 0x0000, 0x0000, 0x0000, 0x0000,
  0x0000, 0x0000, 0x0000, 0x0000, 0x0000, 0x0000, 0x0000, 0x0000, 0x0000, 0x0000, 0x0000, 0x0000,
  0x0000, 0x0000, 0x0000, 0x0000, 0x0000, 0x0000, 0x0000, 0x0000, 0x0000, 0x0000, 0x0000, 0x0000,
  0x0000, 0x0000, 0x0000, 0x0000, 0x0000, 0x0000, 0x0000, 0x0000, 0x0000, 0x0000, 0x0000, 0x0000,
  0x0000, 0x0000, 0x0000, 0x0000, 0x0000, 0x0000, 0x0000, 0x0000, 0x0000, 0x0000, 0x0000, 0x6B0A,
  0xA48E, 0xACCE, 0xACCE, 0xB4EE, 0xB4EE, 0xB50E, 0xB50F, 0xB50F, 0xB52F, 0xB52F, 0xBD50, 0xB530,
  0xC5B2, 0x2923, 0x0000, 0x0000, 0x0000, 0x0000, 0x0000, 0x0000, 0x0000, 0x0000, 0x0000, 0x0000,
  0x0000, 0x0000, 0x0000, 0x0000, 0x0000, 0x0000, 0x0000, 0x0000, 0x0000, 0x0000, 0x0000, 0x0000,
  0x0000, 0x0000, 0x0000, 0x0000, 0x0000, 0x0000, 0x0000, 0x0000, 0x0000, 0x0000, 0x0000, 0x0000,
  0x0000, 0x0000, 0x0000, 0x0000, 0x0000, 0x0000, 0x0000, 0x0000, 0x0000, 0x0000, 0x0000, 0x0000,
  0x0000, 0x0000, 0x0000, 0x0000, 0x0000, 0x0000, 0x0000, 0x0000, 0x0000, 0x0000, 0x0000, 0x0000,
  0x0000, 0x0000, 0x0000, 0x0000, 0x0000, 0x0000, 0x0000, 0x0000, 0x0000, 0x0000, 0x0000, 0x0000,
  0x0000, 0x0000, 0x0000, 0x0000, 0x0000, 0x0000, 0x0000, 0x0000, 0x0000, 0x0000, 0x0000, 0x0000,
  0x736B, 0xA48E, 0xACCE, 0xACCE, 0xB4EE, 0xB4EE, 0xB4EE, 0xB50F, 0xB50F, 0xB50F, 0xB50F, 0xB52F,
  0xB50F, 0xDE55, 0x1061, 0x0000, 0x0000, 0x0000, 0x0000, 0x0000, 0x0000, 0x0000, 0x0000, 0x0000,
  0x0000, 0x0000, 0x0000, 0x0000, 0x0000, 0x0000, 0x0000, 0x0000, 0x0000, 0x0000, 0x0000, 0x0000,
  0x0000, 0x0000, 0x0000, 0x0000, 0x0000, 0x0000, 0x0000, 0x0000, 0x0000, 0x0000, 0x0000, 0x0000,
  0x0000, 0x0000, 0x0000, 0x0000, 0x0000, 0x0000, 0x0000, 0x0000, 0x0000, 0x0000, 0x0000, 0x0000,
  0x0000, 0x0000, 0x0000, 0x0000, 0x0000, 0x0000, 0x0000, 0x0000, 0x0000, 0x0000, 0x0000, 0x0000,
  0x0000, 0x0000, 0x0000, 0x0000, 0x0000, 0x0000, 0x0000, 0x0000, 0x0000, 0x0000, 0x0000, 0x0000,
  0x0000, 0x0000, 0x0000, 0x0000, 0x0000, 0x0000, 0x0000, 0x0000, 0x0000, 0x0000, 0x0000, 0x0000,
  0x0000, 0x83CC, 0xA4AE, 0xACCE, 0xACCD, 0xACEE, 0xB4EE, 0xB4EE, 0xB4EE, 0xB50F, 0xB50E, 0xB4EE,
  0xB50F, 0xACEF, 0xE6B7, 0x0840, 0x0000, 0x0000, 0x0000, 0x0000, 0x0000, 0x0000, 0x0000, 0x0000,
  0x0000, 0x0000, 0x0000, 0x0000, 0x0000, 0x0000, 0x0000, 0x0000, 0x0000, 0x0000, 0x0000, 0x0000,
  0x0000, 0x0000, 0x0000, 0x0000, 0x0000, 0x0000, 0x0000, 0x0000, 0x0000, 0x0000, 0x0000, 0x0000,
  0x0000, 0x0000, 0x0000, 0x0000, 0x0000, 0x0000, 0x0000, 0x0000, 0x0000, 0x0000, 0x0000, 0x0000,
  0x0000, 0x0000, 0x0000, 0x0000, 0x0000, 0x0000, 0x0000, 0x0000, 0x0000, 0x0000, 0x0000, 0x0000,
  0x0000, 0x0000, 0x0000, 0x0000, 0x0000, 0x0000, 0x0000, 0x0000, 0x0000, 0x0000, 0x0000, 0x0000,
  0x0000, 0x0000, 0x0000, 0x0000, 0x0000, 0x0000, 0x0000, 0x0000, 0x0000, 0x0000, 0x0000, 0x0000,
  0x0000, 0x0000, 0x83CC, 0xACCE, 0xACAD, 0xACCD, 0xACCD, 0xACCD, 0xACCD, 0xACEE, 0xACEE, 0xACEE,
  0xACEE, 0xACCE, 0xACCE, 0xDE76, 0x0840, 0x0000, 0x0000, 0x0000, 0x0000, 0x0000, 0x0000, 0x0000,
  0x0000, 0x0000, 0x0000, 0x0000, 0x0000, 0x0000, 0x0000, 0x0000, 0x0000, 0x0000, 0x0000, 0x0000,
  0x0000, 0x0000, 0x0000, 0x0000, 0x0000, 0x0000, 0x0000, 0x0000, 0x0000, 0x0000, 0x0000, 0x0000,
  0x0000, 0x0000, 0x0000, 0x0000, 0x0000, 0x0000, 0x0000, 0x0000, 0x0000, 0x0000, 0x0000, 0x0000,
  0x0000, 0x0000, 0x0000, 0x0000, 0x0000, 0x0000, 0x0000, 0x0000, 0x0000, 0x0000, 0x0000, 0x0000,
  0x0000, 0x0000, 0x0000, 0x0000, 0x0000, 0x0000, 0x0000, 0x0000, 0x0000, 0x0000, 0x0000, 0x0000,
  0x0000, 0x0000, 0x0000, 0x0000, 0x0000, 0x0000, 0x0000, 0x0000, 0x0000, 0x0000, 0x0000, 0x0000,
  0x0000, 0x0000, 0x1061, 0x8BEC, 0xACAE, 0xA4AD, 0xACAD, 0xACAD, 0xA4AD, 0xACAD, 0xACCD, 0xACCD,
  0xACAD, 0xACCD, 0xACCE, 0xA48E, 0xC5B3, 0x0820, 0x0000, 0x0000, 0x0000, 0x0000, 0x0000, 0x0000,
  0x0000, 0x0000, 0x0000, 0x0000, 0x0000, 0x0000, 0x0000, 0x0000, 0x0000, 0x0000, 0x0000, 0x0000,
  0x0000, 0x0000, 0x0000, 0x0000, 0x0000, 0x0000, 0x0000, 0x0000, 0x0000, 0x0000, 0x0000, 0x0000,
  0x0000, 0x0000, 0x0000, 0x0000, 0x0000, 0x0000, 0x0000, 0x0000, 0x0000, 0x0000, 0x0000, 0x0000,
  0x0000, 0x0000, 0x0000, 0x0000, 0x0000, 0x0000, 0x0000, 0x0000, 0x0000, 0x0000, 0x0000, 0x0000,
  0x0000, 0x0000, 0x0000, 0x0000, 0x0000, 0x0000, 0x0000, 0x0000, 0x0000, 0x0000, 0x0000, 0x0000,
  0x0000, 0x0000, 0x0000, 0x0000, 0x0000, 0x0000, 0x0000, 0x0000, 0x0000, 0x0000, 0x0000, 0x0000,
  0x0000, 0x0000, 0x0000, 0x3164, 0x8C0C, 0xA46D, 0xA48C, 0xA46C, 0xA46C, 0xA48C, 0xA48C, 0xAC8D,
  0xA4AD, 0xACAD, 0xACAD, 0xACCE, 0xA4AE, 0x9C6E, 0x0020, 0x0000, 0x0000, 0x0000, 0x0000, 0x0000,
  0x0000, 0x0000, 0x0000, 0x0000, 0x0000, 0x0000, 0x0000, 0x0000, 0x0000, 0x0000, 0x0000, 0x0000,
  0x0000, 0x0000, 0x0000, 0x0000, 0x0000, 0x0000, 0x0000, 0x0000, 0x0000, 0x0000, 0x0000, 0x0000,
  0x0000, 0x0000, 0x0000, 0x0000, 0x0000, 0x0000, 0x0000, 0x0000, 0x0000, 0x0000, 0x0000, 0x0000,
  0x0000, 0x0000, 0x0000, 0x0000, 0x0000, 0x0000, 0x0000, 0x0000, 0x0000, 0x0000, 0x0000, 0x0000,
  0x0000, 0x0000, 0x0000, 0x0000, 0x0000, 0x0000, 0x0000, 0x0000, 0x0000, 0x0000, 0x0000, 0x0000,
  0x0000, 0x0000, 0x0000, 0x0000, 0x0000, 0x0000, 0x0000, 0x0000, 0x0000, 0x0000, 0x0000, 0x0000,
  0x0000, 0x0000, 0x0000, 0x0000, 0x4A26, 0x940C, 0x9C4C, 0xA46C, 0xA44C, 0x9C4C, 0xA46C, 0xA46C,
  0xA46C, 0xACAD, 0xACAD, 0xACAD, 0xACAE, 0xACCF, 0x5AA8, 0x0000, 0x0000, 0x0000, 0x0000, 0x0000,
  0x0000, 0x0000, 0x0000, 0x0000, 0x0000, 0x0000, 0x0000, 0x0000, 0x0000, 0x0000, 0x0000, 0x0000,
  0x0000, 0x0000, 0x0000, 0x0000, 0x0000, 0x0000, 0x0000, 0x0000, 0x0000, 0x0000, 0x0000, 0x0000,
  0x0000, 0x0000, 0x0000, 0x0000, 0x0000, 0x0000, 0x0000, 0x0000, 0x0000, 0x0000, 0x0000, 0x0000,
  0x0000, 0x0000, 0x0000, 0x0000, 0x0000, 0x0000, 0x0000, 0x0000, 0x0000, 0x0000, 0x0000, 0x0000,
  0x0000, 0x0000, 0x0000, 0x0000, 0x0000, 0x0000, 0x0000, 0x0000, 0x0000, 0x0000, 0x0000, 0x0000,
  0x0000, 0x0000, 0x0000, 0x0000, 0x0000, 0x0000, 0x0000, 0x0000, 0x0000, 0x0000, 0x0000, 0x0000,
  0x0000, 0x0000, 0x0000, 0x0000, 0x0000, 0x6AE9, 0x942C, 0x9C2C, 0x9C4B, 0x9C4C, 0x9C4C, 0xA44C,
  0xA46C, 0xA46C, 0xA48D, 0xACAD, 0xA4AD, 0xA4AE, 0xB551, 0x20E3, 0x0000, 0x0000, 0x0000, 0x0000,
  0x0000, 0x0000, 0x0000, 0x0000, 0x0000, 0x0000, 0x0000, 0x0000, 0x0000, 0x0000, 0x0000, 0x0000,
  0x0000, 0x0000, 0x0000, 0x0000, 0x0000, 0x0000, 0x0000, 0x0000, 0x0000, 0x0000, 0x0000, 0x0000,
  0x0000, 0x0000, 0x0000, 0x0000, 0x0000, 0x0000, 0x0000, 0x0000, 0x0000, 0x0000, 0x0000, 0x0000,
  0x0000, 0x0000, 0x0000, 0x0000, 0x0000, 0x0000, 0x0000, 0x0000, 0x0000, 0x0000, 0x0000, 0x0000,
  0x0000, 0x0000, 0x0000, 0x0000, 0x0000, 0x0000, 0x0000, 0x0000, 0x0000, 0x0000, 0x0000, 0x0000,
  0x0000, 0x0000, 0x0000, 0x0000, 0x0000, 0x0000, 0x0000, 0x0000, 0x0000, 0x0000, 0x0000, 0x0000,
  0x0000, 0x0000, 0x0000, 0x0000, 0x0000, 0x1061, 0x83CB, 0x9C4C, 0x9C2C, 0x9C4C, 0x9C4C, 0x9C2C,
  0x9C4C, 0xA46C, 0xA46C, 0xA46C, 0xA48D, 0xA48D, 0x9C6D, 0xC5D3, 0x0840, 0x0000, 0x0000, 0x0000,
  0x0000, 0x0000, 0x0000, 0x0000, 0x0000, 0x0000, 0x0000, 0x0000, 0x0000, 0x0000, 0x0000, 0x0000,
  0x0000, 0x0000, 0x0000, 0x0000, 0x0000, 0x0000, 0x0000, 0x0000, 0x0000, 0x0000, 0x0000, 0x0000,
  0x0000, 0x0000, 0x0000, 0x0000, 0x0000, 0x0000, 0x0000, 0x0000, 0x0000, 0x0000, 0x0000, 0x0000,
  0x0000, 0x0000, 0x0000, 0x0000, 0x0000, 0x0000, 0x0000, 0x0000, 0x0000, 0x0000, 0x0000, 0x0000,
  0x0000, 0x0000, 0x0000, 0x0000, 0x0000, 0x0000, 0x0000, 0x0000, 0x0000, 0x0000, 0x0000, 0x0000,
  0x0000, 0x0000, 0x0000, 0x0000, 0x0000, 0x0000, 0x0000, 0x0000, 0x0000, 0x0000, 0x0000, 0x0000,
  0x0000, 0x0000, 0x0000, 0x0000, 0x0000, 0x0000, 0x4A06, 0x9C4D, 0x9C6C, 0x9C4C, 0x9C4C, 0x9C4C,
  0x9C2C, 0x9C2C, 0x9C4C, 0x9C4C, 0x9C4C, 0x9C4C, 0x9C4C, 0x9C4D, 0xB552, 0x0820, 0x0000, 0x0000,
  0x0000, 0x0000, 0x0000, 0x0000, 0x0000, 0x0000, 0x0000, 0x0000, 0x0000, 0x0000, 0x0000, 0x0000,
  0x0000, 0x0000, 0x0000, 0x0000, 0x0000, 0x0000, 0x0000, 0x0000, 0x0000, 0x0000, 0x0000, 0x0000,
  0x0000, 0x0000, 0x0000, 0x0000, 0x0000, 0x0000, 0x0000, 0x0000, 0x0000, 0x0000, 0x0000, 0x0000,
  0x0000, 0x0000, 0x0000, 0x0000, 0x0000, 0x0000, 0x0000, 0x0000, 0x0000, 0x0000, 0x0000, 0x0000,
  0x0000, 0x0000, 0x0000, 0x0000, 0x0000, 0x0000, 0x0000, 0x0000, 0x0000, 0x0000, 0x0000, 0x0000,
  0x0000, 0x0000, 0x0000, 0x0000, 0x0000, 0x0000, 0x0000, 0x0000, 0x0000, 0x0000, 0x0000, 0x0000,
  0x0000, 0x0000, 0x0000, 0x0000, 0x0000, 0x0000, 0x18A1, 0x83CB, 0x9C6D, 0x9C4C, 0x9C2B, 0x942B,
  0x9C2B, 0x9C2B, 0x9C2B, 0x9C2B, 0x9C2C, 0x9C2C, 0x942B, 0x942C, 0x9C4D, 0x62E9, 0x0020, 0x0000,
  0x0000, 0x0000, 0x0000, 0x0000, 0x0000, 0x0000, 0x0000, 0x0000, 0x0000, 0x0000, 0x0000, 0x0000,
  0x0000, 0x0000, 0x0000, 0x0000, 0x0000, 0x0000, 0x0000, 0x0000, 0x0000, 0x0000, 0x0000, 0x0000,
  0x0000, 0x0000, 0x0000, 0x0000, 0x0000, 0x0000, 0x0000, 0x0000, 0x0000, 0x0000, 0x0000, 0x0000,
  0x0000, 0x0000, 0x0000, 0x0000, 0x0000, 0x0000, 0x0000, 0x0000, 0x0000, 0x0000, 0x0000, 0x0000,
  0x0000, 0x0000, 0x0000, 0x0000, 0x0000, 0x0000, 0x0000, 0x0000, 0x0000, 0x0000, 0x0000, 0x0000,
  0x0000, 0x0000, 0x0000, 0x0000, 0x0000, 0x0000, 0x0000, 0x0000, 0x0000, 0x0000, 0x0000, 0x0000,
  0x0000, 0x0000, 0x0000, 0x0000, 0x0000, 0x0000, 0x0820, 0x5A87, 0x942C, 0x940B, 0x940B, 0x940B,
  0x940B, 0x940B, 0x940B, 0x940B, 0x9C2B, 0x9C2B, 0x9C2B, 0x940B, 0x940C, 0xACCF, 0x18C2, 0x0000,
  0x0000, 0x0000, 0x0000, 0x0000, 0x0000, 0x0000, 0x0000, 0x0000, 0x0000, 0x0000, 0x0000, 0x0000,
  0x0000, 0x0000, 0x0000, 0x0000, 0x0000, 0x0000, 0x0000, 0x0000, 0x0000, 0x0000, 0x0000, 0x0000,
  0x0000, 0x0000, 0x0000, 0x0000, 0x0000, 0x0000, 0x0000, 0x0000, 0x0000, 0x0000, 0x0000, 0x0000,
  0x0000, 0x0000, 0x0000, 0x0000, 0x0000, 0x0000, 0x0000, 0x0000, 0x0000, 0x0000, 0x0000, 0x0000,
  0x0000, 0x0000, 0x0000, 0x0000, 0x0000, 0x0000, 0x0000, 0x0000, 0x0000, 0x0000, 0x0000, 0x0000,
  0x0000, 0x0000, 0x0000, 0x0000, 0x0000, 0x0000, 0x0000, 0x0000, 0x0000, 0x0000, 0x0000, 0x0000,
  0x0000, 0x0000, 0x0000, 0x0000, 0x0000, 0x0000, 0x1060, 0x3984, 0x8BAB, 0x8BEB, 0x8BCA, 0x93EA,
  0x93EA, 0x93EA, 0x93EA, 0x93EA, 0x93EB, 0x940B, 0x940B, 0x9C2B, 0x940B, 0x8C0C, 0xACF0, 0x0820,
  0x0000, 0x0000, 0x0000, 0x0000, 0x0000, 0x0000, 0x0000, 0x0000, 0x0000, 0x0000, 0x0000, 0x0000,
  0x0000, 0x0000, 0x0000, 0x0000, 0x0000, 0x0000, 0x0000, 0x0000, 0x0000, 0x0000, 0x0000, 0x0000,
  0x0000, 0x0000, 0x0000, 0x0000, 0x0000, 0x0000, 0x0000, 0x0000, 0x0000, 0x0000, 0x0000, 0x0000,
  0x0000, 0x0000, 0x0000, 0x0000, 0x0000, 0x0000, 0x0000, 0x0000, 0x0000, 0x0000, 0x0000, 0x0000,
  0x0000, 0x0000, 0x0000, 0x0000, 0x0000, 0x0000, 0x0000, 0x0000, 0x0000, 0x0000, 0x0000, 0x0000,
  0x0000, 0x0000, 0x0000, 0x0000, 0x0000, 0x0000, 0x0000, 0x0000, 0x0000, 0x0000, 0x0000, 0x0000,
  0x0000, 0x0000, 0x0000, 0x0000, 0x0000, 0x0000, 0x18A1, 0x4A06, 0x838A, 0x8BCA, 0x8BAA, 0x8BAA,
  0x8BCA, 0x8BCA, 0x8BCA, 0x8BCA, 0x8BCA, 0x8BEA, 0x93EA, 0x940B, 0x940B, 0x940B, 0x9C6D, 0x6AE9,
  0x0020, 0x0000, 0x0000, 0x0000, 0x0000, 0x0000, 0x0000, 0x0000, 0x0000, 0x0000, 0x0000, 0x0000,
  0x0000, 0x0000, 0x0000, 0x0000, 0x0000, 0x0000, 0x0000, 0x0000, 0x0000, 0x0000, 0x0000, 0x0000,
  0x0000, 0x0000, 0x0000, 0x0000, 0x0000, 0x0000, 0x0000, 0x0000, 0x0000, 0x0000, 0x0000, 0x0000,
  0x0000, 0x0000, 0x0000, 0x0000, 0x0000, 0x0000, 0x0000, 0x0000, 0x0000, 0x0000, 0x0000, 0x0000,
  0x0000, 0x0000, 0x0000, 0x0000, 0x0000, 0x0000, 0x0000, 0x0000, 0x0000, 0x0000, 0x0000, 0x0000,
  0x0000, 0x0000, 0x0000, 0x0000, 0x0000, 0x0000, 0x0000, 0x0000, 0x0000, 0x0000, 0x0000, 0x0000,
  0x0000, 0x0000, 0x0000, 0x0000, 0x0000, 0x0020, 0x2103, 0x6B09, 0x8BEC, 0x8BEB, 0x8BCA, 0x8BAA,
  0x8BAA, 0x8BCA, 0x8BAA, 0x8BAA, 0x8B89, 0x8BAA, 0x8BCA, 0x8BCA, 0x93EB, 0x93EB, 0x93EB, 0xACF0,
  0x20E2, 0x0000, 0x0000, 0x0000, 0x0000, 0x0000, 0x0000, 0x0000, 0x0000, 0x0000, 0x0000, 0x0000,
  0x0000, 0x0000, 0x0000, 0x0000, 0x0000, 0x0000, 0x0000, 0x0000, 0x0000, 0x0000, 0x0000, 0x0000,
  0x0000, 0x0000, 0x0000, 0x0000, 0x0000, 0x0000, 0x0000, 0x0000, 0x0000, 0x0000, 0x0000, 0x0000,
  0x0000, 0x0000, 0x0000, 0x0000, 0x0000, 0x0000, 0x0000, 0x0000, 0x0000, 0x0000, 0x0000, 0x0000,
  0x0000, 0x0000, 0x0000, 0x0000, 0x0000, 0x0020, 0x0020, 0x0020, 0x0020, 0x0020, 0x0020, 0x0020,
  0x0020, 0x0020, 0x0020, 0x0020, 0x0020, 0x0020, 0x0020, 0x0020, 0x0020, 0x0020, 0x0020, 0x0020,
  0x0020, 0x0000, 0x0020, 0x0020, 0x0840, 0x2923, 0x5247, 0x8C0D, 0x9C4D, 0x940C, 0x8BCA, 0x8BAA,
  0x8BAA, 0x8BAA, 0x8BAA, 0x8BAA, 0x8BAA, 0x8BAA, 0x8BAA, 0x8BAA, 0x8BAA, 0x8BAA, 0x8BCA, 0x942C,
  0x83AC, 0x0840, 0x0000, 0x0000, 0x0000, 0x0000, 0x0000, 0x0000, 0x0000, 0x0000, 0x0000, 0x0000,
  0x0000, 0x0000, 0x0000, 0x0000, 0x0000, 0x0000, 0x0000, 0x0000, 0x0000, 0x0000, 0x0000, 0x0000,
  0x0000, 0x0000, 0x0000, 0x0000, 0x0000, 0x0000, 0x0000, 0x0000, 0x0000, 0x0000, 0x0000, 0x0000,
  0x0000, 0x0000, 0x0000, 0x0000, 0x0000, 0x0000, 0x0000, 0x0000, 0x0000, 0x0000, 0x0000, 0x0000,
  0x0000, 0x0000, 0x0020, 0x0841, 0x20E3, 0x39A5, 0x4A48, 0x52A9, 0x5289, 0x5289, 0x5289, 0x5289,
  0x5289, 0x52A9, 0x5AA9, 0x5AA9, 0x5AA9, 0x5289, 0x5289, 0x5289, 0x5289, 0x5288, 0x5269, 0x5268,
  0x5268, 0x4A27, 0x41E6, 0x4A27, 0x5268, 0x62E9, 0x944E, 0xA4AF, 0xA48E, 0x8BCA, 0x838A, 0x8BAA,
  0x8BAA, 0x8BAA, 0x8B89, 0x8389, 0x8B89, 0x8B89, 0x8B89, 0x8B89, 0x8B89, 0x8389, 0x8389, 0x83AA,
  0x9C6E, 0x3164, 0x0000, 0x0000, 0x0000, 0x0000, 0x0000, 0x0000, 0x0000, 0x0000, 0x0000, 0x0000,
  0x0000, 0x0000, 0x0000, 0x0000, 0x0000, 0x0000, 0x0000, 0x0000, 0x0000, 0x0000, 0x0000, 0x0000,
  0x0000, 0x0000, 0x0000, 0x0000, 0x0000, 0x0000, 0x0000, 0x0000, 0x0000, 0x0000, 0x0000, 0x0000,
  0x0000, 0x0000, 0x0000, 0x0000, 0x0000, 0x0000, 0x0000, 0x0000, 0x0000, 0x0000, 0x0000, 0x0000,
  0x0020, 0x18E2, 0x39C5, 0x4A47, 0x6B0A, 0x942E, 0xB531, 0xCDD4, 0xCE15, 0xCE36, 0xCE16, 0xCE36,
  0xCE36, 0xCE36, 0xD636, 0xD636, 0xD636, 0xD636, 0xCE36, 0xCE35, 0xCE15, 0xCE15, 0xCE15, 0xCE15,
  0xCDF5, 0xCE15, 0xC5D4, 0xBD72, 0xBD51, 0xACF0, 0xA4AE, 0x9C4D, 0x8BCB, 0x8369, 0x8369, 0x8369,
  0x8369, 0x8369, 0x8389, 0x8389, 0x8369, 0x8B89, 0x8B89, 0x8B89, 0x8389, 0x8389, 0x8369, 0x7B69,
  0x8BCB, 0x6B09, 0x0861, 0x0000, 0x0000, 0x0000, 0x0000, 0x0000, 0x0000, 0x0000, 0x0000, 0x0000,
  0x0000, 0x0000, 0x0000, 0x0000, 0x0000, 0x0000, 0x0000, 0x0000, 0x0000, 0x0000, 0x0000, 0x0000,
  0x0000, 0x0000, 0x0000, 0x0000, 0x0000, 0x0000, 0x0000, 0x0000, 0x0000, 0x0000, 0x0000, 0x0000,
  0x0000, 0x0000, 0x0000, 0x0000, 0x0000, 0x0000, 0x0000, 0x0000, 0x0000, 0x0000, 0x0020, 0x18C2,
  0x39C6, 0x5288, 0x8BED, 0xACD0, 0xACF0, 0xACF0, 0xACF0, 0xACCF, 0xA48E, 0xA48E, 0xA48F, 0xA48F,
  0xA4AF, 0xA4AF, 0xA4AF, 0xACD0, 0xACCF, 0xACD0, 0xACD0, 0xACF0, 0xACF0, 0xACCF, 0xACCF, 0xACCF,
  0xACF0, 0xACCF, 0xB4F0, 0xACCF, 0xA4AE, 0x9C4D, 0x8BCB, 0x7B69, 0x7B29, 0x7B29, 0x7B28, 0x7B28,
  0x7B48, 0x8349, 0x7B49, 0x7B49, 0x7B49, 0x8369, 0x8389, 0x8369, 0x8369, 0x8389, 0x8389, 0x7B69,
  0x83AA, 0x7B6A, 0x18A2, 0x0000, 0x0000, 0x0000, 0x0000, 0x0000, 0x0000, 0x0000, 0x0000, 0x0000,
  0x0000, 0x0000, 0x0000, 0x0000, 0x0000, 0x0000, 0x0000, 0x0000, 0x0000, 0x0000, 0x0000, 0x0000,
  0x0000, 0x0000, 0x0000, 0x0000, 0x0000, 0x0000, 0x0000, 0x0000, 0x0000, 0x0000, 0x0000, 0x0000,
  0x0000, 0x0000, 0x0000, 0x0000, 0x0000, 0x0000, 0x0000, 0x0000, 0x0000, 0x0020, 0x2923, 0x4A47,
  0x7B8C, 0x9C4E, 0xA48F, 0xA48E, 0x9C4D, 0x93EC, 0x83AA, 0x838A, 0x7B69, 0x7B49, 0x7B29, 0x7B29,
  0x7329, 0x7B49, 0x7B49, 0x7B49, 0x7B69, 0x7B6A, 0x7B6A, 0x838A, 0x838A, 0x838A, 0x838A, 0x838A,
  0x838A, 0x838A, 0x838A, 0x838A, 0x838A, 0x7B69, 0x7B49, 0x7B28, 0x7B28, 0x7B28, 0x7B28, 0x7B28,
  0x7B28, 0x7B28, 0x7B28, 0x7B28, 0x7B28, 0x7B48, 0x7B49, 0x8369, 0x8369, 0x8369, 0x8389, 0x8389,
  0x838A, 0x8BEC, 0x2923, 0x0000, 0x0000, 0x0000, 0x0000, 0x0000, 0x0000, 0x0000, 0x0000, 0x0000,
  0x0000, 0x0000, 0x0000, 0x0000, 0x0000, 0x0000, 0x0000, 0x0000, 0x0000, 0x0000, 0x0000, 0x0000,
  0x0000, 0x0000, 0x0000, 0x0000, 0x0000, 0x0000, 0x0000, 0x0000, 0x0000, 0x0000, 0x0000, 0x0000,
  0x0000, 0x0000, 0x0000, 0x0000, 0x0000, 0x0000, 0x0000, 0x0000, 0x0020, 0x2103, 0x5247, 0x83CC,
  0x9C6E, 0x9C6E, 0x8BEC, 0x838A, 0x7B69, 0x7B49, 0x7B69, 0x7B49, 0x7B49, 0x7B49, 0x7B49, 0x7B28,
  0x7B28, 0x7B28, 0x7B28, 0x7B49, 0x7B49, 0x7B49, 0x7B49, 0x8369, 0x8369, 0x7B69, 0x8369, 0x8369,
  0x8369, 0x8369, 0x8369, 0x8369, 0x8369, 0x7B49, 0x7B49, 0x8349, 0x7B28, 0x7B28, 0x7B28, 0x7B28,
  0x7B28, 0x7B28, 0x7B28, 0x7B28, 0x7B28, 0x7B28, 0x7B48, 0x7B48, 0x7B48, 0x7B48, 0x8369, 0x8389,
  0x838A, 0x8BCB, 0x4A06, 0x0000, 0x0000, 0x0000, 0x0000, 0x0000, 0x0000, 0x0000, 0x0000, 0x0000,
  0x0000, 0x0000, 0x0000, 0x0000, 0x0000, 0x0000, 0x0000, 0x0000, 0x0000, 0x0000, 0x0000, 0x0000,
  0x0000, 0x0000, 0x0000, 0x0000, 0x0000, 0x0000, 0x0000, 0x0000, 0x0000, 0x0000, 0x0000, 0x0000,
  0x0000, 0x0000, 0x0000, 0x0000, 0x0000, 0x0000, 0x0000, 0x0000, 0x18C2, 0x4A06, 0x7B8B, 0x942D,
  0x8BEC, 0x7B8A, 0x7B49, 0x7B49, 0x7B49, 0x7B49, 0x8369, 0x8349, 0x7B49, 0x7B48, 0x7B48, 0x7B48,
  0x7B28, 0x7B48, 0x7B28, 0x7B28, 0x7B48, 0x7B28, 0x7B48, 0x7B49, 0x7B49, 0x7B48, 0x7B48, 0x7B48,
  0x7B48, 0x7B48, 0x7B48, 0x7B48, 0x8349, 0x8349, 0x7B48, 0x7B28, 0x7B28, 0x7B28, 0x7B28, 0x7328,
  0x7B28, 0x7B28, 0x7328, 0x7B28, 0x7B28, 0x7B28, 0x7B28, 0x7B28, 0x7B28, 0x7B28, 0x7B28, 0x7B48,
  0x8369, 0x83AB, 0x5267, 0x0840, 0x0000, 0x0000, 0x0000, 0x0000, 0x0000, 0x0000, 0x0000, 0x0000,
  0x0000, 0x0000, 0x0000, 0x0000, 0x0000, 0x0000, 0x0000, 0x0000, 0x0000, 0x0000, 0x0000, 0x0000,
  0x0000, 0x0000, 0x0000, 0x0000, 0x0000, 0x0000, 0x0000, 0x0000, 0x0000, 0x0000, 0x0000, 0x0000,
  0x0000, 0x0000, 0x0000, 0x0000, 0x0000, 0x0000, 0x0000, 0x0020, 0x2944, 0x736B, 0x944D, 0x8BCB,
  0x7329, 0x7328, 0x7328, 0x7B48, 0x7B49, 0x7B28, 0x7B28, 0x7B48, 0x7B48, 0x7B48, 0x7B28, 0x7B48,
  0x7B48, 0x7B28, 0x7B28, 0x7B28, 0x7B28, 0x7B28, 0x7B28, 0x7B28, 0x7B48, 0x7B28, 0x7B28, 0x7B28,
  0x7B28, 0x7B28, 0x7B28, 0x7308, 0x7B28, 0x7B28, 0x7B28, 0x7B28, 0x7328, 0x7308, 0x7328, 0x7328,
  0x7308, 0x7328, 0x7B28, 0x7308, 0x7328, 0x7308, 0x7328, 0x7328, 0x7328, 0x7B28, 0x7328, 0x7328,
  0x7B49, 0x7B6A, 0x5267, 0x1061, 0x0000, 0x0000, 0x0000, 0x0000, 0x0000, 0x0000, 0x0000, 0x0000,
  0x0000, 0x0000, 0x0000, 0x0000, 0x0000, 0x0000, 0x0000, 0x0000, 0x0000, 0x0000, 0x0000, 0x0000,
  0x0000, 0x0000, 0x0000, 0x0000, 0x0000, 0x0000, 0x0000, 0x0000, 0x0000, 0x0000, 0x0000, 0x0000,
  0x0000, 0x0000, 0x0000, 0x0000, 0x0000, 0x0000, 0x0000, 0x1081, 0x41E6, 0x8BEC, 0x8C0C, 0x7B49,
  0x6AE8, 0x72E8, 0x7308, 0x7308, 0x7328, 0x7B28, 0x7328, 0x7B28, 0x7B28, 0x7B28, 0x7B28, 0x7B28,
  0x7B28, 0x7B28, 0x7B28, 0x7B28, 0x7B28, 0x7B28, 0x7B28, 0x7B28, 0x7B28, 0x7B28, 0x7B28, 0x7B28,
  0x7308, 0x7308, 0x7308, 0x7307, 0x72E7, 0x7307, 0x7308, 0x7307, 0x7308, 0x7307, 0x7307, 0x7308,
  0x7307, 0x7308, 0x7308, 0x7308, 0x7328, 0x7308, 0x7308, 0x7307, 0x7308, 0x7308, 0x7308, 0x7308,
  0x7B49, 0x7B4A, 0x5246, 0x1081, 0x0000, 0x0000, 0x0000, 0x0000, 0x0000, 0x0000, 0x0000, 0x0000,
  0x0000, 0x0000, 0x0000, 0x0000, 0x0000, 0x0000, 0x0000, 0x0000, 0x0000, 0x0000, 0x0000, 0x0000,
  0x0000, 0x0000, 0x0000, 0x0000, 0x0000, 0x0000, 0x0000, 0x0000, 0x0000, 0x0000, 0x0000, 0x0000,
  0x0000, 0x0000, 0x0000, 0x0000, 0x0000, 0x0000, 0x0000, 0x18C2, 0x62E9, 0x942D, 0x8BCB, 0x7308,
  0x72E8, 0x72E7, 0x7308, 0x7308, 0x7307, 0x72E7, 0x7308, 0x7308, 0x7308, 0x7B28, 0x7308, 0x7B28,
  0x7B28, 0x7B28, 0x7B28, 0x7B28, 0x7B28, 0x7B28, 0x7B28, 0x7B28, 0x7308, 0x7308, 0x7308, 0x7308,
  0x7308, 0x7308, 0x72E7, 0x6AE7, 0x6AE7, 0x6AE7, 0x72E7, 0x72E7, 0x6AE7, 0x72E7, 0x72E7, 0x7307,
  0x7308, 0x72E7, 0x7308, 0x7308, 0x7308, 0x7308, 0x7308, 0x7308, 0x7307, 0x7307, 0x7308, 0x7308,
  0x7329, 0x7329, 0x4A06, 0x1061, 0x0000, 0x0000, 0x0000, 0x0000, 0x0000, 0x0000, 0x0000, 0x0000,
  0x0000, 0x0000, 0x0000, 0x0000, 0x0000, 0x0000, 0x0000, 0x0000, 0x0000, 0x0000, 0x0000, 0x0000,
  0x0000, 0x0000, 0x0000, 0x0000, 0x0000, 0x0000, 0x0000, 0x0000, 0x0000, 0x0000, 0x0000, 0x0000,
  0x0000, 0x0000, 0x0000, 0x0000, 0x0000, 0x0000, 0x0000, 0x20E2, 0x734A, 0x8C0C, 0x7B6A, 0x6AE8,
  0x7308, 0x7308, 0x72E7, 0x7308, 0x72E7, 0x7307, 0x6AE7, 0x72E7, 0x7308, 0x7308, 0x7308, 0x7307,
  0x7B28, 0x7B28, 0x7B28, 0x7B28, 0x7B28, 0x7B28, 0x7B28, 0x7B28, 0x7308, 0x7308, 0x7308, 0x7308,
  0x7308, 0x72E7, 0x6AE7, 0x6AC7, 0x6AE7, 0x6AE7, 0x6AE7, 0x6AE7, 0x6AC7, 0x6AE7, 0x72E7, 0x72E7,
  0x72E7, 0x72E7, 0x72E7, 0x72E7, 0x72E7, 0x72E7, 0x6AE7, 0x72E7, 0x72E7, 0x6AE7, 0x6AE7, 0x6AE8,
  0x7329, 0x6AE8, 0x3984, 0x0861, 0x0000, 0x0000, 0x0000, 0x0000, 0x0000, 0x0000, 0x0000, 0x0000,
  0x0000, 0x0000, 0x0000, 0x0000, 0x0000, 0x0000, 0x0000, 0x0000, 0x0000, 0x0000, 0x0000, 0x0000,
  0x0000, 0x0000, 0x0000, 0x0000, 0x0000, 0x0000, 0x0000, 0x0000, 0x0000, 0x0000, 0x0000, 0x0000,
  0x0000, 0x0000, 0x0000, 0x0000, 0x0000, 0x0000, 0x0000, 0x2103, 0x7B8B, 0x8BCB, 0x7308, 0x6AC7,
  0x6AE7, 0x72E7, 0x72E7, 0x72E7, 0x72E7, 0x72E7, 0x7308, 0x6AC7, 0x72E7, 0x72E7, 0x72E7, 0x6AE7,
  0x72E7, 0x7307, 0x7307, 0x7307, 0x7B28, 0x7308, 0x7308, 0x7B28, 0x7308, 0x7307, 0x7307, 0x7307,
  0x7308, 0x7308, 0x72E7, 0x6AE7, 0x6AC7, 0x6AE7, 0x6AC7, 0x6AC7, 0x72E7, 0x6AE7, 0x6AE7, 0x72E7,
  0x72E7, 0x6AE7, 0x6AE7, 0x6AE7, 0x72C7, 0x72E7, 0x6AE7, 0x6AC7, 0x72C7, 0x6AC7, 0x6AC7, 0x6B08,
  0x62A7, 0x5267, 0x18C2, 0x0020, 0x0000, 0x0000, 0x0000, 0x0000, 0x0000, 0x0000, 0x0000, 0x0000,
  0x0000, 0x0000, 0x0000, 0x0000, 0x0000, 0x0000, 0x0000, 0x0000, 0x0000, 0x0000, 0x0000, 0x0000,
  0x0000, 0x0000, 0x0000, 0x0000, 0x0000, 0x0000, 0x0000, 0x0000, 0x0000, 0x0000, 0x0000, 0x0000,
  0x0000, 0x0000, 0x0000, 0x0000, 0x0000, 0x0000, 0x0000, 0x2103, 0x83AC, 0x8BEC, 0x6AC8, 0x6AA7,
  0x6AC7, 0x6AE7, 0x72E7, 0x72E7, 0x72E7, 0x6AC7, 0x6AE7, 0x72E7, 0x6AE7, 0x6AE7, 0x6AC7, 0x6AC7,
  0x6AC7, 0x6AC7, 0x72E7, 0x72E7, 0x7307, 0x7307, 0x72E7, 0x72E7, 0x7307, 0x7307, 0x7307, 0x7308,
  0x7307, 0x7308, 0x7308, 0x72E7, 0x6AE7, 0x6AC7, 0x6AC7, 0x6AC7, 0x6AC7, 0x6AC7, 0x6AC7, 0x6AC7,
  0x6AC7, 0x6AC7, 0x6AC7, 0x6AC7, 0x6AC7, 0x6AC7, 0x6AC7, 0x6AE7, 0x6AC7, 0x72E8, 0x7308, 0x6AC8,
  0x62A8, 0x2102, 0x1081, 0x0000, 0x0000, 0x0000, 0x0000, 0x0000, 0x0000, 0x0000, 0x0000, 0x0000,
  0x0000, 0x0000, 0x0000, 0x0000, 0x0000, 0x0000, 0x0000, 0x0000, 0x0000, 0x0000, 0x0000, 0x0000,
  0x0000, 0x0000, 0x0000, 0x0000, 0x0000, 0x0000, 0x0000, 0x0000, 0x0000, 0x0000, 0x0000, 0x0000,
  0x0000, 0x0000, 0x0000, 0x0000, 0x0000, 0x0000, 0x0000, 0x20E2, 0x83CC, 0x942C, 0x6AE8, 0x62A7,
  0x6AA7, 0x6AC7, 0x6AE7, 0x6AC7, 0x6AC7, 0x6AC7, 0x6AC7, 0x6AC7, 0x6AC7, 0x6AE7, 0x6AC7, 0x6AC7,
  0x6AC7, 0x6AE7, 0x6AC7, 0x6AC7, 0x6AE7, 0x72E7, 0x72E7, 0x6AE7, 0x72E7, 0x72E7, 0x6AE7, 0x72E7,
  0x7308, 0x7308, 0x7307, 0x72E7, 0x7308, 0x72E7, 0x6AC7, 0x6AC7, 0x6AC7, 0x6AC7, 0x6AC7, 0x6AC7,
  0x6AC7, 0x62A6, 0x62A6, 0x6AA7, 0x62A6, 0x6AC7, 0x6AA7, 0x6AE7, 0x7308, 0x6AE8, 0x62C8, 0x6AE9,
  0x41C5, 0x18C2, 0x0000, 0x0000, 0x0000, 0x0000, 0x0000, 0x0000, 0x0000, 0x0000, 0x0000, 0x0000,
  0x0000, 0x0000, 0x0000, 0x0000, 0x0000, 0x0000, 0x0000, 0x0000, 0x0000, 0x0000, 0x0000, 0x0000,
  0x0000, 0x0000, 0x0000, 0x0000, 0x0000, 0x0000, 0x0000, 0x0000, 0x0000, 0x0000, 0x0000, 0x0000,
  0x0000, 0x0000, 0x0000, 0x0000, 0x0000, 0x0000, 0x0000, 0x1061, 0x7B6B, 0xA4AE, 0x7328, 0x6AA7,
  0x6AA7, 0x6AA7, 0x6AA7, 0x6AC7, 0x6AA7, 0x62A6, 0x62A6, 0x6AC7, 0x6AA7, 0x6AC7, 0x6AC7, 0x6AC7,
  0x6AC7, 0x6AE7, 0x6AE7, 0x6AC7, 0x6AA7, 0x62A7, 0x6AC7, 0x6AE7, 0x6AE7, 0x72E7, 0x6AE7, 0x6AC7,
  0x6AE7, 0x72E8, 0x7308, 0x7308, 0x7308, 0x7308, 0x72E8, 0x72E8, 0x6AC7, 0x6AE7, 0x6AC7, 0x6AC7,
  0x62C7, 0x6AC7, 0x6AE8, 0x6AE8, 0x7308, 0x6AE7, 0x62A7, 0x5A66, 0x5A66, 0x62A8, 0x5247, 0x3164,
  0x18C2, 0x0840, 0x0000, 0x0000, 0x0000, 0x0000, 0x0000, 0x0000, 0x0000, 0x0000, 0x0000, 0x0000,
  0x0000, 0x0000, 0x0000, 0x0000, 0x0000, 0x0000, 0x0000, 0x0000, 0x0000, 0x0000, 0x0000, 0x0000,
  0x0000, 0x0000, 0x0000, 0x0000, 0x0000, 0x0000, 0x0000, 0x0000, 0x0000, 0x0000, 0x0000, 0x0000,
  0x0000, 0x0000, 0x0000, 0x0000, 0x0000, 0x0000, 0x0000, 0x0000, 0x41E6, 0xA4AF, 0x7B6A, 0x6AC7,
  0x6AA7, 0x6AA7, 0x62A6, 0x62A6, 0x62A6, 0x6AA7, 0x62A6, 0x6AC7, 0x62A6, 0x62A6, 0x62A6, 0x6AC7,
  0x6AC7, 0x6AC7, 0x6AC7, 0x6AC7, 0x7328, 0x6AE7, 0x62A7, 0x62A7, 0x62C7, 0x62A7, 0x62A7, 0x5A87,
  0x5A87, 0x5A87, 0x5A87, 0x62A7, 0x62C8, 0x6AE8, 0x6AC8, 0x62C7, 0x62C7, 0x62C7, 0x62A7, 0x62C7,
  0x62C8, 0x5A87, 0x62A7, 0x62A8, 0x6AE9, 0x6AE9, 0x62C8, 0x5226, 0x3164, 0x18A1, 0x1081, 0x1061,
  0x0020, 0x0000, 0x0000, 0x0000, 0x0000, 0x0000, 0x0000, 0x0000, 0x0000, 0x0000, 0x0000, 0x0000,
  0x0000, 0x0000, 0x0000, 0x0000, 0x0000, 0x0000, 0x0000, 0x0000, 0x0000, 0x0000, 0x0000, 0x0000,
  0x0000, 0x0000, 0x0000, 0x0000, 0x0000, 0x0000, 0x0000, 0x0000, 0x0000, 0x0000, 0x0000, 0x0000,
  0x0000, 0x0000, 0x0000, 0x0000, 0x0000, 0x0000, 0x0000, 0x0000, 0x0860, 0x7B6B, 0x8BCB, 0x6AC7,
  0x62A6, 0x6AA7, 0x6AA6, 0x6AA7, 0x6AA7, 0x6AA7, 0x6AA7, 0x62A6, 0x62A6, 0x62A6, 0x62A6, 0x62A6,
  0x62A7, 0x62A7, 0x6AC7, 0x62A7, 0x5AA7, 0x6B09, 0x6AE8, 0x4A26, 0x41E5, 0x41C5, 0x39C5, 0x3984,
  0x3184, 0x3164, 0x3143, 0x3143, 0x3164, 0x3984, 0x3984, 0x3984, 0x3164, 0x3184, 0x3164, 0x3164,
  0x3984, 0x3984, 0x3984, 0x3164, 0x20C2, 0x18C2, 0x18C2, 0x18A1, 0x1061, 0x0840, 0x0000, 0x0000,
  0x0000, 0x0000, 0x0000, 0x0000, 0x0000, 0x0000, 0x0000, 0x0000, 0x0000, 0x0000, 0x0000, 0x0000,
  0x0000, 0x0000, 0x0000, 0x0000, 0x0000, 0x0000, 0x0000, 0x0000, 0x0000, 0x0000, 0x0000, 0x0000,
  0x0000, 0x0000, 0x0000, 0x0000, 0x0000, 0x0000, 0x0000, 0x0000, 0x0000, 0x0000, 0x0000, 0x0000,
  0x0000, 0x0000, 0x0000, 0x0000, 0x0000, 0x0000, 0x0000, 0x0000, 0x0000, 0x2903, 0x838B, 0x72E8,
  0x62A7, 0x62A6, 0x62A6, 0x62A6, 0x6AA7, 0x62A6, 0x6AA7, 0x6AA7, 0x6AA6, 0x6AA6, 0x62A6, 0x6AA7,
  0x6AA7, 0x6AC7, 0x62A7, 0x62A7, 0x5247, 0x3164, 0x18C2, 0x18A1, 0x1061, 0x0840, 0x0840, 0x0840,
  0x0840, 0x0820, 0x0820, 0x0820, 0x0020, 0x0020, 0x0820, 0x0820, 0x0820, 0x0820, 0x0020, 0x0020,
  0x0020, 0x0820, 0x0820, 0x0820, 0x0020, 0x0000, 0x0000, 0x0000, 0x0000, 0x0000, 0x0000, 0x0000,
  0x0000, 0x0000, 0x0000, 0x0000, 0x0000, 0x0000, 0x0000, 0x0000, 0x0000, 0x0000, 0x0000, 0x0000,
  0x0000, 0x0000, 0x0000, 0x0000, 0x0000, 0x0000, 0x0000, 0x0000, 0x0000, 0x0000, 0x0000, 0x0000,
  0x0000, 0x0000, 0x0000, 0x0000, 0x0000, 0x0000, 0x0000, 0x0000, 0x0000, 0x0000, 0x0000, 0x0000,
  0x0000, 0x0000, 0x0000, 0x0000, 0x0000, 0x0000, 0x0000, 0x0000, 0x0000, 0x0000, 0x4A06, 0x6AE8,
  0x62A7, 0x6286, 0x62A6, 0x6286, 0x62A6, 0x62A6, 0x6286, 0x6286, 0x62A6, 0x62A6, 0x62A6, 0x6AA7,
  0x62A7, 0x6AC7, 0x6AC8, 0x5A67, 0x20E2, 0x1081, 0x0020, 0x0000, 0x0000, 0x0000, 0x0000, 0x0000,
  0x0000, 0x0000, 0x0000, 0x0000, 0x0000, 0x0000, 0x0000, 0x0000, 0x0000, 0x0000, 0x0000, 0x0000,
  0x0000, 0x0000, 0x0000, 0x0000, 0x0000, 0x0000, 0x0000, 0x0000, 0x0000, 0x0000, 0x0000, 0x0000,
  0x0000, 0x0000, 0x0000, 0x0000, 0x0000, 0x0000, 0x0000, 0x0000, 0x0000, 0x0000, 0x0000, 0x0000,
  0x0000, 0x0000, 0x0000, 0x0000, 0x0000, 0x0000, 0x0000, 0x0000, 0x0000, 0x0000, 0x0000, 0x0000,
  0x0000, 0x0000, 0x0000, 0x0000, 0x0000, 0x0000, 0x0000, 0x0000, 0x0000, 0x0000, 0x0000, 0x0000,
  0x0000, 0x0000, 0x0000, 0x0000, 0x0000, 0x0000, 0x0000, 0x0000, 0x0000, 0x0000, 0x1060, 0x62A8,
  0x62A7, 0x6286, 0x6286, 0x6286, 0x6286, 0x6286, 0x6286, 0x6286, 0x6266, 0x6266, 0x5A66, 0x6286,
  0x6286, 0x6287, 0x62A7, 0x41E5, 0x18A1, 0x0000, 0x0000, 0x0000, 0x0000, 0x0000, 0x0000, 0x0000,
  0x0000, 0x0000, 0x0000, 0x0000, 0x0000, 0x0000, 0x0000, 0x0000, 0x0000, 0x0000, 0x0000, 0x0000,
  0x0000, 0x0000, 0x0000, 0x0000, 0x0000, 0x0000, 0x0000, 0x0000, 0x0000, 0x0000, 0x0000, 0x0000,
  0x0000, 0x0000, 0x0000, 0x0000, 0x0000, 0x0000, 0x0000, 0x0000, 0x0000, 0x0000, 0x0000, 0x0000,
  0x0000, 0x0000, 0x0000, 0x0000, 0x0000, 0x0000, 0x0000, 0x0000, 0x0000, 0x0000, 0x0000, 0x0000,
  0x0000, 0x0000, 0x0000, 0x0000, 0x0000, 0x0000, 0x0000, 0x0000, 0x0000, 0x0000, 0x0000, 0x0000,
  0x0000, 0x0000, 0x0000, 0x0000, 0x0000, 0x0000, 0x0000, 0x0000, 0x0000, 0x0000, 0x0000, 0x2903,
  0x6287, 0x6287, 0x6286, 0x6286, 0x6266, 0x6266, 0x6266, 0x5A66, 0x5A66, 0x5A66, 0x5A66, 0x5A66,
  0x5A66, 0x5A66, 0x5A87, 0x3984, 0x1061, 0x0000, 0x0000, 0x0000, 0x0000, 0x0000, 0x0000, 0x0000,
  0x0000, 0x0000, 0x0000, 0x0000, 0x0000, 0x0000, 0x0000, 0x0000, 0x0000, 0x0000, 0x0000, 0x0000,
  0x0000, 0x0000, 0x0000, 0x0000, 0x0000, 0x0000, 0x0000, 0x0000, 0x0000, 0x0000, 0x0000, 0x0000,
  0x0000, 0x0000, 0x0000, 0x0000, 0x0000, 0x0000, 0x0000, 0x0000, 0x0000, 0x0000, 0x0000, 0x0000,
  0x0000, 0x0000, 0x0000, 0x0000, 0x0000, 0x0000, 0x0000, 0x0000, 0x0000, 0x0000, 0x0000, 0x0000,
  0x0000, 0x0000, 0x0000, 0x0000, 0x0000, 0x0000, 0x0000, 0x0000, 0x0000, 0x0000, 0x0000, 0x0000,
  0x0000, 0x0000, 0x0000, 0x0000, 0x0000, 0x0000, 0x0000, 0x0000, 0x0000, 0x0000, 0x0000, 0x0000,
  0x4A06, 0x5A87, 0x5A66, 0x5A66, 0x5A66, 0x5A66, 0x5A66, 0x5A66, 0x5A66, 0x5A66, 0x5A46, 0x5A46,
  0x5A46, 0x5A46, 0x5A87, 0x39A4, 0x0840, 0x0000, 0x0000, 0x0000, 0x0000, 0x0000, 0x0000, 0x0000,
  0x0000, 0x0000, 0x0000, 0x0000, 0x0000, 0x0000, 0x0000, 0x0000, 0x0000, 0x0000, 0x0000, 0x0000,
  0x0000, 0x0000, 0x0000, 0x0000, 0x0000, 0x0000, 0x0000, 0x0000, 0x0000, 0x0000, 0x0000, 0x0000,
  0x0000, 0x0000, 0x0000, 0x0000, 0x0000, 0x0000, 0x0000, 0x0000, 0x0000, 0x0000, 0x0000, 0x0000,
  0x0000, 0x0000, 0x0000, 0x0000, 0x0000, 0x0000, 0x0000, 0x0000, 0x0000, 0x0000, 0x0000, 0x0000,
  0x0000, 0x0000, 0x0000, 0x0000, 0x0000, 0x0000, 0x0000, 0x0000, 0x0000, 0x0000, 0x0000, 0x0000,
  0x0000, 0x0000, 0x0000, 0x0000, 0x0000, 0x0000, 0x0000, 0x0000, 0x0000, 0x0000, 0x0000, 0x0000,
  0x0840, 0x5A67, 0x5A66, 0x5A46, 0x5A45, 0x5A45, 0x5A45, 0x5A66, 0x5A66, 0x5A66, 0x5A66, 0x5A46,
  0x5A66, 0x5A46, 0x5A86, 0x49E5, 0x1061, 0x0000, 0x0000, 0x0000, 0x0000, 0x0000, 0x0000, 0x0000,
  0x0000, 0x0000, 0x0000, 0x0000, 0x0000, 0x0000, 0x0000, 0x0000, 0x0000, 0x0000, 0x0000, 0x0000,
  0x0000, 0x0000, 0x0000, 0x0000, 0x0000, 0x0000, 0x0000, 0x0000, 0x0000, 0x0000, 0x0000, 0x0000,
  0x0000, 0x0000, 0x0000, 0x0000, 0x0000, 0x0000, 0x0000, 0x0000, 0x0000, 0x0000, 0x0000, 0x0000,
  0x0000, 0x0000, 0x0000, 0x0000, 0x0000, 0x0000, 0x0000, 0x0000, 0x0000, 0x0000, 0x0000, 0x0000,
  0x0000, 0x0000, 0x0000, 0x0000, 0x0000, 0x0000, 0x0000, 0x0000, 0x0000, 0x0000, 0x0000, 0x0000,
  0x0000, 0x0000, 0x0000, 0x0000, 0x0000, 0x0000, 0x0000, 0x0000, 0x0000, 0x0000, 0x0000, 0x0000,
  0x0000, 0x2103, 0x5246, 0x5225, 0x5225, 0x5A45, 0x5A45, 0x5A45, 0x5A45, 0x5A46, 0x5A66, 0x5A66,
  0x5A46, 0x5A66, 0x5A66, 0x62C8, 0x18A1, 0x0000, 0x0000, 0x0000, 0x0000, 0x0000, 0x0000, 0x0000,
  0x0000, 0x0000, 0x0000, 0x0000, 0x0000, 0x0000, 0x0000, 0x0000, 0x0000, 0x0000, 0x0000, 0x0000,
  0x0000, 0x0000, 0x0000, 0x0000, 0x0000, 0x0000, 0x0000, 0x0000, 0x0000, 0x0000, 0x0000, 0x0000,
  0x0000, 0x0000, 0x0000, 0x0000, 0x0000, 0x0000, 0x0000, 0x0000, 0x0000, 0x0000, 0x0000, 0x0000,
  0x0000, 0x0000, 0x0000, 0x0000, 0x0000, 0x0000, 0x0000, 0x0000, 0x0000, 0x0000, 0x0000, 0x0000,
  0x0000, 0x0000, 0x0000, 0x0000, 0x0000, 0x0000, 0x0000, 0x0000, 0x0000, 0x0000, 0x0000, 0x0000,
  0x0000, 0x0000, 0x0000, 0x0000, 0x0000, 0x0000, 0x0000, 0x0000, 0x0000, 0x0000, 0x0000, 0x0000,
  0x0000, 0x0000, 0x41C5, 0x5246, 0x5225, 0x5225, 0x5225, 0x5A45, 0x5A45, 0x5A45, 0x5A45, 0x5A45,
  0x5A66, 0x5A66, 0x5A66, 0x5A87, 0x5A88, 0x0020, 0x0000, 0x0000, 0x0000, 0x0000, 0x0000, 0x0000,
  0x0000, 0x0000, 0x0000, 0x0000, 0x0000, 0x0000, 0x0000, 0x0000, 0x0000, 0x0000, 0x0000, 0x0000,
  0x0000, 0x0000, 0x0000, 0x0000, 0x0000, 0x0000, 0x0000, 0x0000, 0x0000, 0x0000, 0x0000, 0x0000,
  0x0000, 0x0000, 0x0000, 0x0000, 0x0000, 0x0000, 0x0000, 0x0000, 0x0000, 0x0000, 0x0000, 0x0000,
  0x0000, 0x0000, 0x0000, 0x0000, 0x0000, 0x0000, 0x0000, 0x0000, 0x0000, 0x0000, 0x0000, 0x0000,
  0x0000, 0x0000, 0x0000, 0x0000, 0x0000, 0x0000, 0x0000, 0x0000, 0x0000, 0x0000, 0x0000, 0x0000,
  0x0000, 0x0000, 0x0000, 0x0000, 0x0000, 0x0000, 0x0000, 0x0000, 0x0000, 0x0000, 0x0000, 0x0000,
  0x0000, 0x0000, 0x0000, 0x5267, 0x5A46, 0x5225, 0x5225, 0x5225, 0x5225, 0x5225, 0x5245, 0x5225,
  0x5A45, 0x5A45, 0x5A45, 0x5A66, 0x62C8, 0x2923, 0x0000, 0x0000, 0x0000, 0x0000, 0x0000, 0x0000,
  0x0000, 0x0000, 0x0000, 0x0000, 0x0000, 0x0000, 0x0000, 0x0000, 0x0000, 0x0000, 0x0000, 0x0000,
  0x0000, 0x0000, 0x0000, 0x0000, 0x0000, 0x0000, 0x0000, 0x0000, 0x0000, 0x0000, 0x0000, 0x0000,
  0x0000, 0x0000, 0x0000, 0x0000, 0x0000, 0x0000, 0x0000, 0x0000, 0x0000, 0x0000, 0x0000, 0x0000,
  0x0000, 0x0000, 0x0000, 0x0000, 0x0000, 0x0000, 0x0000, 0x0000, 0x0000, 0x0000, 0x0000, 0x0000,
  0x0000, 0x0000, 0x0000, 0x0000, 0x0000, 0x0000, 0x0000, 0x0000, 0x0000, 0x0000, 0x0000, 0x0000,
  0x0000, 0x0000, 0x0000, 0x0000, 0x0000, 0x0000, 0x0000, 0x0000, 0x0000, 0x0000, 0x0000, 0x0000,
  0x0000, 0x0000, 0x0000, 0x1061, 0x5A88, 0x5A66, 0x5225, 0x5225, 0x5225, 0x5225, 0x5225, 0x5225,
  0x5225, 0x5225, 0x5A45, 0x5225, 0x5225, 0x6AE8, 0x0840, 0x0000, 0x0000, 0x0000, 0x0000, 0x0000,
  0x0000, 0x0000, 0x0000, 0x0000, 0x0000, 0x0000, 0x0000, 0x0000, 0x0000, 0x0000, 0x0000, 0x0000,
  0x0000, 0x0000, 0x0000, 0x0000, 0x0000, 0x0000, 0x0000, 0x0000, 0x0000, 0x0000, 0x0000, 0x0000,
  0x0000, 0x0000, 0x0000, 0x0000, 0x0000, 0x0000, 0x0000, 0x0000, 0x0000, 0x0000, 0x0000, 0x0000,
  0x0000, 0x0000, 0x0000, 0x0000, 0x0000, 0x0000, 0x0000, 0x0000, 0x0000, 0x0000, 0x0000, 0x0000,
  0x0000, 0x0000, 0x0000, 0x0000, 0x0000, 0x0000, 0x0000, 0x0000, 0x0000, 0x0000, 0x0000, 0x0000,
  0x0000, 0x0000, 0x0000, 0x0000, 0x0000, 0x0000, 0x0000, 0x0000, 0x0000, 0x0000, 0x0000, 0x0000,
  0x0000, 0x0000, 0x0000, 0x0000, 0x2923, 0x5A67, 0x5A66, 0x5225, 0x5225, 0x5225, 0x5225, 0x5205,
  0x5205, 0x5225, 0x5225, 0x5225, 0x5205, 0x5225, 0x62C8, 0x0020, 0x0000, 0x0000, 0x0000, 0x0000,
  0x0000, 0x0000, 0x0000, 0x0000, 0x0000, 0x0000, 0x0000, 0x0000, 0x0000, 0x0000, 0x0000, 0x0000,
  0x0000, 0x0000, 0x0000, 0x0000, 0x0000, 0x0000, 0x0000, 0x0000, 0x0000, 0x0000, 0x0000, 0x0000,
  0x0000, 0x0000, 0x0000, 0x0000, 0x0000, 0x0000, 0x0000, 0x0000, 0x0000, 0x0000, 0x0000, 0x0000,
  0x0000, 0x0000, 0x0000, 0x0000, 0x0000, 0x0000, 0x0000, 0x0000, 0x0000, 0x0000, 0x0000, 0x0000,
  0x0000, 0x0000, 0x0000, 0x0000, 0x0000, 0x0000, 0x0000, 0x0000, 0x0000, 0x0000, 0x0000, 0x0000,
  0x0000, 0x0000, 0x0000, 0x0000, 0x0000, 0x0000, 0x0000, 0x0000, 0x0000, 0x0000, 0x0000, 0x0000,
  0x0000, 0x0000, 0x0000, 0x0000, 0x0000, 0x4A06, 0x5247, 0x5225, 0x5205, 0x5205, 0x5205, 0x5205,
  0x5205, 0x5205, 0x5205, 0x5205, 0x5205, 0x5205, 0x5225, 0x5A87, 0x0020, 0x0000, 0x0000, 0x0000,
  0x0000, 0x0000, 0x0000, 0x0000, 0x0000, 0x0000, 0x0000, 0x0000, 0x0000, 0x0000, 0x0000, 0x0000,
  0x0000, 0x0000, 0x0000, 0x0000, 0x0000, 0x0000, 0x0000, 0x0000, 0x0000, 0x0000, 0x0000, 0x0000,
  0x0000, 0x0000, 0x0000, 0x0000, 0x0000, 0x0000, 0x0000, 0x0000, 0x0000, 0x0000, 0x0000, 0x0000,
  0x0000, 0x0000, 0x0000, 0x0000, 0x0000, 0x0000, 0x0000, 0x0000, 0x0000, 0x0000, 0x0000, 0x0000,
  0x0000, 0x0000, 0x0000, 0x0000, 0x0000, 0x0000, 0x0000, 0x0000, 0x0000, 0x0000, 0x0000, 0x0000,
  0x0000, 0x0000, 0x0000, 0x0000, 0x0000, 0x0000, 0x0000, 0x0000, 0x0000, 0x0000, 0x0000, 0x0000,
  0x0000, 0x0000, 0x0000, 0x0000, 0x0000, 0x0000, 0x62C9, 0x4A26, 0x49E5, 0x49E5, 0x4A05, 0x4A05,
  0x4A05, 0x4A05, 0x5205, 0x4A05, 0x5205, 0x5205, 0x4A05, 0x5A66, 0x5267, 0x0000, 0x0000, 0x0000,
  0x0000, 0x0000, 0x0000, 0x0000, 0x0000, 0x0000, 0x0000, 0x0000, 0x0000, 0x0000, 0x0000, 0x0000,
  0x0000, 0x0000, 0x0000, 0x0000, 0x0000, 0x0000, 0x0000, 0x0000, 0x0000, 0x0000, 0x0000, 0x0000,
  0x0000, 0x0000, 0x0000, 0x0000, 0x0000, 0x0000, 0x0000, 0x0000, 0x0000, 0x0000, 0x0000, 0x0000,
  0x0000, 0x0000, 0x0000, 0x0000, 0x0000, 0x0000, 0x0000, 0x0000, 0x0000, 0x0000, 0x0000, 0x0000,
  0x0000, 0x0000, 0x0000, 0x0000, 0x0000, 0x0000, 0x0000, 0x0000, 0x0000, 0x0000, 0x0000, 0x0000,
  0x0000, 0x0000, 0x0000, 0x0000, 0x0000, 0x0000, 0x0000, 0x0000, 0x0000, 0x0000, 0x0000, 0x0000,
  0x0000, 0x0000, 0x0000, 0x0000, 0x0000, 0x0000, 0x0000, 0x7B6B, 0x4A05, 0x41C4, 0x49E4, 0x49E4,
  0x49E4, 0x49E4, 0x4A05, 0x4A05, 0x4A05, 0x5205, 0x4A05, 0x4A05, 0x6AE8, 0x4A26, 0x0000, 0x0000,
  0x0000, 0x0000, 0x0000, 0x0000, 0x0000, 0x0000, 0x0000, 0x0000, 0x0000, 0x0000, 0x0000, 0x0000,
  0x0000, 0x0000, 0x0000, 0x0000, 0x0000, 0x0000, 0x0000, 0x0000, 0x0000, 0x0000, 0x0000, 0x0000,
  0x0000, 0x0000, 0x0000, 0x0000, 0x0000, 0x0000, 0x0000, 0x0000, 0x0000, 0x0000, 0x0000, 0x0000,
  0x0000, 0x0000, 0x0000, 0x0000, 0x0000, 0x0000, 0x0000, 0x0000, 0x0000, 0x0000, 0x0000, 0x0000,
  0x0000, 0x0000, 0x0000, 0x0000, 0x0000, 0x0000, 0x0000, 0x0000, 0x0000, 0x0000, 0x0000, 0x0000,
  0x0000, 0x0000, 0x0000, 0x0000, 0x0000, 0x0000, 0x0000, 0x0000, 0x0000, 0x0000, 0x0000, 0x0000,
  0x0000, 0x0000, 0x0000, 0x0000, 0x0000, 0x0000, 0x0000, 0x0000, 0x83CC, 0x4A05, 0x41C4, 0x49E4,
  0x49E4, 0x49E4, 0x49E4, 0x49E4, 0x49E4, 0x4A05, 0x4A05, 0x4A05, 0x49E5, 0x7B6A, 0x3984, 0x0000,
  0x0000, 0x0000, 0x0000, 0x0000, 0x0000, 0x0000, 0x0000, 0x0000, 0x0000, 0x0000, 0x0000, 0x0000,
  0x0000, 0x0000, 0x0000, 0x0000, 0x0000, 0x0000, 0x0000, 0x0000, 0x0000, 0x0000, 0x0000, 0x0000,
  0x0000, 0x0000, 0x0000, 0x0000, 0x0000, 0x0000, 0x0000, 0x0000, 0x0000, 0x0000, 0x0000, 0x0000,
  0x0000, 0x0000, 0x0000, 0x0000, 0x0000, 0x0000, 0x0000, 0x0000, 0x0000, 0x0000, 0x0000, 0x0000,
  0x0000, 0x0000, 0x0000, 0x0000, 0x0000, 0x0000, 0x0000, 0x0000, 0x0000, 0x0000, 0x0000, 0x0000,
  0x0000, 0x0000, 0x0000, 0x0000, 0x0000, 0x0000, 0x0000, 0x0000, 0x0000, 0x0000, 0x0000, 0x0000,
  0x0000, 0x0000, 0x0000, 0x0000, 0x0000, 0x0000, 0x0000, 0x0000, 0x0020, 0x8BEC, 0x5225, 0x41C4,
  0x49E4, 0x49E4, 0x49E4, 0x49E4, 0x49E4, 0x49E4, 0x49E4, 0x49E4, 0x4A05, 0x41C4, 0x8BEC, 0x2923,
  0x0000, 0x0000, 0x0000, 0x0000, 0x0000, 0x0000, 0x0000, 0x0000, 0x0000, 0x0000, 0x0000, 0x0000,
  0x0000, 0x0000, 0x0000, 0x0000, 0x0000, 0x0000, 0x0000, 0x0000, 0x0000, 0x0000, 0x0000, 0x0000,
  0x0000, 0x0000, 0x0000, 0x0000, 0x0000, 0x0000, 0x0000, 0x0000, 0x0000, 0x0000, 0x0000, 0x0000,
  0x0000, 0x0000, 0x0000, 0x0000, 0x0000, 0x0000, 0x0000, 0x0000, 0x0000, 0x0000, 0x0000, 0x0000,
  0x0000, 0x0000, 0x0000, 0x0000, 0x0000, 0x0000, 0x0000, 0x0000, 0x0000, 0x0000, 0x0000, 0x0000,
  0x0000, 0x0000, 0x0000, 0x0000, 0x0000, 0x0000, 0x0000, 0x0000, 0x0000, 0x0000, 0x0000, 0x0000,
  0x0000, 0x0000, 0x0000, 0x0000, 0x0000, 0x0000, 0x0000, 0x0000, 0x0000, 0x1081, 0x7B8B, 0x5225,
  0x41C4, 0x41C4, 0x41C4, 0x41C4, 0x41C4, 0x41C4, 0x41C4, 0x41C4, 0x49E4, 0x49E4, 0x41A4, 0xA46E,
  0x2923, 0x0000, 0x0000, 0x0000, 0x0000, 0x0000, 0x0000, 0x0000, 0x0000, 0x0000, 0x0000, 0x0000,
  0x0000, 0x0000, 0x0000, 0x0000, 0x0000, 0x0000, 0x0000, 0x0000, 0x0000, 0x0000, 0x0000, 0x0000,
  0x0000, 0x0000, 0x0000, 0x0000, 0x0000, 0x0000, 0x0000, 0x0000, 0x0000, 0x0000, 0x0000, 0x0000,
  0x0000, 0x0000, 0x0000, 0x0000, 0x0000, 0x0000, 0x0000, 0x0000, 0x0000, 0x0000, 0x0000, 0x0000,
  0x0000, 0x0000, 0x0000, 0x0000, 0x0000, 0x0000, 0x0000, 0x0000, 0x0000, 0x0000, 0x0000, 0x0000,
  0x0000, 0x0000, 0x0000, 0x0000, 0x0000, 0x0000, 0x0000, 0x0000, 0x0000, 0x0000, 0x0000, 0x0000,
  0x0000, 0x0000, 0x0000, 0x0000, 0x0000, 0x0000, 0x0000, 0x0000, 0x0000, 0x0000, 0x2923, 0x62C8,
  0x4A05, 0x41C4, 0x41C4, 0x41C4, 0x41C4, 0x41C4, 0x41C4, 0x41A4, 0x41C4, 0x41C4, 0x41C4, 0x41A4,
  0xA48E, 0x2923, 0x0000, 0x0000, 0x0000, 0x0000, 0x0000, 0x0000, 0x0000, 0x0000, 0x0000, 0x0000,
  0x0000, 0x0000, 0x0000, 0x0000, 0x0000, 0x0000, 0x0000, 0x0000, 0x0000, 0x0000, 0x0000, 0x0000,
  0x0000, 0x0000, 0x0000, 0x0000, 0x0000, 0x0000, 0x0000, 0x0000, 0x0000, 0x0000, 0x0000, 0x0000,
  0x0000, 0x0000, 0x0000, 0x0000, 0x0000, 0x0000, 0x0000, 0x0000, 0x0000, 0x0000, 0x0000, 0x0000,
  0x0000, 0x0000, 0x0000, 0x0000, 0x0000, 0x0000, 0x0000, 0x0000, 0x0000, 0x0000, 0x0000, 0x0000,
  0x0000, 0x0000, 0x0000, 0x0000, 0x0000, 0x0000, 0x0000, 0x0000, 0x0000, 0x0000, 0x0000, 0x0000,
  0x0000, 0x0000, 0x0000, 0x0000, 0x0000, 0x0000, 0x0000, 0x0000, 0x0000, 0x0000, 0x0000, 0x4A06,
  0x5226, 0x41C4, 0x41A4, 0x41A4, 0x39A3, 0x39A3, 0x41A4, 0x41A4, 0x41A4, 0x41A4, 0x41A4, 0x41C4,
  0x41C4, 0xA4AE, 0x3143, 0x0000, 0x0000, 0x0000, 0x0000, 0x0000, 0x0000, 0x0000, 0x0000, 0x0000,
  0x0000, 0x0000, 0x0000, 0x0000, 0x0000, 0x0000, 0x0000, 0x0000, 0x0000, 0x0000, 0x0000, 0x0000,
  0x0000, 0x0000, 0x0000, 0x0000, 0x0000, 0x0000, 0x0000, 0x0000, 0x0000, 0x0000, 0x0000, 0x0000,
  0x0000, 0x0000, 0x0000, 0x0000, 0x0000, 0x0000, 0x0000, 0x0000, 0x0000, 0x0000, 0x0000, 0x0000,
  0x0000, 0x0000, 0x0000, 0x0000, 0x0000, 0x0000, 0x0000, 0x0000, 0x0000, 0x0000, 0x0000, 0x0000,
  0x0000, 0x0000, 0x0000, 0x0000, 0x0000, 0x0000, 0x0000, 0x0000, 0x0000, 0x0000, 0x0000, 0x0000,
  0x0000, 0x0000, 0x0000, 0x0000, 0x0000, 0x0000, 0x0000, 0x0000, 0x0000, 0x0000, 0x0000, 0x0000,
  0x62EA, 0x41C5, 0x3983, 0x3983, 0x3983, 0x3983, 0x3983, 0x3983, 0x41A4, 0x41A4, 0x41A4, 0x41A4,
  0x41C4, 0x4A05, 0xACF0, 0x2923, 0x0000, 0x0000, 0x0000, 0x0000, 0x0000, 0x0000, 0x0000, 0x0000,
  0x0000, 0x0000, 0x0000, 0x0000, 0x0000, 0x0000, 0x0000, 0x0000, 0x0000, 0x0000, 0x0000, 0x0000,
  0x0000, 0x0000, 0x0000, 0x0000, 0x0000, 0x0000, 0x0000, 0x0000, 0x0000, 0x0000, 0x0000, 0x0000,
  0x0000, 0x0000, 0x0000, 0x0000, 0x0000, 0x0000, 0x0000, 0x0000, 0x0000, 0x0000, 0x0000, 0x0000,
  0x0000, 0x0000, 0x0000, 0x0000, 0x0000, 0x0000, 0x0000, 0x0000, 0x0000, 0x0000, 0x0000, 0x0000,
  0x0000, 0x0000, 0x0000, 0x0000, 0x0000, 0x0000, 0x0000, 0x0000, 0x0000, 0x0000, 0x0000, 0x0000,
  0x0000, 0x0000, 0x0000, 0x0000, 0x0000, 0x0000, 0x0000, 0x0000, 0x0000, 0x0000, 0x0000, 0x0000,
  0x0000, 0x7BAC, 0x41A4, 0x3963, 0x3983, 0x3983, 0x3983, 0x3983, 0x3983, 0x3983, 0x3983, 0x41A4,
  0x41A4, 0x41A4, 0x5A46, 0xB531, 0x1081, 0x0000, 0x0000, 0x0000, 0x0000, 0x0000, 0x0000, 0x0000,
  0x0000, 0x0000, 0x0000, 0x0000, 0x0000, 0x0000, 0x0000, 0x0000, 0x0000, 0x0000, 0x0000, 0x0000,
  0x0000, 0x0000, 0x0000, 0x0000, 0x0000, 0x0000, 0x0000, 0x0000, 0x0000, 0x0000, 0x0000, 0x0000,
  0x0000, 0x0000, 0x0000, 0x0000, 0x0000, 0x0000, 0x0000, 0x0000, 0x0000, 0x0000, 0x0000, 0x0000,
  0x0000, 0x0000, 0x0000, 0x0000, 0x0000, 0x0000, 0x0000, 0x0000, 0x0000, 0x0000, 0x0000, 0x0000,
  0x0000, 0x0000, 0x0000, 0x0000, 0x0000, 0x0000, 0x0000, 0x0000, 0x0000, 0x0000, 0x0000, 0x0000,
  0x0000, 0x0000, 0x0000, 0x0000, 0x0000, 0x0000, 0x0000, 0x0000, 0x0000, 0x0000, 0x0000, 0x0000,
  0x0000, 0x0000, 0x7BAC, 0x41A4, 0x3963, 0x3963, 0x3963, 0x3963, 0x3963, 0x3963, 0x3983, 0x3983,
  0x3983, 0x39A3, 0x39A3, 0x62C7, 0xB551, 0x0840, 0x0000, 0x0000, 0x0000, 0x0000, 0x0000, 0x0000,
  0x0000, 0x0000, 0x0000, 0x0000, 0x0000, 0x0000, 0x0000, 0x0000, 0x0000, 0x0000, 0x0000, 0x0000,
  0x0000, 0x0000, 0x0000, 0x0000, 0x0000, 0x0000, 0x0000, 0x0000, 0x0000, 0x0000, 0x0000, 0x0000,
  0x0000, 0x0000, 0x0000, 0x0000, 0x0000, 0x0000, 0x0000, 0x0000, 0x0000, 0x0000, 0x0000, 0x0000,
  0x0000, 0x0000, 0x0000, 0x0000, 0x0000, 0x0000, 0x0000, 0x0000, 0x0000, 0x0000, 0x0000, 0x0000,
  0x0000, 0x0000, 0x0000, 0x0000, 0x0000, 0x0000, 0x0000, 0x0000, 0x0000, 0x0000, 0x0000, 0x0000,
  0x0000, 0x0000, 0x0000, 0x0000, 0x0000, 0x0000, 0x0000, 0x0000, 0x0000, 0x0000, 0x0000, 0x0000,
  0x0000, 0x0000, 0x0000, 0x734B, 0x41A4, 0x3163, 0x3163, 0x3963, 0x3963, 0x3963, 0x3963, 0x3983,
  0x3963, 0x3983, 0x3983, 0x3963, 0x7329, 0xB551, 0x1081, 0x0020, 0x0000, 0x0020, 0x0020, 0x0020,
  0x0020, 0x0020, 0x0020, 0x0020, 0x0020, 0x0020, 0x0020, 0x0020, 0x0020, 0x0020, 0x0020, 0x0020,
  0x0020, 0x0020, 0x0020, 0x0020, 0x0020, 0x0020, 0x0020, 0x0020, 0x0020, 0x0020, 0x0020, 0x0020,
  0x0020, 0x0020, 0x0020, 0x0020, 0x0020, 0x0020, 0x0020, 0x0020, 0x0020, 0x0020, 0x0020, 0x0020,
  0x0020, 0x0020, 0x0020, 0x0020, 0x0020, 0x0020, 0x0020, 0x0020, 0x0000, 0x0000, 0x0000, 0x0000,
  0x0000, 0x0000, 0x0000, 0x0000, 0x0000, 0x0000, 0x0000, 0x0000, 0x0000, 0x0000, 0x0000, 0x0000,
  0x0000, 0x0000, 0x0000, 0x0000, 0x0000, 0x0000, 0x0000, 0x0000, 0x0000, 0x0000, 0x0000, 0x0000,
  0x0000, 0x0000, 0x0000, 0x0840, 0x62C9, 0x41C4, 0x3163, 0x3963, 0x3963, 0x3983, 0x3963, 0x3963,
  0x3983, 0x3983, 0x3983, 0x3983, 0x3963, 0x7B49, 0xC5B2, 0x5247, 0x4A06, 0x4207, 0x4A47, 0x5268,
  0x5288, 0x5AA9, 0x5AA9, 0x5AAA, 0x5ACA, 0x5ACA, 0x5AA9, 0x5AA9, 0x5AA9, 0x5AA9, 0x5289, 0x5288,
  0x5288, 0x5268, 0x5268, 0x5268, 0x5288, 0x5288, 0x5288, 0x5288, 0x5288, 0x5289, 0x5AA9, 0x5AA9,
  0x5AA9, 0x5288, 0x5288, 0x5268, 0x5268, 0x5268, 0x5268, 0x5268, 0x5268, 0x5268, 0x5289, 0x5268,
  0x5268, 0x5268, 0x5268, 0x5268, 0x5268, 0x5268, 0x5268, 0x5268, 0x4A48, 0x4A28, 0x4207, 0x4207,
  0x39E7, 0x10A2, 0x0000, 0x0000, 0x0000, 0x0000, 0x0000, 0x0000, 0x0000, 0x0000, 0x0000, 0x0000,
  0x0000, 0x0000, 0x0000, 0x0000, 0x0000, 0x0000, 0x0000, 0x0000, 0x0000, 0x0000, 0x0000, 0x0000,
  0x0000, 0x0000, 0x0000, 0x0000, 0x18A2, 0x5247, 0x41A4, 0x3963, 0x3983, 0x3983, 0x3983, 0x3963,
  0x3983, 0x3983, 0x3983, 0x3983, 0x3983, 0x3983, 0x62A7, 0xC572, 0xB531, 0xB552, 0xB552, 0xBD93,
  0xC5D4, 0xC5D4, 0xCDF5, 0xCDF5, 0xCDF5, 0xCE15, 0xCDF5, 0xC5D5, 0xC5D5, 0xC5D5, 0xC5D5, 0xC5D4,
  0xBD94, 0xC5B4, 0xC5B4, 0xC5B4, 0xC5B4, 0xC5B4, 0xC5D4, 0xC5B4, 0xC5D4, 0xC5D4, 0xC5D5, 0xC5D5,
  0xCDF5, 0xC5F5, 0xC5F5, 0xC5D4, 0xC5B4, 0xC5B4, 0xC5B4, 0xC5B4, 0xC5D4, 0xC5B4, 0xC5B4, 0xC5B4,
  0xC5B4, 0xC5B4, 0xC5B4, 0xBD94, 0xC5B4, 0xC5B4, 0xC5B4, 0xC5D4, 0xC5D4, 0xBD93, 0xBD73, 0xB532,
  0xAD12, 0xA4F2, 0x18C2, 0x0000, 0x0000, 0x0000, 0x0000, 0x0000, 0x0000, 0x0000, 0x0000, 0x0000,
  0x0000, 0x0000, 0x0000, 0x0000, 0x0000, 0x0000, 0x0000, 0x0000, 0x0000, 0x0000, 0x0000, 0x0000,
  0x0000, 0x0000, 0x0000, 0x0000, 0x0000, 0x2923, 0x41C5, 0x3984, 0x3963, 0x3963, 0x3963, 0x3963,
  0x3963, 0x3963, 0x3963, 0x3963, 0x3963, 0x3963, 0x3963, 0x41A4, 0x62C8, 0x7329, 0x7329, 0x734A,
  0x734A, 0x734A, 0x734A, 0x734B, 0x732A, 0x732A, 0x732A, 0x6B0A, 0x6B0A, 0x6B0A, 0x732A, 0x732A,
  0x6B0A, 0x6B09, 0x6B09, 0x6B0A, 0x6B0A, 0x732A, 0x732A, 0x732A, 0x732A, 0x734A, 0x734A, 0x734B,
  0x734B, 0x7B6B, 0x7B6B, 0x7B6B, 0x7B6B, 0x734B, 0x734B, 0x734B, 0x734B, 0x7B6B, 0x734B, 0x732A,
  0x732A, 0x732A, 0x732A, 0x732A, 0x732A, 0x734A, 0x734A, 0x734B, 0x7B6B, 0x7B6B, 0x7B6B, 0x7B6B,
  0x734A, 0x736B, 0x944F, 0x0820, 0x0000, 0x0000, 0x0000, 0x0000, 0x0000, 0x0000, 0x0000, 0x0000,
  0x0000, 0x0000, 0x0000, 0x0000, 0x0000, 0x0000, 0x0000, 0x0000, 0x0000, 0x0000, 0x0000, 0x0000,
  0x0000, 0x0000, 0x0000, 0x0000, 0x0000, 0x0000, 0x41C6, 0x3984, 0x3963, 0x3963, 0x3963, 0x3143,
  0x3963, 0x3963, 0x3163, 0x3143, 0x3143, 0x3143, 0x3143, 0x3163, 0x3163, 0x3963, 0x3963, 0x3983,
  0x3984, 0x3984, 0x3984, 0x3984, 0x3984, 0x3984, 0x3964, 0x3963, 0x3163, 0x3163, 0x3163, 0x3163,
  0x3963, 0x3163, 0x3163, 0x3963, 0x3963, 0x3963, 0x3963, 0x3963, 0x3984, 0x3984, 0x3984, 0x41A4,
  0x41A4, 0x41A4, 0x41A4, 0x41A4, 0x41A4, 0x41A4, 0x41A4, 0x39A4, 0x3984, 0x3964, 0x3984, 0x3984,
  0x3984, 0x3964, 0x3964, 0x3964, 0x3964, 0x3964, 0x3984, 0x3984, 0x41A4, 0x41A4, 0x41C5, 0x41C5,
  0x41C5, 0x41C4, 0x5226, 0x734B, 0x0020, 0x0000, 0x0000, 0x0000, 0x0000, 0x0000, 0x0000, 0x0000,
  0x0000, 0x0000, 0x0000, 0x0000, 0x0000, 0x0000, 0x0000, 0x0000, 0x0000, 0x0000, 0x0000, 0x0000,
  0x0000, 0x0000, 0x0000, 0x0000, 0x0000, 0x0000, 0x0000, 0x5268, 0x3164, 0x3143, 0x3963, 0x3963,
  0x3143, 0x3143, 0x3143, 0x3143, 0x3143, 0x3143, 0x3143, 0x3143, 0x3163, 0x3163, 0x3963, 0x3963,
  0x3963, 0x3983, 0x3983, 0x3983, 0x3963, 0x3963, 0x3963, 0x3963, 0x3963, 0x3163, 0x3163, 0x3143,
  0x3163, 0x3963, 0x3163, 0x3163, 0x3963, 0x3963, 0x3963, 0x3963, 0x3963, 0x3963, 0x3963, 0x3983,
  0x3984, 0x3983, 0x3983, 0x3983, 0x3983, 0x3983, 0x3983, 0x3984, 0x3984, 0x3963, 0x3963, 0x3963,
  0x3963, 0x3963, 0x3963, 0x3963, 0x3963, 0x3963, 0x3963, 0x3963, 0x3983, 0x3984, 0x41A4, 0x41A4,
  0x41C4, 0x41C4, 0x41A4, 0x62A8, 0x62A8, 0x0020, 0x0000, 0x0000, 0x0000, 0x0000, 0x0000, 0x0000,
  0x0000, 0x0000, 0x0000, 0x0000, 0x0000, 0x0000, 0x0000, 0x0000, 0x0000, 0x0000, 0x0000, 0x0000,
  0x0000, 0x0000, 0x0000, 0x0000, 0x0000, 0x0000, 0x0000, 0x0000, 0x5AA9, 0x3163, 0x3143, 0x3143,
  0x3143, 0x3143, 0x3143, 0x3143, 0x3143, 0x3143, 0x3143, 0x3143, 0x3143, 0x3143, 0x3163, 0x3163,
  0x3963, 0x3963, 0x3963, 0x3963, 0x3963, 0x3963, 0x3963, 0x3963, 0x3163, 0x3163, 0x3163, 0x3163,
  0x3143, 0x3143, 0x3163, 0x3163, 0x3963, 0x3963, 0x3963, 0x3963, 0x3963, 0x3963, 0x3963, 0x3963,
  0x3963, 0x3963, 0x3963, 0x3963, 0x3963, 0x3963, 0x3983, 0x3963, 0x3983, 0x3963, 0x3963, 0x3963,
  0x3963, 0x3963, 0x3963, 0x3963, 0x3963, 0x3963, 0x3963, 0x3963, 0x3963, 0x3963, 0x3983, 0x41A4,
  0x41A4, 0x41A4, 0x41A4, 0x3984, 0x734A, 0x5247, 0x0000, 0x0000, 0x0000, 0x0000, 0x0000, 0x0000,
  0x0000, 0x0000, 0x0000, 0x0000, 0x0000, 0x0000, 0x0000, 0x0000, 0x0000, 0x0000, 0x0000, 0x0000,
  0x0000, 0x0000, 0x0000, 0x0000, 0x0000, 0x0000, 0x0000, 0x0000, 0x0000, 0x5A88, 0x3164, 0x2923,
  0x3143, 0x3143, 0x3143, 0x3143, 0x3123, 0x3142, 0x3142, 0x3143, 0x3143, 0x3143, 0x3143, 0x3163,
  0x3143, 0x3963, 0x3963, 0x3963, 0x3963, 0x3143, 0x3143, 0x3143, 0x3143, 0x3143, 0x3143, 0x3143,
  0x3143, 0x3143, 0x3143, 0x3163, 0x3963, 0x3963, 0x3963, 0x3963, 0x3963, 0x3963, 0x3963, 0x3963,
  0x3963, 0x3963, 0x3963, 0x3963, 0x3963, 0x3963, 0x3963, 0x3963, 0x3963, 0x3963, 0x3963, 0x3963,
  0x3963, 0x3963, 0x3963, 0x3963, 0x3963, 0x3963, 0x3963, 0x3963, 0x3963, 0x3963, 0x3963, 0x3963,
  0x3983, 0x3983, 0x41A4, 0x41A4, 0x3963, 0x8BEC, 0x4A27, 0x0000, 0x0000, 0x0000, 0x0000, 0x0000,
  0x0000, 0x0000, 0x0000, 0x0000, 0x0000, 0x0000, 0x0000, 0x0000, 0x0000, 0x0000, 0x0000, 0x0000,
  0x0000, 0x0000, 0x0000, 0x0000, 0x0000, 0x0000, 0x0000, 0x0000, 0x0000, 0x0000, 0x5247, 0x3984,
  0x3143, 0x3143, 0x3143, 0x3143, 0x3143, 0x3143, 0x3123, 0x3123, 0x3123, 0x3143, 0x3143, 0x3143,
  0x3143, 0x3163, 0x3143, 0x3143, 0x3963, 0x3143, 0x3143, 0x3143, 0x3143, 0x3143, 0x3143, 0x3143,
  0x3143, 0x3143, 0x3143, 0x3163, 0x3143, 0x3963, 0x3963, 0x3963, 0x3963, 0x3963, 0x3963, 0x3963,
  0x3963, 0x3963, 0x3963, 0x3963, 0x3963, 0x3963, 0x3963, 0x3963, 0x3963, 0x3963, 0x3963, 0x3963,
  0x3963, 0x3963, 0x3963, 0x3963, 0x3163, 0x3163, 0x3963, 0x3963, 0x3963, 0x3963, 0x3963, 0x3963,
  0x3983, 0x3963, 0x3983, 0x3983, 0x3984, 0x3143, 0x9C6E, 0x5267, 0x0000, 0x0000, 0x0000, 0x0000,
  0x0000, 0x0000, 0x0000, 0x0000, 0x0000, 0x0000, 0x0000, 0x0000, 0x0000, 0x0000, 0x0000, 0x0000,
  0x0000, 0x0000, 0x0000, 0x0000, 0x0000, 0x0000, 0x0000, 0x0000, 0x0000, 0x0000, 0x0000, 0x41E6,
  0x3984, 0x3143, 0x3143, 0x3143, 0x3143, 0x3143, 0x3143, 0x3143, 0x3143, 0x3123, 0x3143, 0x3143,
  0x3143, 0x3143, 0x3143, 0x3143, 0x3143, 0x3143, 0x3143, 0x3143, 0x3143, 0x3143, 0x3143, 0x3143,
  0x3143, 0x3143, 0x3143, 0x3163, 0x3143, 0x3143, 0x3143, 0x3143, 0x3143, 0x3963, 0x3963, 0x3963,
  0x3963, 0x3963, 0x3963, 0x3963, 0x3963, 0x3963, 0x3143, 0x3963, 0x3163, 0x3963, 0x3963, 0x3963,
  0x3963, 0x3963, 0x3963, 0x3143, 0x3143, 0x3163, 0x3163, 0x3963, 0x3143, 0x3963, 0x3963, 0x3963,
  0x3963, 0x3963, 0x3963, 0x3963, 0x3963, 0x3963, 0x2923, 0xA4AF, 0x5267, 0x0000, 0x0000, 0x0000,
  0x0000, 0x0000, 0x0000, 0x0000, 0x0000, 0x0000, 0x0000, 0x0000, 0x0000, 0x0000, 0x0000, 0x0000,
  0x0000, 0x0000, 0x0000, 0x0000, 0x0000, 0x0000, 0x0000, 0x0000, 0x0000, 0x0000, 0x0000, 0x1061,
  0x39A5, 0x3163, 0x3143, 0x3143, 0x3143, 0x3143, 0x3123, 0x3143, 0x3143, 0x3143, 0x3142, 0x3143,
  0x3143, 0x3143, 0x3143, 0x3143, 0x3143, 0x3143, 0x3143, 0x3143, 0x3143, 0x3143, 0x3143, 0x3143,
  0x3143, 0x3143, 0x3143, 0x3143, 0x3143, 0x3143, 0x3143, 0x3963, 0x3143, 0x3163, 0x3963, 0x3963,
  0x3963, 0x3963, 0x3963, 0x3963, 0x3163, 0x3143, 0x3963, 0x3963, 0x3963, 0x3963, 0x3963, 0x3963,
  0x3963, 0x3143, 0x3943, 0x3143, 0x3143, 0x3143, 0x3143, 0x3143, 0x3143, 0x3143, 0x3963, 0x3943,
  0x3143, 0x3143, 0x3143, 0x3143, 0x3143, 0x3143, 0x3163, 0x2922, 0xA4CF, 0x4A27, 0x0000, 0x0000,
  0x0000, 0x0000, 0x0000, 0x0000, 0x0000, 0x0000, 0x0000, 0x0000, 0x0000, 0x0000, 0x0000, 0x0000,
  0x0000, 0x0000, 0x0000, 0x0000, 0x0000, 0x0000, 0x0000, 0x0000, 0x0000, 0x0000, 0x0000, 0x0000,
  0x20E2, 0x3143, 0x3143, 0x2922, 0x2922, 0x2922, 0x2922, 0x3123, 0x3123, 0x3123, 0x3143, 0x3142,
  0x3143, 0x3143, 0x3143, 0x3143, 0x3143, 0x3143, 0x3143, 0x3143, 0x3143, 0x3143, 0x3143, 0x3143,
  0x3143, 0x3143, 0x3143, 0x3143, 0x3143, 0x3143, 0x3143, 0x3143, 0x3143, 0x3963, 0x3963, 0x3963,
  0x3963, 0x3963, 0x3963, 0x3963, 0x3963, 0x3163, 0x3963, 0x3943, 0x3963, 0x3963, 0x3963, 0x3143,
  0x3963, 0x3143, 0x3143, 0x3943, 0x3143, 0x3143, 0x3143, 0x3143, 0x3963, 0x3143, 0x3143, 0x3143,
  0x3143, 0x3143, 0x3143, 0x3143, 0x3143, 0x3143, 0x3143, 0x3143, 0x3163, 0xA4AF, 0x41E6, 0x0000,
  0x0000, 0x0000, 0x0000, 0x0000, 0x0000, 0x0000, 0x0000, 0x0000, 0x0000, 0x0000, 0x0000, 0x0000,
  0x0000, 0x0000, 0x0000, 0x0000, 0x0000, 0x0000, 0x0000, 0x0000, 0x0000, 0x0000, 0x0000, 0x0000,
  0x0000, 0x3164, 0x2923, 0x2922, 0x2922, 0x2922, 0x2922, 0x2922, 0x2922, 0x2922, 0x3123, 0x3122,
  0x3122, 0x3122, 0x3142, 0x3143, 0x3143, 0x3143, 0x3143, 0x3143, 0x3143, 0x3143, 0x3143, 0x3143,
  0x3143, 0x3143, 0x3143, 0x3143, 0x3143, 0x3143, 0x3143, 0x3143, 0x3143, 0x3143, 0x3143, 0x3963,
  0x3143, 0x3143, 0x3143, 0x3143, 0x3963, 0x3963, 0x3963, 0x3963, 0x3943, 0x3943, 0x3143, 0x3143,
  0x3143, 0x3143, 0x3143, 0x3963, 0x3143, 0x3143, 0x3963, 0x3963, 0x3143, 0x3143, 0x3963, 0x3143,
  0x3143, 0x3963, 0x3963, 0x3943, 0x3143, 0x3143, 0x3143, 0x3143, 0x3143, 0x41E5, 0x9C8F, 0x3985,
  0x0000, 0x0000, 0x0000, 0x0000, 0x0000, 0x0000, 0x0000, 0x0000, 0x0000, 0x0000, 0x0000, 0x0000,
  0x0000, 0x0000, 0x0000, 0x0000, 0x0000, 0x0000, 0x0000, 0x0000, 0x0000, 0x0000, 0x0000, 0x0000,
  0x0000, 0x0000, 0x39C5, 0x2923, 0x2922, 0x3123, 0x3123, 0x3123, 0x2922, 0x3123, 0x3123, 0x3123,
  0x2922, 0x3142, 0x3142, 0x3143, 0x3143, 0x3143, 0x3143, 0x3123, 0x3123, 0x3143, 0x3143, 0x3143,
  0x3143, 0x3143, 0x3143, 0x3143, 0x3143, 0x3143, 0x3143, 0x3143, 0x3143, 0x3143, 0x3143, 0x3143,
  0x3143, 0x3143, 0x3143, 0x3963, 0x3143, 0x3963, 0x3963, 0x3143, 0x3143, 0x3143, 0x3143, 0x3143,
  0x3143, 0x3143, 0x3143, 0x3143, 0x3143, 0x3143, 0x3143, 0x3143, 0x3143, 0x3963, 0x3963, 0x3963,
  0x3963, 0x3963, 0x3963, 0x3963, 0x3963, 0x3963, 0x3143, 0x3963, 0x3163, 0x3163, 0x62C8, 0x9C6E,
  0x2103, 0x0000, 0x0000, 0x0000, 0x0000, 0x0000, 0x0000, 0x0000, 0x0000, 0x0000, 0x0000, 0x0000,
  0x0000, 0x0000, 0x0000, 0x0000, 0x0000, 0x0000, 0x0000, 0x0000, 0x0000, 0x0000, 0x0000, 0x0000,
  0x0000, 0x0000, 0x0000, 0x41E6, 0x3163, 0x3143, 0x3143, 0x3143, 0x3143, 0x3143, 0x3143, 0x3143,
  0x3143, 0x3143, 0x3143, 0x3143, 0x3143, 0x3143, 0x3143, 0x3143, 0x3123, 0x3123, 0x3123, 0x3123,
  0x3143, 0x3143, 0x3143, 0x3143, 0x3143, 0x3143, 0x3143, 0x3143, 0x3143, 0x3143, 0x3943, 0x3143,
  0x3143, 0x3143, 0x3143, 0x3143, 0x3163, 0x3163, 0x3163, 0x3143, 0x3142, 0x3142, 0x3142, 0x3142,
  0x3142, 0x3142, 0x3142, 0x3142, 0x3142, 0x3142, 0x3142, 0x3142, 0x3143, 0x3963, 0x3963, 0x3963,
  0x3963, 0x3963, 0x3963, 0x3963, 0x3963, 0x3963, 0x3963, 0x3963, 0x3963, 0x3963, 0x3143, 0x83AB,
  0x942D, 0x1061, 0x0000, 0x0000, 0x0000, 0x0000, 0x0000, 0x0000, 0x0000, 0x0000, 0x0000, 0x0000,
  0x0000, 0x0000, 0x0000, 0x0000, 0x0000, 0x0000, 0x0000, 0x0000, 0x0000, 0x0000, 0x0000, 0x0000,
  0x0000, 0x0000, 0x0000, 0x0000, 0x2944, 0x2903, 0x2902, 0x2902, 0x2902, 0x2902, 0x2102, 0x2102,
  0x2102, 0x2102, 0x2102, 0x2102, 0x2902, 0x2923, 0x2923, 0x3143, 0x3143, 0x2923, 0x2922, 0x2923,
  0x2922, 0x2923, 0x2923, 0x3123, 0x3143, 0x3143, 0x3143, 0x3143, 0x3143, 0x3163, 0x3163, 0x3963,
  0x3963, 0x3143, 0x3143, 0x3143, 0x3143, 0x3143, 0x3143, 0x3143, 0x3143, 0x3163, 0x3963, 0x3163,
  0x3963, 0x3983, 0x3983, 0x3983, 0x3983, 0x3983, 0x3983, 0x3963, 0x3963, 0x3963, 0x3963, 0x3984,
  0x3963, 0x3963, 0x3963, 0x3963, 0x3963, 0x3963, 0x3963, 0x3963, 0x3143, 0x3143, 0x3143, 0x2922,
  0x8BEC, 0x8BED, 0x0020, 0x0000, 0x0000, 0x0000, 0x0000, 0x0000, 0x0000, 0x0000, 0x0000, 0x0000,
  0x0000, 0x0000, 0x0000, 0x0000, 0x0000, 0x0000, 0x0000, 0x0000, 0x0000, 0x0000, 0x0000, 0x0000,
  0x0000, 0x0000, 0x0000, 0x0000, 0x0000, 0x0840, 0x0840, 0x0840, 0x0840, 0x0820, 0x0840, 0x0820,
  0x0820, 0x0840, 0x0840, 0x0840, 0x0840, 0x1061, 0x1881, 0x18A2, 0x20E2, 0x20E2, 0x20E2, 0x20E2,
  0x20E2, 0x20E2, 0x20E2, 0x20E2, 0x2102, 0x2103, 0x2903, 0x2903, 0x2903, 0x2903, 0x2903, 0x2923,
  0x2923, 0x2923, 0x2923, 0x2903, 0x2102, 0x2102, 0x2102, 0x2102, 0x2903, 0x3143, 0x3984, 0x41C5,
  0x41E5, 0x49E5, 0x4A26, 0x5226, 0x5246, 0x5246, 0x4A06, 0x49E5, 0x41C5, 0x3984, 0x3164, 0x3164,
  0x2943, 0x2923, 0x2923, 0x2903, 0x2103, 0x2103, 0x20E2, 0x20E2, 0x20E2, 0x20E2, 0x20E2, 0x20E2,
  0x20E2, 0x4A26, 0x6B0A, 0x0020, 0x0000, 0x0000, 0x0000, 0x0000, 0x0000, 0x0000, 0x0000, 0x0000,
  0x0000, 0x0000, 0x0000, 0x0000, 0x0000, 0x0000, 0x0000, 0x0000, 0x0000, 0x0000, 0x0000, 0x0000,
  0x0000, 0x0000, 0x0000, 0x0000, 0x0000, 0x0000, 0x0000, 0x0000, 0x0000, 0x0000, 0x0000, 0x0000,
  0x0000, 0x0000, 0x0000, 0x0000, 0x0000, 0x0000, 0x0000, 0x0000, 0x0020, 0x0020, 0x0820, 0x0820,
  0x0820, 0x0820, 0x0020, 0x0020, 0x0820, 0x0820, 0x0820, 0x0820, 0x0820, 0x0820, 0x0820, 0x0820,
  0x0820, 0x0820, 0x0820, 0x0820, 0x0820, 0x0820, 0x0820, 0x0820, 0x0820, 0x0820, 0x0841, 0x1061,
  0x1081, 0x18A1, 0x18A2, 0x18C2, 0x20E2, 0x2103, 0x20E2, 0x18C2, 0x18A2, 0x1081, 0x1061, 0x0861,
  0x0840, 0x0840, 0x0820, 0x0820, 0x0820, 0x0820, 0x0020, 0x0020, 0x0020, 0x0020, 0x0020, 0x0020,
  0x0820, 0x0820, 0x0840, 0x2103, 0x0000, 0x0000, 0x0000, 0x0000, 0x0000, 0x0000, 0x0000, 0x0000,
  0x0000, 0x0000, 0x0000, 0x0000, 0x0000, 0x0000, 0x0000, 0x0000, 0x0000, 0x0000, 0x0000, 0x0000,
  0x0000, 0x0000, 0x0000, 0x0000, 0x0000, 0x0000, 0x0000, 0x0000, 0x0000, 0x0000, 0x0000, 0x0000,
  0x0000, 0x0000, 0x0000, 0x0000, 0x0000, 0x0000, 0x0000, 0x0000, 0x0000, 0x0000, 0x0000, 0x0000,
  0x0000, 0x0000, 0x0000, 0x0000, 0x0000, 0x0000, 0x0000, 0x0000, 0x0000, 0x0000, 0x0000, 0x0000,
  0x0000, 0x0000, 0x0000, 0x0000, 0x0000, 0x0000, 0x0000, 0x0000, 0x0000, 0x0000, 0x0000, 0x0000,
  0x0000, 0x0000, 0x0000, 0x0000, 0x0000, 0x0000, 0x0000, 0x0000, 0x0000, 0x0000, 0x0000, 0x0000,
  0x0000, 0x0000, 0x0000, 0x0000, 0x0000, 0x0000, 0x0000, 0x0000, 0x0000, 0x0000, 0x0000, 0x0000,
  0x0000, 0x0000, 0x0000, 0x0000, 0x0000, 0x0000, 0x0000, 0x0000, 0x0000, 0x0000, 0x0000, 0x0000,
  0x0000, 0x0000, 0x0000, 0x0000, 0x0000, 0x0000, 0x0000, 0x0000, 0x0000, 0x0000, 0x0000, 0x0000,
  0x0000, 0x0000, 0x0000, 0x0000, 0x0000, 0x0000, 0x0000, 0x0000, 0x0000, 0x0000, 0x0000, 0x0000,
  0x0000, 0x0000, 0x0000, 0x0000, 0x0000, 0x0000, 0x0000, 0x0000, 0x0000, 0x0000, 0x0000, 0x0000,
  0x0000, 0x0000, 0x0000, 0x0000, 0x0000, 0x0000, 0x0000, 0x0000, 0x0000, 0x0000, 0x0000, 0x0000,
  0x0000, 0x0000, 0x0000, 0x0000, 0x0000, 0x0000, 0x0000, 0x0000, 0x0000, 0x0000, 0x0000, 0x0000,
  0x0000, 0x0000, 0x0000, 0x0000, 0x0000, 0x0000, 0x0000, 0x0000, 0x0000, 0x0000, 0x0000, 0x0000,
  0x0000, 0x0000, 0x0000, 0x0000, 0x0000, 0x0000, 0x0000, 0x0000, 0x0000, 0x0000, 0x0000, 0x0000,
  0x0000, 0x0000, 0x0000, 0x0000, 0x0000, 0x0000, 0x0000, 0x0000, 0x0000, 0x0000, 0x0000, 0x0000,
  0x0000, 0x0000, 0x0000, 0x0000, 0x0000, 0x0000, 0x0000, 0x0000, 0x0000, 0x0000, 0x0000, 0x0000,
  0x0000, 0x0000, 0x0000, 0x0000, 0x0000, 0x0000, 0x0000, 0x0000, 0x0000, 0x0000, 0x0000, 0x0000,
  0x0000, 0x0000, 0x0000, 0x0000, 0x0000, 0x0000, 0x0000, 0x0000, 0x0000, 0x0000, 0x0000, 0x0000,
  0x0000, 0x0000, 0x0000, 0x0000, 0x0000, 0x0000, 0x0000, 0x0000, 0x0000, 0x0000, 0x0000, 0x0000,
  0x0000, 0x0000, 0x0000, 0x0000, 0x0000, 0x0000, 0x0000, 0x0000, 0x0000, 0x0000, 0x0000, 0x0000,
  0x0000, 0x0000, 0x0000, 0x0000, 0x0000, 0x0000, 0x0000, 0x0000, 0x0000, 0x0000, 0x0000, 0x0000,
  0x0000, 0x0000, 0x0000, 0x0000, 0x0000, 0x0000, 0x0000, 0x0000, 0x0000, 0x0000, 0x0000, 0x0000,
  0x0000, 0x0000, 0x0000, 0x0000, 0x0000, 0x0000, 0x0000, 0x0000, 0x0000, 0x0000, 0x0000, 0x0000,
  0x0000, 0x0000, 0x0000, 0x0000, 0x0000, 0x0000, 0x0000, 0x0000, 0x0000, 0x0000, 0x0000, 0x0000,
  0x0000, 0x0000, 0x0000, 0x0000, 0x0000, 0x0000, 0x0000, 0x0000, 0x0000, 0x0000, 0x0000, 0x0000,
  0x0000, 0x0000, 0x0000, 0x0000, 0x0000, 0x0000, 0x0000, 0x0000, 0x0000, 0x0000, 0x0000, 0x0000,
  0x0000, 0x0000, 0x0000, 0x0000, 0x0000, 0x0000, 0x0000, 0x0000, 0x0000, 0x0000, 0x0000, 0x0000,
  0x0000, 0x0000, 0x0000, 0x0000, 0x0000, 0x0000, 0x0000, 0x0000, 0x0000, 0x0000, 0x0000, 0x0000,
  0x0000, 0x0000, 0x0000, 0x0000, 0x0000, 0x0000, 0x0000, 0x0000, 0x0000, 0x0000, 0x0000, 0x0000,
  0x0000, 0x0000, 0x0000, 0x0000, 0x0000, 0x0000, 0x0000, 0x0000, 0x0000, 0x0000, 0x0000, 0x0000,
  0x0000, 0x0000, 0x0000, 0x0000, 0x0000, 0x0000, 0x0000, 0x0000, 0x0000, 0x0000, 0x0000, 0x0000,
  0x0000, 0x0000, 0x0000, 0x0000, 0x0000, 0x0000, 0x0000, 0x0000, 0x0000, 0x0000, 0x0000, 0x0000,
  0x0000, 0x0000, 0x0000, 0x0000, 0x0000, 0x0000, 0x0000, 0x0000, 0x0000, 0x0000, 0x0000, 0x0000,
  0x0000, 0x0000, 0x0000, 0x0000, 0x0000, 0x0000, 0x0000, 0x0000, 0x0000, 0x0000, 0x0000, 0x0000,
  0x0000, 0x0000, 0x0000, 0x0000, 0x0000, 0x0000, 0x0000, 0x0000, 0x0000, 0x0000, 0x0000, 0x0000,
  0x0000, 0x0000, 0x0000, 0x0000, 0x0000, 0x0000, 0x0000, 0x0000, 0x0000, 0x0000, 0x0000, 0x0000,
  0x0000, 0x0000, 0x0000, 0x0000, 0x0000, 0x0000, 0x0000, 0x0000, 0x0000, 0x0000, 0x0000, 0x0000,
  0x0000, 0x0000, 0x0000, 0x0000, 0x0000, 0x0000, 0x0000, 0x0000, 0x0000, 0x0000, 0x0000, 0x0000,
  0x0000, 0x0000, 0x0000, 0x0000, 0x0000, 0x0000, 0x0000, 0x0000, 0x0000, 0x0000, 0x0000, 0x0000,
  0x0000, 0x0000, 0x0000, 0x0000, 0x0000, 0x0000, 0x0000, 0x0000, 0x0000, 0x0000, 0x0000, 0x0000,
  0x0000, 0x0000, 0x0000, 0x0000, 0x0000, 0x0000, 0x0000, 0x0000, 0x0000, 0x0000, 0x0000, 0x0000,
  0x0000, 0x0000, 0x0000, 0x0000, 0x0000, 0x0000, 0x0000, 0x0000, 0x0000, 0x0000, 0x0000, 0x0000,
  0x0000, 0x0000, 0x0000, 0x0000, 0x0000, 0x0000, 0x0000, 0x0000, 0x0000, 0x0000, 0x0000, 0x0000,
  0x0000, 0x0000, 0x0000, 0x0000, 0x0000, 0x0000, 0x0000, 0x0000, 0x0000, 0x0000, 0x0000, 0x0000,
  0x0000, 0x0000, 0x0000, 0x0000, 0x0000, 0x0000, 0x0000, 0x0000, 0x0000, 0x0000, 0x0000, 0x0000,
  0x0000, 0x0000, 0x0000, 0x0000, 0x0000, 0x0000, 0x0000, 0x0000, 0x0000, 0x0000, 0x0000, 0x0000,
  0x0000, 0x0000, 0x0000, 0x0000, 0x0000, 0x0000, 0x0000, 0x0000, 0x0000, 0x0000, 0x0000, 0x0000,
  0x0000, 0x0000, 0x0000, 0x0000, 0x0000, 0x0000, 0x0000, 0x0000, 0x0000, 0x0000, 0x0000, 0x0000,
  0x0000, 0x0000, 0x0000, 0x0000, 0x0000, 0x0000, 0x0000, 0x0000, 0x0000, 0x0000, 0x0000, 0x0000,
  0x0000, 0x0000, 0x0000, 0x0000, 0x0000, 0x0000, 0x0000, 0x0000, 0x0000, 0x0000, 0x0000, 0x0000,
  0x0000, 0x0000, 0x0000, 0x0000, 0x0000, 0x0000, 0x0000, 0x0000, 0x0000, 0x0000, 0x0000, 0x0000,
  0x0000, 0x0000, 0x0000, 0x0000, 0x0000, 0x0000, 0x0000, 0x0000, 0x0000, 0x0000, 0x0000, 0x0000,
  0x0000, 0x0000, 0x0000, 0x0000, 0x0000, 0x0000, 0x0000, 0x0000, 0x0000, 0x0000, 0x0000, 0x0000,
  0x0000, 0x0000, 0x0000, 0x0000, 0x0000, 0x0000, 0x0000, 0x0000, 0x0000, 0x0000, 0x0000, 0x0000,
  0x0000, 0x0000, 0x0000, 0x0000, 0x0000, 0x0000, 0x0000, 0x0000, 0x0000, 0x0000, 0x0000, 0x0000,
  0x0000, 0x0000, 0x0000, 0x0000, 0x0000, 0x0000, 0x0000, 0x0000, 0x0000, 0x0000, 0x0000, 0x0000,
  0x0000, 0x0000, 0x0000, 0x0000, 0x0000, 0x0000
};
const int img_2_width  = 97;
const int img_2_height = 114;

// img_3  91 x 114  (RGB565)
const uint16_t img_3[] PROGMEM = {
  0x0000, 0x0000, 0x0000, 0x0000, 0x0000, 0x0000, 0x0000, 0x0000, 0x0000, 0x0000, 0x0000, 0x0000,
  0x0000, 0x0000, 0x0000, 0x0000, 0x0000, 0x0000, 0x0000, 0x0000, 0x0000, 0x0000, 0x0000, 0x0000,
  0x0000, 0x0000, 0x0000, 0x0000, 0x0000, 0x0000, 0x0000, 0x0000, 0x0000, 0x0000, 0x0000, 0x0000,
  0x0000, 0x0000, 0x0000, 0x0000, 0x0000, 0x0000, 0x0000, 0x0000, 0x0000, 0x0000, 0x0000, 0x0000,
  0x0000, 0x0000, 0x0000, 0x0000, 0x0000, 0x0000, 0x0000, 0x0000, 0x0000, 0x0000, 0x0000, 0x0000,
  0x0000, 0x0000, 0x0000, 0x0000, 0x0000, 0x0000, 0x0000, 0x0000, 0x0000, 0x0000, 0x0000, 0x0000,
  0x0000, 0x0000, 0x0000, 0x0000, 0x0000, 0x0000, 0x0000, 0x0000, 0x0000, 0x0000, 0x0000, 0x0000,
  0x0000, 0x0000, 0x0000, 0x0000, 0x0000, 0x0000, 0x0000, 0x0000, 0x0000, 0x0000, 0x0000, 0x0000,
  0x0000, 0x0000, 0x0000, 0x0000, 0x0000, 0x0000, 0x0000, 0x0000, 0x0000, 0x0000, 0x0000, 0x0000,
  0x0000, 0x0000, 0x0000, 0x0000, 0x0000, 0x0000, 0x0000, 0x0000, 0x0000, 0x0000, 0x0000, 0x0000,
  0x0000, 0x0000, 0x0000, 0x0000, 0x0000, 0x0000, 0x0000, 0x0000, 0x0000, 0x0000, 0x0000, 0x0000,
  0x0000, 0x0000, 0x0000, 0x0000, 0x0000, 0x0000, 0x0000, 0x0000, 0x0000, 0x0000, 0x0000, 0x0000,
  0x0000, 0x0000, 0x0000, 0x0000, 0x0000, 0x0000, 0x0000, 0x0000, 0x0000, 0x0000, 0x0000, 0x0000,
  0x0000, 0x0000, 0x0000, 0x0000, 0x0000, 0x0000, 0x0000, 0x0000, 0x0000, 0x0000, 0x0000, 0x0000,
  0x0000, 0x0000, 0x0000, 0x0000, 0x0000, 0x0000, 0x0000, 0x0000, 0x0000, 0x0000, 0x0000, 0x0000,
  0x0000, 0x0000, 0x0000, 0x0000, 0x0000, 0x0000, 0x0000, 0x0000, 0x0000, 0x0000, 0x0000, 0x0000,
  0x0000, 0x0000, 0x0000, 0x0000, 0x0000, 0x0000, 0x0000, 0x0000, 0x0000, 0x0000, 0x0000, 0x0000,
  0x0000, 0x0000, 0x0000, 0x0000, 0x0000, 0x0000, 0x0000, 0x0000, 0x0000, 0x0000, 0x0000, 0x0000,
  0x0000, 0x0000, 0x0000, 0x0000, 0x0000, 0x0000, 0x0000, 0x0000, 0x0000, 0x0000, 0x0000, 0x0000,
  0x0000, 0x0000, 0x0000, 0x0000, 0x0000, 0x0000, 0x0000, 0x0000, 0x0000, 0x0000, 0x0000, 0x0000,
  0x0000, 0x0000, 0x0000, 0x0000, 0x0000, 0x0000, 0x0000, 0x0000, 0x0000, 0x0000, 0x0000, 0x0000,
  0x0000, 0x0000, 0x0000, 0x0000, 0x0000, 0x0000, 0x0000, 0x0000, 0x0000, 0x0000, 0x0000, 0x0000,
  0x0000, 0x0000, 0x0000, 0x0000, 0x0000, 0x0000, 0x0000, 0x0000, 0x0000, 0x0000, 0x0000, 0x0000,
  0x0000, 0x0000, 0x0000, 0x0000, 0x0000, 0x0000, 0x0000, 0x0000, 0x0000, 0x0000, 0x0000, 0x0000,
  0x0000, 0x0000, 0x0000, 0x0000, 0x0000, 0x0000, 0x0000, 0x0000, 0x0000, 0x0000, 0x0000, 0x0000,
  0x0000, 0x0000, 0x0000, 0x0000, 0x0000, 0x0000, 0x0000, 0x0000, 0x0000, 0x0000, 0x0000, 0x0000,
  0x0000, 0x0000, 0x0000, 0x0000, 0x0000, 0x0000, 0x0000, 0x0000, 0x0000, 0x0000, 0x0000, 0x0000,
  0x0000, 0x0000, 0x0000, 0x0000, 0x0000, 0x0000, 0x0000, 0x0000, 0x0000, 0x0000, 0x0000, 0x0000,
  0x0000, 0x0000, 0x0000, 0x0000, 0x0000, 0x0000, 0x0000, 0x0000, 0x0000, 0x0000, 0x0000, 0x0000,
  0x0000, 0x0000, 0x0000, 0x0000, 0x0000, 0x0000, 0x0000, 0x0000, 0x0000, 0x0000, 0x0000, 0x0000,
  0x0000, 0x0000, 0x0000, 0x0000, 0x0000, 0x0000, 0x0000, 0x0000, 0x0000, 0x0000, 0x0000, 0x0000,
  0x0000, 0x0000, 0x0000, 0x0000, 0x0000, 0x0000, 0x0000, 0x0000, 0x0000, 0x0000, 0x0000, 0x0000,
  0x0000, 0x0000, 0x0000, 0x0000, 0x0000, 0x0000, 0x0000, 0x0000, 0x0000, 0x0000, 0x0000, 0x0000,
  0x0000, 0x0000, 0x0000, 0x0000, 0x0000, 0x0000, 0x0000, 0x0000, 0x0000, 0x0000, 0x0000, 0x0000,
  0x0000, 0x0000, 0x0000, 0x0000, 0x0000, 0x0000, 0x0000, 0x0000, 0x0000, 0x0000, 0x0000, 0x0000,
  0x0000, 0x0000, 0x0000, 0x0000, 0x0000, 0x0000, 0x0000, 0x0000, 0x0000, 0x0000, 0x0000, 0x0000,
  0x0000, 0x0000, 0x0000, 0x0000, 0x0000, 0x0000, 0x0000, 0x0000, 0x0000, 0x0000, 0x0000, 0x0000,
  0x0000, 0x0000, 0x0000, 0x0000, 0x0000, 0x0000, 0x0000, 0x0000, 0x0000, 0x0000, 0x0000, 0x0000,
  0x0000, 0x0000, 0x0000, 0x0000, 0x0000, 0x0000, 0x0000, 0x0000, 0x0000, 0x0000, 0x0000, 0x0000,
  0x0000, 0x0000, 0x0000, 0x0000, 0x0000, 0x0000, 0x0000, 0x0000, 0x0000, 0x0000, 0x0000, 0x0000,
  0x0000, 0x0000, 0x0000, 0x0000, 0x0000, 0x0000, 0x0000, 0x0000, 0x0000, 0x0000, 0x0000, 0x0000,
  0x0000, 0x0000, 0x0000, 0x0000, 0x0000, 0x0000, 0x0000, 0x0000, 0x0000, 0x0000, 0x0000, 0x0000,
  0x0000, 0x0000, 0x0000, 0x0000, 0x0000, 0x0000, 0x0000, 0x0000, 0x0000, 0x0000, 0x0000, 0x0000,
  0x0000, 0x0000, 0x0000, 0x0000, 0x0000, 0x0000, 0x0000, 0x0000, 0x0000, 0x0000, 0x0000, 0x0000,
  0x0000, 0x0000, 0x0000, 0x0000, 0x0000, 0x0000, 0x0000, 0x0000, 0x0000, 0x0000, 0x0000, 0x0000,
  0x0000, 0x0000, 0x0000, 0x0000, 0x0000, 0x0000, 0x0000, 0x0000, 0x0000, 0x0000, 0x0000, 0x0000,
  0x0000, 0x0000, 0x0000, 0x0000, 0x0000, 0x0000, 0x0000, 0x0000, 0x0000, 0x0000, 0x0000, 0x0000,
  0x0000, 0x0000, 0x0000, 0x0000, 0x0000, 0x0000, 0x0000, 0x0000, 0x0000, 0x0000, 0x0000, 0x0000,
  0x0000, 0x0000, 0x0000, 0x0000, 0x0000, 0x0000, 0x0000, 0x0000, 0x0000, 0x0000, 0x0000, 0x0000,
  0x0000, 0x0000, 0x0000, 0x0000, 0x0000, 0x0000, 0x0000, 0x0000, 0x0000, 0x0000, 0x0000, 0x0000,
  0x0000, 0x0000, 0x0000, 0x0000, 0x0000, 0x0000, 0x0000, 0x0000, 0x0000, 0x0000, 0x0000, 0x0000,
  0x0000, 0x0000, 0x0000, 0x0000, 0x0000, 0x0000, 0x0000, 0x0000, 0x0000, 0x0000, 0x0000, 0x0000,
  0x0000, 0x0000, 0x0000, 0x0000, 0x0000, 0x0000, 0x0000, 0x0000, 0x0000, 0x0000, 0x0000, 0x0000,
  0x0000, 0x0000, 0x0000, 0x0000, 0x0000, 0x0000, 0x0000, 0x0000, 0x0000, 0x0000, 0x0000, 0x0000,
  0x0000, 0x0000, 0x0000, 0x0000, 0x0000, 0x0000, 0x0000, 0x1082, 0x18A2, 0x18A2, 0x18A2, 0x1061,
  0x0841, 0x0840, 0x0840, 0x0020, 0x0020, 0x0020, 0x0020, 0x0020, 0x0020, 0x0020, 0x0020, 0x0020,
  0x0020, 0x0020, 0x0020, 0x0020, 0x0020, 0x0020, 0x0020, 0x0020, 0x0020, 0x0020, 0x0020, 0x0020,
  0x0020, 0x0020, 0x0020, 0x0020, 0x0020, 0x0020, 0x0020, 0x0020, 0x0020, 0x0020, 0x0020, 0x0020,
  0x0020, 0x0020, 0x0020, 0x0020, 0x0000, 0x0000, 0x0000, 0x0000, 0x0000, 0x0000, 0x0000, 0x0000,
  0x0000, 0x0000, 0x0000, 0x0000, 0x0000, 0x0000, 0x0000, 0x0000, 0x0000, 0x0000, 0x0000, 0x0000,
  0x0000, 0x0000, 0x0000, 0x0000, 0x0000, 0x0000, 0x0000, 0x0000, 0x0000, 0x0000, 0x0000, 0x0000,
  0x0000, 0x0000, 0x0000, 0x0000, 0x0000, 0x0000, 0x0000, 0x0000, 0x0000, 0x0000, 0x0000, 0x0000,
  0x0000, 0x2104, 0x83EE, 0x9470, 0x9C91, 0x9C91, 0x8C0F, 0x7BCE, 0x738D, 0x738D, 0x736C, 0x738D,
  0x736C, 0x736C, 0x6B6C, 0x6B4C, 0x6B4C, 0x6B4C, 0x6B4C, 0x6B4C, 0x6B4C, 0x6B4C, 0x6B6C, 0x736C,
  0x6B6C, 0x6B6C, 0x6B6C, 0x736C, 0x6B6C, 0x6B6C, 0x6B6D, 0x6B6C, 0x6B6C, 0x6B6C, 0x736D, 0x6B6C,
  0x6B6C, 0x6B6C, 0x736C, 0x736C, 0x6B6C, 0x6B6C, 0x736C, 0x6B6C, 0x6B6C, 0x630B, 0x5269, 0x39E6,
  0x2944, 0x0841, 0x0020, 0x0020, 0x0000, 0x0000, 0x0000, 0x0000, 0x0000, 0x0000, 0x0000, 0x0000,
  0x0000, 0x0000, 0x0000, 0x0000, 0x0000, 0x0000, 0x0000, 0x0000, 0x0000, 0x0000, 0x0000, 0x0000,
  0x0000, 0x0000, 0x0000, 0x0000, 0x0000, 0x0000, 0x0000, 0x0000, 0x0000, 0x0000, 0x0000, 0x0000,
  0x0000, 0x0000, 0x0000, 0x0000, 0x0000, 0x0000, 0x0000, 0x0000, 0x4A28, 0xDE98, 0xF77B, 0xFF7B,
  0xF75B, 0xF75A, 0xF75A, 0xF75A, 0xEF5A, 0xEF5A, 0xEF5A, 0xEF39, 0xEF39, 0xEF59, 0xEF39, 0xEF39,
  0xEF39, 0xEF39, 0xEF39, 0xEF39, 0xEF39, 0xEF39, 0xEF39, 0xEF39, 0xEF3A, 0xEF5A, 0xEF5A, 0xF75A,
  0xF75A, 0xEF5A, 0xEF5A, 0xF75B, 0xF75B, 0xF75A, 0xF75A, 0xF75A, 0xEF5A, 0xF75A, 0xEF3A, 0xEF3A,
  0xEF39, 0xEF3A, 0xF73A, 0xEF39, 0xE6F8, 0xD677, 0xBDB4, 0xA4F2, 0x7B8D, 0x6B4C, 0x4A69, 0x2104,
  0x0841, 0x0000, 0x0000, 0x0000, 0x0000, 0x0000, 0x0000, 0x0000, 0x0000, 0x0000, 0x0000, 0x0000,
  0x0000, 0x0000, 0x0000, 0x0000, 0x0000, 0x0000, 0x0000, 0x0000, 0x0000, 0x0000, 0x0000, 0x0000,
  0x0000, 0x0000, 0x0000, 0x0000, 0x0000, 0x0000, 0x0000, 0x0000, 0x0000, 0x0000, 0x0000, 0x0000,
  0x0000, 0x0000, 0x0000, 0x4A27, 0xCDF5, 0xDE76, 0xD635, 0xD635, 0xD635, 0xD614, 0xCE14, 0xCE34,
  0xD635, 0xCE34, 0xCE34, 0xCE34, 0xD635, 0xD634, 0xD634, 0xD634, 0xD634, 0xD634, 0xCE14, 0xCE14,
  0xD635, 0xCE34, 0xD635, 0xD635, 0xD635, 0xD655, 0xD655, 0xD655, 0xD655, 0xD635, 0xD655, 0xD655,
  0xD656, 0xD655, 0xD655, 0xD655, 0xD635, 0xD635, 0xD635, 0xCE14, 0xCE14, 0xCE14, 0xCE14, 0xCE14,
  0xCE34, 0xD635, 0xDE76, 0xEEF8, 0xEF19, 0xD657, 0xA4D2, 0x736C, 0x31A6, 0x0841, 0x0000, 0x0000,
  0x0000, 0x0000, 0x0000, 0x0000, 0x0000, 0x0000, 0x0000, 0x0000, 0x0000, 0x0000, 0x0000, 0x0000,
  0x0000, 0x0000, 0x0000, 0x0000, 0x0000, 0x0000, 0x0000, 0x0000, 0x0000, 0x0000, 0x0000, 0x0000,
  0x0000, 0x0000, 0x0000, 0x0000, 0x0000, 0x0000, 0x0000, 0x0000, 0x0000, 0x0000, 0x5AC9, 0xC5D4,
  0xC5D3, 0xC592, 0xC592, 0xC592, 0xC592, 0xC591, 0xC592, 0xC5B2, 0xC5B2, 0xC5B2, 0xC5B2, 0xC5B2,
  0xC5B2, 0xC5B2, 0xC5D2, 0xCDF3, 0xCDD3, 0xC5D2, 0xC5D2, 0xCDD3, 0xCDF3, 0xCDD3, 0xCDD3, 0xC5B2,
  0xCDD2, 0xCDF3, 0xCDD3, 0xCDD2, 0xC5D2, 0xCDD2, 0xCDD3, 0xCDD3, 0xCDD2, 0xCDD2, 0xC5B2, 0xC5B2,
  0xC5B2, 0xC592, 0xC5B2, 0xC5B2, 0xC591, 0xC591, 0xC591, 0xC591, 0xC5B2, 0xC5D3, 0xCDF4, 0xD635,
  0xD655, 0xE6D8, 0xEF3A, 0xBD94, 0x738D, 0x2945, 0x0020, 0x0000, 0x0000, 0x0000, 0x0000, 0x0000,
  0x0000, 0x0000, 0x0000, 0x0000, 0x0000, 0x0000, 0x0000, 0x0000, 0x0000, 0x0000, 0x0000, 0x0000,
  0x0000, 0x0000, 0x0000, 0x0000, 0x0000, 0x0000, 0x0000, 0x0000, 0x0000, 0x0000, 0x0000, 0x0000,
  0x0000, 0x0000, 0x0000, 0x0000, 0x0000, 0x736C, 0xC5B3, 0xC592, 0xC591, 0xC591, 0xC591, 0xC591,
  0xC5B1, 0xC5B1, 0xCDB2, 0xCDD2, 0xCDB2, 0xCDD2, 0xCDD2, 0xCDD2, 0xCDD2, 0xCDF2, 0xCDF2, 0xCDD2,
  0xCDF2, 0xCDF2, 0xCDD2, 0xCDD2, 0xCDD2, 0xCDD2, 0xCDD2, 0xCDB2, 0xCDD2, 0xCDB2, 0xC5B2, 0xCDB2,
  0xCDD2, 0xCDD2, 0xCDD2, 0xCDB2, 0xCDD2, 0xC5B1, 0xCDB2, 0xCDD2, 0xCDB2, 0xCDB2, 0xCDB2, 0xC5B1,
  0xC5B1, 0xC591, 0xC5B1, 0xC5B2, 0xCDB2, 0xC592, 0xC5B2, 0xC5B2, 0xCDF4, 0xD655, 0xE6B8, 0xEF1A,
  0xB554, 0x52A9, 0x0841, 0x0000, 0x0000, 0x0000, 0x0000, 0x0000, 0x0000, 0x0000, 0x0000, 0x0000,
  0x0000, 0x0000, 0x0000, 0x0000, 0x0000, 0x0000, 0x0000, 0x0000, 0x0000, 0x0000, 0x0000, 0x0000,
  0x0000, 0x0000, 0x0000, 0x0000, 0x0000, 0x0000, 0x0000, 0x0000, 0x0000, 0x0000, 0x0000, 0x0000,
  0x840E, 0xC592, 0xC591, 0xC591, 0xC591, 0xC591, 0xC591, 0xC591, 0xCDB1, 0xCDB1, 0xCDB1, 0xCDD2,
  0xCDD2, 0xCDD2, 0xCDF2, 0xCDF2, 0xD5F2, 0xCDF2, 0xCDF2, 0xCDD2, 0xD5F2, 0xD5F2, 0xD5F2, 0xCDD2,
  0xCDD2, 0xCDF2, 0xCDD2, 0xCDD2, 0xCDD2, 0xCDD2, 0xCDD2, 0xCDD2, 0xCDB1, 0xCDD2, 0xCDB1, 0xCDB2,
  0xCDB1, 0xCDB2, 0xCDB1, 0xCDD2, 0xCDB1, 0xCDB1, 0xCDB1, 0xCDB1, 0xCDB1, 0xCDB1, 0xCDB1, 0xCDD2,
  0xC5B1, 0xC5B2, 0xCDD2, 0xCDD2, 0xC5B2, 0xCDF4, 0xD635, 0xE6D8, 0xD678, 0x6B4C, 0x0861, 0x0000,
  0x0000, 0x0000, 0x0000, 0x0000, 0x0000, 0x0000, 0x0000, 0x0000, 0x0000, 0x0000, 0x0000, 0x0000,
  0x0000, 0x0000, 0x0000, 0x0000, 0x0000, 0x0000, 0x0000, 0x0000, 0x0000, 0x0000, 0x0000, 0x0000,
  0x0000, 0x0000, 0x0000, 0x0000, 0x0000, 0x0000, 0x0000, 0x946F, 0xC5B2, 0xC5B1, 0xC591, 0xC591,
  0xCDB1, 0xC591, 0xCDB1, 0xCDB1, 0xCDB1, 0xCDB1, 0xCDD2, 0xCDD2, 0xCDD2, 0xCDF2, 0xCDD2, 0xD5F2,
  0xCDF2, 0xCDF2, 0xCDF2, 0xD5F2, 0xCDF2, 0xD5F2, 0xD5F2, 0xCDF2, 0xCDF2, 0xCDD2, 0xCDD2, 0xCDD2,
  0xD5F2, 0xCDD2, 0xCDD2, 0xCDB2, 0xCDB1, 0xCDB1, 0xCDB1, 0xCDB1, 0xCDD2, 0xCDD2, 0xCDD2, 0xCDB1,
  0xCDB2, 0xCDB2, 0xC5B1, 0xCDB1, 0xCDB1, 0xCDB1, 0xCDB1, 0xCDB1, 0xCDB1, 0xCDD2, 0xCDB1, 0xC5B2,
  0xCDB2, 0xC592, 0xC5D3, 0xDE97, 0xE6D9, 0x6B4C, 0x0841, 0x0000, 0x0000, 0x0000, 0x0000, 0x0000,
  0x0000, 0x0000, 0x0000, 0x0000, 0x0000, 0x0000, 0x0000, 0x0000, 0x0000, 0x0000, 0x0000, 0x0000,
  0x0000, 0x0000, 0x0000, 0x0000, 0x0000, 0x0000, 0x0000, 0x0000, 0x0000, 0x0000, 0x0000, 0x0000,
  0x0000, 0x0000, 0xA4D0, 0xC5B3, 0xC5B1, 0xCDB2, 0xC591, 0xCDB1, 0xCDB1, 0xCDD1, 0xCDB1, 0xCDB1,
  0xCDB1, 0xCDD2, 0xCDD2, 0xCDD2, 0xCDD2, 0xCDD2, 0xCDD1, 0xCDD2, 0xCDD1, 0xCDD2, 0xCDD2, 0xCDD2,
  0xD5F2, 0xD5F2, 0xCDF2, 0xCDF2, 0xD5F2, 0xCDF2, 0xCDF2, 0xD5F2, 0xD5F2, 0xCDD2, 0xCDD1, 0xCDB1,
  0xCDB1, 0xCDD2, 0xCDB1, 0xCDB1, 0xCDD2, 0xCDB1, 0xCDB1, 0xCDB2, 0xCDB1, 0xCDB1, 0xCDB1, 0xCDB1,
  0xCDB1, 0xCDB1, 0xCDB1, 0xCDB1, 0xC5B1, 0xCDB1, 0xCDB1, 0xCDB2, 0xC5B1, 0xC592, 0xCDD3, 0xE697,
  0xE6F9, 0x5AEA, 0x0020, 0x0000, 0x0000, 0x0000, 0x0000, 0x0000, 0x0000, 0x0000, 0x0000, 0x0000,
  0x0000, 0x0000, 0x0000, 0x0000, 0x0000, 0x0000, 0x0000, 0x0000, 0x0000, 0x0000, 0x0000, 0x0000,
  0x0000, 0x0000, 0x0000, 0x0000, 0x0000, 0x0000, 0x0000, 0x0000, 0x0861, 0xAD11, 0xC5D3, 0xC5B2,
  0xCDB2, 0xCDB1, 0xCDB1, 0xCDB2, 0xCDD1, 0xCDB1, 0xCDD1, 0xCDD1, 0xCDD2, 0xCDB1, 0xCDB1, 0xCDB1,
  0xCDB1, 0xCDB1, 0xCDD1, 0xCDD1, 0xCDD2, 0xCDD2, 0xCDD2, 0xCDF2, 0xCDD2, 0xCDD2, 0xCDF2, 0xCDF2,
  0xCDF2, 0xCDF2, 0xD613, 0xD5F2, 0xCDF2, 0xCDD2, 0xCDB1, 0xCDB1, 0xCDD2, 0xCDD2, 0xCDB1, 0xCDD2,
  0xCDB1, 0xC5B1, 0xCDB1, 0xCDB1, 0xC591, 0xC591, 0xC591, 0xC591, 0xCDB1, 0xCDB1, 0xCDB2, 0xC591,
  0xCDB1, 0xCDB1, 0xCDB1, 0xC5B1, 0xC591, 0xC591, 0xC5B3, 0xE6B7, 0xDE98, 0x39C6, 0x0000, 0x0000,
  0x0000, 0x0000, 0x0000, 0x0000, 0x0000, 0x0000, 0x0000, 0x0000, 0x0000, 0x0000, 0x0000, 0x0000,
  0x0000, 0x0000, 0x0000, 0x0000, 0x0000, 0x0000, 0x0000, 0x0000, 0x0000, 0x0000, 0x0000, 0x0000,
  0x0000, 0x0000, 0x0000, 0x2103, 0xB572, 0xCDF3, 0xC5D2, 0xCDB2, 0xCDB1, 0xCDB1, 0xCDB1, 0xCDB1,
  0xCDB1, 0xCDB1, 0xCDD1, 0xCDB1, 0xCDB1, 0xCDB1, 0xCDB1, 0xCDB1, 0xCDB1, 0xCDB1, 0xCDB1, 0xCDB1,
  0xCDB1, 0xCDD1, 0xCDD1, 0xCDD1, 0xCDD2, 0xCDF2, 0xCDF2, 0xCDF2, 0xD5F2, 0xD5F2, 0xCDD2, 0xCDD2,
  0xCDD1, 0xCDB1, 0xCDD1, 0xCDD2, 0xCDD1, 0xCDD2, 0xCDD2, 0xCDB1, 0xC5B1, 0xCDB1, 0xCDB1, 0xC591,
  0xC591, 0xC591, 0xC591, 0xC591, 0xC591, 0xC5B1, 0xC5B1, 0xC5B1, 0xCDB1, 0xCDB1, 0xC5B1, 0xC591,
  0xC591, 0xBD71, 0xC5D3, 0xEEF8, 0xAD32, 0x0861, 0x0000, 0x0000, 0x0000, 0x0000, 0x0000, 0x0000,
  0x0000, 0x0000, 0x0000, 0x0000, 0x0000, 0x0000, 0x0000, 0x0000, 0x0000, 0x0000, 0x0000, 0x0000,
  0x0000, 0x0000, 0x0000, 0x0000, 0x0000, 0x0000, 0x0000, 0x0000, 0x0000, 0x0000, 0x39C5, 0xB572,
  0xCDD3, 0xC5B2, 0xCDD2, 0xCDB1, 0xCDB1, 0xCDB1, 0xCDB1, 0xC5B1, 0xC5B1, 0xCDB1, 0xCDB1, 0xCDB1,
  0xCDB1, 0xCDB1, 0xC591, 0xCDB1, 0xCDD1, 0xCDB1, 0xCDB1, 0xCDB1, 0xCDB1, 0xCDD1, 0xCDD2, 0xCDD2,
  0xCDF2, 0xCDD2, 0xCDF2, 0xCDF2, 0xCDD2, 0xCDD2, 0xCDD1, 0xCDB1, 0xCDB1, 0xCDD1, 0xCDD1, 0xCDD1,
  0xCDB1, 0xCDB1, 0xCDB1, 0xCDB1, 0xCDB2, 0xCDB2, 0xC591, 0xC591, 0xC591, 0xC591, 0xC591, 0xC591,
  0xCDB1, 0xC5B1, 0xCDB1, 0xCDB1, 0xC570, 0xC591, 0xC591, 0xC571, 0xC571, 0xBD71, 0xC5D3, 0xEF19,
  0x4207, 0x0000, 0x0000, 0x0000, 0x0000, 0x0000, 0x0000, 0x0000, 0x0000, 0x0000, 0x0000, 0x0000,
  0x0000, 0x0000, 0x0000, 0x0000, 0x0000, 0x0000, 0x0000, 0x0000, 0x0000, 0x0000, 0x0000, 0x0000,
  0x0000, 0x0000, 0x0000, 0x0000, 0x0000, 0x5289, 0xBD72, 0xC5B2, 0xCDD2, 0xCDD2, 0xCDD2, 0xCDD1,
  0xCDB1, 0xCDB1, 0xC591, 0xCDB1, 0xCDB1, 0xC5B1, 0xC5B1, 0xCDB1, 0xCDB1, 0xC5B1, 0xCDB1, 0xCDB1,
  0xCDB1, 0xCDB1, 0xCDD1, 0xCDD1, 0xCDD1, 0xCDD1, 0xCDD1, 0xCDF2, 0xCDD1, 0xCDD2, 0xCDF2, 0xCDD2,
  0xCDD2, 0xCDD2, 0xCDB1, 0xCDD1, 0xCDD1, 0xCDB1, 0xCDB1, 0xCDB1, 0xCDB1, 0xCDB1, 0xCDB1, 0xCDB1,
  0xCDB1, 0xC571, 0xC571, 0xC591, 0xC591, 0xC590, 0xC590, 0xC591, 0xC591, 0xC5B1, 0xC591, 0xC570,
  0xC570, 0xC591, 0xC571, 0xC571, 0xBD71, 0xBD71, 0xDE96, 0xA4F1, 0x0840, 0x0000, 0x0000, 0x0000,
  0x0000, 0x0000, 0x0000, 0x0000, 0x0000, 0x0000, 0x0000, 0x0000, 0x0000, 0x0000, 0x0000, 0x0000,
  0x0000, 0x0000, 0x0000, 0x0000, 0x0000, 0x0000, 0x0000, 0x0000, 0x0000, 0x0000, 0x0000, 0x0000,
  0x736C, 0xB552, 0xC592, 0xC5B1, 0xC5B2, 0xCDB1, 0xCDB1, 0xCDB1, 0xCDB1, 0xC591, 0xCDB1, 0xC591,
  0xC5B1, 0xC5B1, 0xCDB1, 0xC5B1, 0xCDB1, 0xCDD2, 0xCDB1, 0xC5B1, 0xCDB1, 0xCDB1, 0xC5B1, 0xCDB1,
  0xCDB1, 0xC5B1, 0xCDD2, 0xCDD2, 0xCDD2, 0xCDD2, 0xCDF2, 0xCDD2, 0xCDD2, 0xC5B1, 0xC5B1, 0xCDB1,
  0xCDB1, 0xCDB1, 0xC5B1, 0xCDB1, 0xCDB2, 0xC5B1, 0xC591, 0xC591, 0xC571, 0xC571, 0xC571, 0xC591,
  0xC591, 0xC590, 0xC571, 0xC571, 0xC591, 0xC591, 0xC591, 0xC570, 0xC570, 0xC591, 0xC591, 0xC571,
  0xBD71, 0xC5D3, 0xE6B7, 0x2923, 0x0000, 0x0000, 0x0000, 0x0000, 0x0000, 0x0000, 0x0000, 0x0000,
  0x0000, 0x0000, 0x0000, 0x0000, 0x0000, 0x0000, 0x0000, 0x0000, 0x0000, 0x0000, 0x0000, 0x0000,
  0x0000, 0x0000, 0x0000, 0x0000, 0x0000, 0x0000, 0x0000, 0x840E, 0xB573, 0xC592, 0xC5B2, 0xC5D2,
  0xCDB2, 0xCDB2, 0xCDD2, 0xC5B2, 0xC5B1, 0xC5B1, 0xCDB1, 0xCDD2, 0xCDD2, 0xCDD2, 0xCDD2, 0xCDD2,
  0xCDD2, 0xCDD2, 0xC5D2, 0xCDB2, 0xCDD2, 0xC5B2, 0xC5B2, 0xC5B2, 0xC5D2, 0xCDD2, 0xCDD2, 0xCDD2,
  0xCDF3, 0xCDF3, 0xCDD2, 0xCDD2, 0xC5D2, 0xC5B2, 0xC5B2, 0xC5B2, 0xC5B1, 0xC591, 0xC591, 0xC591,
  0xC591, 0xC591, 0xBD70, 0xC571, 0xC571, 0xC571, 0xC591, 0xC590, 0xC590, 0xC570, 0xC570, 0xC590,
  0xC590, 0xC590, 0xC590, 0xC570, 0xC591, 0xC591, 0xC591, 0xBD71, 0xBD92, 0xE6D8, 0x62EA, 0x0000,
  0x0000, 0x0000, 0x0000, 0x0000, 0x0000, 0x0000, 0x0000, 0x0000, 0x0000, 0x0000, 0x0000, 0x0000,
  0x0000, 0x0000, 0x0000, 0x0000, 0x0000, 0x0000, 0x0000, 0x0000, 0x0000, 0x0000, 0x0000, 0x0000,
  0x0000, 0x0000, 0x630B, 0x8C2E, 0x9C8F, 0xA4AF, 0xA4CF, 0xB510, 0xB551, 0xC591, 0xC591, 0xC591,
  0xC591, 0xC591, 0xC591, 0xC591, 0xC571, 0xBD51, 0xB551, 0xB551, 0xB551, 0xB531, 0xB531, 0xB531,
  0xACF0, 0xA4D0, 0xA4D0, 0xACF0, 0xACF0, 0xACF0, 0xACF0, 0xAD10, 0xB531, 0xAD10, 0xAD10, 0xAD10,
  0xACF0, 0xAD10, 0xACEF, 0xA4CF, 0xA4AF, 0xA4AF, 0xA4AF, 0xA4CF, 0xAD10, 0xB551, 0xC591, 0xC591,
  0xC571, 0xC571, 0xC570, 0xC570, 0xC570, 0xC570, 0xC590, 0xC570, 0xC570, 0xC570, 0xC570, 0xC591,
  0xC591, 0xC591, 0xC571, 0xBD71, 0xD635, 0x9470, 0x0020, 0x0000, 0x0000, 0x0000, 0x0000, 0x0000,
  0x0000, 0x0000, 0x0000, 0x0000, 0x0000, 0x0000, 0x0000, 0x0000, 0x0000, 0x0000, 0x0000, 0x0000,
  0x0000, 0x0000, 0x0000, 0x0000, 0x0000, 0x0000, 0x0000, 0x0000, 0x0000, 0x1081, 0x18C2, 0x2944,
  0x3185, 0x39C5, 0x4A27, 0x5AA8, 0x6B2A, 0x83AB, 0x8BEC, 0x8C0C, 0x8BEC, 0x83AB, 0x7B6B, 0x732A,
  0x5AA8, 0x5288, 0x5288, 0x5268, 0x5247, 0x5247, 0x4A47, 0x4206, 0x39C6, 0x39A5, 0x39A5, 0x39A5,
  0x39A5, 0x39A5, 0x41C6, 0x41E6, 0x4206, 0x4206, 0x4206, 0x4206, 0x4206, 0x41E6, 0x39C5, 0x39C5,
  0x39C5, 0x39C5, 0x4206, 0x5AC9, 0x7BCC, 0x944E, 0xA4AF, 0xBD51, 0xBD71, 0xBD70, 0xBD50, 0xBD50,
  0xBD70, 0xC570, 0xC570, 0xBD50, 0xBD50, 0xBD50, 0xC570, 0xC570, 0xC571, 0xC571, 0xBD71, 0xBD92,
  0xBD93, 0x0820, 0x0000, 0x0000, 0x0000, 0x0000, 0x0000, 0x0000, 0x0000, 0x0000, 0x0000, 0x0000,
  0x0000, 0x0000, 0x0000, 0x0000, 0x0000, 0x0000, 0x0000, 0x0000, 0x0000, 0x0000, 0x0000, 0x0000,
  0x0000, 0x0000, 0x0000, 0x0000, 0x0000, 0x0000, 0x0000, 0x0000, 0x0000, 0x0020, 0x0840, 0x1061,
  0x20E2, 0x2943, 0x2943, 0x2923, 0x2102, 0x18C2, 0x1081, 0x0840, 0x0840, 0x0840, 0x0840, 0x0840,
  0x0820, 0x0820, 0x0020, 0x0020, 0x0000, 0x0000, 0x0000, 0x0000, 0x0000, 0x0000, 0x0020, 0x0020,
  0x0020, 0x0020, 0x0020, 0x0020, 0x0020, 0x0020, 0x0020, 0x0020, 0x0020, 0x0020, 0x0841, 0x10A2,
  0x18C2, 0x39A5, 0x7BAC, 0xACF0, 0xB530, 0xB530, 0xB52F, 0xBD4F, 0xBD4F, 0xBD4F, 0xBD2F, 0xBD4F,
  0xBD50, 0xBD70, 0xC570, 0xC590, 0xC591, 0xBD71, 0xB551, 0xD656, 0x0861, 0x0000, 0x0000, 0x0000,
  0x0000, 0x0000, 0x0000, 0x0000, 0x0000, 0x0000, 0x0000, 0x0000, 0x0000, 0x0000, 0x0000, 0x0000,
  0x0000, 0x0000, 0x0000, 0x0000, 0x0000, 0x0000, 0x0000, 0x0000, 0x0000, 0x0000, 0x0000, 0x0000,
  0x0000, 0x0000, 0x0000, 0x0000, 0x0000, 0x0000, 0x0000, 0x0000, 0x0000, 0x0000, 0x0000, 0x0000,
  0x0000, 0x0000, 0x0000, 0x0000, 0x0000, 0x0000, 0x0000, 0x0000, 0x0000, 0x0000, 0x0000, 0x0000,
  0x0000, 0x0000, 0x0000, 0x0000, 0x0000, 0x0000, 0x0000, 0x0000, 0x0000, 0x0000, 0x0000, 0x0000,
  0x0000, 0x0000, 0x0000, 0x0000, 0x0000, 0x0000, 0x0000, 0x0000, 0x0020, 0x10A1, 0x5267, 0x9C8E,
  0xAD0F, 0xB50F, 0xB50F, 0xBD2F, 0xB52F, 0xB52F, 0xBD4F, 0xBD50, 0xBD50, 0xC570, 0xC570, 0xC570,
  0xC571, 0xBD51, 0xE6B7, 0x20E3, 0x0000, 0x0000, 0x0000, 0x0000, 0x0000, 0x0000, 0x0000, 0x0000,
  0x0000, 0x0000, 0x0000, 0x0000, 0x0000, 0x0000, 0x0000, 0x0000, 0x0000, 0x0000, 0x0000, 0x0000,
  0x0000, 0x0000, 0x0000, 0x0000, 0x0000, 0x0000, 0x0000, 0x0000, 0x0000, 0x0000, 0x0000, 0x0000,
  0x0000, 0x0000, 0x0000, 0x0000, 0x0000, 0x0000, 0x0000, 0x0000, 0x0000, 0x0000, 0x0000, 0x0000,
  0x0000, 0x0000, 0x0000, 0x0000, 0x0000, 0x0000, 0x0000, 0x0000, 0x0000, 0x0000, 0x0000, 0x0000,
  0x0000, 0x0000, 0x0000, 0x0000, 0x0000, 0x0000, 0x0000, 0x0000, 0x0000, 0x0000, 0x0000, 0x0000,
  0x0000, 0x0000, 0x0000, 0x0000, 0x0000, 0x0840, 0x4A27, 0xA4AF, 0xACEF, 0xB50F, 0xBD2F, 0xB52F,
  0xBD2F, 0xBD4F, 0xBD4F, 0xBD50, 0xBD50, 0xC570, 0xBD50, 0xC570, 0xB550, 0xDE96, 0x39A5, 0x0000,
  0x0000, 0x0000, 0x0000, 0x0000, 0x0000, 0x0000, 0x0000, 0x0000, 0x0000, 0x0000, 0x0000, 0x0000,
  0x0000, 0x0000, 0x0000, 0x0000, 0x0000, 0x0000, 0x0000, 0x0000, 0x0000, 0x0000, 0x0000, 0x0000,
  0x0000, 0x0000, 0x0000, 0x0000, 0x0000, 0x0000, 0x0000, 0x0000, 0x0000, 0x0000, 0x0000, 0x0000,
  0x0000, 0x0000, 0x0000, 0x0000, 0x0000, 0x0000, 0x0000, 0x0000, 0x0000, 0x0000, 0x0000, 0x0000,
  0x0000, 0x0000, 0x0000, 0x0000, 0x0000, 0x0000, 0x0000, 0x0000, 0x0000, 0x0000, 0x0000, 0x0000,
  0x0000, 0x0000, 0x0000, 0x0000, 0x0000, 0x0000, 0x0000, 0x0000, 0x0000, 0x0000, 0x0000, 0x0000,
  0x0000, 0x0840, 0x7BAC, 0xAD10, 0xB52F, 0xBD4F, 0xBD4F, 0xBD4F, 0xBD2F, 0xBD2F, 0xBD50, 0xBD2F,
  0xBD2F, 0xBD50, 0xBD50, 0xB530, 0xDE76, 0x4A06, 0x0000, 0x0000, 0x0000, 0x0000, 0x0000, 0x0000,
  0x0000, 0x0000, 0x0000, 0x0000, 0x0000, 0x0000, 0x0000, 0x0000, 0x0000, 0x0000, 0x0000, 0x0000,
  0x0000, 0x0000, 0x0000, 0x0000, 0x0000, 0x0000, 0x0000, 0x0000, 0x0000, 0x0000, 0x0000, 0x0000,
  0x0000, 0x0000, 0x0000, 0x0000, 0x0000, 0x0000, 0x0000, 0x0000, 0x0000, 0x0000, 0x0000, 0x0000,
  0x0000, 0x0000, 0x0000, 0x0000, 0x0000, 0x0000, 0x0000, 0x0000, 0x0000, 0x0000, 0x0000, 0x0000,
  0x0000, 0x0000, 0x0000, 0x0000, 0x0000, 0x0000, 0x0000, 0x0000, 0x0000, 0x0000, 0x0000, 0x0000,
  0x0000, 0x0000, 0x0000, 0x0000, 0x0000, 0x0000, 0x0000, 0x0000, 0x0000, 0x3164, 0xA4CF, 0xB530,
  0xBD50, 0xBD4F, 0xBD2F, 0xB52F, 0xBD2F, 0xBD2F, 0xBD2F, 0xBD2F, 0xBD2F, 0xBD2F, 0xB510, 0xD634,
  0x5267, 0x0000, 0x0000, 0x0000, 0x0000, 0x0000, 0x0000, 0x0000, 0x0000, 0x0000, 0x0000, 0x0000,
  0x0000, 0x0000, 0x0000, 0x0000, 0x0000, 0x0000, 0x0000, 0x0000, 0x0000, 0x0000, 0x0000, 0x0000,
  0x0000, 0x0000, 0x0000, 0x0000, 0x0000, 0x0000, 0x0000, 0x0000, 0x0000, 0x0000, 0x0000, 0x0000,
  0x0000, 0x0000, 0x0000, 0x0000, 0x0000, 0x0000, 0x0000, 0x0000, 0x0000, 0x0000, 0x0000, 0x0000,
  0x0000, 0x0000, 0x0000, 0x0000, 0x0000, 0x0000, 0x0000, 0x0000, 0x0000, 0x0000, 0x0000, 0x0000,
  0x0000, 0x0000, 0x0000, 0x0000, 0x0000, 0x0000, 0x0000, 0x0000, 0x0000, 0x0000, 0x0000, 0x0000,
  0x0000, 0x0000, 0x0000, 0x0000, 0x0020, 0x9C8F, 0xB551, 0xBD30, 0xBD4F, 0xBD2F, 0xB50F, 0xB50F,
  0xB50F, 0xBD2F, 0xB50F, 0xB50F, 0xB52F, 0xB510, 0xD614, 0x5A88, 0x0000, 0x0000, 0x0000, 0x0000,
  0x0000, 0x0000, 0x0000, 0x0000, 0x0000, 0x0000, 0x0000, 0x0000, 0x0000, 0x0000, 0x0000, 0x0000,
  0x0000, 0x0000, 0x0000, 0x0000, 0x0000, 0x0000, 0x0000, 0x0000, 0x0000, 0x0000, 0x0000, 0x0000,
  0x0000, 0x0000, 0x0000, 0x0000, 0x0000, 0x0000, 0x0000, 0x0000, 0x0000, 0x0000, 0x0000, 0x0000,
  0x0000, 0x0000, 0x0000, 0x0000, 0x0000, 0x0000, 0x0000, 0x0000, 0x0000, 0x0000, 0x0000, 0x0000,
  0x0000, 0x0000, 0x0000, 0x0000, 0x0000, 0x0000, 0x0000, 0x0000, 0x0000, 0x0000, 0x0000, 0x0000,
  0x0000, 0x0000, 0x0000, 0x0000, 0x0000, 0x0000, 0x0000, 0x0000, 0x0000, 0x0000, 0x0000, 0x0000,
  0x83CC, 0xA4AF, 0xB4EF, 0xB50F, 0xB50E, 0xB4EE, 0xB50E, 0xB50F, 0xBD2F, 0xBD2F, 0xB52F, 0xB52F,
  0xB50F, 0xCE14, 0x5AC9, 0x0000, 0x0000, 0x0000, 0x0000, 0x0000, 0x0000, 0x0000, 0x0000, 0x0000,
  0x0000, 0x0000, 0x0000, 0x0000, 0x0000, 0x0000, 0x0000, 0x0000, 0x0000, 0x0000, 0x0000, 0x0000,
  0x0000, 0x0000, 0x0000, 0x0000, 0x0000, 0x0000, 0x0000, 0x0000, 0x0000, 0x0000, 0x0000, 0x0000,
  0x0000, 0x0000, 0x0000, 0x0000, 0x0000, 0x0000, 0x0000, 0x0000, 0x0000, 0x0000, 0x0000, 0x0000,
  0x0000, 0x0000, 0x0000, 0x0000, 0x0000, 0x0000, 0x0000, 0x0000, 0x0000, 0x0000, 0x0000, 0x0000,
  0x0000, 0x0000, 0x0000, 0x0000, 0x0000, 0x0000, 0x0000, 0x0000, 0x0000, 0x0000, 0x0000, 0x0000,
  0x0000, 0x0000, 0x0000, 0x0000, 0x0000, 0x0000, 0x0000, 0x62C9, 0x942D, 0xACAE, 0xB4EE, 0xB4EE,
  0xB4EE, 0xB50E, 0xB50F, 0xBD2F, 0xBD2F, 0xBD2F, 0xBD2F, 0xB50F, 0xCDF4, 0x4A47, 0x0000, 0x0000,
  0x0000, 0x0000, 0x0000, 0x0000, 0x0000, 0x0000, 0x0000, 0x0000, 0x0000, 0x0000, 0x0000, 0x0000,
  0x0000, 0x0000, 0x0000, 0x0000, 0x0000, 0x0000, 0x0000, 0x0000, 0x0000, 0x0000, 0x0000, 0x0000,
  0x0000, 0x0000, 0x0000, 0x0000, 0x0000, 0x0000, 0x0000, 0x0000, 0x0000, 0x0000, 0x0000, 0x0000,
  0x0000, 0x0000, 0x0000, 0x0000, 0x0000, 0x0000, 0x0000, 0x0000, 0x0000, 0x0000, 0x0000, 0x0000,
  0x0000, 0x0000, 0x0000, 0x0000, 0x0000, 0x0000, 0x0000, 0x0000, 0x0000, 0x0000, 0x0000, 0x0000,
  0x0000, 0x0000, 0x0000, 0x0000, 0x0000, 0x0000, 0x0000, 0x0000, 0x0000, 0x0000, 0x0000, 0x0000,
  0x0000, 0x0000, 0x62C9, 0x8C0C, 0xACAE, 0xACCE, 0xACEE, 0xB4EE, 0xB50F, 0xBD2F, 0xBD0F, 0xBD2F,
  0xB52F, 0xB52F, 0xACEF, 0xCE14, 0x3164, 0x0000, 0x0000, 0x0000, 0x0000, 0x0000, 0x0000, 0x0000,
  0x0000, 0x0000, 0x0000, 0x0000, 0x0000, 0x0000, 0x0000, 0x0000, 0x0000, 0x0000, 0x0000, 0x0000,
  0x0000, 0x0000, 0x0000, 0x0000, 0x0000, 0x0000, 0x0000, 0x0000, 0x0000, 0x0000, 0x0000, 0x0000,
  0x0000, 0x0000, 0x0000, 0x0000, 0x0000, 0x0000, 0x0000, 0x0000, 0x0000, 0x0000, 0x0000, 0x0000,
  0x0000, 0x0000, 0x0000, 0x0000, 0x0000, 0x0000, 0x0000, 0x0000, 0x0000, 0x0000, 0x0000, 0x0000,
  0x0000, 0x0000, 0x0000, 0x0000, 0x0000, 0x0000, 0x0000, 0x0000, 0x0000, 0x0000, 0x0000, 0x0000,
  0x0000, 0x0000, 0x0000, 0x0000, 0x0000, 0x0000, 0x0000, 0x0000, 0x0000, 0x736B, 0x942D, 0xACAE,
  0xB4EE, 0xB4EE, 0xB4EE, 0xB50F, 0xB50F, 0xB50F, 0xB50F, 0xB50E, 0xB50F, 0xACEF, 0xCE14, 0x1081,
  0x0000, 0x0000, 0x0000, 0x0000, 0x0000, 0x0000, 0x0000, 0x0000, 0x0000, 0x0000, 0x0000, 0x0000,
  0x0000, 0x0000, 0x0000, 0x0000, 0x0000, 0x0000, 0x0000, 0x0000, 0x0000, 0x0000, 0x0000, 0x0000,
  0x0000, 0x0000, 0x0000, 0x0000, 0x0000, 0x0000, 0x0000, 0x0000, 0x0000, 0x0000, 0x0000, 0x0000,
  0x0000, 0x0000, 0x0000, 0x0000, 0x0000, 0x0000, 0x0000, 0x0000, 0x0000, 0x0000, 0x0000, 0x0000,
  0x0000, 0x0000, 0x0000, 0x0000, 0x0000, 0x0000, 0x0000, 0x0000, 0x0000, 0x0000, 0x0000, 0x0000,
  0x0000, 0x0000, 0x0000, 0x0000, 0x0000, 0x0000, 0x0000, 0x0000, 0x0000, 0x0000, 0x0000, 0x0000,
  0x0000, 0x0000, 0x0000, 0x0000, 0x8C2E, 0x9C6E, 0xA4AD, 0xB4CE, 0xB4EE, 0xB4EE, 0xB4EE, 0xB4EE,
  0xB4EE, 0xB4EE, 0xB4EE, 0xB50F, 0xACCF, 0xC5D4, 0x0840, 0x0000, 0x0000, 0x0000, 0x0000, 0x0000,
  0x0000, 0x0000, 0x0000, 0x0000, 0x0000, 0x0000, 0x0000, 0x0000, 0x0000, 0x0000, 0x0000, 0x0000,
  0x0000, 0x0000, 0x0000, 0x0000, 0x0000, 0x0000, 0x0000, 0x0000, 0x0000, 0x0000, 0x0000, 0x0000,
  0x0000, 0x0000, 0x0000, 0x0000, 0x0000, 0x0000, 0x0000, 0x0000, 0x0000, 0x0000, 0x0000, 0x0000,
  0x0000, 0x0000, 0x0000, 0x0000, 0x0000, 0x0000, 0x0000, 0x0000, 0x0000, 0x0000, 0x0000, 0x0000,
  0x0000, 0x0000, 0x0000, 0x0000, 0x0000, 0x0000, 0x0000, 0x0000, 0x0000, 0x0000, 0x0000, 0x0000,
  0x0000, 0x0000, 0x0000, 0x0000, 0x0000, 0x0000, 0x0000, 0x0000, 0x0000, 0x0000, 0x0000, 0xA4B0,
  0xA4CF, 0xA48D, 0xACCD, 0xB4CE, 0xB4CE, 0xACCD, 0xACCD, 0xB4CE, 0xACCE, 0xACEE, 0xACEE, 0xACCF,
  0xB572, 0x0820, 0x0000, 0x0000, 0x0000, 0x0000, 0x0000, 0x0000, 0x0000, 0x0000, 0x0000, 0x0000,
  0x0000, 0x0000, 0x0000, 0x0000, 0x0000, 0x0000, 0x0000, 0x0000, 0x0000, 0x0000, 0x0000, 0x0000,
  0x0000, 0x0000, 0x0000, 0x0000, 0x0000, 0x0000, 0x0000, 0x0000, 0x0000, 0x0000, 0x0000, 0x0000,
  0x0000, 0x0000, 0x0000, 0x0000, 0x0000, 0x0000, 0x0000, 0x0000, 0x0000, 0x0000, 0x0000, 0x0000,
  0x0000, 0x0000, 0x0000, 0x0000, 0x0000, 0x0000, 0x0000, 0x0000, 0x0000, 0x0000, 0x0000, 0x0000,
  0x0000, 0x0000, 0x0000, 0x0000, 0x0000, 0x0000, 0x0000, 0x0000, 0x0000, 0x0000, 0x0000, 0x0000,
  0x0000, 0x0000, 0x0000, 0x0000, 0x0000, 0x0000, 0xA4B0, 0xACCF, 0xA48D, 0xACAD, 0xACAD, 0xACAD,
  0xACAD, 0xACAD, 0xACAD, 0xACCD, 0xACAD, 0xACAE, 0xACCF, 0xA4B0, 0x0020, 0x0000, 0x0000, 0x0000,
  0x0000, 0x0000, 0x0000, 0x0000, 0x0000, 0x0000, 0x0000, 0x0000, 0x0000, 0x0000, 0x0000, 0x0000,
  0x0000, 0x0000, 0x0000, 0x0000, 0x0000, 0x0000, 0x0000, 0x0000, 0x0000, 0x0000, 0x0000, 0x0000,
  0x0000, 0x0000, 0x0000, 0x0000, 0x0000, 0x0000, 0x0000, 0x0000, 0x0000, 0x0000, 0x0000, 0x0000,
  0x0000, 0x0000, 0x0000, 0x0000, 0x0000, 0x0000, 0x0000, 0x0000, 0x0000, 0x0000, 0x0000, 0x0000,
  0x0000, 0x0000, 0x0000, 0x0000, 0x0000, 0x0000, 0x0000, 0x0000, 0x0000, 0x0000, 0x0000, 0x0000,
  0x0000, 0x0000, 0x0000, 0x0000, 0x0000, 0x0000, 0x0000, 0x0000, 0x0000, 0x0000, 0x0000, 0x0000,
  0x1081, 0x9C6E, 0xACAE, 0xA46D, 0xA48D, 0xA48D, 0xA48D, 0xACAD, 0xACAD, 0xAC8D, 0xACAD, 0xA4AD,
  0xA48D, 0xB510, 0x83CC, 0x0020, 0x0000, 0x0000, 0x0000, 0x0000, 0x0000, 0x0000, 0x0000, 0x0000,
  0x0000, 0x0000, 0x0000, 0x0000, 0x0000, 0x0000, 0x0000, 0x0000, 0x0000, 0x0000, 0x0000, 0x0000,
  0x0000, 0x0000, 0x0000, 0x0000, 0x0000, 0x0000, 0x0000, 0x0000, 0x0000, 0x0000, 0x0000, 0x0000,
  0x0000, 0x0000, 0x0000, 0x0000, 0x0000, 0x0000, 0x0000, 0x0000, 0x0000, 0x0000, 0x0000, 0x0000,
  0x0000, 0x0000, 0x0000, 0x0000, 0x0000, 0x0000, 0x0000, 0x0000, 0x0000, 0x0000, 0x0000, 0x0000,
  0x0000, 0x0000, 0x0000, 0x0000, 0x0000, 0x0000, 0x0000, 0x0000, 0x0000, 0x0000, 0x0000, 0x0000,
  0x0000, 0x0000, 0x0000, 0x0000, 0x0000, 0x0000, 0x0000, 0x3164, 0x942D, 0xA46D, 0xA46C, 0xA46C,
  0xA48C, 0xA48D, 0xA48D, 0xA48D, 0xAC8D, 0xAC8D, 0xA48D, 0xA46D, 0xBD71, 0x62C9, 0x0000, 0x0000,
  0x0000, 0x0000, 0x0000, 0x0000, 0x0000, 0x0000, 0x0000, 0x0000, 0x0000, 0x0000, 0x0000, 0x0000,
  0x0000, 0x0000, 0x0000, 0x0000, 0x0000, 0x0000, 0x0000, 0x0000, 0x0000, 0x0000, 0x0000, 0x0000,
  0x0000, 0x0000, 0x0000, 0x0000, 0x0000, 0x0000, 0x0000, 0x0000, 0x0000, 0x0000, 0x0000, 0x0000,
  0x0000, 0x0000, 0x0000, 0x0000, 0x0000, 0x0000, 0x0000, 0x0000, 0x0000, 0x0000, 0x0000, 0x0000,
  0x0000, 0x0000, 0x0000, 0x0000, 0x0000, 0x0000, 0x0000, 0x0000, 0x0000, 0x0000, 0x0000, 0x0000,
  0x0000, 0x0000, 0x0000, 0x0000, 0x0000, 0x0000, 0x0000, 0x0000, 0x0000, 0x0000, 0x0000, 0x0000,
  0x0000, 0x0000, 0x5288, 0x8BEC, 0x9C6C, 0xA44C, 0xA46C, 0xA48C, 0xA48C, 0xA46C, 0xA48D, 0xAC8D,
  0xA48D, 0xA48D, 0x9C6D, 0xC5B2, 0x3184, 0x0000, 0x0000, 0x0000, 0x0000, 0x0000, 0x0000, 0x0000,
  0x0000, 0x0000, 0x0000, 0x0000, 0x0000, 0x0000, 0x0000, 0x0000, 0x0000, 0x0000, 0x0000, 0x0000,
  0x0000, 0x0000, 0x0000, 0x0000, 0x0000, 0x0000, 0x0000, 0x0000, 0x0000, 0x0000, 0x0000, 0x0000,
  0x0000, 0x0000, 0x0000, 0x0000, 0x0000, 0x0000, 0x0000, 0x0000, 0x0000, 0x0000, 0x0000, 0x0000,
  0x0000, 0x0000, 0x0000, 0x0000, 0x0000, 0x0000, 0x0000, 0x0000, 0x0000, 0x0000, 0x0000, 0x0000,
  0x0000, 0x0000, 0x0000, 0x0000, 0x0000, 0x0000, 0x0000, 0x0000, 0x0000, 0x0000, 0x0000, 0x0000,
  0x0000, 0x0000, 0x0000, 0x0000, 0x0000, 0x0000, 0x0000, 0x0000, 0x0000, 0x83EC, 0x942C, 0x9C2C,
  0xA44C, 0xA46C, 0xA46C, 0xA46C, 0xA46C, 0xA48C, 0xA48D, 0xA48D, 0xA48D, 0x9C6D, 0xB531, 0x1081,
  0x0000, 0x0000, 0x0000, 0x0000, 0x0000, 0x0000, 0x0000, 0x0000, 0x0000, 0x0000, 0x0000, 0x0000,
  0x0000, 0x0000, 0x0000, 0x0000, 0x0000, 0x0000, 0x0000, 0x0000, 0x0000, 0x0000, 0x0000, 0x0000,
  0x0000, 0x0000, 0x0000, 0x0000, 0x0000, 0x0000, 0x0000, 0x0000, 0x0000, 0x0000, 0x0000, 0x0000,
  0x0000, 0x0000, 0x0000, 0x0000, 0x0000, 0x0000, 0x0000, 0x0000, 0x0000, 0x0000, 0x0000, 0x0000,
  0x0000, 0x0000, 0x0000, 0x0000, 0x0000, 0x0000, 0x0000, 0x0000, 0x0000, 0x0000, 0x0000, 0x0000,
  0x0000, 0x0000, 0x0000, 0x0000, 0x0000, 0x0000, 0x0000, 0x0000, 0x0000, 0x0000, 0x0000, 0x0000,
  0x0000, 0x0000, 0x0000, 0x18C2, 0x9C6E, 0x9C6D, 0x9C4C, 0x9C4C, 0xA44C, 0x9C4C, 0xA44C, 0xA46C,
  0xA46C, 0xA48D, 0xA46D, 0xA48D, 0xA4AE, 0x83CC, 0x0020, 0x0000, 0x0000, 0x0000, 0x0000, 0x0000,
  0x0000, 0x0000, 0x0000, 0x0000, 0x0000, 0x0000, 0x0000, 0x0000, 0x0000, 0x0000, 0x0000, 0x0000,
  0x0000, 0x0000, 0x0000, 0x0000, 0x0000, 0x0000, 0x0000, 0x0000, 0x0000, 0x0000, 0x0000, 0x0000,
  0x0000, 0x0000, 0x0000, 0x0000, 0x0000, 0x0000, 0x0000, 0x0000, 0x0000, 0x0000, 0x0000, 0x0000,
  0x0000, 0x0000, 0x0000, 0x0000, 0x0000, 0x0000, 0x0000, 0x0000, 0x0000, 0x0000, 0x0000, 0x0000,
  0x0000, 0x0000, 0x0000, 0x0000, 0x0000, 0x0000, 0x0000, 0x0000, 0x0000, 0x0000, 0x0000, 0x0000,
  0x0000, 0x0000, 0x0000, 0x0000, 0x0000, 0x0000, 0x0000, 0x0000, 0x0000, 0x0000, 0x6B0A, 0x9C6D,
  0x9C4C, 0x9C4C, 0xA44C, 0x9C2C, 0x9C2C, 0x9C4C, 0xA44C, 0xA44C, 0xA46C, 0xA46C, 0x9C4C, 0xB510,
  0x41C5, 0x0000, 0x0000, 0x0000, 0x0000, 0x0000, 0x0000, 0x0000, 0x0000, 0x0000, 0x0000, 0x0000,
  0x0000, 0x0000, 0x0000, 0x0000, 0x0000, 0x0000, 0x0000, 0x0000, 0x0000, 0x0000, 0x0000, 0x0000,
  0x0000, 0x0000, 0x0000, 0x0000, 0x0000, 0x0000, 0x0000, 0x0000, 0x0000, 0x0000, 0x0000, 0x0000,
  0x0000, 0x0000, 0x0000, 0x0000, 0x0000, 0x0000, 0x0000, 0x0000, 0x0000, 0x0000, 0x0000, 0x0000,
  0x0000, 0x0000, 0x0000, 0x0000, 0x0000, 0x0000, 0x0000, 0x0000, 0x0000, 0x0000, 0x0000, 0x0000,
  0x0000, 0x0000, 0x0000, 0x0000, 0x0000, 0x0000, 0x0000, 0x0000, 0x0000, 0x0000, 0x0000, 0x0000,
  0x0000, 0x0000, 0x0000, 0x0000, 0x3164, 0x9C6E, 0x9C4D, 0x9C2C, 0x9C4C, 0xA44C, 0x9C4C, 0x9C2C,
  0x9C2C, 0x9C2B, 0x9C2C, 0xA44C, 0x9C4C, 0x9C2D, 0xA4AF, 0x1081, 0x0000, 0x0000, 0x0000, 0x0000,
  0x0000, 0x0000, 0x0000, 0x0000, 0x0000, 0x0000, 0x0000, 0x0000, 0x0000, 0x0000, 0x0000, 0x0000,
  0x0000, 0x0000, 0x0000, 0x0000, 0x0000, 0x0000, 0x0000, 0x0000, 0x0000, 0x0000, 0x0000, 0x0000,
  0x0000, 0x0000, 0x0000, 0x0000, 0x0000, 0x0000, 0x0000, 0x0000, 0x0000, 0x0000, 0x0000, 0x0000,
  0x0000, 0x0000, 0x0000, 0x0000, 0x0000, 0x0000, 0x0000, 0x0000, 0x0000, 0x0000, 0x0000, 0x0000,
  0x0000, 0x0000, 0x0000, 0x0000, 0x0000, 0x0000, 0x0000, 0x0000, 0x0000, 0x0000, 0x0000, 0x0000,
  0x0000, 0x0000, 0x0000, 0x0000, 0x0000, 0x0000, 0x0000, 0x0000, 0x0000, 0x0000, 0x2923, 0x944E,
  0x9C6D, 0x9C4C, 0x9C4C, 0x9C4C, 0x9C4C, 0x9C2C, 0x9C2B, 0x9C2B, 0x9C2B, 0x9C2B, 0x9C2C, 0x940C,
  0xA4AF, 0x62C9, 0x0000, 0x0000, 0x0000, 0x0000, 0x0000, 0x0000, 0x0000, 0x0000, 0x0000, 0x0000,
  0x0000, 0x0000, 0x0000, 0x0000, 0x0000, 0x0000, 0x0000, 0x0000, 0x0000, 0x0000, 0x0000, 0x0000,
  0x0000, 0x0000, 0x0000, 0x0000, 0x0000, 0x0000, 0x0000, 0x0000, 0x0000, 0x0000, 0x0000, 0x0000,
  0x0000, 0x0000, 0x0000, 0x0000, 0x0000, 0x0000, 0x0000, 0x0000, 0x0000, 0x0000, 0x0000, 0x0000,
  0x0000, 0x0000, 0x0000, 0x0000, 0x0000, 0x0000, 0x0000, 0x0000, 0x0000, 0x0000, 0x0000, 0x0000,
  0x0000, 0x0000, 0x0000, 0x0000, 0x0000, 0x0000, 0x0000, 0x0000, 0x0000, 0x0000, 0x0000, 0x0000,
  0x0000, 0x0000, 0x0000, 0x0840, 0x3184, 0x942D, 0xACEF, 0x9C4C, 0x9C4C, 0x9C2B, 0x9C2B, 0x9C2B,
  0x940B, 0x9C0B, 0x940B, 0x940B, 0x9C2B, 0x940B, 0x940C, 0x9C6E, 0x18A1, 0x0000, 0x0000, 0x0000,
  0x0000, 0x0000, 0x0000, 0x0000, 0x0000, 0x0000, 0x0000, 0x0000, 0x0000, 0x0000, 0x0000, 0x0000,
  0x0000, 0x0000, 0x0000, 0x0000, 0x0000, 0x0000, 0x0000, 0x0000, 0x0000, 0x0000, 0x0000, 0x0000,
  0x0000, 0x0000, 0x0000, 0x0000, 0x0000, 0x0000, 0x0000, 0x0000, 0x0000, 0x0000, 0x0000, 0x0000,
  0x0000, 0x0000, 0x0000, 0x0000, 0x0000, 0x0000, 0x0000, 0x0000, 0x0000, 0x0000, 0x0000, 0x0000,
  0x0000, 0x0000, 0x0000, 0x0000, 0x0000, 0x0000, 0x0000, 0x0000, 0x0000, 0x0000, 0x0000, 0x0000,
  0x0000, 0x0000, 0x0000, 0x0000, 0x0000, 0x0000, 0x0000, 0x0020, 0x0020, 0x2944, 0x5AA8, 0xA48F,
  0xACCF, 0x9C4C, 0x942B, 0x940B, 0x9C2B, 0x940B, 0x940B, 0x940A, 0x93EA, 0x93EA, 0x93EA, 0x93EB,
  0x8BEB, 0x9C4D, 0x4A27, 0x0000, 0x0000, 0x0000, 0x0000, 0x0000, 0x0000, 0x0000, 0x0000, 0x0000,
  0x0000, 0x0000, 0x0000, 0x0000, 0x0000, 0x0000, 0x0000, 0x0000, 0x0000, 0x0000, 0x0000, 0x0000,
  0x0000, 0x0000, 0x0000, 0x0000, 0x0000, 0x0000, 0x0000, 0x0000, 0x0000, 0x0000, 0x0000, 0x0000,
  0x0000, 0x0000, 0x0000, 0x0000, 0x0000, 0x0000, 0x0000, 0x0000, 0x0000, 0x0000, 0x0000, 0x0000,
  0x0000, 0x0020, 0x0020, 0x0020, 0x0020, 0x0020, 0x0020, 0x0020, 0x0020, 0x0020, 0x0020, 0x0020,
  0x0020, 0x0020, 0x0020, 0x0020, 0x0020, 0x0020, 0x0020, 0x0020, 0x0020, 0x0020, 0x0020, 0x0020,
  0x1081, 0x2923, 0x4206, 0x5AA8, 0x9C8E, 0xB530, 0xACCE, 0x940C, 0x93EB, 0x940B, 0x940B, 0x940B,
  0x940B, 0x93EA, 0x93EA, 0x93EA, 0x93EA, 0x93EA, 0x8BEA, 0x942C, 0x732A, 0x0861, 0x0000, 0x0000,
  0x0000, 0x0000, 0x0000, 0x0000, 0x0000, 0x0000, 0x0000, 0x0000, 0x0000, 0x0000, 0x0000, 0x0000,
  0x0000, 0x0000, 0x0000, 0x0000, 0x0000, 0x0000, 0x0000, 0x0000, 0x0000, 0x0000, 0x0000, 0x0000,
  0x0000, 0x0000, 0x0000, 0x0000, 0x0000, 0x0000, 0x0000, 0x0000, 0x0000, 0x0000, 0x0000, 0x0000,
  0x0000, 0x0000, 0x0000, 0x0000, 0x0000, 0x0000, 0x0000, 0x1061, 0x4A68, 0x630B, 0x6B2B, 0x6B2B,
  0x6B2B, 0x6B2B, 0x6B2C, 0x6B2B, 0x6B2B, 0x6B2B, 0x6B2B, 0x6B4B, 0x6B2B, 0x6B2B, 0x6B2B, 0x6B2B,
  0x6B2B, 0x6B2B, 0x6B2B, 0x6B2B, 0x6B2B, 0x6B2A, 0x6B2A, 0x7B8B, 0x9C6E, 0xB530, 0xB530, 0xACCE,
  0x9C2C, 0x8BCB, 0x8BCA, 0x93CA, 0x93EA, 0x93EB, 0x93CA, 0x93EA, 0x93EA, 0x93EA, 0x8BCA, 0x8BEA,
  0x8BCA, 0x940C, 0x83AB, 0x18C2, 0x0000, 0x0000, 0x0000, 0x0000, 0x0000, 0x0000, 0x0000, 0x0000,
  0x0000, 0x0000, 0x0000, 0x0000, 0x0000, 0x0000, 0x0000, 0x0000, 0x0000, 0x0000, 0x0000, 0x0000,
  0x0000, 0x0000, 0x0000, 0x0000, 0x0000, 0x0000, 0x0000, 0x0000, 0x0000, 0x0000, 0x0000, 0x0000,
  0x0000, 0x0000, 0x0000, 0x0000, 0x0000, 0x0000, 0x0000, 0x0000, 0x0000, 0x0000, 0x0000, 0x0000,
  0x0000, 0x0000, 0x1081, 0x944F, 0xC5B4, 0xCDF4, 0xCE14, 0xCE15, 0xCE15, 0xCE15, 0xCE15, 0xCE15,
  0xD635, 0xD635, 0xD635, 0xD635, 0xD635, 0xD635, 0xD635, 0xD635, 0xCDF4, 0xD635, 0xCE34, 0xCDF4,
  0xCE14, 0xC5D3, 0xB530, 0xACEF, 0xA4AD, 0x940B, 0x838A, 0x8BAA, 0x8BAA, 0x8BAA, 0x8BAA, 0x8BCA,
  0x8BCA, 0x93CA, 0x8BCA, 0x93EA, 0x8BEA, 0x8BCA, 0x93EB, 0x940B, 0x942D, 0x2943, 0x0000, 0x0000,
  0x0000, 0x0000, 0x0000, 0x0000, 0x0000, 0x0000, 0x0000, 0x0000, 0x0000, 0x0000, 0x0000, 0x0000,
  0x0000, 0x0000, 0x0000, 0x0000, 0x0000, 0x0000, 0x0000, 0x0000, 0x0000, 0x0000, 0x0000, 0x0000,
  0x0000, 0x0000, 0x0000, 0x0000, 0x0000, 0x0000, 0x0000, 0x0000, 0x0000, 0x0000, 0x0000, 0x0000,
  0x0000, 0x0000, 0x0000, 0x0000, 0x0000, 0x0000, 0x0000, 0x0000, 0x0000, 0x1081, 0x736B, 0x942D,
  0x9C4D, 0x9C6D, 0xA46E, 0x9C6E, 0xA48E, 0x9C6E, 0x9C6E, 0xA48E, 0xA48E, 0x9C6E, 0xA48E, 0x9C6D,
  0x9C6D, 0x9C6E, 0xA46E, 0x9C4D, 0xA48D, 0x9C6D, 0x9C6D, 0x9C6D, 0x9C4C, 0x940B, 0x8BCA, 0x8BAA,
  0x8BAA, 0x838A, 0x8B89, 0x8BAA, 0x8BAA, 0x8BAA, 0x8BCA, 0x8BCA, 0x8BCA, 0x8BCA, 0x8BCA, 0x93EA,
  0x8BCA, 0x940B, 0x942D, 0x4A27, 0x0000, 0x0000, 0x0000, 0x0000, 0x0000, 0x0000, 0x0000, 0x0000,
  0x0000, 0x0000, 0x0000, 0x0000, 0x0000, 0x0000, 0x0000, 0x0000, 0x0000, 0x0000, 0x0000, 0x0000,
  0x0000, 0x0000, 0x0000, 0x0000, 0x0000, 0x0000, 0x0000, 0x0000, 0x0000, 0x0000, 0x0000, 0x0000,
  0x0000, 0x0000, 0x0000, 0x0000, 0x0000, 0x0000, 0x0000, 0x0000, 0x0000, 0x0000, 0x0000, 0x0000,
  0x0000, 0x0000, 0x0000, 0x0000, 0x3184, 0x7B8A, 0x8BCB, 0x8BCB, 0x8BCA, 0x93EB, 0x8BCA, 0x8BCB,
  0x8BCA, 0x8BCA, 0x8BCA, 0x8BCA, 0x8BCA, 0x8BCA, 0x8BCA, 0x8BCA, 0x8BCA, 0x8BCA, 0x8BAA, 0x8BCB,
  0x8BCA, 0x8BCA, 0x8BCA, 0x8BAA, 0x8BAA, 0x8BCA, 0x8BAA, 0x8BAA, 0x8BAA, 0x8BAA, 0x8BAA, 0x8BAA,
  0x8BAA, 0x8BAA, 0x8BAA, 0x8BAA, 0x8BCA, 0x8BAA, 0x8BCA, 0x8BEB, 0x7B8B, 0x4A06, 0x0840, 0x0000,
  0x0000, 0x0000, 0x0000, 0x0000, 0x0000, 0x0000, 0x0000, 0x0000, 0x0000, 0x0000, 0x0000, 0x0000,
  0x0000, 0x0000, 0x0000, 0x0000, 0x0000, 0x0000, 0x0000, 0x0000, 0x0000, 0x0000, 0x0000, 0x0000,
  0x0000, 0x0000, 0x0000, 0x0000, 0x0000, 0x0000, 0x0000, 0x0000, 0x0000, 0x0000, 0x0000, 0x0000,
  0x0000, 0x0000, 0x0000, 0x0000, 0x0000, 0x0000, 0x0000, 0x0000, 0x0000, 0x0000, 0x0000, 0x5267,
  0x83AA, 0x8BCA, 0x8BCA, 0x8BCA, 0x8BCA, 0x8BCA, 0x8BAA, 0x8BAA, 0x8BAA, 0x8BAA, 0x8BCA, 0x8BAA,
  0x8BAA, 0x8BCA, 0x8BAA, 0x8BCA, 0x8BAA, 0x8BAA, 0x8BCA, 0x8BAA, 0x8BAA, 0x8BAA, 0x8B89, 0x8BAA,
  0x8BAA, 0x8BAA, 0x8BAA, 0x8BAA, 0x8BAA, 0x8BAA, 0x8B89, 0x8BAA, 0x8BAA, 0x8BAA, 0x8BAA, 0x8BAA,
  0x8BCA, 0x83AA, 0x734A, 0x2102, 0x0820, 0x0000, 0x0000, 0x0000, 0x0000, 0x0000, 0x0000, 0x0000,
  0x0000, 0x0000, 0x0000, 0x0000, 0x0000, 0x0000, 0x0000, 0x0000, 0x0000, 0x0000, 0x0000, 0x0000,
  0x0000, 0x0000, 0x0000, 0x0000, 0x0000, 0x0000, 0x0000, 0x0000, 0x0000, 0x0000, 0x0000, 0x0000,
  0x0000, 0x0000, 0x0000, 0x0000, 0x0000, 0x0000, 0x0000, 0x0000, 0x0000, 0x0000, 0x0000, 0x0000,
  0x0000, 0x0000, 0x0000, 0x0000, 0x0000, 0x0000, 0x732A, 0x83AB, 0x8BAA, 0x8BAA, 0x8BCA, 0x8BAA,
  0x8BA9, 0x8BA9, 0x8BA9, 0x8BA9, 0x8BAA, 0x8BAA, 0x8BAA, 0x8BCA, 0x8BAA, 0x8BAA, 0x8BAA, 0x8BAA,
  0x8B89, 0x8BAA, 0x8BAA, 0x8BAA, 0x8BAA, 0x8BAA, 0x8BAA, 0x8BAA, 0x8BAA, 0x8B89, 0x8B89, 0x8BAA,
  0x8BAA, 0x8BAA, 0x8BAA, 0x8BAA, 0x8BAA, 0x838A, 0x838A, 0x6B09, 0x5247, 0x18C2, 0x0000, 0x0000,
  0x0000, 0x0000, 0x0000, 0x0000, 0x0000, 0x0000, 0x0000, 0x0000, 0x0000, 0x0000, 0x0000, 0x0000,
  0x0000, 0x0000, 0x0000, 0x0000, 0x0000, 0x0000, 0x0000, 0x0000, 0x0000, 0x0000, 0x0000, 0x0000,
  0x0000, 0x0000, 0x0000, 0x0000, 0x0000, 0x0000, 0x0000, 0x0000, 0x0000, 0x0000, 0x0000, 0x0000,
  0x0000, 0x0000, 0x0000, 0x0000, 0x0000, 0x0000, 0x0000, 0x0000, 0x0000, 0x0000, 0x0000, 0x0000,
  0x0000, 0x7B8B, 0x83AA, 0x8389, 0x8BA9, 0x8B89, 0x8B89, 0x8B89, 0x8389, 0x8BA9, 0x8389, 0x8389,
  0x8BAA, 0x8B89, 0x8389, 0x8BA9, 0x8B89, 0x8BAA, 0x8BAA, 0x8389, 0x8389, 0x8B89, 0x8BAA, 0x8B89,
  0x8BAA, 0x8BAA, 0x8B89, 0x8389, 0x8389, 0x8389, 0x8B89, 0x8B89, 0x8BAA, 0x8B89, 0x8BAA, 0x8B89,
  0x8389, 0x83AB, 0x2923, 0x1060, 0x0000, 0x0000, 0x0000, 0x0000, 0x0000, 0x0000, 0x0000, 0x0000,
  0x0000, 0x0000, 0x0000, 0x0000, 0x0000, 0x0000, 0x0000, 0x0000, 0x0000, 0x0000, 0x0000, 0x0000,
  0x0000, 0x0000, 0x0000, 0x0000, 0x0000, 0x0000, 0x0000, 0x0000, 0x0000, 0x0000, 0x0000, 0x0000,
  0x0000, 0x0000, 0x0000, 0x0000, 0x0000, 0x0000, 0x0000, 0x0000, 0x0000, 0x0000, 0x0000, 0x0000,
  0x0000, 0x0000, 0x0000, 0x0000, 0x0000, 0x0000, 0x0000, 0x0000, 0x7B8B, 0x83AA, 0x7B69, 0x8369,
  0x8B89, 0x8389, 0x8389, 0x8B89, 0x8B89, 0x8389, 0x8389, 0x8BAA, 0x8B89, 0x8B89, 0x8B89, 0x8B89,
  0x8B89, 0x8389, 0x8389, 0x8389, 0x8BA9, 0x8BAA, 0x8B89, 0x8B89, 0x8B89, 0x8B89, 0x8B89, 0x8B89,
  0x8369, 0x8B89, 0x8B89, 0x8B89, 0x8B89, 0x8389, 0x8369, 0x7B49, 0x8BEC, 0x18C1, 0x0020, 0x0000,
  0x0000, 0x0000, 0x0000, 0x0000, 0x0000, 0x0000, 0x0000, 0x0000, 0x0000, 0x0000, 0x0000, 0x0000,
  0x0000, 0x0000, 0x0000, 0x0000, 0x0000, 0x0000, 0x0000, 0x0000, 0x0000, 0x0000, 0x0000, 0x0000,
  0x0000, 0x0000, 0x0000, 0x0000, 0x0000, 0x0000, 0x0000, 0x0000, 0x0000, 0x0000, 0x0000, 0x0000,
  0x0000, 0x0000, 0x0000, 0x0000, 0x0000, 0x0000, 0x0000, 0x0000, 0x0000, 0x0000, 0x0000, 0x0000,
  0x0000, 0x0000, 0x0000, 0x7B6B, 0x838A, 0x7B49, 0x8369, 0x8369, 0x8369, 0x8369, 0x8389, 0x8389,
  0x8389, 0x8389, 0x8B89, 0x8B89, 0x8B89, 0x8B89, 0x8B89, 0x8389, 0x8389, 0x8389, 0x8389, 0x8389,
  0x8B89, 0x8BAA, 0x8B89, 0x8BA9, 0x8B89, 0x8B89, 0x8B89, 0x8389, 0x8389, 0x8389, 0x8389, 0x8369,
  0x8369, 0x8369, 0x7B49, 0x8BCB, 0x732A, 0x39C6, 0x0841, 0x0000, 0x0000, 0x0000, 0x0000, 0x0000,
  0x0000, 0x0000, 0x0000, 0x0000, 0x0000, 0x0000, 0x0000, 0x0000, 0x0000, 0x0000, 0x0000, 0x0000,
  0x0000, 0x0000, 0x0000, 0x0000, 0x0000, 0x0000, 0x0000, 0x0000, 0x0000, 0x0000, 0x0000, 0x0000,
  0x0000, 0x0000, 0x0000, 0x0000, 0x0000, 0x0000, 0x0000, 0x0000, 0x0000, 0x0000, 0x0000, 0x0000,
  0x0000, 0x0000, 0x0000, 0x0000, 0x0000, 0x0000, 0x0000, 0x0000, 0x0000, 0x1081, 0x7B6B, 0x838A,
  0x7B48, 0x8369, 0x8369, 0x8369, 0x8368, 0x8369, 0x8B89, 0x8389, 0x8B89, 0x8389, 0x8389, 0x8B89,
  0x8B89, 0x8B89, 0x8B89, 0x8B89, 0x8B89, 0x8389, 0x8389, 0x8389, 0x8B89, 0x8B89, 0x8B89, 0x8B89,
  0x8B89, 0x8B89, 0x8369, 0x8369, 0x8369, 0x8368, 0x8368, 0x8368, 0x8348, 0x7B48, 0x7B69, 0xA4AE,
  0xA4D0, 0x630A, 0x0861, 0x0000, 0x0000, 0x0000, 0x0000, 0x0000, 0x0000, 0x0000, 0x0000, 0x0000,
  0x0000, 0x0000, 0x0000, 0x0000, 0x0000, 0x0000, 0x0000, 0x0000, 0x0000, 0x0000, 0x0000, 0x0000,
  0x0000, 0x0000, 0x0000, 0x0000, 0x0000, 0x0000, 0x0000, 0x0000, 0x0000, 0x0000, 0x0000, 0x0000,
  0x0000, 0x0000, 0x0000, 0x0000, 0x0000, 0x0000, 0x0000, 0x0000, 0x0000, 0x0000, 0x0000, 0x0000,
  0x0000, 0x0000, 0x0000, 0x0000, 0x41E6, 0x7B6A, 0x7B69, 0x7B49, 0x8369, 0x8369, 0x8369, 0x8369,
  0x8369, 0x8389, 0x8389, 0x8B89, 0x8389, 0x8389, 0x8B89, 0x8389, 0x8B89, 0x8B89, 0x8BA9, 0x8389,
  0x8389, 0x8389, 0x8389, 0x8369, 0x8389, 0x8389, 0x8389, 0x8389, 0x8389, 0x8369, 0x7B48, 0x7B48,
  0x8348, 0x8368, 0x7B48, 0x7B48, 0x7B48, 0x7B49, 0x838A, 0x942D, 0xBD73, 0x736C, 0x1082, 0x0000,
  0x0000, 0x0000, 0x0000, 0x0000, 0x0000, 0x0000, 0x0000, 0x0000, 0x0000, 0x0000, 0x0000, 0x0000,
  0x0000, 0x0000, 0x0000, 0x0000, 0x0000, 0x0000, 0x0000, 0x0000, 0x0000, 0x0000, 0x0000, 0x0000,
  0x0000, 0x0000, 0x0000, 0x0000, 0x0000, 0x0000, 0x0000, 0x0000, 0x0000, 0x0000, 0x0000, 0x0000,
  0x0000, 0x0000, 0x0000, 0x0000, 0x0000, 0x0000, 0x0000, 0x0000, 0x0000, 0x0000, 0x0000, 0x732A,
  0x7B6A, 0x7B69, 0x8369, 0x8369, 0x8369, 0x8389, 0x8369, 0x8369, 0x8389, 0x8389, 0x8389, 0x8389,
  0x8389, 0x8389, 0x8389, 0x8389, 0x8B89, 0x8B89, 0x8B89, 0x8389, 0x8B89, 0x8389, 0x8369, 0x8389,
  0x8369, 0x8368, 0x8368, 0x8368, 0x8369, 0x8369, 0x8349, 0x7B48, 0x8368, 0x7B48, 0x8348, 0x8368,
  0x8369, 0x8389, 0x7B49, 0x8C0C, 0xC5B3, 0x83CD, 0x1061, 0x0000, 0x0000, 0x0000, 0x0000, 0x0000,
  0x0000, 0x0000, 0x0000, 0x0000, 0x0000, 0x0000, 0x0000, 0x0000, 0x0000, 0x0000, 0x0000, 0x0000,
  0x0000, 0x0000, 0x0000, 0x0000, 0x0000, 0x0000, 0x0000, 0x0000, 0x0000, 0x0000, 0x0000, 0x0000,
  0x0000, 0x0000, 0x0000, 0x0000, 0x0000, 0x0000, 0x0000, 0x0000, 0x0000, 0x0000, 0x0000, 0x0000,
  0x0000, 0x0000, 0x0000, 0x0000, 0x0000, 0x0000, 0x8C2E, 0x7B8A, 0x7B49, 0x8369, 0x8369, 0x8369,
  0x8389, 0x8369, 0x8369, 0x8369, 0x8369, 0x8369, 0x7B49, 0x7B69, 0x8369, 0x8369, 0x8369, 0x8389,
  0x8389, 0x8389, 0x8389, 0x8389, 0x8369, 0x8369, 0x8369, 0x8369, 0x8348, 0x8348, 0x8368, 0x8369,
  0x8369, 0x8349, 0x7B48, 0x8349, 0x7B48, 0x8348, 0x8369, 0x8369, 0x8369, 0x8389, 0x7B69, 0x8BEC,
  0xCDF4, 0x736C, 0x0841, 0x0000, 0x0000, 0x0000, 0x0000, 0x0000, 0x0000, 0x0000, 0x0000, 0x0000,
  0x0000, 0x0000, 0x0000, 0x0000, 0x0000, 0x0000, 0x0000, 0x0000, 0x0000, 0x0000, 0x0000, 0x0000,
  0x0000, 0x0000, 0x0000, 0x0000, 0x0000, 0x0000, 0x0000, 0x0000, 0x0000, 0x0000, 0x0000, 0x0000,
  0x0000, 0x0000, 0x0000, 0x0000, 0x0000, 0x0000, 0x0000, 0x0000, 0x0000, 0x0000, 0x0000, 0x0000,
  0x0000, 0xA4B0, 0x8BEC, 0x838A, 0x8BAA, 0x8BAA, 0x8BCA, 0x8BCA, 0x8BCA, 0x8BCA, 0x8BCA, 0x83AA,
  0x838A, 0x838A, 0x838A, 0x83AA, 0x83AA, 0x83AA, 0x83AA, 0x8BAA, 0x8BAA, 0x8BAA, 0x8BAA, 0x838A,
  0x8389, 0x8369, 0x7B48, 0x7B48, 0x7B28, 0x8348, 0x8348, 0x7B48, 0x7B48, 0x7B48, 0x7B48, 0x7B48,
  0x7B48, 0x8348, 0x8369, 0x8369, 0x8389, 0x8369, 0x7B49, 0x8C0C, 0xD656, 0x5AA9, 0x0020, 0x0000,
  0x0000, 0x0000, 0x0000, 0x0000, 0x0000, 0x0000, 0x0000, 0x0000, 0x0000, 0x0000, 0x0000, 0x0000,
  0x0000, 0x0000, 0x0000, 0x0000, 0x0000, 0x0000, 0x0000, 0x0000, 0x0000, 0x0000, 0x0000, 0x0000,
  0x0000, 0x0000, 0x0000, 0x0000, 0x0000, 0x0000, 0x0000, 0x0000, 0x0000, 0x0000, 0x0000, 0x0000,
  0x0000, 0x0000, 0x0000, 0x0000, 0x0000, 0x0000, 0x0000, 0x0000, 0x7BAC, 0x7BAB, 0x7B6B, 0x7B8A,
  0x83AB, 0x83AB, 0x8BCB, 0x8BCB, 0x8BCB, 0x8BCB, 0x83AB, 0x7B6A, 0x7B6A, 0x7B4A, 0x7B4A, 0x734A,
  0x7329, 0x7329, 0x7309, 0x6B09, 0x7309, 0x7309, 0x6AE8, 0x62C8, 0x6AE8, 0x7329, 0x8369, 0x7B28,
  0x7B28, 0x7B28, 0x7B48, 0x7B68, 0x7B48, 0x7B28, 0x7B48, 0x7B48, 0x7B48, 0x7B48, 0x7B68, 0x8369,
  0x7B48, 0x7B49, 0x7329, 0xACF0, 0xCE36, 0x20E3, 0x0000, 0x0000, 0x0000, 0x0000, 0x0000, 0x0000,
  0x0000, 0x0000, 0x0000, 0x0000, 0x0000, 0x0000, 0x0000, 0x0000, 0x0000, 0x0000, 0x0000, 0x0000,
  0x0000, 0x0000, 0x0000, 0x0000, 0x0000, 0x0000, 0x0000, 0x0000, 0x0000, 0x0000, 0x0000, 0x0000,
  0x0000, 0x0000, 0x0000, 0x0000, 0x0000, 0x0000, 0x0000, 0x0000, 0x0000, 0x0000, 0x0000, 0x0000,
  0x0000, 0x0000, 0x0840, 0x18E2, 0x20E2, 0x20E2, 0x2103, 0x2923, 0x2923, 0x2943, 0x3143, 0x3143,
  0x2943, 0x2943, 0x2903, 0x2103, 0x2102, 0x20E2, 0x18C2, 0x18A2, 0x18A1, 0x10A1, 0x1081, 0x1081,
  0x1081, 0x1081, 0x18A1, 0x3164, 0x5A67, 0x7B6A, 0x7B49, 0x838A, 0x7B49, 0x7B49, 0x8369, 0x7B48,
  0x7B48, 0x7B48, 0x7B28, 0x7B28, 0x7B28, 0x7B28, 0x7B48, 0x7B28, 0x7B28, 0x7328, 0x7349, 0xD656,
  0x738C, 0x0020, 0x0000, 0x0000, 0x0000, 0x0000, 0x0000, 0x0000, 0x0000, 0x0000, 0x0000, 0x0000,
  0x0000, 0x0000, 0x0000, 0x0000, 0x0000, 0x0000, 0x0000, 0x0000, 0x0000, 0x0000, 0x0000, 0x0000,
  0x0000, 0x0000, 0x0000, 0x0000, 0x0000, 0x0000, 0x0000, 0x0000, 0x0000, 0x0000, 0x0000, 0x0000,
  0x0000, 0x0000, 0x0000, 0x0000, 0x0000, 0x0000, 0x0000, 0x0000, 0x0000, 0x0000, 0x0000, 0x0000,
  0x0000, 0x0000, 0x0000, 0x0000, 0x0000, 0x0000, 0x0000, 0x0000, 0x0000, 0x0000, 0x0000, 0x0000,
  0x0000, 0x0000, 0x0000, 0x0000, 0x0000, 0x0000, 0x0000, 0x0000, 0x0000, 0x0000, 0x0020, 0x1081,
  0x20E2, 0x5226, 0x8BEC, 0x93EC, 0x8389, 0x8369, 0x7B49, 0x7B48, 0x7B48, 0x7B28, 0x7B28, 0x7B28,
  0x7307, 0x7307, 0x7307, 0x72E7, 0x7307, 0x62A7, 0xA4CF, 0xD676, 0x1081, 0x0000, 0x0000, 0x0000,
  0x0000, 0x0000, 0x0000, 0x0000, 0x0000, 0x0000, 0x0000, 0x0000, 0x0000, 0x0000, 0x0000, 0x0000,
  0x0000, 0x0000, 0x0000, 0x0000, 0x0000, 0x0000, 0x0000, 0x0000, 0x0000, 0x0000, 0x0000, 0x0000,
  0x0000, 0x0000, 0x0000, 0x0000, 0x0000, 0x0000, 0x0000, 0x0000, 0x0000, 0x0000, 0x0000, 0x0000,
  0x0000, 0x0000, 0x0000, 0x0000, 0x0000, 0x0000, 0x0000, 0x0000, 0x0000, 0x0000, 0x0000, 0x0000,
  0x0000, 0x0000, 0x0000, 0x0000, 0x0000, 0x0000, 0x0000, 0x0000, 0x0000, 0x0000, 0x0000, 0x0000,
  0x0000, 0x0000, 0x0000, 0x0000, 0x0000, 0x0000, 0x0000, 0x0000, 0x1061, 0x39A5, 0x8C0C, 0x93EC,
  0x8369, 0x7B28, 0x7B48, 0x7B28, 0x7B28, 0x7B28, 0x7308, 0x7307, 0x72E7, 0x72E7, 0x6AE7, 0x6AC7,
  0x62C7, 0x7329, 0xE6B7, 0x4A47, 0x0000, 0x0000, 0x0000, 0x0000, 0x0000, 0x0000, 0x0000, 0x0000,
  0x0000, 0x0000, 0x0000, 0x0000, 0x0000, 0x0000, 0x0000, 0x0000, 0x0000, 0x0000, 0x0000, 0x0000,
  0x0000, 0x0000, 0x0000, 0x0000, 0x0000, 0x0000, 0x0000, 0x0000, 0x0000, 0x0000, 0x0000, 0x0000,
  0x0000, 0x0000, 0x0000, 0x0000, 0x0000, 0x0000, 0x0000, 0x0000, 0x0000, 0x0000, 0x0000, 0x0000,
  0x0000, 0x0000, 0x0000, 0x0000, 0x0000, 0x0000, 0x0000, 0x0000, 0x0000, 0x0000, 0x0000, 0x0000,
  0x0000, 0x0000, 0x0000, 0x0000, 0x0000, 0x0000, 0x0000, 0x0000, 0x0000, 0x0000, 0x0000, 0x0000,
  0x0000, 0x0000, 0x0000, 0x0000, 0x0000, 0x3984, 0x8C0C, 0x838A, 0x7B28, 0x7B28, 0x7B28, 0x7B28,
  0x7308, 0x7307, 0x7307, 0x6AE7, 0x72E7, 0x72E7, 0x6AC7, 0x6AC7, 0x5A87, 0xCDF3, 0xAD11, 0x0020,
  0x0000, 0x0000, 0x0000, 0x0000, 0x0000, 0x0000, 0x0000, 0x0000, 0x0000, 0x0000, 0x0000, 0x0000,
  0x0000, 0x0000, 0x0000, 0x0000, 0x0000, 0x0000, 0x0000, 0x0000, 0x0000, 0x0000, 0x0000, 0x0000,
  0x0000, 0x0000, 0x0000, 0x0000, 0x0000, 0x0000, 0x0000, 0x0000, 0x0000, 0x0000, 0x0000, 0x0000,
  0x0000, 0x0000, 0x0000, 0x0000, 0x0000, 0x0000, 0x0000, 0x0000, 0x0000, 0x0000, 0x0000, 0x0000,
  0x0000, 0x0000, 0x0000, 0x0000, 0x0000, 0x0000, 0x0000, 0x0000, 0x0000, 0x0000, 0x0000, 0x0000,
  0x0000, 0x0000, 0x0000, 0x0000, 0x0000, 0x0000, 0x0000, 0x0000, 0x0000, 0x0000, 0x0000, 0x0000,
  0x0000, 0x41C5, 0x8BCB, 0x7328, 0x72E7, 0x72E7, 0x72E7, 0x7308, 0x72E7, 0x72E7, 0x6AC7, 0x6AE7,
  0x6AE7, 0x6AC7, 0x62A6, 0x5A66, 0xA4CF, 0xD655, 0x0861, 0x0000, 0x0000, 0x0000, 0x0000, 0x0000,
  0x0000, 0x0000, 0x0000, 0x0000, 0x0000, 0x0000, 0x0000, 0x0000, 0x0000, 0x0000, 0x0000, 0x0000,
  0x0000, 0x0000, 0x0000, 0x0000, 0x0000, 0x0000, 0x0000, 0x0000, 0x0000, 0x0000, 0x0000, 0x0000,
  0x0000, 0x0000, 0x0000, 0x0000, 0x0000, 0x0000, 0x0000, 0x0000, 0x0000, 0x0000, 0x0000, 0x0000,
  0x0000, 0x0000, 0x0000, 0x0000, 0x0000, 0x0000, 0x0000, 0x0000, 0x0000, 0x0000, 0x0000, 0x0000,
  0x0000, 0x0000, 0x0000, 0x0000, 0x0000, 0x0000, 0x0000, 0x0000, 0x0000, 0x0000, 0x0000, 0x0000,
  0x0000, 0x0000, 0x0000, 0x0000, 0x0000, 0x0000, 0x0000, 0x0000, 0x0020, 0x62A8, 0x7B49, 0x6AE7,
  0x6AC7, 0x6AC7, 0x6AC7, 0x6AC7, 0x6AC7, 0x6AA6, 0x6AA7, 0x6AA6, 0x6AA6, 0x62A6, 0x5A86, 0x838A,
  0xDE76, 0x2923, 0x0000, 0x0000, 0x0000, 0x0000, 0x0000, 0x0000, 0x0000, 0x0000, 0x0000, 0x0000,
  0x0000, 0x0000, 0x0000, 0x0000, 0x0000, 0x0000, 0x0000, 0x0000, 0x0000, 0x0000, 0x0000, 0x0000,
  0x0000, 0x0000, 0x0000, 0x0000, 0x0000, 0x0000, 0x0000, 0x0000, 0x0000, 0x0000, 0x0000, 0x0000,
  0x0000, 0x0000, 0x0000, 0x0000, 0x0000, 0x0000, 0x0000, 0x0000, 0x0000, 0x0000, 0x0000, 0x0000,
  0x0000, 0x0000, 0x0000, 0x0000, 0x0000, 0x0000, 0x0000, 0x0000, 0x0000, 0x0000, 0x0000, 0x0000,
  0x0000, 0x0000, 0x0000, 0x0000, 0x0000, 0x0000, 0x0000, 0x0000, 0x0000, 0x0000, 0x0000, 0x0000,
  0x0000, 0x0000, 0x0000, 0x0000, 0x18C2, 0x734A, 0x6AE8, 0x62A7, 0x62A6, 0x62A6, 0x62A6, 0x62A6,
  0x62A6, 0x62A6, 0x6286, 0x62A6, 0x6286, 0x6286, 0x62C7, 0xD614, 0x4206, 0x0000, 0x0000, 0x0000,
  0x0000, 0x0000, 0x0000, 0x0000, 0x0000, 0x0000, 0x0000, 0x0000, 0x0000, 0x0000, 0x0000, 0x0000,
  0x0000, 0x0000, 0x0000, 0x0000, 0x0000, 0x0000, 0x0000, 0x0000, 0x0000, 0x0000, 0x0000, 0x0000,
  0x0000, 0x0000, 0x0000, 0x0000, 0x0000, 0x0000, 0x0000, 0x0000, 0x0000, 0x0000, 0x0000, 0x0000,
  0x0000, 0x0000, 0x0000, 0x0000, 0x0000, 0x0000, 0x0000, 0x0000, 0x0000, 0x0000, 0x0000, 0x0000,
  0x0000, 0x0000, 0x0000, 0x0000, 0x0000, 0x0000, 0x0000, 0x0000, 0x0000, 0x0000, 0x0000, 0x0000,
  0x0000, 0x0000, 0x0000, 0x0000, 0x0000, 0x0000, 0x0000, 0x0000, 0x0000, 0x0000, 0x0000, 0x0000,
  0x5247, 0x6AC8, 0x6AA7, 0x62A6, 0x6286, 0x6286, 0x6286, 0x6286, 0x62A6, 0x6286, 0x6286, 0x6286,
  0x6286, 0x5246, 0xC5B2, 0x4206, 0x0000, 0x0000, 0x0000, 0x0000, 0x0000, 0x0000, 0x0000, 0x0000,
  0x0000, 0x0000, 0x0000, 0x0000, 0x0000, 0x0000, 0x0000, 0x0000, 0x0000, 0x0000, 0x0000, 0x0000,
  0x0000, 0x0000, 0x0000, 0x0000, 0x0000, 0x0000, 0x0000, 0x0000, 0x0000, 0x0000, 0x0000, 0x0000,
  0x0000, 0x0000, 0x0000, 0x0000, 0x0000, 0x0000, 0x0000, 0x0000, 0x0000, 0x0000, 0x0000, 0x0000,
  0x0000, 0x0000, 0x0000, 0x0000, 0x0000, 0x0000, 0x0000, 0x0000, 0x0000, 0x0000, 0x0000, 0x0000,
  0x0000, 0x0000, 0x0000, 0x0000, 0x0000, 0x0000, 0x0000, 0x0000, 0x0000, 0x0000, 0x0000, 0x0000,
  0x0000, 0x0000, 0x0000, 0x0000, 0x0000, 0x0000, 0x0000, 0x2903, 0x62C8, 0x6AC7, 0x6286, 0x6286,
  0x6286, 0x6286, 0x6286, 0x62A6, 0x62A6, 0x62A6, 0x62A6, 0x6286, 0x5225, 0xBD51, 0x3164, 0x0000,
  0x0000, 0x0000, 0x0000, 0x0000, 0x0000, 0x0000, 0x0000, 0x0000, 0x0000, 0x0000, 0x0000, 0x0000,
  0x0000, 0x0000, 0x0000, 0x0000, 0x0000, 0x0000, 0x0000, 0x0000, 0x0000, 0x0000, 0x0000, 0x0000,
  0x0000, 0x0000, 0x0000, 0x0000, 0x0000, 0x0000, 0x0000, 0x0000, 0x0000, 0x0000, 0x0000, 0x0000,
  0x0000, 0x0000, 0x0000, 0x0000, 0x0000, 0x0000, 0x0000, 0x0000, 0x0000, 0x0000, 0x0000, 0x0000,
  0x0000, 0x0000, 0x0000, 0x0000, 0x0000, 0x0000, 0x0000, 0x0000, 0x0000, 0x0000, 0x0000, 0x0000,
  0x0000, 0x0000, 0x0000, 0x0000, 0x0000, 0x0000, 0x0000, 0x0000, 0x0000, 0x0000, 0x0000, 0x0000,
  0x0000, 0x0000, 0x0860, 0x6AE8, 0x6AC7, 0x6286, 0x6286, 0x6286, 0x6286, 0x6286, 0x6286, 0x62A6,
  0x62A6, 0x6AA6, 0x62A7, 0x5A46, 0xAD10, 0x18A1, 0x0000, 0x0000, 0x0000, 0x0000, 0x0000, 0x0000,
  0x0000, 0x0000, 0x0000, 0x0000, 0x0000, 0x0000, 0x0000, 0x0000, 0x0000, 0x0000, 0x0000, 0x0000,
  0x0000, 0x0000, 0x0000, 0x0000, 0x0000, 0x0000, 0x0000, 0x0000, 0x0000, 0x0000, 0x0000, 0x0000,
  0x0000, 0x0000, 0x0000, 0x0000, 0x0000, 0x0000, 0x0000, 0x0000, 0x0000, 0x0000, 0x0000, 0x0000,
  0x0000, 0x0000, 0x0000, 0x0000, 0x0000, 0x0000, 0x0000, 0x0000, 0x0000, 0x0000, 0x0000, 0x0000,
  0x0000, 0x0000, 0x0000, 0x0000, 0x0000, 0x0000, 0x0000, 0x0000, 0x0000, 0x0000, 0x0000, 0x0000,
  0x0000, 0x0000, 0x0000, 0x0000, 0x0000, 0x0000, 0x0000, 0x0000, 0x0000, 0x0820, 0x62C8, 0x62A7,
  0x6266, 0x6286, 0x6286, 0x6286, 0x6286, 0x6286, 0x6286, 0x6AA6, 0x6AA6, 0x6AA7, 0x5A66, 0xA48F,
  0x0840, 0x0000, 0x0000, 0x0000, 0x0000, 0x0000, 0x0000, 0x0000, 0x0000, 0x0000, 0x0000, 0x0000,
  0x0000, 0x0000, 0x0000, 0x0000, 0x0000, 0x0000, 0x0000, 0x0000, 0x0000, 0x0000, 0x0000, 0x0000,
  0x0000, 0x0000, 0x0000, 0x0000, 0x0000, 0x0000, 0x0000, 0x0000, 0x0000, 0x0000, 0x0000, 0x0000,
  0x0000, 0x0000, 0x0000, 0x0000, 0x0000, 0x0000, 0x0000, 0x0000, 0x0000, 0x0000, 0x0000, 0x0000,
  0x0000, 0x0000, 0x0000, 0x0000, 0x0000, 0x0000, 0x0000, 0x0000, 0x0000, 0x0000, 0x0000, 0x0000,
  0x0000, 0x0000, 0x0000, 0x0000, 0x0000, 0x0000, 0x0000, 0x0000, 0x0000, 0x0000, 0x0000, 0x0000,
  0x0000, 0x0000, 0x0000, 0x0000, 0x0840, 0x6AE9, 0x62A7, 0x5A66, 0x5A66, 0x6266, 0x6266, 0x6266,
  0x6286, 0x6286, 0x6AA6, 0x62A6, 0x62A7, 0x62A7, 0x8C0D, 0x0020, 0x0000, 0x0000, 0x0000, 0x0000,
  0x0000, 0x0000, 0x0000, 0x0000, 0x0000, 0x0000, 0x0000, 0x0000, 0x0000, 0x0000, 0x0000, 0x0000,
  0x0000, 0x0000, 0x0000, 0x0000, 0x0000, 0x0000, 0x0000, 0x0000, 0x0000, 0x0000, 0x0000, 0x0000,
  0x0000, 0x0000, 0x0000, 0x0000, 0x0000, 0x0000, 0x0000, 0x0000, 0x0000, 0x0000, 0x0000, 0x0000,
  0x0000, 0x0000, 0x0000, 0x0000, 0x0000, 0x0000, 0x0000, 0x0000, 0x0000, 0x0000, 0x0000, 0x0000,
  0x0000, 0x0000, 0x0000, 0x0000, 0x0000, 0x0000, 0x0000, 0x0000, 0x0000, 0x0000, 0x0000, 0x0000,
  0x0000, 0x0000, 0x0000, 0x0000, 0x0000, 0x0000, 0x0000, 0x0000, 0x0000, 0x0000, 0x0000, 0x18A2,
  0x6AE9, 0x5A87, 0x5A65, 0x5A66, 0x5A66, 0x5A66, 0x5A66, 0x5A66, 0x6266, 0x6286, 0x6286, 0x6286,
  0x7308, 0x6B2A, 0x0020, 0x0000, 0x0000, 0x0000, 0x0000, 0x0000, 0x0000, 0x0000, 0x0000, 0x0000,
  0x0000, 0x0000, 0x0000, 0x0000, 0x0000, 0x0000, 0x0000, 0x0000, 0x0000, 0x0000, 0x0000, 0x0000,
  0x0000, 0x0000, 0x0000, 0x0000, 0x0000, 0x0000, 0x0000, 0x0000, 0x0000, 0x0000, 0x0000, 0x0000,
  0x0000, 0x0000, 0x0000, 0x0000, 0x0000, 0x0000, 0x0000, 0x0000, 0x0000, 0x0000, 0x0000, 0x0000,
  0x0000, 0x0000, 0x0000, 0x0000, 0x0000, 0x0000, 0x0000, 0x0000, 0x0000, 0x0000, 0x0000, 0x0000,
  0x0000, 0x0000, 0x0000, 0x0000, 0x0000, 0x0000, 0x0000, 0x0000, 0x0000, 0x0000, 0x0000, 0x0000,
  0x0000, 0x0000, 0x0000, 0x0000, 0x0000, 0x0000, 0x2943, 0x62A8, 0x5A66, 0x5A46, 0x5A46, 0x5A46,
  0x5A65, 0x5A65, 0x5A66, 0x5A66, 0x5A66, 0x5A66, 0x5A66, 0x838A, 0x4A26, 0x0000, 0x0000, 0x0000,
  0x0000, 0x0000, 0x0000, 0x0000, 0x0000, 0x0000, 0x0000, 0x0000, 0x0000, 0x0000, 0x0000, 0x0000,
  0x0000, 0x0000, 0x0000, 0x0000, 0x0000, 0x0000, 0x0000, 0x0000, 0x0000, 0x0000, 0x0000, 0x0000,
  0x0000, 0x0000, 0x0000, 0x0000, 0x0000, 0x0000, 0x0000, 0x0000, 0x0000, 0x0000, 0x0000, 0x0000,
  0x0000, 0x0000, 0x0000, 0x0000, 0x0000, 0x0000, 0x0000, 0x0000, 0x0000, 0x0000, 0x0000, 0x0000,
  0x0000, 0x0000, 0x0000, 0x0000, 0x0000, 0x0000, 0x0000, 0x0000, 0x0000, 0x0000, 0x0000, 0x0000,
  0x0000, 0x0000, 0x0000, 0x0000, 0x0000, 0x0000, 0x0000, 0x0000, 0x0000, 0x0000, 0x0000, 0x0000,
  0x0000, 0x41C6, 0x5A67, 0x5A46, 0x5A45, 0x5A45, 0x5A45, 0x5A45, 0x5A45, 0x5A45, 0x5A45, 0x5A65,
  0x5A66, 0x5225, 0x942D, 0x2943, 0x0000, 0x0000, 0x0000, 0x0000, 0x0000, 0x0000, 0x0000, 0x0000,
  0x0000, 0x0000, 0x0000, 0x0000, 0x0000, 0x0000, 0x0000, 0x0000, 0x0000, 0x0000, 0x0000, 0x0000,
  0x0000, 0x0000, 0x0000, 0x0000, 0x0000, 0x0000, 0x0000, 0x0000, 0x0000, 0x0000, 0x0000, 0x0000,
  0x0000, 0x0000, 0x0000, 0x0000, 0x0000, 0x0000, 0x0000, 0x0000, 0x0000, 0x0000, 0x0000, 0x0000,
  0x0000, 0x0000, 0x0000, 0x0000, 0x0000, 0x0000, 0x0000, 0x0000, 0x0000, 0x0000, 0x0000, 0x0000,
  0x0000, 0x0000, 0x0000, 0x0000, 0x0000, 0x0000, 0x0000, 0x0000, 0x0000, 0x0000, 0x0000, 0x0000,
  0x0000, 0x0000, 0x0000, 0x0000, 0x0000, 0x0000, 0x0000, 0x0000, 0x5247, 0x5226, 0x5225, 0x5A45,
  0x5A45, 0x5A45, 0x5A45, 0x5A45, 0x5A45, 0x5A45, 0x5A45, 0x5245, 0x49E5, 0x9C6E, 0x1081, 0x0000,
  0x0000, 0x0000, 0x0000, 0x0000, 0x0000, 0x0000, 0x0000, 0x0000, 0x0000, 0x0000, 0x0000, 0x0000,
  0x0000, 0x0000, 0x0000, 0x0000, 0x0000, 0x0000, 0x0000, 0x0000, 0x0000, 0x0000, 0x0000, 0x0000,
  0x0000, 0x0000, 0x0000, 0x0000, 0x0000, 0x0000, 0x0000, 0x0000, 0x0000, 0x0000, 0x0000, 0x0000,
  0x0000, 0x0000, 0x0000, 0x0000, 0x0000, 0x0000, 0x0000, 0x0000, 0x0000, 0x0000, 0x0000, 0x0000,
  0x0000, 0x0000, 0x0000, 0x0000, 0x0000, 0x0000, 0x0000, 0x0000, 0x0000, 0x0000, 0x0000, 0x0000,
  0x0000, 0x0000, 0x0000, 0x0000, 0x0000, 0x0000, 0x0000, 0x0000, 0x0000, 0x0000, 0x0000, 0x0000,
  0x0000, 0x0000, 0x0000, 0x5268, 0x4A26, 0x4A05, 0x5225, 0x5225, 0x5225, 0x5225, 0x5225, 0x5225,
  0x5225, 0x5A45, 0x5245, 0x49E4, 0x9C6E, 0x0840, 0x0000, 0x0000, 0x0000, 0x0000, 0x0000, 0x0000,
  0x0000, 0x0000, 0x0000, 0x0000, 0x0000, 0x0000, 0x0000, 0x0000, 0x0000, 0x0000, 0x0000, 0x0000,
  0x0000, 0x0000, 0x0000, 0x0000, 0x0000, 0x0000, 0x0000, 0x0000, 0x0000, 0x0000, 0x0000, 0x0000,
  0x0000, 0x0000, 0x0000, 0x0000, 0x0000, 0x0000, 0x0000, 0x0000, 0x0000, 0x0000, 0x0000, 0x0000,
  0x0000, 0x0000, 0x0000, 0x0000, 0x0000, 0x0000, 0x0000, 0x0000, 0x0000, 0x0000, 0x0000, 0x0000,
  0x0000, 0x0000, 0x0000, 0x0000, 0x0000, 0x0000, 0x0000, 0x0000, 0x0000, 0x0000, 0x0000, 0x0000,
  0x0000, 0x0000, 0x0000, 0x0000, 0x0000, 0x0000, 0x0000, 0x0000, 0x0000, 0x0000, 0x5247, 0x5226,
  0x4A05, 0x4A04, 0x5205, 0x4A04, 0x5205, 0x5205, 0x5205, 0x5225, 0x5225, 0x5225, 0x49E4, 0x8BEC,
  0x0820, 0x0000, 0x0000, 0x0000, 0x0000, 0x0000, 0x0000, 0x0000, 0x0000, 0x0000, 0x0000, 0x0000,
  0x0000, 0x0000, 0x0000, 0x0000, 0x0000, 0x0000, 0x0000, 0x0000, 0x0000, 0x0000, 0x0000, 0x0000,
  0x0000, 0x0000, 0x0000, 0x0000, 0x0000, 0x0000, 0x0000, 0x0000, 0x0000, 0x0000, 0x0000, 0x0000,
  0x0000, 0x0000, 0x0000, 0x0000, 0x0000, 0x0000, 0x0000, 0x0000, 0x0000, 0x0000, 0x0000, 0x0000,
  0x0000, 0x0000, 0x0000, 0x0000, 0x0000, 0x0000, 0x0000, 0x0000, 0x0000, 0x0000, 0x0000, 0x0000,
  0x0000, 0x0000, 0x0000, 0x0000, 0x0000, 0x0000, 0x0000, 0x0000, 0x0000, 0x0000, 0x0000, 0x0000,
  0x0000, 0x0000, 0x0000, 0x0000, 0x1061, 0x5246, 0x5225, 0x4A05, 0x49E4, 0x49E4, 0x49E4, 0x49E4,
  0x4A05, 0x4A05, 0x4A04, 0x4A05, 0x5205, 0x4A05, 0x7B8B, 0x0020, 0x0000, 0x0000, 0x0000, 0x0000,
  0x0000, 0x0000, 0x0000, 0x0000, 0x0000, 0x0000, 0x0000, 0x0000, 0x0000, 0x0000, 0x0000, 0x0000,
  0x0000, 0x0000, 0x0000, 0x0000, 0x0000, 0x0000, 0x0000, 0x0000, 0x0000, 0x0000, 0x0000, 0x0000,
  0x0000, 0x0000, 0x0000, 0x0000, 0x0000, 0x0000, 0x0000, 0x0000, 0x0000, 0x0000, 0x0000, 0x0000,
  0x0000, 0x0000, 0x0000, 0x0000, 0x0000, 0x0000, 0x0000, 0x0000, 0x0000, 0x0000, 0x0000, 0x0000,
  0x0000, 0x0000, 0x0000, 0x0000, 0x0000, 0x0000, 0x0000, 0x0000, 0x0000, 0x0000, 0x0000, 0x0000,
  0x0000, 0x0000, 0x0000, 0x0000, 0x0000, 0x0000, 0x0000, 0x0000, 0x0000, 0x0000, 0x0000, 0x3164,
  0x5246, 0x5225, 0x5205, 0x49E4, 0x49E4, 0x49E4, 0x49E4, 0x49E4, 0x4A05, 0x49E4, 0x4A04, 0x4A05,
  0x5A67, 0x6AE9, 0x0020, 0x0000, 0x0000, 0x0000, 0x0000, 0x0000, 0x0000, 0x0000, 0x0000, 0x0000,
  0x0000, 0x0000, 0x0000, 0x0000, 0x0000, 0x0000, 0x0000, 0x0000, 0x0000, 0x0000, 0x0000, 0x0000,
  0x0000, 0x0000, 0x0000, 0x0000, 0x0000, 0x0000, 0x0000, 0x0000, 0x0000, 0x0000, 0x0000, 0x0000,
  0x0000, 0x0000, 0x0000, 0x0000, 0x0000, 0x0000, 0x0000, 0x0000, 0x0000, 0x0000, 0x0000, 0x0000,
  0x0000, 0x0000, 0x0000, 0x0000, 0x0000, 0x0000, 0x0000, 0x0000, 0x0000, 0x0000, 0x0000, 0x0000,
  0x0000, 0x0000, 0x0000, 0x0000, 0x0000, 0x0000, 0x0000, 0x0000, 0x0000, 0x0000, 0x0000, 0x0000,
  0x0000, 0x0000, 0x0000, 0x0000, 0x0000, 0x0840, 0x5247, 0x5226, 0x5205, 0x5205, 0x49E4, 0x49E4,
  0x4A05, 0x49E4, 0x49E4, 0x49E4, 0x49E4, 0x49E4, 0x49E4, 0x7329, 0x4A06, 0x0000, 0x0000, 0x0000,
  0x0000, 0x0000, 0x0000, 0x0000, 0x0000, 0x0000, 0x0000, 0x0000, 0x0000, 0x0000, 0x0000, 0x0000,
  0x0000, 0x0000, 0x0000, 0x0000, 0x0000, 0x0000, 0x0000, 0x0000, 0x0000, 0x0000, 0x0000, 0x0000,
  0x0000, 0x0000, 0x0000, 0x0000, 0x0000, 0x0000, 0x0000, 0x0000, 0x0000, 0x0000, 0x0000, 0x0000,
  0x0000, 0x0000, 0x0000, 0x0000, 0x0000, 0x0000, 0x0000, 0x0000, 0x0000, 0x0000, 0x0000, 0x0000,
  0x0000, 0x0000, 0x0000, 0x0000, 0x0000, 0x0000, 0x0000, 0x0000, 0x0000, 0x0000, 0x0000, 0x0000,
  0x0000, 0x0000, 0x0000, 0x0000, 0x0000, 0x0000, 0x0000, 0x0000, 0x0000, 0x0000, 0x0000, 0x0000,
  0x3143, 0x5A87, 0x5225, 0x5205, 0x5205, 0x4A04, 0x49E4, 0x49E4, 0x4A05, 0x49E4, 0x49E4, 0x49E4,
  0x49E4, 0x41E4, 0x83AB, 0x2903, 0x0000, 0x0000, 0x0000, 0x0000, 0x0000, 0x0000, 0x0000, 0x0000,
  0x0000, 0x0000, 0x0000, 0x0000, 0x0000, 0x0000, 0x0000, 0x0000, 0x0000, 0x0000, 0x0000, 0x0000,
  0x0000, 0x0000, 0x0000, 0x0000, 0x0000, 0x0000, 0x0000, 0x0000, 0x0000, 0x0000, 0x0000, 0x0000,
  0x0000, 0x0000, 0x0000, 0x0000, 0x0000, 0x0000, 0x0000, 0x0000, 0x0000, 0x0000, 0x0000, 0x0000,
  0x0000, 0x0000, 0x0000, 0x0000, 0x0000, 0x0000, 0x0000, 0x0000, 0x0000, 0x0000, 0x0000, 0x0000,
  0x0000, 0x0000, 0x0000, 0x0000, 0x0000, 0x0000, 0x0000, 0x0000, 0x0000, 0x0000, 0x0000, 0x0000,
  0x0000, 0x0000, 0x0000, 0x0000, 0x0000, 0x0000, 0x18A1, 0x5246, 0x5226, 0x4A05, 0x5205, 0x49E4,
  0x49E4, 0x49E4, 0x49E4, 0x49E4, 0x49E4, 0x49C4, 0x49C4, 0x49E4, 0x41C4, 0x732A, 0x0840, 0x0000,
  0x0000, 0x0000, 0x0000, 0x0000, 0x0000, 0x0000, 0x0000, 0x0000, 0x0000, 0x0000, 0x0000, 0x0000,
  0x0000, 0x0000, 0x0000, 0x0000, 0x0000, 0x0000, 0x0000, 0x0000, 0x0000, 0x0000, 0x0000, 0x0000,
  0x0000, 0x0000, 0x0000, 0x0000, 0x0000, 0x0000, 0x0000, 0x0000, 0x0000, 0x0000, 0x0000, 0x0000,
  0x0000, 0x0000, 0x0000, 0x0000, 0x0000, 0x0000, 0x0000, 0x0000, 0x0000, 0x0000, 0x0000, 0x0000,
  0x0000, 0x0000, 0x0000, 0x0000, 0x0000, 0x0000, 0x0000, 0x0000, 0x0000, 0x0000, 0x0000, 0x0000,
  0x0000, 0x0000, 0x0000, 0x0000, 0x0000, 0x0000, 0x0000, 0x0000, 0x0000, 0x0000, 0x0000, 0x0000,
  0x18C2, 0x4A06, 0x5246, 0x49E4, 0x41C4, 0x49E4, 0x49E4, 0x41C4, 0x41C4, 0x41C4, 0x41C4, 0x41C4,
  0x41C4, 0x49C4, 0x41C4, 0x5225, 0x41C5, 0x0000, 0x0000, 0x0000, 0x0000, 0x0000, 0x0000, 0x0000,
  0x0000, 0x0000, 0x0000, 0x0000, 0x0000, 0x0000, 0x0000, 0x0000, 0x0000, 0x0000, 0x0000, 0x0000,
  0x0000, 0x0000, 0x0000, 0x0000, 0x0000, 0x0000, 0x0000, 0x0000, 0x0000, 0x0000, 0x0000, 0x0000,
  0x0000, 0x0000, 0x0000, 0x0000, 0x0000, 0x0000, 0x0000, 0x0000, 0x0000, 0x0000, 0x0000, 0x0000,
  0x0000, 0x0000, 0x0000, 0x0000, 0x0000, 0x0000, 0x0000, 0x0000, 0x0000, 0x0000, 0x0000, 0x0000,
  0x0000, 0x0000, 0x0000, 0x0000, 0x0000, 0x0000, 0x0000, 0x0000, 0x0000, 0x0000, 0x0000, 0x0000,
  0x0000, 0x0000, 0x0000, 0x0000, 0x0000, 0x0020, 0x2923, 0x62A8, 0x5A46, 0x41C4, 0x41A4, 0x41A4,
  0x41C4, 0x41C4, 0x41C4, 0x41A4, 0x41C4, 0x41A4, 0x41A4, 0x41A4, 0x41C4, 0x41C4, 0x5A87, 0x18A1,
  0x0000, 0x0000, 0x0000, 0x0000, 0x0000, 0x0000, 0x0000, 0x0000, 0x0000, 0x0000, 0x0000, 0x0000,
  0x0000, 0x0000, 0x0000, 0x0000, 0x0000, 0x0000, 0x0000, 0x0000, 0x0000, 0x0000, 0x0000, 0x0000,
  0x0000, 0x0000, 0x0000, 0x0000, 0x0000, 0x0000, 0x0000, 0x0000, 0x0000, 0x0000, 0x0000, 0x0000,
  0x0000, 0x0000, 0x0000, 0x0000, 0x0000, 0x0000, 0x0000, 0x0000, 0x0000, 0x0000, 0x0000, 0x0000,
  0x0000, 0x0000, 0x0000, 0x0000, 0x0000, 0x0000, 0x0000, 0x0000, 0x0000, 0x0000, 0x0000, 0x0000,
  0x0000, 0x0000, 0x0000, 0x0000, 0x0000, 0x0000, 0x0000, 0x0000, 0x0000, 0x0000, 0x0020, 0x20E2,
  0x41E5, 0x7B8B, 0x62C7, 0x41C4, 0x41A4, 0x41A4, 0x41A4, 0x41A4, 0x41C4, 0x41C4, 0x41A4, 0x41A4,
  0x41A4, 0x41A4, 0x41C4, 0x41C4, 0x49E5, 0x4A06, 0x0020, 0x0000, 0x0000, 0x0000, 0x0000, 0x0000,
  0x0000, 0x0000, 0x0000, 0x0000, 0x0000, 0x0000, 0x0000, 0x0000, 0x0000, 0x0000, 0x0000, 0x0000,
  0x0000, 0x0000, 0x0000, 0x0000, 0x0000, 0x0000, 0x0000, 0x0000, 0x0020, 0x0020, 0x0020, 0x0020,
  0x0020, 0x0020, 0x0020, 0x0020, 0x0020, 0x0020, 0x0020, 0x0020, 0x0020, 0x0020, 0x0020, 0x0020,
  0x0020, 0x0020, 0x0020, 0x0020, 0x0020, 0x0020, 0x0020, 0x0020, 0x0020, 0x0020, 0x0020, 0x0020,
  0x0020, 0x0000, 0x0020, 0x0020, 0x0020, 0x0020, 0x0020, 0x0020, 0x0020, 0x0020, 0x0020, 0x0020,
  0x0020, 0x0000, 0x0020, 0x0840, 0x2923, 0x41E5, 0x7B8B, 0x940C, 0x7329, 0x49E4, 0x41A4, 0x41A4,
  0x41A4, 0x41A4, 0x41A4, 0x41A4, 0x41A4, 0x41A4, 0x41A4, 0x41A4, 0x41A4, 0x41A4, 0x41A4, 0x5226,
  0x18A2, 0x0000, 0x0000, 0x0000, 0x0000, 0x0000, 0x0000, 0x0000, 0x0000, 0x0000, 0x0000, 0x0000,
  0x0000, 0x0000, 0x0000, 0x0000, 0x0000, 0x0000, 0x0000, 0x0000, 0x0000, 0x0000, 0x0000, 0x0000,
  0x0000, 0x18C2, 0x39C6, 0x4A28, 0x4A48, 0x4A48, 0x5268, 0x5268, 0x5268, 0x5268, 0x5288, 0x5269,
  0x5268, 0x5268, 0x5268, 0x5268, 0x5268, 0x4A48, 0x4A47, 0x4A47, 0x4A48, 0x5248, 0x5268, 0x5248,
  0x4A48, 0x4A47, 0x4A47, 0x4A47, 0x5247, 0x4A27, 0x4A27, 0x4A27, 0x4A27, 0x4A27, 0x5248, 0x5288,
  0x5268, 0x5268, 0x5268, 0x5268, 0x5248, 0x5248, 0x4A47, 0x4A27, 0x41E6, 0x4A26, 0x5AA8, 0x8BEC,
  0x942D, 0x838B, 0x6AC7, 0x49E5, 0x41A4, 0x41A4, 0x41A4, 0x41A4, 0x41A3, 0x41A3, 0x41A4, 0x3983,
  0x3983, 0x41A4, 0x39A3, 0x39A3, 0x3983, 0x3984, 0x39A5, 0x0020, 0x0000, 0x0000, 0x0000, 0x0000,
  0x0000, 0x0000, 0x0000, 0x0000, 0x0000, 0x0000, 0x0000, 0x0000, 0x0000, 0x0000, 0x0000, 0x0000,
  0x0000, 0x0000, 0x0000, 0x0000, 0x0000, 0x0000, 0x0000, 0x0000, 0x39A6, 0x944F, 0xAD12, 0xB553,
  0xBD73, 0xBD93, 0xC5B4, 0xC5D4, 0xC5B4, 0xC5B4, 0xBD94, 0xBD94, 0xBD73, 0xBD73, 0xBD73, 0xBD73,
  0xBD73, 0xBD73, 0xBD73, 0xBD73, 0xC594, 0xC5B4, 0xC593, 0xC593, 0xBD93, 0xC593, 0xC593, 0xC593,
  0xBD93, 0xBD72, 0xB552, 0xBD72, 0xBD72, 0xBD93, 0xC5B4, 0xC5B4, 0xC5B4, 0xC593, 0xC5B4, 0xBD93,
  0xC593, 0xBD93, 0xB552, 0x9C8F, 0x942D, 0x83AB, 0x7309, 0x62A7, 0x5205, 0x41C4, 0x41A4, 0x41A4,
  0x41A4, 0x39A3, 0x3983, 0x3983, 0x3983, 0x3983, 0x3963, 0x3984, 0x3983, 0x3983, 0x3983, 0x3983,
  0x41C5, 0x1081, 0x0000, 0x0000, 0x0000, 0x0000, 0x0000, 0x0000, 0x0000, 0x0000, 0x0000, 0x0000,
  0x0000, 0x0000, 0x0000, 0x0000, 0x0000, 0x0000, 0x0000, 0x0000, 0x0000, 0x0000, 0x0000, 0x0000,
  0x0000, 0x0000, 0x0000, 0x41E6, 0x5A68, 0x62C9, 0x6B09, 0x6B0A, 0x732A, 0x732A, 0x734A, 0x732A,
  0x732A, 0x6B0A, 0x6B0A, 0x6AE9, 0x62E9, 0x62E9, 0x6AE9, 0x6B09, 0x6B09, 0x6B09, 0x6B0A, 0x6B0A,
  0x732A, 0x732A, 0x734A, 0x734A, 0x7B4A, 0x7B6B, 0x7B4A, 0x7B4A, 0x734A, 0x732A, 0x732A, 0x732A,
  0x732A, 0x732A, 0x732A, 0x732A, 0x732A, 0x732A, 0x732A, 0x734A, 0x7B4A, 0x732A, 0x62A8, 0x5267,
  0x49E5, 0x39A4, 0x3983, 0x41A4, 0x41A4, 0x3983, 0x3983, 0x3983, 0x3983, 0x3983, 0x3983, 0x3983,
  0x3983, 0x3983, 0x3983, 0x3983, 0x3983, 0x3983, 0x39A4, 0x3143, 0x0000, 0x0000, 0x0000, 0x0000,
  0x0000, 0x0000, 0x0000, 0x0000, 0x0000, 0x0000, 0x0000, 0x0000, 0x0000, 0x0000, 0x0000, 0x0000,
  0x0000, 0x0000, 0x0000, 0x0000, 0x0000, 0x0000, 0x0000, 0x0000, 0x0000, 0x0000, 0x5248, 0x3143,
  0x3143, 0x3963, 0x3964, 0x3984, 0x3984, 0x3984, 0x3984, 0x3964, 0x3963, 0x3163, 0x3143, 0x3143,
  0x3143, 0x3143, 0x3143, 0x3143, 0x3143, 0x3143, 0x3143, 0x3143, 0x3163, 0x3964, 0x3984, 0x3984,
  0x3984, 0x3984, 0x3984, 0x3964, 0x3964, 0x3984, 0x3984, 0x3984, 0x3984, 0x3984, 0x3984, 0x3984,
  0x3984, 0x3984, 0x3984, 0x3984, 0x3984, 0x3963, 0x3963, 0x3963, 0x3983, 0x3983, 0x3983, 0x3983,
  0x3983, 0x3983, 0x3983, 0x3983, 0x3983, 0x3983, 0x3983, 0x3983, 0x3983, 0x3963, 0x3963, 0x3963,
  0x3984, 0x3984, 0x0840, 0x0000, 0x0000, 0x0000, 0x0000, 0x0000, 0x0000, 0x0000, 0x0000, 0x0000,
  0x0000, 0x0000, 0x0000, 0x0000, 0x0000, 0x0000, 0x0000, 0x0000, 0x0000, 0x0000, 0x0000, 0x0000,
  0x0000, 0x0000, 0x0000, 0x0000, 0x0000, 0x5A68, 0x3964, 0x3143, 0x3963, 0x3963, 0x3983, 0x3963,
  0x3983, 0x3984, 0x3963, 0x3963, 0x3163, 0x3143, 0x3143, 0x3143, 0x3143, 0x3143, 0x3143, 0x3143,
  0x3143, 0x3143, 0x3143, 0x3143, 0x3163, 0x3963, 0x3963, 0x3963, 0x3963, 0x3963, 0x3963, 0x3963,
  0x3963, 0x3963, 0x3963, 0x3963, 0x3963, 0x3963, 0x3963, 0x3983, 0x3983, 0x3963, 0x3963, 0x3963,
  0x3963, 0x3963, 0x3963, 0x3963, 0x3963, 0x3983, 0x3963, 0x3963, 0x3963, 0x3963, 0x3963, 0x3963,
  0x3963, 0x3963, 0x3963, 0x3963, 0x3963, 0x3963, 0x3963, 0x3164, 0x1081, 0x0000, 0x0000, 0x0000,
  0x0000, 0x0000, 0x0000, 0x0000, 0x0000, 0x0000, 0x0000, 0x0000, 0x0000, 0x0000, 0x0000, 0x0000,
  0x0000, 0x0000, 0x0000, 0x0000, 0x0000, 0x0000, 0x0000, 0x0000, 0x0000, 0x0000, 0x0000, 0x1061,
  0x5A68, 0x3984, 0x3143, 0x3963, 0x3963, 0x3963, 0x3963, 0x3963, 0x3963, 0x3963, 0x3963, 0x3143,
  0x3143, 0x3143, 0x3143, 0x3143, 0x3143, 0x3143, 0x3143, 0x3143, 0x3143, 0x3143, 0x3143, 0x3143,
  0x3143, 0x3143, 0x3963, 0x3963, 0x3963, 0x3963, 0x3943, 0x3963, 0x3143, 0x3143, 0x3963, 0x3163,
  0x3163, 0x3963, 0x3963, 0x3963, 0x3963, 0x3143, 0x3963, 0x3963, 0x3963, 0x3963, 0x3963, 0x3963,
  0x3963, 0x3963, 0x3963, 0x3963, 0x3963, 0x3963, 0x3963, 0x3963, 0x3963, 0x3143, 0x3963, 0x3143,
  0x3163, 0x3143, 0x1081, 0x0000, 0x0000, 0x0000, 0x0000, 0x0000, 0x0000, 0x0000, 0x0000, 0x0000,
  0x0000, 0x0000, 0x0000, 0x0000, 0x0000, 0x0000, 0x0000, 0x0000, 0x0000, 0x0000, 0x0000, 0x0000,
  0x0000, 0x0000, 0x0000, 0x0000, 0x0000, 0x0000, 0x2944, 0x5247, 0x3963, 0x3143, 0x3963, 0x3143,
  0x3143, 0x3143, 0x3143, 0x3143, 0x3143, 0x3963, 0x3143, 0x3143, 0x3143, 0x3143, 0x3143, 0x3143,
  0x3143, 0x3143, 0x3143, 0x3143, 0x3143, 0x3143, 0x3143, 0x3143, 0x3143, 0x3163, 0x3963, 0x3943,
  0x3943, 0x3963, 0x3963, 0x3143, 0x3963, 0x3143, 0x3163, 0x3163, 0x3143, 0x3143, 0x3943, 0x3963,
  0x3143, 0x3143, 0x3143, 0x3143, 0x3143, 0x3143, 0x3943, 0x3943, 0x3143, 0x3143, 0x3963, 0x3143,
  0x3143, 0x3143, 0x3963, 0x3963, 0x3143, 0x3143, 0x3143, 0x2923, 0x18C2, 0x0000, 0x0000, 0x0000,
  0x0000, 0x0000, 0x0000, 0x0000, 0x0000, 0x0000, 0x0000, 0x0000, 0x0000, 0x0000, 0x0000, 0x0000,
  0x0000, 0x0000, 0x0000, 0x0000, 0x0000, 0x0000, 0x0000, 0x0000, 0x0000, 0x0000, 0x0000, 0x0000,
  0x0000, 0x5247, 0x41E5, 0x3143, 0x3143, 0x3143, 0x3143, 0x3143, 0x3143, 0x3143, 0x3143, 0x3143,
  0x3143, 0x3143, 0x3163, 0x3163, 0x3163, 0x3143, 0x3143, 0x3143, 0x3143, 0x3143, 0x3143, 0x3143,
  0x3143, 0x3143, 0x3143, 0x3163, 0x3143, 0x3143, 0x3143, 0x3143, 0x3143, 0x3143, 0x3143, 0x3143,
  0x3163, 0x3163, 0x3163, 0x3143, 0x3963, 0x3143, 0x3963, 0x3143, 0x3143, 0x3143, 0x3963, 0x3143,
  0x3143, 0x3963, 0x3143, 0x3143, 0x3143, 0x3143, 0x3143, 0x3143, 0x3143, 0x3143, 0x3143, 0x3163,
  0x3143, 0x2903, 0x18A1, 0x0020, 0x0000, 0x0000, 0x0000, 0x0000, 0x0000, 0x0000, 0x0000, 0x0000,
  0x0000, 0x0000, 0x0000, 0x0000, 0x0000, 0x0000, 0x0000, 0x0000, 0x0000, 0x0000, 0x0000, 0x0000,
  0x0000, 0x0000, 0x0000, 0x0000, 0x0000, 0x0000, 0x0000, 0x0000, 0x734B, 0x39A4, 0x3143, 0x3143,
  0x3143, 0x3143, 0x3143, 0x3143, 0x3143, 0x3143, 0x3143, 0x3143, 0x3143, 0x3143, 0x3143, 0x3143,
  0x3143, 0x3143, 0x3143, 0x3143, 0x3143, 0x3143, 0x3143, 0x3143, 0x3143, 0x3143, 0x3143, 0x3143,
  0x3143, 0x3143, 0x3143, 0x3143, 0x3143, 0x3143, 0x3163, 0x3143, 0x3143, 0x3143, 0x3143, 0x3143,
  0x3143, 0x3963, 0x3963, 0x3963, 0x3143, 0x3963, 0x3143, 0x3143, 0x3143, 0x3143, 0x3143, 0x3143,
  0x3143, 0x3143, 0x3143, 0x3143, 0x3122, 0x3143, 0x3143, 0x2903, 0x0860, 0x0000, 0x0000, 0x0000,
  0x0000, 0x0000, 0x0000, 0x0000, 0x0000, 0x0000, 0x0000, 0x0000, 0x0000, 0x0000, 0x0000, 0x0000,
  0x0000, 0x0000, 0x0000, 0x0000, 0x0000, 0x0000, 0x0000, 0x0000, 0x0000, 0x0000, 0x0000, 0x0000,
  0x0000, 0x0000, 0x0000, 0x83CD, 0x39A4, 0x2923, 0x3143, 0x3143, 0x3143, 0x3143, 0x3142, 0x3143,
  0x3143, 0x3143, 0x3143, 0x3143, 0x3143, 0x3143, 0x3143, 0x3143, 0x3143, 0x3143, 0x3143, 0x3143,
  0x3143, 0x3143, 0x3143, 0x3143, 0x3143, 0x3143, 0x3143, 0x3143, 0x3143, 0x3143, 0x3143, 0x3143,
  0x3143, 0x3143, 0x3143, 0x3143, 0x3143, 0x3143, 0x3163, 0x3143, 0x3963, 0x3963, 0x3163, 0x3163,
  0x3163, 0x3143, 0x3963, 0x3143, 0x3143, 0x3143, 0x3143, 0x3143, 0x3143, 0x3143, 0x3143, 0x3143,
  0x2923, 0x2903, 0x0840, 0x0000, 0x0000, 0x0000, 0x0000, 0x0000, 0x0000, 0x0000, 0x0000, 0x0000,
  0x0000, 0x0000, 0x0000, 0x0000, 0x0000, 0x0000, 0x0000, 0x0000, 0x0000, 0x0000, 0x0000, 0x0000,
  0x0000, 0x0000, 0x0000, 0x0000, 0x0000, 0x0000, 0x0000, 0x0000, 0x0000, 0x0000, 0x83AC, 0x3984,
  0x2922, 0x3143, 0x3143, 0x3142, 0x3122, 0x3143, 0x3142, 0x3143, 0x3143, 0x3143, 0x3143, 0x3143,
  0x3143, 0x3143, 0x3143, 0x3143, 0x3143, 0x3963, 0x3143, 0x3143, 0x3143, 0x3143, 0x3143, 0x3143,
  0x3143, 0x3143, 0x3143, 0x3143, 0x3143, 0x3143, 0x3143, 0x3143, 0x3143, 0x3143, 0x3143, 0x3143,
  0x3143, 0x3163, 0x3143, 0x3143, 0x3963, 0x3163, 0x3143, 0x3143, 0x3143, 0x3143, 0x3143, 0x3143,
  0x3143, 0x3143, 0x3143, 0x3143, 0x3143, 0x3163, 0x2923, 0x20E2, 0x0840, 0x0000, 0x0000, 0x0000,
  0x0000, 0x0000, 0x0000, 0x0000, 0x0000, 0x0000, 0x0000, 0x0000, 0x0000, 0x0000, 0x0000, 0x0000,
  0x0000, 0x0000, 0x0000, 0x0000, 0x0000, 0x0000, 0x0000, 0x0000, 0x0000, 0x0000, 0x0000, 0x0000,
  0x0000, 0x0000, 0x0000, 0x0000, 0x0840, 0x736B, 0x3984, 0x2922, 0x3142, 0x3143, 0x3123, 0x2922,
  0x3142, 0x3142, 0x3143, 0x3143, 0x3143, 0x3143, 0x3143, 0x3143, 0x3143, 0x3143, 0x3143, 0x3143,
  0x3143, 0x3143, 0x3143, 0x3143, 0x3143, 0x3163, 0x3143, 0x3143, 0x3143, 0x3143, 0x3143, 0x3163,
  0x3163, 0x3143, 0x3143, 0x3143, 0x3143, 0x3143, 0x3143, 0x3143, 0x3143, 0x3143, 0x3143, 0x3163,
  0x3143, 0x3143, 0x3143, 0x3143, 0x3143, 0x3143, 0x3143, 0x3143, 0x3143, 0x3163, 0x3143, 0x2923,
  0x2903, 0x1081, 0x0020, 0x0000, 0x0000, 0x0000, 0x0000, 0x0000, 0x0000, 0x0000, 0x0000, 0x0000,
  0x0000, 0x0000, 0x0000, 0x0000, 0x0000, 0x0000, 0x0000, 0x0000, 0x0000, 0x0000, 0x0000, 0x0000,
  0x0000, 0x0000, 0x0000, 0x0000, 0x0000, 0x0000, 0x0000, 0x0000, 0x0000, 0x0000, 0x0000, 0x2103,
  0x62E9, 0x3963, 0x3122, 0x3122, 0x3142, 0x3142, 0x3142, 0x3142, 0x3143, 0x3143, 0x3143, 0x3143,
  0x3143, 0x3143, 0x3143, 0x3143, 0x3143, 0x3143, 0x3143, 0x3143, 0x3143, 0x3143, 0x3143, 0x3143,
  0x3143, 0x3143, 0x3143, 0x3163, 0x3143, 0x3143, 0x3963, 0x3963, 0x3963, 0x3143, 0x3143, 0x3143,
  0x3143, 0x3143, 0x3143, 0x3163, 0x3143, 0x3143, 0x3143, 0x3143, 0x3143, 0x3143, 0x3143, 0x3143,
  0x3143, 0x3143, 0x3143, 0x3143, 0x2923, 0x2903, 0x1081, 0x0840, 0x0000, 0x0000, 0x0000, 0x0000,
  0x0000, 0x0000, 0x0000, 0x0000, 0x0000, 0x0000, 0x0000, 0x0000, 0x0000, 0x0000, 0x0000, 0x0000,
  0x0000, 0x0000, 0x0000, 0x0000, 0x0000, 0x0000, 0x0000, 0x0000, 0x0000, 0x0000, 0x0000, 0x0000,
  0x0000, 0x0000, 0x0000, 0x0000, 0x0000, 0x0000, 0x41E6, 0x5A67, 0x3163, 0x3122, 0x3142, 0x3142,
  0x3142, 0x3143, 0x3143, 0x3143, 0x3143, 0x3143, 0x3143, 0x3963, 0x3963, 0x3143, 0x3143, 0x3943,
  0x3143, 0x3143, 0x3143, 0x3122, 0x3122, 0x3143, 0x3143, 0x3143, 0x3142, 0x3142, 0x3143, 0x3143,
  0x3143, 0x3143, 0x3963, 0x3963, 0x3963, 0x3163, 0x3163, 0x3163, 0x3163, 0x3963, 0x3963, 0x3963,
  0x3143, 0x3143, 0x3963, 0x3963, 0x3163, 0x3163, 0x3143, 0x2923, 0x2923, 0x2923, 0x20C2, 0x0840,
  0x0820, 0x0000, 0x0000, 0x0000, 0x0000, 0x0000, 0x0000, 0x0000, 0x0000, 0x0000, 0x0000, 0x0000,
  0x0000, 0x0000, 0x0000, 0x0000, 0x0000, 0x0000, 0x0000, 0x0000, 0x0000, 0x0000, 0x0000, 0x0000,
  0x0000, 0x0000, 0x0000, 0x0000, 0x0000, 0x0000, 0x0000, 0x0000, 0x0000, 0x0000, 0x0000, 0x0000,
  0x0000, 0x4A47, 0x4A06, 0x3963, 0x3163, 0x3143, 0x3143, 0x3163, 0x3143, 0x3163, 0x3143, 0x3163,
  0x3163, 0x3163, 0x3163, 0x3963, 0x3984, 0x3984, 0x3984, 0x3983, 0x3963, 0x3963, 0x3163, 0x3163,
  0x3963, 0x3163, 0x3163, 0x3163, 0x3163, 0x3963, 0x3963, 0x3963, 0x3983, 0x3983, 0x39A3, 0x3984,
  0x3984, 0x3984, 0x3984, 0x3984, 0x41A4, 0x41A4, 0x41A4, 0x39A4, 0x3984, 0x39A4, 0x39A4, 0x3984,
  0x3163, 0x2923, 0x20E2, 0x1061, 0x0840, 0x0020, 0x0000, 0x0000, 0x0000, 0x0000, 0x0000, 0x0000,
  0x0000, 0x0000, 0x0000, 0x0000, 0x0000, 0x0000, 0x0000, 0x0000, 0x0000, 0x0000, 0x0000, 0x0000,
  0x0000, 0x0000, 0x0000, 0x0000, 0x0000, 0x0000, 0x0000, 0x0000, 0x0000, 0x0000, 0x0000, 0x0000,
  0x0000, 0x0000, 0x0000, 0x0000, 0x0000, 0x0000, 0x0000, 0x0000, 0x2944, 0x2944, 0x2923, 0x2943,
  0x3143, 0x2943, 0x2943, 0x2923, 0x2923, 0x2903, 0x2903, 0x2903, 0x2903, 0x2923, 0x3144, 0x3164,
  0x3984, 0x3984, 0x39A4, 0x41C5, 0x49E5, 0x4A05, 0x4A05, 0x4A05, 0x4A05, 0x49E5, 0x49E5, 0x41E5,
  0x49E5, 0x49E5, 0x4A05, 0x4A05, 0x4A05, 0x4A06, 0x4A26, 0x5226, 0x5246, 0x5246, 0x5246, 0x5A67,
  0x5A67, 0x5247, 0x5226, 0x41C5, 0x3143, 0x2923, 0x20E2, 0x1081, 0x0860, 0x0020, 0x0000, 0x0000,
  0x0000, 0x0000, 0x0000, 0x0000, 0x0000, 0x0000, 0x0000, 0x0000, 0x0000, 0x0000, 0x0000, 0x0000,
  0x0000, 0x0000, 0x0000, 0x0000, 0x0000, 0x0000, 0x0000, 0x0000, 0x0000, 0x0000, 0x0000, 0x0000,
  0x0000, 0x0000, 0x0000, 0x0000, 0x0000, 0x0000, 0x0000, 0x0000, 0x0000, 0x0000, 0x0000, 0x0000,
  0x0000, 0x0000, 0x0000, 0x0020, 0x0820, 0x0840, 0x0840, 0x0840, 0x0840, 0x0840, 0x0840, 0x0840,
  0x0820, 0x0820, 0x0820, 0x0820, 0x0820, 0x0840, 0x0841, 0x1061, 0x18A1, 0x18A1, 0x20E2, 0x2923,
  0x2923, 0x2923, 0x2923, 0x2923, 0x2923, 0x2102, 0x20E2, 0x20E2, 0x20E2, 0x20E2, 0x20E2, 0x20E2,
  0x20E2, 0x2102, 0x2102, 0x2903, 0x2903, 0x2923, 0x2943, 0x3143, 0x2923, 0x2903, 0x18A1, 0x0840,
  0x0020, 0x0000, 0x0000, 0x0000, 0x0000, 0x0000, 0x0000, 0x0000, 0x0000, 0x0000, 0x0000, 0x0000,
  0x0000, 0x0000, 0x0000, 0x0000, 0x0000, 0x0000, 0x0000, 0x0000, 0x0000, 0x0000, 0x0000, 0x0000,
  0x0000, 0x0000, 0x0000, 0x0000, 0x0000, 0x0000, 0x0000, 0x0000, 0x0000, 0x0000, 0x0000, 0x0000,
  0x0000, 0x0000, 0x0000, 0x0000, 0x0000, 0x0000, 0x0000, 0x0000, 0x0000, 0x0000, 0x0000, 0x0000,
  0x0000, 0x0000, 0x0000, 0x0000, 0x0000, 0x0000, 0x0000, 0x0000, 0x0000, 0x0000, 0x0000, 0x0000,
  0x0000, 0x0000, 0x0000, 0x0000, 0x0000, 0x0000, 0x0000, 0x0000, 0x0000, 0x0000, 0x0000, 0x0000,
  0x0000, 0x0000, 0x0000, 0x0000, 0x0000, 0x0000, 0x0000, 0x0000, 0x0000, 0x0000, 0x0000, 0x0000,
  0x0000, 0x0000, 0x0000, 0x0000, 0x0000, 0x0000, 0x0000, 0x0000, 0x0000, 0x0000, 0x0000, 0x0000,
  0x0000, 0x0000, 0x0000, 0x0000, 0x0000, 0x0000, 0x0000, 0x0000, 0x0000, 0x0000, 0x0000, 0x0000,
  0x0000, 0x0000, 0x0000, 0x0000, 0x0000, 0x0000, 0x0000, 0x0000, 0x0000, 0x0000, 0x0000, 0x0000,
  0x0000, 0x0000, 0x0000, 0x0000, 0x0000, 0x0000, 0x0000, 0x0000, 0x0000, 0x0000, 0x0000, 0x0000,
  0x0000, 0x0000, 0x0000, 0x0000, 0x0000, 0x0000, 0x0000, 0x0000, 0x0000, 0x0000, 0x0000, 0x0000,
  0x0000, 0x0000, 0x0000, 0x0000, 0x0000, 0x0000, 0x0000, 0x0000, 0x0000, 0x0000, 0x0000, 0x0000,
  0x0000, 0x0000, 0x0000, 0x0000, 0x0000, 0x0000, 0x0000, 0x0000, 0x0000, 0x0000, 0x0000, 0x0000,
  0x0000, 0x0000, 0x0000, 0x0000, 0x0000, 0x0000, 0x0000, 0x0000, 0x0000, 0x0000, 0x0000, 0x0000,
  0x0000, 0x0000, 0x0000, 0x0000, 0x0000, 0x0000, 0x0000, 0x0000, 0x0000, 0x0000, 0x0000, 0x0000,
  0x0000, 0x0000, 0x0000, 0x0000, 0x0000, 0x0000, 0x0000, 0x0000, 0x0000, 0x0000, 0x0000, 0x0000,
  0x0000, 0x0000, 0x0000, 0x0000, 0x0000, 0x0000, 0x0000, 0x0000, 0x0000, 0x0000, 0x0000, 0x0000,
  0x0000, 0x0000, 0x0000, 0x0000, 0x0000, 0x0000, 0x0000, 0x0000, 0x0000, 0x0000, 0x0000, 0x0000,
  0x0000, 0x0000, 0x0000, 0x0000, 0x0000, 0x0000, 0x0000, 0x0000, 0x0000, 0x0000, 0x0000, 0x0000,
  0x0000, 0x0000, 0x0000, 0x0000, 0x0000, 0x0000, 0x0000, 0x0000, 0x0000, 0x0000, 0x0000, 0x0000,
  0x0000, 0x0000, 0x0000, 0x0000, 0x0000, 0x0000, 0x0000, 0x0000, 0x0000, 0x0000, 0x0000, 0x0000,
  0x0000, 0x0000, 0x0000, 0x0000, 0x0000, 0x0000, 0x0000, 0x0000, 0x0000, 0x0000, 0x0000, 0x0000,
  0x0000, 0x0000, 0x0000, 0x0000, 0x0000, 0x0000, 0x0000, 0x0000, 0x0000, 0x0000, 0x0000, 0x0000,
  0x0000, 0x0000, 0x0000, 0x0000, 0x0000, 0x0000, 0x0000, 0x0000, 0x0000, 0x0000, 0x0000, 0x0000,
  0x0000, 0x0000, 0x0000, 0x0000, 0x0000, 0x0000, 0x0000, 0x0000, 0x0000, 0x0000, 0x0000, 0x0000,
  0x0000, 0x0000, 0x0000, 0x0000, 0x0000, 0x0000, 0x0000, 0x0000, 0x0000, 0x0000, 0x0000, 0x0000,
  0x0000, 0x0000, 0x0000, 0x0000, 0x0000, 0x0000, 0x0000, 0x0000, 0x0000, 0x0000, 0x0000, 0x0000,
  0x0000, 0x0000, 0x0000, 0x0000, 0x0000, 0x0000, 0x0000, 0x0000, 0x0000, 0x0000, 0x0000, 0x0000,
  0x0000, 0x0000, 0x0000, 0x0000, 0x0000, 0x0000, 0x0000, 0x0000, 0x0000, 0x0000, 0x0000, 0x0000,
  0x0000, 0x0000, 0x0000, 0x0000, 0x0000, 0x0000, 0x0000, 0x0000, 0x0000, 0x0000, 0x0000, 0x0000,
  0x0000, 0x0000, 0x0000, 0x0000, 0x0000, 0x0000, 0x0000, 0x0000, 0x0000, 0x0000, 0x0000, 0x0000,
  0x0000, 0x0000, 0x0000, 0x0000, 0x0000, 0x0000, 0x0000, 0x0000, 0x0000, 0x0000, 0x0000, 0x0000,
  0x0000, 0x0000, 0x0000, 0x0000, 0x0000, 0x0000, 0x0000, 0x0000, 0x0000, 0x0000, 0x0000, 0x0000,
  0x0000, 0x0000, 0x0000, 0x0000, 0x0000, 0x0000, 0x0000, 0x0000, 0x0000, 0x0000, 0x0000, 0x0000,
  0x0000, 0x0000, 0x0000, 0x0000, 0x0000, 0x0000, 0x0000, 0x0000, 0x0000, 0x0000, 0x0000, 0x0000,
  0x0000, 0x0000, 0x0000, 0x0000, 0x0000, 0x0000, 0x0000, 0x0000, 0x0000, 0x0000, 0x0000, 0x0000,
  0x0000, 0x0000, 0x0000, 0x0000, 0x0000, 0x0000, 0x0000, 0x0000, 0x0000, 0x0000, 0x0000, 0x0000,
  0x0000, 0x0000, 0x0000, 0x0000, 0x0000, 0x0000, 0x0000, 0x0000, 0x0000, 0x0000, 0x0000, 0x0000,
  0x0000, 0x0000, 0x0000, 0x0000, 0x0000, 0x0000, 0x0000, 0x0000, 0x0000, 0x0000, 0x0000, 0x0000,
  0x0000, 0x0000, 0x0000, 0x0000, 0x0000, 0x0000, 0x0000, 0x0000, 0x0000, 0x0000, 0x0000, 0x0000,
  0x0000, 0x0000, 0x0000, 0x0000, 0x0000, 0x0000, 0x0000, 0x0000, 0x0000, 0x0000, 0x0000, 0x0000,
  0x0000, 0x0000, 0x0000, 0x0000, 0x0000, 0x0000, 0x0000, 0x0000, 0x0000, 0x0000, 0x0000, 0x0000,
  0x0000, 0x0000, 0x0000, 0x0000, 0x0000, 0x0000, 0x0000, 0x0000, 0x0000, 0x0000, 0x0000, 0x0000,
  0x0000, 0x0000, 0x0000, 0x0000, 0x0000, 0x0000, 0x0000, 0x0000, 0x0000, 0x0000, 0x0000, 0x0000,
  0x0000, 0x0000, 0x0000, 0x0000, 0x0000, 0x0000, 0x0000, 0x0000, 0x0000, 0x0000, 0x0000, 0x0000,
  0x0000, 0x0000, 0x0000, 0x0000, 0x0000, 0x0000, 0x0000, 0x0000, 0x0000, 0x0000, 0x0000, 0x0000,
  0x0000, 0x0000, 0x0000, 0x0000, 0x0000, 0x0000, 0x0000, 0x0000, 0x0000, 0x0000, 0x0000, 0x0000,
  0x0000, 0x0000, 0x0000, 0x0000, 0x0000, 0x0000, 0x0000, 0x0000, 0x0000, 0x0000, 0x0000, 0x0000,
  0x0000, 0x0000, 0x0000, 0x0000, 0x0000, 0x0000, 0x0000, 0x0000, 0x0000, 0x0000, 0x0000, 0x0000,
  0x0000, 0x0000, 0x0000, 0x0000, 0x0000, 0x0000, 0x0000, 0x0000, 0x0000, 0x0000, 0x0000, 0x0000,
  0x0000, 0x0000, 0x0000, 0x0000, 0x0000, 0x0000, 0x0000, 0x0000, 0x0000, 0x0000, 0x0000, 0x0000,
  0x0000, 0x0000, 0x0000, 0x0000, 0x0000, 0x0000, 0x0000, 0x0000, 0x0000, 0x0000, 0x0000, 0x0000,
  0x0000, 0x0000, 0x0000, 0x0000, 0x0000, 0x0000, 0x0000, 0x0000, 0x0000, 0x0000, 0x0000, 0x0000,
  0x0000, 0x0000, 0x0000, 0x0000, 0x0000, 0x0000, 0x0000, 0x0000, 0x0000, 0x0000, 0x0000, 0x0000,
  0x0000, 0x0000, 0x0000, 0x0000, 0x0000, 0x0000, 0x0000, 0x0000, 0x0000, 0x0000, 0x0000, 0x0000,
  0x0000, 0x0000, 0x0000, 0x0000, 0x0000, 0x0000
};
const int img_3_width  = 91;
const int img_3_height = 114;

// img_4  83 x 117  (RGB565)
const uint16_t img_4[] PROGMEM = {
  0x0000, 0x0000, 0x0000, 0x0000, 0x0000, 0x0000, 0x0000, 0x0000, 0x0000, 0x0000, 0x0000, 0x0000,
  0x0000, 0x0000, 0x0000, 0x0000, 0x0000, 0x0000, 0x0000, 0x0000, 0x0000, 0x0000, 0x0000, 0x0000,
  0x0000, 0x0000, 0x0000, 0x0000, 0x0000, 0x0000, 0x0000, 0x0000, 0x0000, 0x0000, 0x0000, 0x0000,
  0x0000, 0x0000, 0x0000, 0x0000, 0x0000, 0x0000, 0x0000, 0x0000, 0x0000, 0x0000, 0x0000, 0x0000,
  0x0000, 0x0000, 0x0000, 0x0000, 0x0000, 0x0000, 0x0000, 0x0000, 0x0000, 0x0000, 0x0000, 0x0000,
  0x0000, 0x0000, 0x0000, 0x0000, 0x0000, 0x0000, 0x0000, 0x0000, 0x0000, 0x0000, 0x0000, 0x0000,
  0x0000, 0x0000, 0x0000, 0x0000, 0x0000, 0x0000, 0x0000, 0x0000, 0x0000, 0x0000, 0x0000, 0x0000,
  0x0000, 0x0000, 0x0000, 0x0000, 0x0000, 0x0000, 0x0000, 0x0000, 0x0000, 0x0000, 0x0000, 0x0000,
  0x0000, 0x0000, 0x0000, 0x0000, 0x0000, 0x0000, 0x0000, 0x0000, 0x0000, 0x0000, 0x0000, 0x0000,
  0x0000, 0x0000, 0x0000, 0x0000, 0x0000, 0x0000, 0x0000, 0x0000, 0x0000, 0x0000, 0x0000, 0x0000,
  0x0000, 0x0000, 0x0000, 0x0000, 0x0000, 0x0000, 0x0000, 0x0000, 0x0000, 0x0000, 0x0000, 0x0000,
  0x0000, 0x0000, 0x0000, 0x0000, 0x0000, 0x0000, 0x0000, 0x0000, 0x0000, 0x0000, 0x0000, 0x0000,
  0x0000, 0x0000, 0x0000, 0x0000, 0x0000, 0x0000, 0x0000, 0x0000, 0x0000, 0x0000, 0x0000, 0x0000,
  0x0000, 0x0000, 0x0000, 0x0000, 0x0000, 0x0000, 0x0000, 0x0000, 0x0000, 0x0000, 0x0000, 0x0000,
  0x0000, 0x0000, 0x0000, 0x0000, 0x0000, 0x0000, 0x0000, 0x0000, 0x0000, 0x0000, 0x0000, 0x0000,
  0x0000, 0x0000, 0x0000, 0x0000, 0x0000, 0x0000, 0x0000, 0x0000, 0x0000, 0x0000, 0x0000, 0x0000,
  0x0000, 0x0000, 0x0000, 0x0000, 0x0000, 0x0000, 0x0000, 0x0000, 0x0000, 0x0000, 0x0000, 0x0000,
  0x0000, 0x0000, 0x0000, 0x0000, 0x0000, 0x0000, 0x0000, 0x0000, 0x0000, 0x0000, 0x0000, 0x0000,
  0x0000, 0x0000, 0x0000, 0x0000, 0x0000, 0x0000, 0x0000, 0x0000, 0x0000, 0x0000, 0x0000, 0x0000,
  0x0000, 0x0000, 0x0000, 0x0000, 0x0000, 0x0000, 0x0000, 0x0000, 0x0000, 0x0000, 0x0000, 0x0000,
  0x0000, 0x0000, 0x0000, 0x0000, 0x0000, 0x0000, 0x0000, 0x0000, 0x0000, 0x0000, 0x0000, 0x0000,
  0x0000, 0x0000, 0x0000, 0x0000, 0x0000, 0x0000, 0x0000, 0x0000, 0x0000, 0x0000, 0x0000, 0x0000,
  0x0000, 0x0000, 0x0000, 0x0000, 0x0000, 0x0000, 0x0000, 0x0000, 0x0000, 0x0000, 0x0000, 0x0000,
  0x0000, 0x0000, 0x0000, 0x0000, 0x0000, 0x0000, 0x0000, 0x0000, 0x0000, 0x0000, 0x0000, 0x0000,
  0x0000, 0x0000, 0x0000, 0x0000, 0x0000, 0x0000, 0x0000, 0x0000, 0x0000, 0x0000, 0x0000, 0x0000,
  0x0000, 0x0000, 0x0000, 0x0000, 0x0000, 0x0000, 0x0000, 0x0000, 0x0000, 0x0000, 0x0000, 0x0000,
  0x0000, 0x0000, 0x0000, 0x0000, 0x0000, 0x0000, 0x0000, 0x0000, 0x0000, 0x0000, 0x0000, 0x0000,
  0x0000, 0x0000, 0x0000, 0x0000, 0x0000, 0x0000, 0x0000, 0x0000, 0x0000, 0x0000, 0x0000, 0x0000,
  0x0000, 0x0000, 0x0000, 0x0000, 0x0000, 0x0000, 0x0000, 0x0000, 0x0000, 0x0000, 0x0000, 0x0000,
  0x0000, 0x0000, 0x0000, 0x0000, 0x0000, 0x0000, 0x0000, 0x0000, 0x0000, 0x0000, 0x0000, 0x0000,
  0x0000, 0x0000, 0x0000, 0x0000, 0x0000, 0x0000, 0x0000, 0x0000, 0x0000, 0x0000, 0x0000, 0x0000,
  0x0000, 0x0000, 0x0000, 0x0000, 0x0000, 0x0000, 0x0000, 0x0000, 0x0000, 0x0000, 0x0000, 0x0000,
  0x0000, 0x0000, 0x0000, 0x0000, 0x0000, 0x0000, 0x0000, 0x0000, 0x0000, 0x0000, 0x0000, 0x0000,
  0x0000, 0x0000, 0x0000, 0x0000, 0x0000, 0x0000, 0x0000, 0x0000, 0x0000, 0x0000, 0x0000, 0x0000,
  0x0000, 0x0000, 0x0000, 0x0000, 0x0000, 0x0000, 0x0000, 0x0000, 0x0000, 0x0000, 0x0000, 0x0000,
  0x0000, 0x0000, 0x0000, 0x0000, 0x0000, 0x0000, 0x0000, 0x0000, 0x0000, 0x0000, 0x0000, 0x0000,
  0x0000, 0x0000, 0x0000, 0x0000, 0x0000, 0x0000, 0x0000, 0x0000, 0x0000, 0x0000, 0x0000, 0x0000,
  0x0000, 0x0000, 0x0000, 0x0000, 0x0000, 0x0000, 0x0000, 0x0000, 0x0000, 0x0000, 0x0000, 0x0000,
  0x0000, 0x0000, 0x0000, 0x0000, 0x0000, 0x0000, 0x0000, 0x0000, 0x0000, 0x0000, 0x0000, 0x0000,
  0x0000, 0x0000, 0x0000, 0x0000, 0x0000, 0x0000, 0x0000, 0x0000, 0x0000, 0x0000, 0x0000, 0x0000,
  0x0000, 0x0000, 0x0000, 0x0000, 0x0000, 0x0000, 0x0000, 0x0000, 0x0000, 0x0000, 0x0000, 0x0000,
  0x0000, 0x0000, 0x0000, 0x0000, 0x0000, 0x0000, 0x0000, 0x0000, 0x0000, 0x0000, 0x0000, 0x0000,
  0x0000, 0x0000, 0x0000, 0x0000, 0x0000, 0x0000, 0x0000, 0x0000, 0x0000, 0x0000, 0x0000, 0x0000,
  0x0000, 0x0000, 0x0000, 0x0000, 0x0000, 0x0000, 0x0000, 0x0000, 0x0000, 0x0000, 0x0000, 0x0000,
  0x0000, 0x0000, 0x0000, 0x0000, 0x0000, 0x0000, 0x0000, 0x0000, 0x0000, 0x0000, 0x0000, 0x0000,
  0x0000, 0x0000, 0x0000, 0x0000, 0x0000, 0x0000, 0x0000, 0x0000, 0x0000, 0x0000, 0x0000, 0x0000,
  0x0000, 0x0000, 0x0000, 0x0000, 0x0000, 0x0000, 0x0000, 0x0000, 0x0000, 0x0000, 0x0000, 0x0000,
  0x0000, 0x0000, 0x0000, 0x0000, 0x0000, 0x0000, 0x0000, 0x0000, 0x0000, 0x0000, 0x0000, 0x0000,
  0x0000, 0x0000, 0x0000, 0x0000, 0x0000, 0x0000, 0x0000, 0x0000, 0x0000, 0x0000, 0x0000, 0x0000,
  0x0000, 0x0000, 0x0000, 0x0000, 0x0000, 0x0000, 0x0000, 0x0000, 0x0000, 0x0000, 0x0000, 0x0000,
  0x0000, 0x0000, 0x0000, 0x0000, 0x0000, 0x0000, 0x0000, 0x0000, 0x0000, 0x0000, 0x0000, 0x0000,
  0x0000, 0x0000, 0x0000, 0x0000, 0x0000, 0x0000, 0x0000, 0x0000, 0x0000, 0x0000, 0x0000, 0x0000,
  0x0000, 0x0000, 0x0000, 0x0000, 0x0000, 0x0000, 0x0000, 0x0000, 0x0000, 0x0000, 0x0000, 0x0000,
  0x0000, 0x0000, 0x0000, 0x0000, 0x0000, 0x0000, 0x0000, 0x0000, 0x0000, 0x0000, 0x0000, 0x0000,
  0x0000, 0x0000, 0x0000, 0x0000, 0x0000, 0x0000, 0x0000, 0x0000, 0x0000, 0x0000, 0x0000, 0x0000,
  0x0000, 0x0000, 0x0000, 0x0000, 0x0000, 0x0000, 0x0000, 0x0000, 0x0000, 0x0000, 0x0000, 0x0000,
  0x0000, 0x0000, 0x0000, 0x0000, 0x0000, 0x0000, 0x0000, 0x0000, 0x0000, 0x0000, 0x0000, 0x0000,
  0x0000, 0x0000, 0x0000, 0x0000, 0x0000, 0x0000, 0x0000, 0x0000, 0x0000, 0x0000, 0x0000, 0x0000,
  0x0000, 0x0000, 0x0000, 0x0000, 0x0000, 0x0000, 0x0000, 0x0000, 0x0000, 0x0000, 0x0000, 0x0000,
  0x0000, 0x0000, 0x0000, 0x0000, 0x0000, 0x0000, 0x0000, 0x0000, 0x0000, 0x0000, 0x0000, 0x0000,
  0x0000, 0x0000, 0x0000, 0x0000, 0x0000, 0x0000, 0x0000, 0x0000, 0x0000, 0x0000, 0x0000, 0x0000,
  0x0000, 0x0000, 0x0000, 0x0000, 0x0000, 0x0000, 0x0000, 0x0000, 0x0000, 0x0000, 0x0000, 0x0000,
  0x0000, 0x0000, 0x0000, 0x0000, 0x0000, 0x0000, 0x0000, 0x0000, 0x0000, 0x0000, 0x0000, 0x0000,
  0x0000, 0x0000, 0x0000, 0x0000, 0x0000, 0x0000, 0x0000, 0x0000, 0x0000, 0x0000, 0x0000, 0x0000,
  0x0000, 0x0000, 0x0000, 0x0000, 0x0000, 0x0000, 0x0000, 0x0000, 0x0000, 0x0000, 0x0000, 0x0000,
  0x0000, 0x0000, 0x0000, 0x0000, 0x0000, 0x0000, 0x0000, 0x0000, 0x0000, 0x0000, 0x0000, 0x0000,
  0x0000, 0x0000, 0x0000, 0x0000, 0x0000, 0x0000, 0x0000, 0x0000, 0x0000, 0x0000, 0x0000, 0x0000,
  0x0000, 0x0000, 0x0000, 0x0000, 0x0000, 0x0000, 0x0000, 0x0000, 0x0000, 0x0000, 0x0000, 0x0000,
  0x0000, 0x0000, 0x0000, 0x0000, 0x0000, 0x0000, 0x0000, 0x0000, 0x0000, 0x0000, 0x0000, 0x0000,
  0x0000, 0x0000, 0x0000, 0x0000, 0x0000, 0x0000, 0x0000, 0x0000, 0x0000, 0x0000, 0x0000, 0x0000,
  0x0000, 0x0000, 0x0000, 0x0000, 0x0000, 0x0000, 0x0000, 0x0000, 0x0000, 0x0000, 0x0000, 0x0000,
  0x0000, 0x0000, 0x0000, 0x0000, 0x0000, 0x0000, 0x0000, 0x0000, 0x0000, 0x0000, 0x0000, 0x0000,
  0x0000, 0x0000, 0x0000, 0x0000, 0x0000, 0x0000, 0x0000, 0x0000, 0x0000, 0x0000, 0x0000, 0x0000,
  0x0000, 0x0000, 0x0000, 0x0000, 0x0020, 0x0020, 0x0020, 0x0020, 0x0020, 0x0020, 0x0020, 0x0020,
  0x0020, 0x0020, 0x0020, 0x0020, 0x0020, 0x0020, 0x0020, 0x0020, 0x0000, 0x0000, 0x0000, 0x0000,
  0x0000, 0x0000, 0x0000, 0x0000, 0x0000, 0x0000, 0x0000, 0x0000, 0x0000, 0x0000, 0x0000, 0x0000,
  0x0000, 0x0000, 0x0000, 0x0000, 0x0000, 0x0000, 0x0000, 0x0000, 0x0000, 0x0000, 0x0000, 0x0000,
  0x0000, 0x0000, 0x0000, 0x0000, 0x0000, 0x0000, 0x0000, 0x0000, 0x0000, 0x0000, 0x0000, 0x0000,
  0x0000, 0x0000, 0x0000, 0x0000, 0x0000, 0x0000, 0x0000, 0x0000, 0x0000, 0x0000, 0x0000, 0x0000,
  0x0000, 0x0000, 0x0000, 0x0000, 0x0000, 0x0000, 0x0000, 0x0000, 0x0000, 0x0000, 0x0000, 0x0000,
  0x0000, 0x0000, 0x4207, 0x6B2B, 0x6B4C, 0x6B6C, 0x6B6C, 0x6B4C, 0x6B4C, 0x6B2B, 0x6B2B, 0x6B2B,
  0x630B, 0x6B2B, 0x630B, 0x62EB, 0x5AEA, 0x5ACA, 0x39C7, 0x1081, 0x0000, 0x0000, 0x0000, 0x0000,
  0x0000, 0x0000, 0x0000, 0x0000, 0x0000, 0x0000, 0x0000, 0x0000, 0x0000, 0x0000, 0x0000, 0x0000,
  0x0000, 0x0000, 0x0000, 0x0000, 0x0000, 0x0000, 0x0000, 0x0000, 0x0000, 0x0000, 0x0000, 0x0000,
  0x0000, 0x0000, 0x0000, 0x0000, 0x0000, 0x0000, 0x0000, 0x0000, 0x0000, 0x0000, 0x0000, 0x0000,
  0x0000, 0x0000, 0x0000, 0x0000, 0x0000, 0x0000, 0x0000, 0x0000, 0x0000, 0x0000, 0x0000, 0x0000,
  0x0000, 0x0000, 0x0000, 0x0000, 0x0000, 0x0000, 0x0000, 0x0000, 0x0000, 0x0000, 0x0000, 0x0000,
  0x39C6, 0xC5F5, 0xEF3A, 0xF75A, 0xF77B, 0xF77B, 0xF75A, 0xF75A, 0xF75A, 0xF75A, 0xF73A, 0xEF3A,
  0xEF19, 0xEF19, 0xE6F9, 0xDEB8, 0xB5B5, 0x2945, 0x0840, 0x0000, 0x0000, 0x0000, 0x0000, 0x0000,
  0x0000, 0x0000, 0x0000, 0x0000, 0x0000, 0x0000, 0x0000, 0x0000, 0x0000, 0x0000, 0x0000, 0x0000,
  0x0000, 0x0000, 0x0000, 0x0000, 0x0000, 0x0000, 0x0000, 0x0000, 0x0000, 0x0000, 0x0000, 0x0000,
  0x0000, 0x0000, 0x0000, 0x0000, 0x0000, 0x0000, 0x0000, 0x0000, 0x0000, 0x0000, 0x0000, 0x0000,
  0x0000, 0x0000, 0x0000, 0x0000, 0x0000, 0x0000, 0x0000, 0x0000, 0x0000, 0x0000, 0x0000, 0x0000,
  0x0000, 0x0000, 0x0000, 0x0000, 0x0000, 0x0000, 0x0000, 0x0000, 0x0000, 0x0000, 0x2123, 0xBD93,
  0xDE97, 0xDE76, 0xDE76, 0xE697, 0xE6B7, 0xDE96, 0xE697, 0xE697, 0xE6B7, 0xE6B7, 0xE697, 0xDE97,
  0xDE76, 0xD676, 0xC616, 0x5289, 0x0000, 0x0000, 0x0000, 0x0000, 0x0000, 0x0000, 0x0000, 0x0000,
  0x0000, 0x0000, 0x0000, 0x0000, 0x0000, 0x0000, 0x0000, 0x0000, 0x0000, 0x0000, 0x0000, 0x0000,
  0x0000, 0x0000, 0x0000, 0x0000, 0x0000, 0x0000, 0x0000, 0x0000, 0x0000, 0x0000, 0x0000, 0x0000,
  0x0000, 0x0000, 0x0000, 0x0000, 0x0000, 0x0000, 0x0000, 0x0000, 0x0000, 0x0000, 0x0000, 0x0000,
  0x0000, 0x0000, 0x0000, 0x0000, 0x0000, 0x0000, 0x0000, 0x0000, 0x0000, 0x0000, 0x0000, 0x0000,
  0x0000, 0x0000, 0x0000, 0x0000, 0x0000, 0x0000, 0x0000, 0x0000, 0x18A2, 0x946F, 0xE6D8, 0xD655,
  0xD614, 0xD614, 0xD634, 0xD634, 0xD634, 0xD634, 0xD655, 0xDE55, 0xDE55, 0xD655, 0xD634, 0xCE15,
  0xCE15, 0x7BAD, 0x0861, 0x0000, 0x0000, 0x0000, 0x0000, 0x0000, 0x0000, 0x0000, 0x0000, 0x0000,
  0x0000, 0x0000, 0x0000, 0x0000, 0x0000, 0x0000, 0x0000, 0x0000, 0x0000, 0x0000, 0x0000, 0x0000,
  0x0000, 0x0000, 0x0000, 0x0000, 0x0000, 0x0000, 0x0000, 0x0000, 0x0000, 0x0000, 0x0000, 0x0000,
  0x0000, 0x0000, 0x0000, 0x0000, 0x0000, 0x0000, 0x0000, 0x0000, 0x0000, 0x0000, 0x0000, 0x0000,
  0x0000, 0x0000, 0x0000, 0x0000, 0x0000, 0x0000, 0x0000, 0x0000, 0x0000, 0x0000, 0x0000, 0x0000,
  0x0000, 0x0000, 0x0000, 0x0000, 0x0000, 0x0000, 0x0020, 0x6B2A, 0xE6B7, 0xDE96, 0xD634, 0xDE54,
  0xD634, 0xD634, 0xD634, 0xD634, 0xD634, 0xDE54, 0xDE54, 0xDE54, 0xDE54, 0xD634, 0xCE15, 0x9CB0,
  0x18C2, 0x0000, 0x0000, 0x0000, 0x0000, 0x0000, 0x0000, 0x0000, 0x0000, 0x0000, 0x0000, 0x0000,
  0x0000, 0x0000, 0x0000, 0x0000, 0x0000, 0x0000, 0x0000, 0x0000, 0x0000, 0x0000, 0x0000, 0x0000,
  0x0000, 0x0000, 0x0000, 0x0000, 0x0000, 0x0000, 0x0000, 0x0000, 0x0000, 0x0000, 0x0000, 0x0000,
  0x0000, 0x0000, 0x0000, 0x0000, 0x0000, 0x0000, 0x0000, 0x0000, 0x0000, 0x0000, 0x0000, 0x0000,
  0x0000, 0x0000, 0x0000, 0x0000, 0x0000, 0x0000, 0x0000, 0x0000, 0x0000, 0x0000, 0x0000, 0x0000,
  0x0000, 0x0000, 0x0000, 0x0000, 0x0000, 0x39A5, 0xC5D4, 0xE6B6, 0xD634, 0xD634, 0xD633, 0xD633,
  0xD633, 0xD633, 0xD633, 0xD634, 0xD633, 0xD633, 0xD633, 0xD613, 0xCDF4, 0xBDB3, 0x3184, 0x0000,
  0x0000, 0x0000, 0x0000, 0x0000, 0x0000, 0x0000, 0x0000, 0x0000, 0x0000, 0x0000, 0x0000, 0x0000,
  0x0000, 0x0000, 0x0000, 0x0000, 0x0000, 0x0000, 0x0000, 0x0000, 0x0000, 0x0000, 0x0000, 0x0000,
  0x0000, 0x0000, 0x0000, 0x0000, 0x0000, 0x0000, 0x0000, 0x0000, 0x0000, 0x0000, 0x0000, 0x0000,
  0x0000, 0x0000, 0x0000, 0x0000, 0x0000, 0x0000, 0x0000, 0x0000, 0x0000, 0x0000, 0x0000, 0x0000,
  0x0000, 0x0000, 0x0000, 0x0000, 0x0000, 0x0000, 0x0000, 0x0000, 0x0000, 0x0000, 0x0000, 0x0000,
  0x0000, 0x0000, 0x0000, 0x20E3, 0xAD11, 0xE6B7, 0xD634, 0xD613, 0xD633, 0xD613, 0xD633, 0xD613,
  0xD613, 0xD633, 0xD633, 0xD633, 0xD613, 0xD613, 0xCDF3, 0xC5F4, 0x6B4B, 0x0020, 0x0000, 0x0000,
  0x0000, 0x0000, 0x0000, 0x0000, 0x0000, 0x0000, 0x0000, 0x0000, 0x0000, 0x0000, 0x0000, 0x0000,
  0x0000, 0x0000, 0x0000, 0x0000, 0x0000, 0x0000, 0x0000, 0x0000, 0x0000, 0x0000, 0x0000, 0x0000,
  0x0000, 0x0000, 0x0000, 0x0000, 0x0000, 0x0000, 0x0000, 0x0000, 0x0000, 0x0000, 0x0000, 0x0000,
  0x0000, 0x0000, 0x0000, 0x0000, 0x0000, 0x0000, 0x0000, 0x0000, 0x0000, 0x0000, 0x0000, 0x0000,
  0x0000, 0x0000, 0x0000, 0x0000, 0x0000, 0x0000, 0x0000, 0x0000, 0x0000, 0x0000, 0x0000, 0x0000,
  0x0000, 0x0861, 0x83AC, 0xE6B7, 0xDE75, 0xD613, 0xD613, 0xD613, 0xD613, 0xD613, 0xD613, 0xD613,
  0xD613, 0xD613, 0xD633, 0xD613, 0xCDF3, 0xCDF4, 0x946F, 0x18A2, 0x0000, 0x0000, 0x0000, 0x0000,
  0x0000, 0x0000, 0x0000, 0x0000, 0x0000, 0x0000, 0x0000, 0x0000, 0x0000, 0x0000, 0x0000, 0x0000,
  0x0000, 0x0000, 0x0000, 0x0000, 0x0000, 0x0000, 0x0000, 0x0000, 0x0000, 0x0000, 0x0000, 0x0000,
  0x0000, 0x0000, 0x0000, 0x0000, 0x0000, 0x0000, 0x0000, 0x0000, 0x0000, 0x0000, 0x0000, 0x0000,
  0x0000, 0x0000, 0x0000, 0x0000, 0x0000, 0x0000, 0x0000, 0x0000, 0x0000, 0x0000, 0x0000, 0x0000,
  0x0000, 0x0000, 0x0000, 0x0000, 0x0000, 0x0000, 0x0000, 0x0000, 0x0000, 0x0000, 0x0000, 0x0000,
  0x4A27, 0xD635, 0xEEB7, 0xD634, 0xD613, 0xDE33, 0xD613, 0xD613, 0xD613, 0xD613, 0xD613, 0xD613,
  0xD633, 0xD633, 0xD634, 0xCE34, 0xC5B4, 0x2944, 0x0000, 0x0000, 0x0000, 0x0000, 0x0000, 0x0000,
  0x0000, 0x0000, 0x0000, 0x0000, 0x0000, 0x0000, 0x0000, 0x0000, 0x0000, 0x0000, 0x0000, 0x0000,
  0x0000, 0x0000, 0x0000, 0x0000, 0x0000, 0x0000, 0x0000, 0x0000, 0x0000, 0x0000, 0x0000, 0x0000,
  0x0000, 0x0000, 0x0000, 0x0000, 0x0000, 0x0000, 0x0000, 0x0000, 0x0000, 0x0000, 0x0000, 0x0000,
  0x0000, 0x0000, 0x0000, 0x0000, 0x0000, 0x0000, 0x0000, 0x0000, 0x0000, 0x0000, 0x0000, 0x0000,
  0x0000, 0x0000, 0x0000, 0x0000, 0x0000, 0x0000, 0x0000, 0x0000, 0x0000, 0x0000, 0x2103, 0xAD11,
  0xEED7, 0xDE55, 0xD613, 0xD613, 0xD613, 0xD613, 0xD613, 0xCDF3, 0xD613, 0xD613, 0xD633, 0xD633,
  0xD634, 0xCE14, 0xCE35, 0x6B4B, 0x0020, 0x0000, 0x0000, 0x0000, 0x0000, 0x0000, 0x0000, 0x0000,
  0x0000, 0x0000, 0x0000, 0x0000, 0x0000, 0x0000, 0x0000, 0x0000, 0x0000, 0x0000, 0x0000, 0x0000,
  0x0000, 0x0000, 0x0000, 0x0000, 0x0000, 0x0000, 0x0000, 0x0000, 0x0000, 0x0000, 0x0000, 0x0000,
  0x0000, 0x0000, 0x0000, 0x0000, 0x0000, 0x0000, 0x0000, 0x0000, 0x0000, 0x0000, 0x0000, 0x0000,
  0x0000, 0x0000, 0x0000, 0x0000, 0x0000, 0x0000, 0x0000, 0x0000, 0x0000, 0x0000, 0x0000, 0x0000,
  0x0000, 0x0000, 0x0000, 0x0000, 0x0000, 0x0000, 0x0000, 0x0000, 0x1081, 0x8BED, 0xE6B6, 0xDE54,
  0xCDF3, 0xCDF3, 0xD613, 0xD613, 0xD613, 0xD613, 0xCDF3, 0xD613, 0xD613, 0xD613, 0xCE13, 0xCE14,
  0xD635, 0x944F, 0x1081, 0x0000, 0x0000, 0x0000, 0x0000, 0x0000, 0x0000, 0x0000, 0x0000, 0x0000,
  0x0000, 0x0000, 0x0000, 0x0000, 0x0000, 0x0000, 0x0000, 0x0000, 0x0000, 0x0000, 0x0000, 0x0000,
  0x0000, 0x0000, 0x0000, 0x0000, 0x0000, 0x0000, 0x0000, 0x0000, 0x0000, 0x0000, 0x0000, 0x0000,
  0x0000, 0x0000, 0x0000, 0x0000, 0x0000, 0x0000, 0x0000, 0x0000, 0x0000, 0x0000, 0x0000, 0x0000,
  0x0000, 0x0000, 0x0000, 0x0000, 0x0000, 0x0000, 0x0000, 0x0000, 0x0000, 0x0000, 0x0000, 0x0000,
  0x0000, 0x0000, 0x0000, 0x0000, 0x0000, 0x0000, 0x0000, 0x5288, 0xD635, 0xDE75, 0xCDD2, 0xCDD2,
  0xD5F2, 0xD5F2, 0xD5F2, 0xD5F2, 0xCDF2, 0xCDF2, 0xCDF3, 0xCDF2, 0xCE13, 0xCE13, 0xCE14, 0xB573,
  0x2123, 0x0000, 0x0000, 0x0000, 0x0000, 0x0000, 0x0000, 0x0000, 0x0000, 0x0000, 0x0000, 0x0000,
  0x0000, 0x0000, 0x0000, 0x0000, 0x0000, 0x0000, 0x0000, 0x0000, 0x0000, 0x0000, 0x0000, 0x0000,
  0x0000, 0x0000, 0x0000, 0x0000, 0x0000, 0x0000, 0x0000, 0x0000, 0x0000, 0x0000, 0x0000, 0x0000,
  0x0000, 0x0000, 0x0000, 0x0000, 0x0000, 0x0000, 0x0000, 0x0000, 0x0000, 0x0000, 0x0000, 0x0000,
  0x0000, 0x0000, 0x0000, 0x0000, 0x0000, 0x0000, 0x0000, 0x0000, 0x0000, 0x0000, 0x0000, 0x0000,
  0x0000, 0x0000, 0x0000, 0x0000, 0x0000, 0x2923, 0xAD31, 0xDE75, 0xCDF3, 0xCDB2, 0xCDD2, 0xCDD2,
  0xD5F2, 0xCDF2, 0xCDD2, 0xCDF2, 0xCDF2, 0xCDD2, 0xCDD2, 0xCDF3, 0xCDF3, 0xC5D4, 0x5288, 0x0000,
  0x0000, 0x0000, 0x0000, 0x0000, 0x0000, 0x0000, 0x0000, 0x0000, 0x0000, 0x0000, 0x0000, 0x0000,
  0x0000, 0x0000, 0x0000, 0x0000, 0x0000, 0x0000, 0x0000, 0x0000, 0x0000, 0x0000, 0x0000, 0x0000,
  0x0000, 0x0000, 0x0000, 0x0000, 0x0000, 0x0000, 0x0000, 0x0000, 0x0000, 0x0000, 0x0000, 0x0000,
  0x0000, 0x0000, 0x0000, 0x0000, 0x0000, 0x0000, 0x0000, 0x0000, 0x0000, 0x0000, 0x0000, 0x0000,
  0x0000, 0x0000, 0x0000, 0x0000, 0x0000, 0x0000, 0x0000, 0x0000, 0x0000, 0x0000, 0x0000, 0x0000,
  0x0000, 0x0000, 0x0000, 0x18A2, 0x944F, 0xDE76, 0xCDF3, 0xC5B1, 0xC5B1, 0xCDB1, 0xCDD1, 0xCDF2,
  0xCDD2, 0xCDD2, 0xCDD2, 0xCDD2, 0xCDD2, 0xCDD2, 0xC5D3, 0xC5D3, 0x738C, 0x0861, 0x0000, 0x0000,
  0x0000, 0x0000, 0x0000, 0x0000, 0x0000, 0x0000, 0x0000, 0x0000, 0x0000, 0x0000, 0x0000, 0x0000,
  0x0000, 0x0000, 0x0000, 0x0000, 0x0000, 0x0000, 0x0000, 0x0000, 0x0000, 0x0000, 0x0000, 0x0000,
  0x0000, 0x0000, 0x0000, 0x0000, 0x0000, 0x0000, 0x0000, 0x0000, 0x0000, 0x0000, 0x0000, 0x0000,
  0x0000, 0x0000, 0x0000, 0x0000, 0x0000, 0x0000, 0x0000, 0x0000, 0x0000, 0x0000, 0x0000, 0x0000,
  0x0000, 0x0000, 0x0000, 0x0000, 0x0000, 0x0000, 0x0000, 0x0000, 0x0000, 0x0000, 0x0000, 0x0000,
  0x0000, 0x0000, 0x630A, 0xDE55, 0xD614, 0xC591, 0xC591, 0xC591, 0xC591, 0xCDB1, 0xCDD1, 0xCDB1,
  0xCDD2, 0xCDD2, 0xCDD2, 0xCDD2, 0xC5B2, 0xCDF3, 0x9C8F, 0x18C2, 0x0000, 0x0000, 0x0000, 0x0000,
  0x0000, 0x0000, 0x0000, 0x0000, 0x0000, 0x0000, 0x0000, 0x0000, 0x0000, 0x0000, 0x0000, 0x0000,
  0x0000, 0x0000, 0x0000, 0x0000, 0x0000, 0x0000, 0x0000, 0x0000, 0x0000, 0x0000, 0x0000, 0x0000,
  0x0000, 0x0000, 0x0000, 0x0000, 0x0000, 0x0000, 0x0000, 0x0000, 0x0000, 0x0000, 0x0000, 0x0000,
  0x0000, 0x0000, 0x0000, 0x0000, 0x0000, 0x0000, 0x0000, 0x0000, 0x0000, 0x0000, 0x0000, 0x0000,
  0x0000, 0x0000, 0x0000, 0x0000, 0x0000, 0x0000, 0x0000, 0x0000, 0x0000, 0x0000, 0x0000, 0x0000,
  0x3164, 0xC593, 0xD634, 0xC571, 0xC571, 0xC591, 0xC591, 0xCDB1, 0xC5B1, 0xCDB1, 0xCDD2, 0xCDD2,
  0xCDD2, 0xCDB1, 0xCDB2, 0xCDD3, 0xC5D3, 0x2944, 0x0000, 0x0000, 0x0000, 0x0000, 0x0000, 0x0000,
  0x0000, 0x0000, 0x0000, 0x0000, 0x0000, 0x0000, 0x0000, 0x0000, 0x0000, 0x0000, 0x0000, 0x0000,
  0x0000, 0x0000, 0x0000, 0x0000, 0x0000, 0x0000, 0x0000, 0x0000, 0x0000, 0x0000, 0x0000, 0x0000,
  0x0000, 0x0000, 0x0000, 0x0000, 0x0000, 0x0000, 0x0000, 0x0000, 0x0000, 0x0000, 0x0000, 0x0000,
  0x0000, 0x0000, 0x0000, 0x0000, 0x0000, 0x0000, 0x0000, 0x0000, 0x0000, 0x0000, 0x0000, 0x0000,
  0x0000, 0x0000, 0x0000, 0x0000, 0x0000, 0x0000, 0x0000, 0x0000, 0x0000, 0x0000, 0x18C2, 0xA4B0,
  0xDE75, 0xC591, 0xBD70, 0xC550, 0xC570, 0xC570, 0xC590, 0xC591, 0xCDB1, 0xCDB1, 0xC5B1, 0xCDB1,
  0xC5B1, 0xC591, 0xCDF4, 0x630A, 0x0000, 0x0000, 0x0000, 0x0000, 0x0000, 0x0000, 0x0000, 0x0000,
  0x0000, 0x0000, 0x0000, 0x0000, 0x0000, 0x0000, 0x0000, 0x0000, 0x0000, 0x0000, 0x0000, 0x0000,
  0x0000, 0x0000, 0x0000, 0x0000, 0x0000, 0x0000, 0x0000, 0x0000, 0x0000, 0x0000, 0x0000, 0x0000,
  0x0000, 0x0000, 0x0000, 0x0000, 0x0000, 0x0000, 0x0000, 0x0000, 0x0000, 0x0000, 0x0000, 0x0000,
  0x0000, 0x0000, 0x0000, 0x0000, 0x0000, 0x0000, 0x0000, 0x0000, 0x0000, 0x0000, 0x0000, 0x0000,
  0x0000, 0x0000, 0x0000, 0x0000, 0x0000, 0x0000, 0x0000, 0x0000, 0x1061, 0x7BAC, 0xDE76, 0xCDD2,
  0xBD50, 0xBD50, 0xBD30, 0xC550, 0xC570, 0xC570, 0xC590, 0xCDB1, 0xC591, 0xC591, 0xC591, 0xC571,
  0xC592, 0x9C8F, 0x1081, 0x0000, 0x0000, 0x0000, 0x0000, 0x0000, 0x0000, 0x0000, 0x0000, 0x0000,
  0x0000, 0x0000, 0x0000, 0x0000, 0x0000, 0x0000, 0x0000, 0x0000, 0x0000, 0x0000, 0x0000, 0x0000,
  0x0000, 0x0000, 0x0000, 0x0000, 0x0000, 0x0000, 0x0000, 0x0000, 0x0000, 0x0000, 0x0000, 0x0000,
  0x0000, 0x0000, 0x0000, 0x0000, 0x0000, 0x0000, 0x0000, 0x0000, 0x0000, 0x0000, 0x0000, 0x0000,
  0x0000, 0x0000, 0x0000, 0x0000, 0x0000, 0x0000, 0x0000, 0x0000, 0x0000, 0x0000, 0x0000, 0x0000,
  0x0000, 0x0000, 0x0000, 0x0000, 0x0000, 0x0000, 0x0000, 0x5268, 0xD635, 0xD614, 0xBD50, 0xBD30,
  0xBD30, 0xBD30, 0xBD50, 0xC550, 0xC550, 0xC570, 0xC591, 0xC590, 0xC571, 0xBD71, 0xBD71, 0xB532,
  0x2944, 0x0000, 0x0000, 0x0000, 0x0000, 0x0000, 0x0000, 0x0000, 0x0000, 0x0000, 0x0000, 0x0000,
  0x0000, 0x0000, 0x0000, 0x0000, 0x0000, 0x0000, 0x0000, 0x0000, 0x0000, 0x0000, 0x0000, 0x0000,
  0x0000, 0x0000, 0x0000, 0x0000, 0x0000, 0x0000, 0x0000, 0x0000, 0x0000, 0x0000, 0x0000, 0x0000,
  0x0000, 0x0000, 0x0000, 0x0000, 0x0000, 0x0000, 0x0000, 0x0000, 0x0000, 0x0000, 0x0000, 0x0000,
  0x0000, 0x0000, 0x0000, 0x0000, 0x0000, 0x0000, 0x0000, 0x0000, 0x0000, 0x0000, 0x0000, 0x0000,
  0x0000, 0x0000, 0x0000, 0x0000, 0x0000, 0x2103, 0xAD31, 0xD634, 0xBD50, 0xBD30, 0xBD2F, 0xBD2F,
  0xBD2F, 0xBD50, 0xC550, 0xC550, 0xC570, 0xC570, 0xBD70, 0xBD70, 0xBD51, 0xB551, 0x5268, 0x0000,
  0x0000, 0x0000, 0x0000, 0x0000, 0x0000, 0x0000, 0x0000, 0x0000, 0x0000, 0x0000, 0x0000, 0x0000,
  0x0000, 0x0000, 0x0000, 0x0000, 0x0000, 0x0000, 0x0000, 0x0000, 0x0000, 0x0000, 0x0000, 0x0000,
  0x0000, 0x0000, 0x0000, 0x0000, 0x0000, 0x0000, 0x0000, 0x0000, 0x0000, 0x0000, 0x0000, 0x0000,
  0x0000, 0x0000, 0x0000, 0x0000, 0x0000, 0x0000, 0x0000, 0x0000, 0x0000, 0x0000, 0x0000, 0x0000,
  0x0000, 0x0000, 0x0000, 0x0000, 0x0000, 0x0000, 0x0000, 0x0000, 0x0000, 0x0000, 0x0000, 0x0000,
  0x0000, 0x0000, 0x0000, 0x1081, 0x8C0D, 0xD655, 0xBD71, 0xB52F, 0xBD4F, 0xBD2F, 0xBD50, 0xBD50,
  0xBD50, 0xBD50, 0xC570, 0xC570, 0xBD50, 0xBD50, 0xBD50, 0xBD72, 0x83CC, 0x0861, 0x0000, 0x0000,
  0x0000, 0x0000, 0x0000, 0x0000, 0x0000, 0x0000, 0x0000, 0x0000, 0x0000, 0x0000, 0x0000, 0x0000,
  0x0000, 0x0000, 0x0000, 0x0000, 0x0000, 0x0000, 0x0000, 0x0000, 0x0000, 0x0000, 0x0000, 0x0000,
  0x0000, 0x0000, 0x0000, 0x0000, 0x0000, 0x0000, 0x0000, 0x0000, 0x0000, 0x0000, 0x0000, 0x0000,
  0x0000, 0x0000, 0x0000, 0x0000, 0x0000, 0x0000, 0x0000, 0x0000, 0x0000, 0x0000, 0x0000, 0x0000,
  0x0000, 0x0000, 0x0000, 0x0000, 0x0000, 0x0000, 0x0000, 0x0000, 0x0000, 0x0000, 0x0000, 0x0000,
  0x0000, 0x0000, 0x5A88, 0xD635, 0xC5B2, 0xB52F, 0xB52F, 0xBD2F, 0xBD2F, 0xBD2F, 0xBD2F, 0xBD4F,
  0xC570, 0xC550, 0xC570, 0xBD70, 0xBD50, 0xBD71, 0x9C8F, 0x20E3, 0x0000, 0x0000, 0x0000, 0x0000,
  0x0000, 0x0000, 0x0000, 0x0000, 0x0000, 0x0000, 0x0000, 0x0000, 0x0000, 0x0000, 0x0000, 0x0000,
  0x0000, 0x0000, 0x0000, 0x0000, 0x0000, 0x0000, 0x0000, 0x0000, 0x0000, 0x0000, 0x0000, 0x0000,
  0x0000, 0x0000, 0x0000, 0x0000, 0x0000, 0x0000, 0x0000, 0x0000, 0x0000, 0x0000, 0x0000, 0x0000,
  0x0000, 0x0000, 0x0000, 0x0000, 0x0000, 0x0000, 0x0000, 0x0000, 0x0000, 0x0000, 0x0000, 0x0000,
  0x0000, 0x0000, 0x0000, 0x0000, 0x0000, 0x0000, 0x0000, 0x0000, 0x0000, 0x0000, 0x0000, 0x0000,
  0x2924, 0xB531, 0xCDF3, 0xB510, 0xB50F, 0xB50F, 0xB50F, 0xBD2F, 0xBD2F, 0xB50F, 0xBD2F, 0xBD2F,
  0xBD2F, 0xBD50, 0xBD50, 0xBD51, 0xB552, 0x3164, 0x0000, 0x0000, 0x0000, 0x0000, 0x0000, 0x0000,
  0x0000, 0x0000, 0x0000, 0x0000, 0x0000, 0x0000, 0x0000, 0x0000, 0x0000, 0x0000, 0x0000, 0x0000,
  0x0000, 0x0000, 0x0000, 0x0000, 0x0000, 0x0000, 0x0000, 0x0000, 0x0000, 0x0000, 0x0000, 0x0000,
  0x0000, 0x0000, 0x0000, 0x0000, 0x0000, 0x0000, 0x0000, 0x0000, 0x0000, 0x0000, 0x0000, 0x0000,
  0x0000, 0x0000, 0x0000, 0x0000, 0x0000, 0x0000, 0x0000, 0x0000, 0x0000, 0x0000, 0x0000, 0x0000,
  0x0000, 0x0000, 0x0000, 0x0000, 0x0000, 0x0000, 0x0000, 0x0000, 0x0000, 0x0000, 0x18A2, 0x9C6F,
  0xD634, 0xBD50, 0xB50F, 0xB50F, 0xB50F, 0xB50F, 0xB50F, 0xBD0F, 0xB50F, 0xB50F, 0xB50F, 0xBD2F,
  0xBD30, 0xB530, 0xB552, 0x6B0A, 0x0020, 0x0000, 0x0000, 0x0000, 0x0000, 0x0000, 0x0000, 0x0000,
  0x0000, 0x0000, 0x0000, 0x0000, 0x0000, 0x0000, 0x0000, 0x0000, 0x0000, 0x0000, 0x0000, 0x0000,
  0x0000, 0x0000, 0x0000, 0x0000, 0x0000, 0x0000, 0x0000, 0x0000, 0x0000, 0x0000, 0x0000, 0x0000,
  0x0000, 0x0000, 0x0000, 0x0000, 0x0000, 0x0000, 0x0000, 0x0000, 0x0000, 0x0000, 0x0000, 0x0000,
  0x0000, 0x0000, 0x0000, 0x0000, 0x0000, 0x0000, 0x0000, 0x0000, 0x0000, 0x0000, 0x0000, 0x0000,
  0x0000, 0x0000, 0x0000, 0x0000, 0x0000, 0x0000, 0x0000, 0x0000, 0x0020, 0x62E9, 0xD634, 0xC571,
  0xB50F, 0xB4EF, 0xB50F, 0xB50F, 0xB50F, 0xB50F, 0xBD0F, 0xB50F, 0xB50F, 0xB50F, 0xB50F, 0xB50F,
  0xB510, 0x8BED, 0x1081, 0x0000, 0x0000, 0x0000, 0x0000, 0x0000, 0x0000, 0x0000, 0x0000, 0x0000,
  0x0000, 0x0000, 0x0000, 0x0000, 0x0000, 0x0000, 0x0000, 0x0000, 0x0000, 0x0000, 0x0000, 0x0000,
  0x0000, 0x0000, 0x0000, 0x0000, 0x0000, 0x0000, 0x0000, 0x0000, 0x0000, 0x0000, 0x0000, 0x0000,
  0x0000, 0x0000, 0x0000, 0x0000, 0x0000, 0x0000, 0x0000, 0x0000, 0x0000, 0x0000, 0x0000, 0x0000,
  0x0000, 0x0000, 0x0000, 0x0000, 0x0000, 0x0000, 0x0000, 0x0000, 0x0000, 0x0000, 0x0000, 0x0000,
  0x0000, 0x0000, 0x0000, 0x0000, 0x0000, 0x0000, 0x0000, 0x3164, 0xBD52, 0xCDD2, 0xB52F, 0xB50F,
  0xB50F, 0xB50E, 0xB50E, 0xB50E, 0xB50F, 0xBD0F, 0xB50F, 0xB50E, 0xB50E, 0xB4EF, 0xAD0F, 0xA4CF,
  0x2103, 0x0000, 0x0000, 0x0000, 0x0000, 0x0000, 0x0000, 0x0000, 0x0000, 0x0000, 0x0000, 0x0000,
  0x0000, 0x0000, 0x0000, 0x0000, 0x0000, 0x0000, 0x0000, 0x0000, 0x0000, 0x0000, 0x0000, 0x0000,
  0x0000, 0x0000, 0x0000, 0x0000, 0x0000, 0x0000, 0x0000, 0x0000, 0x0000, 0x0000, 0x0000, 0x0000,
  0x0000, 0x0000, 0x0000, 0x0000, 0x0000, 0x0000, 0x0000, 0x0000, 0x0000, 0x0000, 0x0000, 0x0000,
  0x0000, 0x0000, 0x0000, 0x0000, 0x0000, 0x0000, 0x0000, 0x0000, 0x0000, 0x0000, 0x0000, 0x0000,
  0x0000, 0x0000, 0x0000, 0x0000, 0x0000, 0x2103, 0x9C8F, 0xCDF3, 0xB530, 0xB50F, 0xB50F, 0xB4EE,
  0xB4EE, 0xB4EE, 0xB4EE, 0xB4EE, 0xB4EE, 0xB50E, 0xB50F, 0xB50E, 0xACEF, 0xACF0, 0x5247, 0x0000,
  0x0000, 0x0000, 0x0000, 0x0000, 0x0000, 0x0000, 0x0000, 0x0000, 0x0000, 0x0000, 0x0000, 0x0000,
  0x0000, 0x0000, 0x0000, 0x0000, 0x0000, 0x0000, 0x0000, 0x0000, 0x0000, 0x0000, 0x0000, 0x0000,
  0x0000, 0x0000, 0x0000, 0x0000, 0x0000, 0x0000, 0x0000, 0x0000, 0x0000, 0x0000, 0x0000, 0x0000,
  0x0000, 0x0000, 0x0000, 0x0000, 0x0000, 0x0000, 0x0000, 0x0000, 0x0000, 0x0000, 0x0000, 0x0000,
  0x0000, 0x0000, 0x0000, 0x0000, 0x0000, 0x0000, 0x0000, 0x0000, 0x0000, 0x0000, 0x0000, 0x0000,
  0x0000, 0x0000, 0x0000, 0x18A2, 0x83AC, 0xD614, 0xBD50, 0xB50F, 0xB50F, 0xB50F, 0xB50F, 0xB4EE,
  0xB4EE, 0xB50F, 0xB4EE, 0xB4EE, 0xB4EE, 0xB4EE, 0xACEF, 0xAD10, 0x6B2A, 0x0861, 0x0000, 0x0000,
  0x0000, 0x0000, 0x0000, 0x0000, 0x0000, 0x0000, 0x0000, 0x0000, 0x0000, 0x0000, 0x0020, 0x0840,
  0x0840, 0x0820, 0x0820, 0x0020, 0x0020, 0x0020, 0x0020, 0x0020, 0x0020, 0x0020, 0x0020, 0x0020,
  0x0000, 0x0000, 0x0000, 0x0000, 0x0000, 0x0000, 0x0000, 0x0000, 0x0000, 0x0000, 0x0000, 0x0000,
  0x0000, 0x0000, 0x0000, 0x0000, 0x0000, 0x0000, 0x0000, 0x0000, 0x0000, 0x0000, 0x0000, 0x0000,
  0x0000, 0x0000, 0x0000, 0x0000, 0x0000, 0x0000, 0x0000, 0x0000, 0x0000, 0x0000, 0x0000, 0x0000,
  0x0000, 0x0861, 0x62C9, 0xC5B3, 0xC591, 0xBD30, 0xB50F, 0xB50F, 0xB50F, 0xB50E, 0xB4EE, 0xB50E,
  0xB50F, 0xBD0F, 0xB50E, 0xB4EE, 0xACCE, 0xACEF, 0x8C0D, 0x18A2, 0x0000, 0x0000, 0x0000, 0x0000,
  0x0000, 0x0000, 0x0000, 0x0000, 0x0000, 0x0000, 0x0000, 0x0000, 0x0820, 0x4A48, 0x6B2B, 0x6B2B,
  0x6B2B, 0x6B2B, 0x630B, 0x630B, 0x630B, 0x630B, 0x630B, 0x630B, 0x630B, 0x630B, 0x632B, 0x2124,
  0x0000, 0x0000, 0x0000, 0x0000, 0x0000, 0x0000, 0x0000, 0x0000, 0x0000, 0x0000, 0x0000, 0x0000,
  0x0000, 0x0000, 0x0000, 0x0000, 0x0000, 0x0000, 0x0000, 0x0000, 0x0000, 0x0000, 0x0000, 0x0000,
  0x0000, 0x0000, 0x0000, 0x0000, 0x0000, 0x0000, 0x0000, 0x0000, 0x0000, 0x0000, 0x0000, 0x0000,
  0x39A5, 0xAD10, 0xCDB2, 0xB50F, 0xB50F, 0xB50F, 0xB50F, 0xB50F, 0xB4EE, 0xB4EE, 0xB50E, 0xB50E,
  0xB4EE, 0xB50E, 0xB4EE, 0xACEF, 0xA4CF, 0x2944, 0x0000, 0x0000, 0x0000, 0x0000, 0x0000, 0x0000,
  0x0000, 0x0000, 0x0000, 0x0000, 0x0000, 0x0000, 0x0000, 0x1081, 0xA4D0, 0xCE14, 0xCE14, 0xCDF4,
  0xCDF4, 0xCE14, 0xCE15, 0xCE15, 0xCE15, 0xCE15, 0xCE15, 0xCDF5, 0xC5D5, 0xEF1A, 0x2124, 0x0000,
  0x0000, 0x0000, 0x0000, 0x0000, 0x0000, 0x0000, 0x0000, 0x0000, 0x0000, 0x0000, 0x0000, 0x0000,
  0x0000, 0x0000, 0x0000, 0x0000, 0x0000, 0x0000, 0x0000, 0x0000, 0x0000, 0x0000, 0x0000, 0x0000,
  0x0000, 0x0000, 0x0000, 0x0000, 0x0000, 0x0000, 0x0000, 0x0000, 0x0000, 0x0000, 0x18C2, 0x83CC,
  0xCDD2, 0xB52F, 0xB4EE, 0xB4EE, 0xB4EE, 0xB4EE, 0xB4EE, 0xB4EE, 0xB4EE, 0xB4EE, 0xB4EE, 0xB4EE,
  0xB4EE, 0xB50F, 0xB510, 0x62E9, 0x0020, 0x0000, 0x0000, 0x0000, 0x0000, 0x0000, 0x0000, 0x0000,
  0x0000, 0x0000, 0x0000, 0x0000, 0x0000, 0x0000, 0x1061, 0x944E, 0xB510, 0xB50F, 0xACEF, 0xB510,
  0xB530, 0xB510, 0xB530, 0xB531, 0xB531, 0xBD51, 0xB531, 0xACD0, 0xEEF9, 0x0840, 0x0000, 0x0000,
  0x0000, 0x0000, 0x0000, 0x0000, 0x0000, 0x0000, 0x0000, 0x0000, 0x0000, 0x0000, 0x0000, 0x0000,
  0x0000, 0x0000, 0x0000, 0x0000, 0x0000, 0x0000, 0x0000, 0x0000, 0x0000, 0x0000, 0x0000, 0x0000,
  0x0000, 0x0000, 0x0000, 0x0000, 0x0000, 0x0000, 0x0000, 0x0000, 0x1061, 0x62E9, 0xC592, 0xB530,
  0xACEE, 0xB4EE, 0xACCE, 0xACCD, 0xACCD, 0xACCD, 0xB4CE, 0xB4CE, 0xB4CE, 0xB4EE, 0xB4EE, 0xB4EF,
  0xB510, 0x7BAB, 0x1081, 0x0000, 0x0000, 0x0000, 0x0000, 0x0000, 0x0000, 0x0000, 0x0000, 0x0000,
  0x0000, 0x0000, 0x0000, 0x0000, 0x0000, 0x0020, 0x8C0D, 0xACEF, 0xB4EE, 0xB50E, 0xB50F, 0xB50F,
  0xB50F, 0xB50F, 0xB50F, 0xB50F, 0xB530, 0xB530, 0x9C8E, 0xDE77, 0x0840, 0x0000, 0x0000, 0x0000,
  0x0000, 0x0000, 0x0000, 0x0000, 0x0000, 0x0000, 0x0000, 0x0000, 0x0000, 0x0000, 0x0000, 0x0000,
  0x0000, 0x0000, 0x0000, 0x0000, 0x0000, 0x0000, 0x0000, 0x0000, 0x0000, 0x0000, 0x0000, 0x0000,
  0x0000, 0x0000, 0x0000, 0x0000, 0x0000, 0x0000, 0x0000, 0x41E6, 0xACF0, 0xBD71, 0xACCE, 0xACCE,
  0xACEE, 0xACCD, 0xACCD, 0xACCD, 0xACCD, 0xACCD, 0xACCD, 0xACCD, 0xACAD, 0xACAD, 0xACEF, 0xA4AF,
  0x20E2, 0x0000, 0x0000, 0x0000, 0x0000, 0x0000, 0x0000, 0x0000, 0x0000, 0x0000, 0x0000, 0x0000,
  0x0000, 0x0000, 0x0000, 0x0000, 0x0020, 0x9C6E, 0xB4EF, 0xB4EE, 0xB50E, 0xB4EE, 0xB4EE, 0xB4EE,
  0xB4EE, 0xB4EE, 0xB4EE, 0xB50F, 0xB50F, 0x9C8E, 0xB572, 0x0820, 0x0000, 0x0000, 0x0000, 0x0000,
  0x0000, 0x0000, 0x0000, 0x0000, 0x0000, 0x0000, 0x0000, 0x0000, 0x0000, 0x0000, 0x0000, 0x0000,
  0x0000, 0x0000, 0x0000, 0x0000, 0x0000, 0x0000, 0x0000, 0x0000, 0x0000, 0x0000, 0x0000, 0x0000,
  0x0000, 0x0000, 0x0000, 0x0000, 0x0000, 0x18C2, 0x8C0D, 0xC592, 0xACCE, 0xACAD, 0xACCD, 0xACCD,
  0xACCD, 0xACCD, 0xACAD, 0xACAD, 0xACCD, 0xACAD, 0xACAD, 0xA4AD, 0xA48D, 0xACEF, 0x4A27, 0x0000,
  0x0000, 0x0000, 0x0000, 0x0000, 0x0000, 0x0000, 0x0000, 0x0000, 0x0000, 0x0000, 0x0000, 0x0000,
  0x0000, 0x0000, 0x0000, 0x0840, 0xA4AF, 0xB50F, 0xB4EE, 0xB4EE, 0xB4EE, 0xB4CE, 0xB4CE, 0xACCE,
  0xACCE, 0xACEE, 0xB4EE, 0xB4EF, 0x9C6E, 0x8C2E, 0x0020, 0x0000, 0x0000, 0x0000, 0x0000, 0x0000,
  0x0000, 0x0000, 0x0000, 0x0000, 0x0000, 0x0000, 0x0000, 0x0000, 0x0000, 0x0000, 0x0000, 0x0000,
  0x0000, 0x0000, 0x0000, 0x0000, 0x0000, 0x0000, 0x0000, 0x0000, 0x0000, 0x0000, 0x0000, 0x0000,
  0x0000, 0x0000, 0x0000, 0x1081, 0x6B0A, 0xC592, 0xB4EF, 0xA48D, 0xA48D, 0xACAD, 0xACAD, 0xACAD,
  0xACAD, 0xA4AD, 0xACAD, 0xACAD, 0xACAD, 0xA48D, 0xA46D, 0xA4CF, 0x6B2A, 0x0861, 0x0000, 0x0000,
  0x0000, 0x0000, 0x0000, 0x0000, 0x0000, 0x0000, 0x0000, 0x0000, 0x0000, 0x0000, 0x0000, 0x0000,
  0x0000, 0x0000, 0x18C2, 0xACF0, 0xB4EF, 0xACCD, 0xB4CE, 0xACAD, 0xACCD, 0xACCD, 0xACCD, 0xACAD,
  0xACCE, 0xACCE, 0xACEE, 0xA4CF, 0x62E9, 0x0020, 0x0000, 0x0000, 0x0000, 0x0000, 0x0000, 0x0000,
  0x0000, 0x0000, 0x0000, 0x0000, 0x0000, 0x0000, 0x0000, 0x0000, 0x0000, 0x0000, 0x0000, 0x0000,
  0x0000, 0x0000, 0x0000, 0x0000, 0x0000, 0x0000, 0x0000, 0x0000, 0x0000, 0x0000, 0x0000, 0x0000,
  0x0000, 0x0020, 0x4A27, 0xBD51, 0xBD30, 0xA48D, 0xA48D, 0xA48D, 0xA48C, 0xA46C, 0xA48D, 0xAC8D,
  0xA46C, 0xA48C, 0xACAD, 0xA48D, 0xA46D, 0xA48E, 0x8BED, 0x18A2, 0x0000, 0x0000, 0x0000, 0x0000,
  0x0000, 0x0000, 0x0000, 0x0000, 0x0000, 0x0000, 0x0000, 0x0000, 0x0000, 0x0000, 0x0000, 0x0000,
  0x0000, 0x3164, 0xACEF, 0xACEE, 0xACAD, 0xACAD, 0xACAD, 0xACAD, 0xACAD, 0xACAD, 0xAC8D, 0xAC8D,
  0xA4AD, 0xA4AE, 0xB531, 0x4A26, 0x0000, 0x0000, 0x0000, 0x0000, 0x0000, 0x0000, 0x0000, 0x0000,
  0x0000, 0x0000, 0x0000, 0x0000, 0x0000, 0x0000, 0x0000, 0x0000, 0x0000, 0x0000, 0x0000, 0x0000,
  0x0000, 0x0000, 0x0000, 0x0000, 0x0000, 0x0000, 0x0000, 0x0000, 0x0000, 0x0000, 0x0000, 0x0000,
  0x2103, 0x9C6E, 0xBD71, 0xA48D, 0xA46C, 0xA48D, 0xA46C, 0xA46C, 0xA46C, 0xA46C, 0xA48D, 0xA48C,
  0xA46C, 0xA46C, 0xA46C, 0x9C6D, 0xA48F, 0x2923, 0x0000, 0x0000, 0x0000, 0x0000, 0x0000, 0x0000,
  0x0000, 0x0000, 0x0000, 0x0000, 0x0000, 0x0000, 0x0000, 0x0000, 0x0000, 0x0000, 0x0000, 0x0000,
  0x4A27, 0xACCF, 0xACCE, 0xA48D, 0xAC8D, 0xACAD, 0xACAD, 0xA48C, 0xA48C, 0xA46C, 0xA46C, 0xA48D,
  0xA48D, 0xCDF3, 0x2944, 0x0000, 0x0000, 0x0000, 0x0000, 0x0000, 0x0000, 0x0000, 0x0000, 0x0000,
  0x0000, 0x0000, 0x0000, 0x0000, 0x0000, 0x0000, 0x0000, 0x0000, 0x0000, 0x0000, 0x0000, 0x0000,
  0x0000, 0x0000, 0x0000, 0x0000, 0x0000, 0x0000, 0x0000, 0x0000, 0x0000, 0x0000, 0x1081, 0x736B,
  0xC592, 0xA48D, 0x9C4C, 0x9C4C, 0xA44C, 0xA44C, 0xA46C, 0xA46C, 0xA46C, 0xA46C, 0xA48C, 0xA44C,
  0x9C6C, 0x9C4C, 0xA48E, 0x5AA8, 0x0000, 0x0000, 0x0000, 0x0000, 0x0000, 0x0000, 0x0000, 0x0000,
  0x0000, 0x0000, 0x0000, 0x0000, 0x0000, 0x0000, 0x0000, 0x0000, 0x0000, 0x0000, 0x0000, 0x6B2A,
  0xACCF, 0xA48D, 0xA48D, 0xA48D, 0xA48D, 0xA48C, 0xA48C, 0xA46C, 0xA46C, 0x9C4C, 0x9C6C, 0x9C6D,
  0xD655, 0x1081, 0x0000, 0x0000, 0x0000, 0x0000, 0x0000, 0x0000, 0x0000, 0x0000, 0x0000, 0x0000,
  0x0000, 0x0000, 0x0000, 0x0000, 0x0000, 0x0000, 0x0000, 0x0000, 0x0000, 0x0000, 0x0000, 0x0000,
  0x0000, 0x0000, 0x0000, 0x0000, 0x0000, 0x0000, 0x0000, 0x0000, 0x0020, 0x5A88, 0xB551, 0xA48E,
  0x940C, 0x9C0B, 0x9C2C, 0x9C4C, 0x9C4C, 0xA44C, 0xA46C, 0xA46C, 0xA46C, 0xA46C, 0x9C6C, 0x9C6D,
  0x9C6D, 0x83AC, 0x1081, 0x0000, 0x0000, 0x0000, 0x0000, 0x0000, 0x0000, 0x0000, 0x0000, 0x0000,
  0x0000, 0x0000, 0x0000, 0x0000, 0x0000, 0x0000, 0x0000, 0x0000, 0x0000, 0x0000, 0x7BAC, 0xA4AE,
  0xA48D, 0xA48D, 0xA48D, 0xA48D, 0xA48C, 0xA48C, 0x9C4B, 0xA46C, 0xA44C, 0x9C6C, 0x942C, 0xE6B6,
  0x0840, 0x0000, 0x0000, 0x0000, 0x0000, 0x0000, 0x0000, 0x0000, 0x0000, 0x0000, 0x0000, 0x0000,
  0x0000, 0x0000, 0x0000, 0x0000, 0x0000, 0x0000, 0x0000, 0x0000, 0x0000, 0x0000, 0x0000, 0x0000,
  0x0000, 0x0000, 0x0000, 0x0000, 0x0000, 0x0000, 0x0000, 0x3144, 0xACF0, 0xB50F, 0x940B, 0x940B,
  0x9C0B, 0x9C2B, 0x9C2B, 0x9C2B, 0x9C2B, 0x9C4C, 0x9C4C, 0xA48C, 0xA46C, 0xA46D, 0xA48D, 0xA4AF,
  0x2103, 0x0000, 0x0000, 0x0000, 0x0000, 0x0000, 0x0000, 0x0000, 0x0000, 0x0000, 0x0000, 0x0000,
  0x0000, 0x0000, 0x0000, 0x0000, 0x0000, 0x0000, 0x0000, 0x0000, 0x0000, 0x83CC, 0x9C6D, 0xA46C,
  0xA46C, 0xA48C, 0xAC8D, 0xA46C, 0xA46C, 0xA46C, 0xA46C, 0xA46C, 0x9C6C, 0x8BEB, 0xDE75, 0x0840,
  0x0000, 0x0000, 0x0000, 0x0000, 0x0000, 0x0000, 0x0000, 0x0000, 0x0000, 0x0000, 0x0000, 0x0000,
  0x0000, 0x0000, 0x0000, 0x0000, 0x0000, 0x0000, 0x0000, 0x0000, 0x0000, 0x0000, 0x0000, 0x0000,
  0x0000, 0x0000, 0x0000, 0x0000, 0x0000, 0x18A2, 0x8BED, 0xBD51, 0x942C, 0x93EB, 0x940B, 0x9C0B,
  0x9C0B, 0x9C2B, 0x9C2B, 0x9C2C, 0x9C2B, 0x9C4C, 0xA46C, 0xA46C, 0x9C6D, 0xA4CF, 0x5288, 0x0000,
  0x0000, 0x0000, 0x0000, 0x0000, 0x0000, 0x0000, 0x0000, 0x0000, 0x0000, 0x0000, 0x0000, 0x0000,
  0x0000, 0x0000, 0x0000, 0x0000, 0x0000, 0x0000, 0x0000, 0x0020, 0x8BEC, 0x9C4D, 0x9C4C, 0xA46C,
  0xA46C, 0xA46C, 0xA46C, 0xA46C, 0xA46C, 0xA46C, 0xA46C, 0x9C4C, 0x8BEB, 0xB552, 0x0820, 0x0000,
  0x0000, 0x0000, 0x0000, 0x0000, 0x0000, 0x0000, 0x0000, 0x0000, 0x0000, 0x0000, 0x0000, 0x0000,
  0x0000, 0x0000, 0x0000, 0x0000, 0x0000, 0x0000, 0x0000, 0x0000, 0x0000, 0x0000, 0x0000, 0x0000,
  0x0000, 0x0000, 0x0000, 0x0841, 0x6AE9, 0xBD51, 0x9C4D, 0x8BCA, 0x93EA, 0x9C0B, 0x9C0B, 0x9C0B,
  0x9C0B, 0x9C2B, 0x9C2B, 0x9C2C, 0x9C2B, 0x9C4C, 0x9C4C, 0xA48E, 0x7BAB, 0x1061, 0x0000, 0x0000,
  0x0000, 0x0000, 0x0000, 0x0000, 0x0000, 0x0000, 0x0000, 0x0000, 0x0000, 0x0000, 0x0000, 0x0000,
  0x0000, 0x0000, 0x0000, 0x0000, 0x0000, 0x0000, 0x18A2, 0x8C0D, 0x9C4C, 0x9C2B, 0x9C4C, 0x9C4C,
  0x9C4C, 0x9C4C, 0xA44C, 0x9C4C, 0xA46C, 0xA46C, 0x9C6D, 0x942C, 0x8C0D, 0x0020, 0x0000, 0x0000,
  0x0000, 0x0000, 0x0000, 0x0000, 0x0000, 0x0000, 0x0000, 0x0000, 0x0000, 0x0000, 0x0000, 0x0000,
  0x0000, 0x0000, 0x0000, 0x0000, 0x0000, 0x0000, 0x0000, 0x0000, 0x0000, 0x0000, 0x0000, 0x0000,
  0x0000, 0x0000, 0x39C5, 0xB511, 0xA48E, 0x93CB, 0x93CA, 0x93EA, 0x93EA, 0x940B, 0x940B, 0x9C0B,
  0x9C2B, 0x9C2B, 0x9C2C, 0x9C2C, 0x9C2C, 0x9C4D, 0x9C6E, 0x2103, 0x0000, 0x0000, 0x0000, 0x0000,
  0x0000, 0x0000, 0x0000, 0x0000, 0x0000, 0x0000, 0x0000, 0x0000, 0x0000, 0x0000, 0x0000, 0x0000,
  0x0000, 0x0000, 0x0000, 0x0000, 0x0000, 0x3985, 0x942D, 0x942C, 0x942B, 0x9C2B, 0x9C2B, 0x9C2B,
  0x9C4C, 0x9C4C, 0x9C2B, 0xA46C, 0x9C4C, 0xA46D, 0xA4CF, 0x62E9, 0x0020, 0x0000, 0x0000, 0x0000,
  0x0000, 0x0000, 0x0000, 0x0000, 0x0000, 0x0000, 0x0000, 0x0000, 0x0000, 0x0000, 0x0000, 0x0000,
  0x0000, 0x0000, 0x0000, 0x0000, 0x0000, 0x0000, 0x0000, 0x0000, 0x0000, 0x0000, 0x0000, 0x0000,
  0x20E2, 0x944E, 0xACEF, 0x8BEB, 0x93CA, 0x8BCA, 0x93EA, 0x93EA, 0x93EB, 0x940B, 0x940B, 0x940B,
  0x9C2B, 0x9C2B, 0x9C2B, 0x9C2C, 0x9C6E, 0x4206, 0x0000, 0x0000, 0x0000, 0x0000, 0x0000, 0x0000,
  0x0000, 0x0000, 0x0000, 0x0000, 0x0000, 0x0000, 0x0000, 0x0000, 0x0000, 0x0000, 0x0000, 0x0000,
  0x0000, 0x0000, 0x0000, 0x0000, 0x5288, 0x942D, 0x942C, 0x9C2B, 0x9C2B, 0x9C2B, 0x9C4B, 0x9C4B,
  0x9C4B, 0x9C2B, 0x9C2C, 0x9C4C, 0x9C4D, 0xC591, 0x4206, 0x0000, 0x0000, 0x0000, 0x0000, 0x0000,
  0x0000, 0x0000, 0x0000, 0x0000, 0x0000, 0x0000, 0x0000, 0x0000, 0x0000, 0x0000, 0x0000, 0x0000,
  0x0000, 0x0000, 0x0000, 0x0000, 0x0000, 0x0000, 0x0000, 0x0000, 0x0000, 0x0000, 0x18A1, 0x7B8B,
  0xBD51, 0x940C, 0x8BCA, 0x93CA, 0x93CA, 0x93CA, 0x93EA, 0x93EB, 0x93EA, 0x93EA, 0x93EA, 0x940A,
  0x93EB, 0x940B, 0x9C6D, 0x6B0A, 0x0840, 0x0000, 0x0000, 0x0000, 0x0000, 0x0000, 0x0000, 0x0000,
  0x0000, 0x0000, 0x0000, 0x0000, 0x0000, 0x0000, 0x0000, 0x0000, 0x0000, 0x0000, 0x0000, 0x0000,
  0x0000, 0x0000, 0x0000, 0x736B, 0x944D, 0x940C, 0x9C2B, 0x9C4B, 0x9C2B, 0x9C2B, 0x9C2B, 0x940B,
  0x9C2B, 0x9C2B, 0x9C2C, 0x942C, 0xD634, 0x2964, 0x0000, 0x0000, 0x0000, 0x0000, 0x0000, 0x0000,
  0x0000, 0x0000, 0x0000, 0x0000, 0x0000, 0x0000, 0x0000, 0x0000, 0x0000, 0x0000, 0x0000, 0x0000,
  0x0000, 0x0000, 0x0000, 0x0000, 0x0000, 0x0000, 0x0000, 0x0000, 0x0840, 0x5AA8, 0xBD51, 0x9C4D,
  0x8BCA, 0x8BCA, 0x8BCA, 0x8BCA, 0x8BCA, 0x93EA, 0x93EA, 0x93EA, 0x93EA, 0x93EA, 0x93EA, 0x8BCA,
  0x942C, 0x8BEC, 0x18A2, 0x0000, 0x0000, 0x0000, 0x0000, 0x0000, 0x0000, 0x0000, 0x0000, 0x0000,
  0x0000, 0x0000, 0x0000, 0x0000, 0x0000, 0x0000, 0x0000, 0x0000, 0x0000, 0x0000, 0x0000, 0x0000,
  0x0000, 0x0000, 0x8BED, 0x942D, 0x940B, 0x9C2B, 0x9C0B, 0x9C0B, 0x940B, 0x940B, 0x93EA, 0x940B,
  0x9C2B, 0x940B, 0x8BEB, 0xE6B6, 0x18C2, 0x0000, 0x0000, 0x0000, 0x0000, 0x0000, 0x0000, 0x0000,
  0x0000, 0x0000, 0x0000, 0x0000, 0x0000, 0x0000, 0x0000, 0x0000, 0x0000, 0x0000, 0x0000, 0x0000,
  0x0000, 0x0000, 0x0000, 0x0000, 0x0000, 0x0000, 0x0000, 0x39A5, 0xACF0, 0xA4AE, 0x8BCA, 0x8BAA,
  0x8BAA, 0x8BCA, 0x8BAA, 0x8BCA, 0x8BCA, 0x8BCA, 0x93EA, 0x93EA, 0x93EA, 0x8BCA, 0x8BCA, 0x942D,
  0x2923, 0x0000, 0x0000, 0x0000, 0x0000, 0x0000, 0x0000, 0x0000, 0x0000, 0x0000, 0x0000, 0x0000,
  0x0000, 0x0000, 0x0000, 0x0000, 0x0000, 0x0000, 0x0000, 0x0000, 0x0000, 0x0000, 0x0000, 0x0000,
  0x0000, 0x8C2E, 0x942D, 0x8BEB, 0x940B, 0x940B, 0x93EA, 0x93EA, 0x93EA, 0x93EA, 0x940B, 0x940B,
  0x940B, 0x8BCB, 0xE6B7, 0x0861, 0x0000, 0x0000, 0x0000, 0x0000, 0x0000, 0x0000, 0x0000, 0x0000,
  0x0000, 0x0000, 0x0000, 0x0000, 0x0000, 0x0000, 0x0000, 0x0000, 0x0000, 0x0000, 0x0000, 0x0000,
  0x0000, 0x0000, 0x0000, 0x0000, 0x0000, 0x20E2, 0x944E, 0xACEF, 0x8BCA, 0x8B8A, 0x8389, 0x8BA9,
  0x8BA9, 0x8BA9, 0x8BAA, 0x8BCA, 0x8BC9, 0x8BCA, 0x8BCA, 0x8BCA, 0x8BCA, 0x8BEB, 0x5A87, 0x0000,
  0x0000, 0x0000, 0x0000, 0x0000, 0x0000, 0x0000, 0x0000, 0x0000, 0x0000, 0x0000, 0x0000, 0x0000,
  0x0000, 0x0000, 0x0000, 0x0000, 0x0000, 0x0000, 0x0000, 0x0000, 0x0000, 0x0000, 0x0000, 0x0861,
  0x944E, 0x940C, 0x93EB, 0x93EB, 0x93EA, 0x93EA, 0x93CA, 0x8BCA, 0x8BCA, 0x93CA, 0x8BCA, 0x8BCA,
  0x838A, 0xCDF4, 0x0840, 0x0000, 0x0000, 0x0000, 0x0000, 0x0000, 0x0000, 0x0000, 0x0000, 0x0000,
  0x0000, 0x0000, 0x0000, 0x0000, 0x0000, 0x0000, 0x0000, 0x0000, 0x0000, 0x0000, 0x0000, 0x0000,
  0x0000, 0x0000, 0x0000, 0x1081, 0x7BAC, 0xBD71, 0x8BCB, 0x8389, 0x8389, 0x8BA9, 0x8BA9, 0x8BA9,
  0x8BA9, 0x8BA9, 0x8BAA, 0x8BC9, 0x8BAA, 0x8BCA, 0x8BCA, 0x8BEB, 0x732A, 0x1081, 0x0000, 0x0000,
  0x0000, 0x0000, 0x0000, 0x0000, 0x0000, 0x0000, 0x0000, 0x0000, 0x0000, 0x0000, 0x0000, 0x0000,
  0x0000, 0x0000, 0x0000, 0x0000, 0x0000, 0x0000, 0x0000, 0x0000, 0x0000, 0x0000, 0x2943, 0x9C6E,
  0x93EC, 0x8BEA, 0x8BCA, 0x8BCA, 0x8BCA, 0x8BCA, 0x8BCA, 0x8BCA, 0x8BCA, 0x8BCA, 0x8BCA, 0x7B6A,
  0x9C8F, 0x0820, 0x0000, 0x0000, 0x0000, 0x0000, 0x0000, 0x0000, 0x0000, 0x0000, 0x0000, 0x0000,
  0x0000, 0x0000, 0x0000, 0x0000, 0x0000, 0x0000, 0x0000, 0x0000, 0x0000, 0x0000, 0x0000, 0x0000,
  0x0000, 0x0000, 0x5247, 0xBD92, 0x9C4D, 0x838A, 0x8369, 0x8B89, 0x8BA9, 0x8BA9, 0x8BA9, 0x8BA9,
  0x8BA9, 0x8BAA, 0x8BA9, 0x8BA9, 0x838A, 0x8BAA, 0x83CB, 0x20E2, 0x0000, 0x0000, 0x0000, 0x0000,
  0x0000, 0x0000, 0x0000, 0x0000, 0x0000, 0x0000, 0x0000, 0x0000, 0x0000, 0x0000, 0x0000, 0x0000,
  0x0000, 0x0000, 0x0000, 0x0000, 0x0000, 0x0000, 0x0000, 0x0000, 0x0000, 0x4A27, 0x942D, 0x8BCB,
  0x8BAA, 0x8BCA, 0x8BCA, 0x8BCA, 0x8BAA, 0x8BAA, 0x8BAA, 0x8BAA, 0x8BAA, 0x8BAA, 0x8BEB, 0x734B,
  0x0020, 0x0000, 0x0000, 0x0000, 0x0000, 0x0000, 0x0000, 0x0000, 0x0000, 0x0000, 0x0000, 0x0000,
  0x0000, 0x0000, 0x0000, 0x0000, 0x0000, 0x0000, 0x0000, 0x0000, 0x0000, 0x0000, 0x0000, 0x0000,
  0x2103, 0xACF0, 0xACCF, 0x7B69, 0x7B49, 0x8369, 0x8369, 0x8389, 0x8B89, 0x8BA9, 0x8BA9, 0x8BA9,
  0x8BAA, 0x8BA9, 0x8389, 0x838A, 0x8BEB, 0x41C5, 0x0000, 0x0000, 0x0000, 0x0000, 0x0000, 0x0000,
  0x0000, 0x0000, 0x0000, 0x0000, 0x0000, 0x0000, 0x0000, 0x0000, 0x0000, 0x0000, 0x0000, 0x0000,
  0x0000, 0x0000, 0x0000, 0x0000, 0x0000, 0x0000, 0x0000, 0x0000, 0x6B2A, 0x8BEC, 0x838A, 0x8389,
  0x8BA9, 0x8BA9, 0x8BA9, 0x8B89, 0x8B89, 0x8BAA, 0x8389, 0x8B8A, 0x838A, 0xA48E, 0x5267, 0x0000,
  0x0000, 0x0000, 0x0000, 0x0000, 0x0000, 0x0000, 0x0000, 0x0000, 0x0000, 0x0000, 0x0000, 0x0000,
  0x0000, 0x0000, 0x0000, 0x0000, 0x0000, 0x0000, 0x0000, 0x0000, 0x0000, 0x0000, 0x18A2, 0x8C0D,
  0xBD71, 0x83AA, 0x7B28, 0x7B48, 0x8348, 0x8348, 0x8369, 0x8B89, 0x8389, 0x8389, 0x8BA9, 0x8BA9,
  0x8BA9, 0x8389, 0x8BCB, 0x62C8, 0x0840, 0x0000, 0x0000, 0x0000, 0x0000, 0x0000, 0x0000, 0x0000,
  0x0000, 0x0000, 0x0000, 0x0000, 0x0000, 0x0000, 0x0000, 0x0000, 0x0000, 0x0000, 0x0000, 0x0000,
  0x0000, 0x0000, 0x0000, 0x0000, 0x0000, 0x0000, 0x0000, 0x8C0D, 0x8BCB, 0x7B89, 0x8389, 0x8389,
  0x8369, 0x8369, 0x8389, 0x8389, 0x8389, 0x8389, 0x8369, 0x836A, 0xBD51, 0x41E6, 0x0000, 0x0000,
  0x0000, 0x0000, 0x0000, 0x0000, 0x0000, 0x0000, 0x0000, 0x0000, 0x0000, 0x0000, 0x0000, 0x0000,
  0x0000, 0x0000, 0x0000, 0x0000, 0x0000, 0x0000, 0x0000, 0x0000, 0x0840, 0x62E9, 0xC592, 0x93EC,
  0x7B29, 0x7B28, 0x7B48, 0x8348, 0x7B48, 0x8368, 0x8369, 0x8369, 0x8369, 0x8389, 0x8389, 0x8389,
  0x83AA, 0x734A, 0x18A1, 0x0000, 0x0000, 0x0000, 0x0000, 0x0000, 0x0000, 0x0000, 0x0000, 0x0000,
  0x0000, 0x0000, 0x0000, 0x0000, 0x0000, 0x0000, 0x0000, 0x0000, 0x0000, 0x0000, 0x0000, 0x0000,
  0x0000, 0x0000, 0x0000, 0x0000, 0x0000, 0x0000, 0x9C6F, 0x8BCB, 0x7B69, 0x7B69, 0x8389, 0x8368,
  0x8348, 0x8369, 0x8368, 0x7B68, 0x7B49, 0x7B49, 0x7B49, 0xD613, 0x3984, 0x0000, 0x0000, 0x0000,
  0x0000, 0x0000, 0x0000, 0x0000, 0x0000, 0x0000, 0x0000, 0x0000, 0x0000, 0x0000, 0x0000, 0x0000,
  0x0000, 0x0000, 0x0000, 0x0000, 0x0000, 0x0000, 0x0000, 0x39A5, 0xACF0, 0x9C4D, 0x7328, 0x7308,
  0x7B28, 0x7B28, 0x7B48, 0x7B48, 0x7B48, 0x7B68, 0x8369, 0x8369, 0x8369, 0x7B69, 0x7B69, 0x838A,
  0x2103, 0x0000, 0x0000, 0x0000, 0x0000, 0x0000, 0x0000, 0x0000, 0x0000, 0x0000, 0x0000, 0x0000,
  0x0000, 0x0000, 0x0000, 0x0000, 0x0000, 0x0000, 0x0000, 0x0000, 0x0000, 0x0000, 0x0000, 0x0000,
  0x0000, 0x0000, 0x0000, 0x0000, 0x0840, 0x944E, 0x83AA, 0x7B49, 0x7B49, 0x8348, 0x8348, 0x8368,
  0x7B48, 0x7B48, 0x7B48, 0x7B48, 0x7B48, 0x7329, 0xDE55, 0x2103, 0x0000, 0x0000, 0x0000, 0x0000,
  0x0000, 0x0000, 0x0000, 0x0000, 0x0000, 0x0000, 0x0000, 0x0000, 0x0000, 0x0000, 0x0000, 0x0000,
  0x0000, 0x0000, 0x0000, 0x0000, 0x0000, 0x18C2, 0x8C0D, 0x9C6D, 0x7328, 0x7308, 0x7308, 0x7B28,
  0x7B28, 0x7328, 0x7B48, 0x7B48, 0x7B48, 0x7B48, 0x7B68, 0x8369, 0x7B49, 0x838A, 0x5246, 0x0000,
  0x0000, 0x0000, 0x0000, 0x0000, 0x0000, 0x0000, 0x0000, 0x0000, 0x0000, 0x0000, 0x0000, 0x0000,
  0x0000, 0x0000, 0x0000, 0x0000, 0x0000, 0x0000, 0x0000, 0x0000, 0x0000, 0x0000, 0x0000, 0x0000,
  0x0000, 0x0000, 0x0000, 0x2923, 0x942D, 0x7B6A, 0x7B28, 0x7B28, 0x7B28, 0x8348, 0x8348, 0x8348,
  0x7B48, 0x7B48, 0x7B48, 0x7B48, 0x7308, 0xCDF4, 0x1081, 0x0000, 0x0000, 0x0000, 0x0000, 0x0000,
  0x0000, 0x0000, 0x0000, 0x0000, 0x0000, 0x0000, 0x0000, 0x0000, 0x0000, 0x0000, 0x0000, 0x0000,
  0x0000, 0x0000, 0x0000, 0x1061, 0x6B2A, 0xACCF, 0x7329, 0x72E8, 0x7308, 0x7308, 0x7307, 0x7307,
  0x7B28, 0x7B28, 0x7B28, 0x7B28, 0x7B48, 0x7B48, 0x7B49, 0x7B89, 0x6B29, 0x1081, 0x0000, 0x0000,
  0x0000, 0x0000, 0x0000, 0x0000, 0x0000, 0x0000, 0x0000, 0x0000, 0x0000, 0x0000, 0x0000, 0x0000,
  0x0000, 0x0000, 0x0000, 0x0000, 0x0000, 0x0000, 0x0000, 0x0000, 0x0000, 0x0000, 0x0000, 0x0000,
  0x0000, 0x0000, 0x5267, 0x8BEC, 0x7B49, 0x7328, 0x7B28, 0x7B28, 0x7B28, 0x7B48, 0x8349, 0x8348,
  0x7B48, 0x7B48, 0x7B48, 0x7308, 0xACCF, 0x0840, 0x0000, 0x0000, 0x0000, 0x0000, 0x0000, 0x0000,
  0x0000, 0x0000, 0x0000, 0x0000, 0x0000, 0x0000, 0x0000, 0x0000, 0x0000, 0x0000, 0x0000, 0x0000,
  0x0000, 0x0000, 0x4A26, 0xACCF, 0x8BAB, 0x7308, 0x72E8, 0x72E7, 0x72E7, 0x72E7, 0x7307, 0x7307,
  0x7B28, 0x7328, 0x7B28, 0x7B48, 0x7B48, 0x7B49, 0x83AB, 0x3163, 0x0000, 0x0000, 0x0000, 0x0000,
  0x0000, 0x0000, 0x0000, 0x0000, 0x0000, 0x0000, 0x0000, 0x0000, 0x0000, 0x0000, 0x0000, 0x0000,
  0x0000, 0x0000, 0x0000, 0x0000, 0x0000, 0x0000, 0x0000, 0x0000, 0x0000, 0x0000, 0x0000, 0x0000,
  0x0820, 0x8BED, 0x8BCB, 0x7B29, 0x7308, 0x7B28, 0x7B28, 0x7B28, 0x7B28, 0x7B48, 0x7B48, 0x7B48,
  0x7B48, 0x7B28, 0x7B49, 0x83CC, 0x0020, 0x0000, 0x0000, 0x0000, 0x0000, 0x0000, 0x0000, 0x0000,
  0x0000, 0x0000, 0x0000, 0x0000, 0x0000, 0x0000, 0x0000, 0x0000, 0x0000, 0x0000, 0x0000, 0x0000,
  0x20E2, 0x9C4E, 0x9C4D, 0x7328, 0x7308, 0x7308, 0x7308, 0x7308, 0x72E7, 0x7307, 0x7307, 0x7308,
  0x7308, 0x7328, 0x7B28, 0x7328, 0x838A, 0x6AE8, 0x1081, 0x0000, 0x0000, 0x0000, 0x0000, 0x0000,
  0x0000, 0x0000, 0x0000, 0x0000, 0x0000, 0x0000, 0x0000, 0x0000, 0x0000, 0x0000, 0x0000, 0x0000,
  0x0000, 0x0000, 0x0000, 0x0000, 0x0000, 0x0000, 0x0000, 0x0000, 0x0000, 0x0000, 0x0000, 0x18C2,
  0xBD72, 0x8BAB, 0x7308, 0x7328, 0x7B28, 0x7B28, 0x7B28, 0x7B28, 0x7B28, 0x7B28, 0x7B28, 0x7307,
  0x7308, 0x8BCA, 0x734A, 0x0020, 0x0000, 0x0000, 0x0000, 0x0000, 0x0000, 0x0000, 0x0000, 0x0000,
  0x0000, 0x0000, 0x0000, 0x0000, 0x0000, 0x0000, 0x0000, 0x0000, 0x0000, 0x0000, 0x0861, 0x7B8B,
  0xA48E, 0x7B49, 0x7308, 0x7308, 0x72E7, 0x72E7, 0x7308, 0x7307, 0x7307, 0x7308, 0x7307, 0x7308,
  0x7308, 0x7307, 0x7328, 0x7B49, 0x39A4, 0x0840, 0x0000, 0x0000, 0x0000, 0x0000, 0x0000, 0x0000,
  0x0000, 0x0000, 0x0000, 0x0000, 0x0000, 0x0000, 0x0000, 0x0000, 0x0000, 0x0000, 0x0000, 0x0000,
  0x0000, 0x0000, 0x0000, 0x0000, 0x0000, 0x0000, 0x0000, 0x0000, 0x0000, 0x0000, 0x3164, 0xDE34,
  0x838A, 0x72E8, 0x7308, 0x7B08, 0x7B28, 0x7B28, 0x7B28, 0x7B28, 0x7B28, 0x7B28, 0x7307, 0x72E7,
  0x9C2C, 0x7329, 0x0020, 0x0000, 0x0000, 0x0000, 0x0000, 0x0000, 0x0000, 0x0000, 0x0000, 0x0000,
  0x0000, 0x0000, 0x0000, 0x0000, 0x0000, 0x0000, 0x0000, 0x0000, 0x0000, 0x4A06, 0xA4AF, 0x836A,
  0x72E8, 0x72E7, 0x72E7, 0x6AE7, 0x6AC7, 0x6AE7, 0x72E7, 0x72E7, 0x72E7, 0x72E7, 0x72E7, 0x72E7,
  0x72E7, 0x7328, 0x5246, 0x2902, 0x0000, 0x0000, 0x0000, 0x0000, 0x0000, 0x0000, 0x0000, 0x0000,
  0x0000, 0x0000, 0x0000, 0x0000, 0x0000, 0x0000, 0x0000, 0x0000, 0x0000, 0x0000, 0x0000, 0x0000,
  0x0000, 0x0000, 0x0000, 0x0000, 0x0000, 0x0000, 0x0000, 0x0000, 0x0000, 0x4A26, 0xD614, 0x7B49,
  0x6AC7, 0x6AC7, 0x6AC7, 0x72E7, 0x7308, 0x72E7, 0x7308, 0x7B28, 0x7308, 0x7307, 0x6AC7, 0xB4EF,
  0x7B8A, 0x0020, 0x0000, 0x0000, 0x0000, 0x0000, 0x0000, 0x0000, 0x0000, 0x0000, 0x0000, 0x0000,
  0x0000, 0x0000, 0x0000, 0x0000, 0x0000, 0x0000, 0x0000, 0x20E2, 0x942D, 0x8BCB, 0x7308, 0x6AE7,
  0x6AC7, 0x6AE7, 0x6AC7, 0x6AC7, 0x6AC7, 0x6AC7, 0x6AE7, 0x6AE7, 0x6AC7, 0x6AC7, 0x6AC7, 0x6AE7,
  0x62A7, 0x3984, 0x0840, 0x0000, 0x0000, 0x0000, 0x0000, 0x0000, 0x0000, 0x0000, 0x0000, 0x0000,
  0x0000, 0x0000, 0x0000, 0x0000, 0x0000, 0x0000, 0x0000, 0x0000, 0x0000, 0x0000, 0x0000, 0x0000,
  0x0000, 0x0000, 0x0000, 0x0000, 0x0000, 0x0000, 0x0000, 0x0000, 0x6AE9, 0xBD51, 0x7308, 0x62A7,
  0x6AA7, 0x62A6, 0x6AA7, 0x6AA7, 0x6AC7, 0x72C7, 0x72E7, 0x72E7, 0x6AE7, 0x6AC7, 0xCDD1, 0x83AB,
  0x0020, 0x0000, 0x0000, 0x0000, 0x0000, 0x0000, 0x0000, 0x0000, 0x0000, 0x0000, 0x0000, 0x0000,
  0x0000, 0x0000, 0x0000, 0x0000, 0x0000, 0x1061, 0x7B8B, 0x942D, 0x7308, 0x6AC7, 0x6AC7, 0x6AA7,
  0x6AC7, 0x6AC7, 0x6AC7, 0x6AA6, 0x6AA7, 0x6AC7, 0x6AC7, 0x6AC7, 0x6AC7, 0x6AC7, 0x6AE7, 0x5A46,
  0x18C1, 0x0000, 0x0000, 0x0000, 0x0000, 0x0000, 0x0000, 0x0000, 0x0000, 0x0000, 0x0000, 0x0000,
  0x0000, 0x0000, 0x0000, 0x0000, 0x0000, 0x0000, 0x0000, 0x0000, 0x0000, 0x0000, 0x0000, 0x0000,
  0x0000, 0x0000, 0x0000, 0x0000, 0x0000, 0x0000, 0x0860, 0x8C0D, 0x9C6D, 0x62A7, 0x6286, 0x6286,
  0x6286, 0x6286, 0x6286, 0x62A6, 0x6AA7, 0x6AA7, 0x6AA7, 0x6AC7, 0x62A6, 0xDE13, 0x7B8B, 0x0020,
  0x0000, 0x0000, 0x0000, 0x0000, 0x0000, 0x0000, 0x0000, 0x0000, 0x0000, 0x0000, 0x0000, 0x0000,
  0x0000, 0x0000, 0x0000, 0x0000, 0x5247, 0x9C6E, 0x7329, 0x6AC7, 0x6AC7, 0x6AC7, 0x6AA7, 0x6AA7,
  0x6AA7, 0x62A6, 0x62A6, 0x62A6, 0x6AA7, 0x6AA7, 0x6AC7, 0x6AC7, 0x6AE7, 0x7B49, 0x5A87, 0x1081,
  0x0820, 0x0020, 0x0020, 0x0020, 0x0020, 0x0020, 0x0020, 0x0020, 0x0020, 0x0020, 0x0020, 0x0020,
  0x0020, 0x0020, 0x0020, 0x0020, 0x0020, 0x0020, 0x0020, 0x0020, 0x0020, 0x0020, 0x0020, 0x0020,
  0x0020, 0x0020, 0x0020, 0x0020, 0x0820, 0x2923, 0xAD10, 0x838A, 0x6286, 0x5A66, 0x5A66, 0x5A66,
  0x6286, 0x6286, 0x6286, 0x6286, 0x62A6, 0x62A6, 0x6AA7, 0x6286, 0xD613, 0x7B8A, 0x1061, 0x0020,
  0x0020, 0x0020, 0x0020, 0x0020, 0x0020, 0x0000, 0x0000, 0x0000, 0x0000, 0x0000, 0x0000, 0x0000,
  0x0000, 0x0000, 0x2944, 0x942E, 0x7B6A, 0x6AC7, 0x6AA7, 0x6AC7, 0x6AA7, 0x62A6, 0x62A6, 0x62A6,
  0x6286, 0x6286, 0x6286, 0x6286, 0x62A6, 0x62A6, 0x62A6, 0x7B49, 0xACAE, 0x942D, 0x62E9, 0x5A88,
  0x5AA8, 0x5AA9, 0x5289, 0x5AA9, 0x5AA9, 0x5AA9, 0x5AC9, 0x5AC9, 0x5AC9, 0x5AC9, 0x5AC9, 0x5AC9,
  0x62CA, 0x5AC9, 0x62CA, 0x62EA, 0x5AC9, 0x5AC9, 0x5AC9, 0x5AC9, 0x5AC9, 0x5AC9, 0x5AC9, 0x5AC9,
  0x5AC9, 0x5AC9, 0x5AC9, 0x5AA8, 0x7B8B, 0xACCF, 0x6AE8, 0x5A66, 0x5A66, 0x5A66, 0x5A66, 0x6286,
  0x6286, 0x6266, 0x6286, 0x6286, 0x6286, 0x6286, 0x6287, 0xBD10, 0x9C4D, 0x62E9, 0x5AA9, 0x5AAA,
  0x5AA9, 0x5AA9, 0x5289, 0x5AA9, 0x18A2, 0x0000, 0x0000, 0x0000, 0x0000, 0x0000, 0x0000, 0x0000,
  0x20E2, 0x8BED, 0x8BAB, 0x62A7, 0x6AA7, 0x62A6, 0x62A6, 0x62A6, 0x62A6, 0x6286, 0x6286, 0x6286,
  0x6266, 0x6266, 0x6266, 0x6286, 0x6266, 0x6286, 0x7308, 0xB4EF, 0xB530, 0xBD71, 0xB551, 0xB551,
  0xB572, 0xB572, 0xBD72, 0xBD72, 0xBD72, 0xBD92, 0xC5B3, 0xC593, 0xBD92, 0xC593, 0xC593, 0xC5B3,
  0xC593, 0xC5B3, 0xC5B3, 0xC5B3, 0xC5B3, 0xC5B3, 0xC5B3, 0xC5B3, 0xC593, 0xC593, 0xC593, 0xC593,
  0xBD92, 0xBD72, 0xBD51, 0xACCF, 0x7B6A, 0x5A66, 0x5A46, 0x5A46, 0x5A46, 0x5A66, 0x5A66, 0x5A66,
  0x5A66, 0x6266, 0x6266, 0x6266, 0x6286, 0x6287, 0x7B6A, 0xA48E, 0xB551, 0xBD93, 0xBD93, 0xBD73,
  0xB552, 0xACF1, 0xC5D5, 0x18A2, 0x0000, 0x0000, 0x0000, 0x0000, 0x0000, 0x0000, 0x0840, 0x736B,
  0x942D, 0x6AC8, 0x62A7, 0x62A6, 0x62A6, 0x62A6, 0x62A6, 0x6286, 0x6286, 0x6286, 0x6286, 0x6266,
  0x5A66, 0x5A66, 0x5A66, 0x5A66, 0x5A66, 0x6286, 0x7328, 0x7B49, 0x7B6A, 0x7B49, 0x7B69, 0x7B6A,
  0x7B8A, 0x838A, 0x838A, 0x838A, 0x838A, 0x838A, 0x7B8A, 0x7B8A, 0x7B6A, 0x7B8A, 0x7B6A, 0x7B8A,
  0x7B8A, 0x838B, 0x838B, 0x83AB, 0x83AB, 0x83AB, 0x83AB, 0x838B, 0x838B, 0x7B8A, 0x7B6A, 0x7B6A,
  0x7B4A, 0x7349, 0x7329, 0x5A66, 0x5A46, 0x5A45, 0x5A45, 0x5A45, 0x5A66, 0x5A66, 0x5A66, 0x5A66,
  0x5A66, 0x5A66, 0x5A66, 0x5A66, 0x6286, 0x6286, 0x7B49, 0x838A, 0x83AB, 0x83AB, 0x838B, 0x7B8B,
  0x6B09, 0xA4D0, 0x0820, 0x0000, 0x0000, 0x0000, 0x0000, 0x0000, 0x0000, 0x0861, 0x734B, 0x7309,
  0x62A7, 0x6286, 0x6286, 0x62A6, 0x6286, 0x6286, 0x6266, 0x6266, 0x6286, 0x6286, 0x5A66, 0x5A66,
  0x5A66, 0x5A66, 0x5A66, 0x5A66, 0x5A66, 0x5A66, 0x5A66, 0x5A66, 0x5A66, 0x5A46, 0x5A66, 0x6286,
  0x6286, 0x6286, 0x6286, 0x6286, 0x6286, 0x5A66, 0x5A66, 0x5A66, 0x5A66, 0x5A66, 0x5A66, 0x5A66,
  0x5A86, 0x5A86, 0x5A86, 0x6287, 0x6287, 0x6286, 0x5A86, 0x5A86, 0x5A86, 0x5A66, 0x5A46, 0x5A46,
  0x5246, 0x5A46, 0x5A66, 0x5A45, 0x5A45, 0x5A45, 0x5A45, 0x5A45, 0x5A66, 0x5A66, 0x5A66, 0x5A66,
  0x5A66, 0x5A66, 0x5A66, 0x5A66, 0x5A66, 0x5A66, 0x6287, 0x62A7, 0x62A7, 0x62A7, 0x6287, 0x5226,
  0x7B8C, 0x0020, 0x0000, 0x0000, 0x0000, 0x0000, 0x0000, 0x0000, 0x0000, 0x2103, 0x5A67, 0x6287,
  0x5A66, 0x6266, 0x5A66, 0x5A66, 0x5A66, 0x5A66, 0x5A46, 0x5A46, 0x5A46, 0x5A46, 0x5A46, 0x5A46,
  0x5A45, 0x5A66, 0x5A66, 0x5A66, 0x5A66, 0x5A66, 0x5A66, 0x6266, 0x5A66, 0x5A66, 0x6266, 0x6266,
  0x6286, 0x6266, 0x5A66, 0x5A66, 0x5A66, 0x5A66, 0x5A66, 0x5A66, 0x5A66, 0x5A66, 0x5A66, 0x5A66,
  0x5A66, 0x5A66, 0x6286, 0x5A66, 0x5A66, 0x5A66, 0x5A66, 0x5A66, 0x5A66, 0x5A66, 0x5A66, 0x5A66,
  0x5A45, 0x5A46, 0x5A45, 0x5A45, 0x5A45, 0x5A45, 0x5A45, 0x5A66, 0x5A66, 0x5A45, 0x5A66, 0x5A66,
  0x5A45, 0x5A65, 0x5A66, 0x5A66, 0x5A46, 0x5A66, 0x6286, 0x6286, 0x6286, 0x6287, 0x5A87, 0x62C9,
  0x0020, 0x0000, 0x0000, 0x0000, 0x0000, 0x0000, 0x0000, 0x0000, 0x0000, 0x3984, 0x5A46, 0x5A66,
  0x5A45, 0x5A45, 0x5A45, 0x5A45, 0x5A45, 0x5A25, 0x5A45, 0x5A45, 0x5A45, 0x5A46, 0x5A46, 0x5A45,
  0x5A45, 0x5A45, 0x5A45, 0x5A45, 0x5A66, 0x5A65, 0x5A66, 0x5A66, 0x6266, 0x6286, 0x5A45, 0x6266,
  0x5A65, 0x5A45, 0x5A45, 0x5A65, 0x5A66, 0x5A66, 0x5A66, 0x5A66, 0x5A45, 0x5A45, 0x5A45, 0x5A45,
  0x5A45, 0x5A46, 0x5A45, 0x5A45, 0x5A46, 0x5A45, 0x5225, 0x5A45, 0x5A45, 0x5A45, 0x5A45, 0x5A45,
  0x5A45, 0x5A45, 0x5A45, 0x5A45, 0x5A45, 0x5A45, 0x5A66, 0x5A45, 0x5A45, 0x5A45, 0x5A45, 0x5A45,
  0x5A45, 0x5A45, 0x5A45, 0x5A45, 0x5A45, 0x5A46, 0x5A66, 0x5A66, 0x5A66, 0x6AE8, 0x4A06, 0x0000,
  0x0000, 0x0000, 0x0000, 0x0000, 0x0000, 0x0000, 0x0000, 0x0000, 0x1061, 0x4A05, 0x5A46, 0x5225,
  0x5A25, 0x5225, 0x5A25, 0x5A45, 0x5A45, 0x5A45, 0x5A46, 0x5A45, 0x5A45, 0x5A45, 0x5A45, 0x5A45,
  0x5A45, 0x5A45, 0x5A45, 0x5A66, 0x5A45, 0x5A45, 0x5A45, 0x5A65, 0x5A66, 0x5A45, 0x5A45, 0x5A45,
  0x5A45, 0x5A45, 0x5A45, 0x5A45, 0x5A45, 0x5A45, 0x5A45, 0x5A45, 0x5A45, 0x5225, 0x5225, 0x5225,
  0x5225, 0x5225, 0x5225, 0x5225, 0x5225, 0x5225, 0x5225, 0x5225, 0x5A45, 0x5225, 0x5225, 0x5225,
  0x5A45, 0x5A45, 0x5225, 0x5A45, 0x5A45, 0x5A45, 0x5A45, 0x5A45, 0x5A45, 0x5A45, 0x5225, 0x5A45,
  0x5A45, 0x5A45, 0x5A45, 0x5225, 0x5225, 0x5205, 0x5205, 0x5225, 0x7B6A, 0x3143, 0x0000, 0x0000,
  0x0000, 0x0000, 0x0000, 0x0000, 0x0000, 0x0000, 0x0000, 0x0000, 0x3143, 0x5226, 0x5225, 0x5225,
  0x5225, 0x5225, 0x5A25, 0x5A25, 0x5A45, 0x5A46, 0x5A45, 0x5225, 0x5A45, 0x5A45, 0x5A45, 0x5225,
  0x5A45, 0x5A45, 0x5A45, 0x5A45, 0x5A45, 0x5A45, 0x5A45, 0x5A45, 0x5A45, 0x5A45, 0x5A45, 0x5A45,
  0x5A45, 0x5A45, 0x5A45, 0x5A45, 0x5A45, 0x5225, 0x5225, 0x5225, 0x5225, 0x5205, 0x5225, 0x5225,
  0x5205, 0x5225, 0x5225, 0x5205, 0x5225, 0x5205, 0x5225, 0x5225, 0x5225, 0x5225, 0x5225, 0x5225,
  0x5225, 0x5225, 0x5225, 0x5A45, 0x5225, 0x5225, 0x5225, 0x5225, 0x5A45, 0x5225, 0x5225, 0x5A45,
  0x5A25, 0x5225, 0x5205, 0x5205, 0x4A05, 0x4A04, 0x49E5, 0x83CB, 0x1081, 0x0000, 0x0000, 0x0000,
  0x0000, 0x0000, 0x0000, 0x0000, 0x0000, 0x0000, 0x0000, 0x1081, 0x49E5, 0x5225, 0x5225, 0x5225,
  0x5225, 0x5225, 0x5A25, 0x5A25, 0x5A45, 0x5A45, 0x5225, 0x5225, 0x5225, 0x5A45, 0x5225, 0x5225,
  0x5A45, 0x5A25, 0x5A25, 0x5A45, 0x5225, 0x5225, 0x5225, 0x5225, 0x5225, 0x5225, 0x5225, 0x5225,
  0x5A25, 0x5225, 0x5225, 0x5225, 0x5225, 0x5205, 0x5205, 0x5205, 0x5205, 0x5205, 0x5205, 0x5205,
  0x5225, 0x5205, 0x5205, 0x5205, 0x5205, 0x5225, 0x5205, 0x5205, 0x5225, 0x5205, 0x5205, 0x5225,
  0x5225, 0x5205, 0x5225, 0x5205, 0x5225, 0x5205, 0x5205, 0x5225, 0x5205, 0x5205, 0x5225, 0x5205,
  0x5205, 0x5205, 0x5205, 0x4A05, 0x49E4, 0x41C4, 0x8BEC, 0x0820, 0x0000, 0x0000, 0x0000, 0x0000,
  0x0000, 0x0000, 0x0000, 0x0000, 0x0000, 0x0000, 0x0000, 0x3164, 0x5226, 0x5225, 0x5225, 0x5A25,
  0x5225, 0x5225, 0x5A25, 0x5A45, 0x5225, 0x5225, 0x5225, 0x5225, 0x5225, 0x5225, 0x5225, 0x5225,
  0x5225, 0x5A25, 0x5225, 0x5225, 0x5225, 0x5225, 0x5225, 0x5225, 0x5225, 0x5205, 0x5205, 0x5205,
  0x5205, 0x5225, 0x5225, 0x5205, 0x5205, 0x5205, 0x5205, 0x5205, 0x5205, 0x5205, 0x5205, 0x5205,
  0x5205, 0x5205, 0x5205, 0x5205, 0x5205, 0x5205, 0x5205, 0x5205, 0x5205, 0x5205, 0x5225, 0x5225,
  0x5205, 0x5205, 0x5205, 0x5205, 0x5205, 0x5205, 0x5205, 0x5205, 0x5205, 0x4A05, 0x4A05, 0x5205,
  0x4A04, 0x5205, 0x5205, 0x49E4, 0x3983, 0x8BEC, 0x0820, 0x0000, 0x0000, 0x0000, 0x0000, 0x0000,
  0x0000, 0x0000, 0x0000, 0x0000, 0x0000, 0x0000, 0x18A1, 0x4A05, 0x5225, 0x5225, 0x5205, 0x5205,
  0x5A25, 0x5225, 0x5225, 0x5225, 0x5225, 0x5225, 0x5205, 0x5205, 0x5205, 0x5205, 0x5205, 0x5205,
  0x5205, 0x5205, 0x5205, 0x5225, 0x5205, 0x5205, 0x5205, 0x5205, 0x5205, 0x5204, 0x5205, 0x5205,
  0x5225, 0x5205, 0x5205, 0x5225, 0x5205, 0x5205, 0x5205, 0x5225, 0x5225, 0x5205, 0x5205, 0x5205,
  0x5205, 0x5205, 0x5205, 0x5205, 0x5205, 0x5205, 0x5205, 0x5205, 0x5205, 0x5205, 0x5205, 0x5205,
  0x49E4, 0x4A05, 0x4A05, 0x4A05, 0x5205, 0x5205, 0x4A05, 0x49E4, 0x49E4, 0x49E4, 0x49E4, 0x49E4,
  0x5205, 0x5205, 0x4A04, 0x3983, 0x7B8B, 0x0820, 0x0000, 0x0000, 0x0000, 0x0000, 0x0000, 0x0000,
  0x0000, 0x0000, 0x0000, 0x0000, 0x0000, 0x0000, 0x39A5, 0x5225, 0x5205, 0x49E4, 0x5205, 0x5225,
  0x5205, 0x5205, 0x5205, 0x49E4, 0x5205, 0x5205, 0x4A04, 0x5205, 0x4A05, 0x49E4, 0x49E4, 0x49E4,
  0x49E4, 0x5204, 0x5204, 0x5204, 0x49E4, 0x49E4, 0x5204, 0x49E4, 0x49E4, 0x5205, 0x5205, 0x5205,
  0x5225, 0x5205, 0x5205, 0x5205, 0x5204, 0x5204, 0x5225, 0x5225, 0x5205, 0x5205, 0x5205, 0x5205,
  0x5205, 0x5205, 0x5205, 0x5205, 0x5205, 0x5204, 0x5205, 0x5205, 0x5205, 0x4A04, 0x49E4, 0x49E4,
  0x49E4, 0x49E4, 0x4A05, 0x4A05, 0x49E4, 0x49E4, 0x49E4, 0x49E4, 0x49E4, 0x49E4, 0x49E4, 0x49E4,
  0x4A04, 0x4A04, 0x41C4, 0x6B09, 0x0020, 0x0000, 0x0000, 0x0000, 0x0000, 0x0000, 0x0000, 0x0000,
  0x0000, 0x0000, 0x0000, 0x0000, 0x0000, 0x20E2, 0x49E5, 0x49E5, 0x49E4, 0x49E4, 0x5205, 0x49E5,
  0x49E4, 0x49E4, 0x49E4, 0x49E4, 0x49E4, 0x49E4, 0x49E4, 0x49E4, 0x49E4, 0x49E4, 0x49E4, 0x49E4,
  0x49E4, 0x49E4, 0x49E4, 0x49E4, 0x49E4, 0x49E4, 0x49E4, 0x49E4, 0x5205, 0x5204, 0x5205, 0x5225,
  0x5204, 0x5205, 0x5205, 0x5204, 0x5204, 0x5225, 0x5204, 0x5204, 0x5205, 0x5225, 0x5205, 0x49E4,
  0x5205, 0x4A04, 0x4A05, 0x4A05, 0x4A04, 0x4A04, 0x4A05, 0x4A05, 0x49E4, 0x49E4, 0x49E4, 0x49E4,
  0x49E4, 0x49E4, 0x5205, 0x49E4, 0x49E4, 0x49E4, 0x49E4, 0x49E4, 0x49C4, 0x49E4, 0x49E4, 0x49E4,
  0x4A04, 0x5226, 0x5A67, 0x0020, 0x0000, 0x0000, 0x0000, 0x0000, 0x0000, 0x0000, 0x0000, 0x0000,
  0x0000, 0x0000, 0x0000, 0x0000, 0x0820, 0x3984, 0x41C4, 0x41C4, 0x41A4, 0x49C4, 0x49C4, 0x49C4,
  0x41C4, 0x49C4, 0x49C4, 0x41C4, 0x41C4, 0x41C4, 0x41C4, 0x41C4, 0x49C4, 0x49C4, 0x49C4, 0x49E4,
  0x49E4, 0x49E4, 0x49C4, 0x49C4, 0x49C4, 0x49E4, 0x49E4, 0x5204, 0x49E4, 0x49E4, 0x5204, 0x5204,
  0x5205, 0x5204, 0x5205, 0x5205, 0x5205, 0x5205, 0x5205, 0x49E4, 0x5205, 0x49E4, 0x49E4, 0x49E4,
  0x49E4, 0x49E4, 0x49E4, 0x49E4, 0x49E4, 0x49E4, 0x49E4, 0x49E4, 0x49E4, 0x49E4, 0x49E4, 0x49E4,
  0x4A05, 0x49E4, 0x49E4, 0x49E4, 0x49E4, 0x49E4, 0x49E4, 0x49E4, 0x41C4, 0x49E4, 0x49E4, 0x4A05,
  0x6AC8, 0x41E5, 0x0000, 0x0000, 0x0000, 0x0000, 0x0000, 0x0000, 0x0000, 0x0000, 0x0000, 0x0000,
  0x0000, 0x0000, 0x0000, 0x0000, 0x2923, 0x41C4, 0x41C4, 0x41C4, 0x49E4, 0x49C4, 0x49E4, 0x49C4,
  0x49E4, 0x49E4, 0x49E4, 0x49E4, 0x49E4, 0x49E4, 0x49E4, 0x49E4, 0x49E4, 0x49E4, 0x5204, 0x5205,
  0x5205, 0x5205, 0x4A04, 0x5205, 0x49E4, 0x5205, 0x5205, 0x5225, 0x5225, 0x5225, 0x5225, 0x5225,
  0x5225, 0x5225, 0x5225, 0x5205, 0x4A05, 0x49E5, 0x49E4, 0x4A05, 0x49E4, 0x49C4, 0x41C4, 0x41C4,
  0x41A4, 0x41C4, 0x49E4, 0x49E4, 0x49E4, 0x49E4, 0x49E4, 0x41C4, 0x49E4, 0x49E4, 0x41C4, 0x49E4,
  0x49E4, 0x49E4, 0x49E4, 0x41C4, 0x41C4, 0x41C4, 0x41C4, 0x41C4, 0x49E4, 0x49E4, 0x49E5, 0x7329,
  0x39A5, 0x0000, 0x0000, 0x0000, 0x0000, 0x0000, 0x0000, 0x0000, 0x0000, 0x0000, 0x0000, 0x0000,
  0x0000, 0x0000, 0x0000, 0x1081, 0x41C5, 0x4A26, 0x5226, 0x5226, 0x5226, 0x5226, 0x4A05, 0x5225,
  0x5225, 0x5226, 0x5226, 0x5246, 0x5246, 0x5246, 0x5225, 0x5226, 0x5A46, 0x5246, 0x5A46, 0x5A66,
  0x5A66, 0x5A66, 0x5A46, 0x5246, 0x5246, 0x5A66, 0x5A66, 0x5A87, 0x5A87, 0x5A67, 0x5246, 0x5226,
  0x49E5, 0x41C5, 0x41C5, 0x39A4, 0x39A4, 0x39A4, 0x41A4, 0x39A4, 0x3984, 0x3984, 0x3163, 0x3142,
  0x41C4, 0x49C4, 0x41C4, 0x49E4, 0x49E4, 0x41C4, 0x41C4, 0x49E4, 0x49E4, 0x41C4, 0x49E4, 0x49E4,
  0x49E4, 0x49E5, 0x3983, 0x3123, 0x3143, 0x3143, 0x3963, 0x3984, 0x3984, 0x39A4, 0x41E5, 0x2103,
  0x0000, 0x0000, 0x0000, 0x0000, 0x0000, 0x0000, 0x0000, 0x0000, 0x0000, 0x0000, 0x0000, 0x0000,
  0x0000, 0x0000, 0x0000, 0x18A2, 0x2102, 0x2903, 0x2102, 0x20E2, 0x20E2, 0x20E2, 0x20E2, 0x20C2,
  0x20E2, 0x2102, 0x2903, 0x2903, 0x2903, 0x2902, 0x2902, 0x2923, 0x2923, 0x2903, 0x2923, 0x2923,
  0x2923, 0x2903, 0x2903, 0x2902, 0x2903, 0x2923, 0x2903, 0x2102, 0x2102, 0x20E2, 0x18A1, 0x1081,
  0x1061, 0x0860, 0x0840, 0x0860, 0x1061, 0x1061, 0x1081, 0x1081, 0x1081, 0x1081, 0x1060, 0x5226,
  0x49E5, 0x49E4, 0x49E4, 0x41C4, 0x41C4, 0x41C4, 0x41C4, 0x41C4, 0x41C4, 0x49E4, 0x41C4, 0x41C4,
  0x5A46, 0x2922, 0x0840, 0x0840, 0x0840, 0x0840, 0x0840, 0x1061, 0x1061, 0x0840, 0x0020, 0x0000,
  0x0000, 0x0000, 0x0000, 0x0000, 0x0000, 0x0000, 0x0000, 0x0000, 0x0000, 0x0000, 0x0000, 0x0000,
  0x0000, 0x0000, 0x0000, 0x0000, 0x0000, 0x0000, 0x0000, 0x0000, 0x0000, 0x0000, 0x0000, 0x0000,
  0x0000, 0x0000, 0x0000, 0x0000, 0x0000, 0x0000, 0x0000, 0x0000, 0x0000, 0x0000, 0x0000, 0x0000,
  0x0000, 0x0000, 0x0000, 0x0000, 0x0000, 0x0000, 0x0000, 0x0000, 0x0000, 0x0000, 0x0000, 0x0000,
  0x0000, 0x0000, 0x0000, 0x0000, 0x0000, 0x0000, 0x0000, 0x0000, 0x0000, 0x1060, 0x7309, 0x5225,
  0x49E4, 0x41C4, 0x41C4, 0x41C4, 0x41C4, 0x41C4, 0x41C4, 0x41C4, 0x49E4, 0x49E4, 0x41C4, 0x7309,
  0x3164, 0x0000, 0x0000, 0x0000, 0x0000, 0x0000, 0x0000, 0x0000, 0x0000, 0x0000, 0x0000, 0x0000,
  0x0000, 0x0000, 0x0000, 0x0000, 0x0000, 0x0000, 0x0000, 0x0000, 0x0000, 0x0000, 0x0000, 0x0000,
  0x0000, 0x0000, 0x0000, 0x0000, 0x0000, 0x0000, 0x0000, 0x0000, 0x0000, 0x0000, 0x0000, 0x0000,
  0x0000, 0x0000, 0x0000, 0x0000, 0x0000, 0x0000, 0x0000, 0x0000, 0x0000, 0x0000, 0x0000, 0x0000,
  0x0000, 0x0000, 0x0000, 0x0000, 0x0000, 0x0000, 0x0000, 0x0000, 0x0000, 0x0000, 0x0000, 0x0000,
  0x0000, 0x0000, 0x0000, 0x0000, 0x0000, 0x0000, 0x0000, 0x0000, 0x3164, 0x838B, 0x5225, 0x41C4,
  0x41A4, 0x41A4, 0x41A4, 0x41A4, 0x41C4, 0x41C4, 0x41C4, 0x41C4, 0x41C4, 0x41A4, 0x8BCB, 0x41E5,
  0x0000, 0x0000, 0x0000, 0x0000, 0x0000, 0x0000, 0x0000, 0x0000, 0x0000, 0x0000, 0x0000, 0x0000,
  0x0000, 0x0000, 0x0000, 0x0000, 0x0000, 0x0000, 0x0000, 0x0000, 0x0000, 0x0000, 0x0000, 0x0000,
  0x0000, 0x0000, 0x0000, 0x0000, 0x0000, 0x0000, 0x0000, 0x0000, 0x0000, 0x0000, 0x0000, 0x0000,
  0x0000, 0x0000, 0x0000, 0x0000, 0x0000, 0x0000, 0x0000, 0x0000, 0x0000, 0x0000, 0x0000, 0x0000,
  0x0000, 0x0000, 0x0000, 0x0000, 0x0000, 0x0000, 0x0000, 0x0000, 0x0000, 0x0000, 0x0000, 0x0000,
  0x0000, 0x0000, 0x0000, 0x0000, 0x0000, 0x0000, 0x0000, 0x5AA8, 0x7309, 0x49E4, 0x41A4, 0x41A3,
  0x41A3, 0x41A4, 0x39A3, 0x41A4, 0x41A4, 0x41A4, 0x41A4, 0x41A4, 0x3983, 0x944D, 0x3164, 0x0000,
  0x0000, 0x0000, 0x0000, 0x0000, 0x0000, 0x0000, 0x0000, 0x0000, 0x0000, 0x0000, 0x0000, 0x0000,
  0x0000, 0x0000, 0x0000, 0x0000, 0x0000, 0x0000, 0x0000, 0x0000, 0x0000, 0x0000, 0x0000, 0x0000,
  0x0000, 0x0000, 0x0000, 0x0000, 0x0000, 0x0000, 0x0000, 0x0000, 0x0000, 0x0000, 0x0000, 0x0000,
  0x0000, 0x0000, 0x0000, 0x0000, 0x0000, 0x0000, 0x0000, 0x0000, 0x0000, 0x0000, 0x0000, 0x0000,
  0x0000, 0x0000, 0x0000, 0x0000, 0x0000, 0x0000, 0x0000, 0x0000, 0x0000, 0x0000, 0x0000, 0x0000,
  0x0000, 0x0000, 0x0000, 0x0000, 0x0000, 0x0820, 0x942E, 0x5A66, 0x41A4, 0x3983, 0x3983, 0x3983,
  0x3983, 0x3983, 0x3983, 0x3983, 0x3983, 0x3983, 0x3983, 0x3963, 0x942D, 0x20E2, 0x0000, 0x0000,
  0x0000, 0x0000, 0x0000, 0x0000, 0x0000, 0x0000, 0x0000, 0x0000, 0x0000, 0x0000, 0x0000, 0x0000,
  0x0000, 0x0000, 0x0000, 0x0000, 0x0000, 0x0000, 0x0000, 0x0000, 0x0000, 0x0000, 0x0000, 0x0000,
  0x0000, 0x0000, 0x0000, 0x0000, 0x0000, 0x0000, 0x0000, 0x0000, 0x0000, 0x0000, 0x0000, 0x0000,
  0x0000, 0x0000, 0x0000, 0x0000, 0x0000, 0x0000, 0x0000, 0x0000, 0x0000, 0x0000, 0x0000, 0x0000,
  0x0000, 0x0000, 0x0000, 0x0000, 0x0000, 0x0000, 0x0000, 0x0000, 0x0000, 0x0000, 0x0000, 0x0000,
  0x0000, 0x0000, 0x0000, 0x0000, 0x18A1, 0xC572, 0x49E5, 0x3963, 0x3983, 0x3983, 0x3983, 0x3983,
  0x3963, 0x3983, 0x3963, 0x3963, 0x3963, 0x3963, 0x3963, 0x7B8B, 0x0860, 0x0000, 0x0000, 0x0000,
  0x0000, 0x0000, 0x0000, 0x0000, 0x0000, 0x0000, 0x0000, 0x0000, 0x0000, 0x0000, 0x0000, 0x0000,
  0x0000, 0x0000, 0x0000, 0x0000, 0x0000, 0x0000, 0x0000, 0x0000, 0x0000, 0x0000, 0x0000, 0x0000,
  0x0000, 0x0000, 0x0000, 0x0000, 0x0000, 0x0000, 0x0000, 0x0000, 0x0000, 0x0000, 0x0000, 0x0000,
  0x0000, 0x0000, 0x0000, 0x0000, 0x0000, 0x0000, 0x0000, 0x0000, 0x0000, 0x0000, 0x0000, 0x0000,
  0x0000, 0x0000, 0x0000, 0x0000, 0x0000, 0x0000, 0x0000, 0x0000, 0x0000, 0x0000, 0x0000, 0x0000,
  0x0000, 0x0000, 0x0000, 0x2102, 0xCDD3, 0x41C4, 0x3963, 0x3983, 0x3983, 0x3983, 0x3983, 0x3983,
  0x3983, 0x3963, 0x3963, 0x3963, 0x3963, 0x41C4, 0x62E8, 0x0020, 0x0000, 0x0000, 0x0000, 0x0000,
  0x0000, 0x0000, 0x0000, 0x0000, 0x0000, 0x0000, 0x0000, 0x0000, 0x0000, 0x0000, 0x0000, 0x0000,
  0x0000, 0x0000, 0x0000, 0x0000, 0x0000, 0x0000, 0x0000, 0x0000, 0x0000, 0x0000, 0x0000, 0x0000,
  0x0000, 0x0000, 0x0000, 0x0000, 0x0000, 0x0000, 0x0000, 0x0000, 0x0000, 0x0000, 0x0000, 0x0000,
  0x0000, 0x0000, 0x0000, 0x0000, 0x0000, 0x0000, 0x0000, 0x0000, 0x0000, 0x0000, 0x0000, 0x0000,
  0x0000, 0x0000, 0x0000, 0x0000, 0x0000, 0x0000, 0x0000, 0x0000, 0x0000, 0x0000, 0x0000, 0x0000,
  0x0000, 0x0000, 0x2943, 0xC592, 0x41C4, 0x3963, 0x3983, 0x3983, 0x3983, 0x3983, 0x3983, 0x3983,
  0x3983, 0x3963, 0x3963, 0x3963, 0x5246, 0x4A26, 0x0000, 0x0000, 0x0000, 0x0000, 0x0000, 0x0000,
  0x0000, 0x0000, 0x0000, 0x0000, 0x0000, 0x0000, 0x0000, 0x0000, 0x0000, 0x0000, 0x0000, 0x0000,
  0x0000, 0x0000, 0x0000, 0x0000, 0x0000, 0x0000, 0x0000, 0x0000, 0x0000, 0x0000, 0x0000, 0x0000,
  0x0000, 0x0000, 0x0000, 0x0000, 0x0000, 0x0000, 0x0000, 0x0000, 0x0000, 0x0000, 0x0000, 0x0000,
  0x0000, 0x0000, 0x0000, 0x0000, 0x0000, 0x0000, 0x0000, 0x0000, 0x0000, 0x0000, 0x0000, 0x0000,
  0x0000, 0x0000, 0x0000, 0x0000, 0x0000, 0x0000, 0x0000, 0x0000, 0x0000, 0x0000, 0x0000, 0x0000,
  0x0000, 0x2943, 0xA4AE, 0x49C4, 0x3963, 0x3963, 0x3983, 0x3963, 0x3963, 0x3983, 0x3963, 0x3983,
  0x3963, 0x3963, 0x3963, 0x6AE9, 0x3164, 0x0000, 0x0000, 0x0000, 0x0000, 0x0000, 0x0000, 0x0000,
  0x0000, 0x0000, 0x0000, 0x0000, 0x0000, 0x0000, 0x0000, 0x0000, 0x0000, 0x0000, 0x0000, 0x0000,
  0x0000, 0x0000, 0x0000, 0x0000, 0x0000, 0x0000, 0x0000, 0x0000, 0x0000, 0x0000, 0x0000, 0x0000,
  0x0000, 0x0000, 0x0000, 0x0000, 0x0000, 0x0000, 0x0000, 0x0000, 0x0000, 0x0000, 0x0000, 0x0000,
  0x0000, 0x0000, 0x0000, 0x0000, 0x0000, 0x0000, 0x0000, 0x0000, 0x0000, 0x0000, 0x0000, 0x0000,
  0x0000, 0x0000, 0x0000, 0x0000, 0x0000, 0x0000, 0x0000, 0x0000, 0x0000, 0x0000, 0x0000, 0x0000,
  0x3164, 0x7B6A, 0x41C4, 0x3963, 0x3983, 0x3963, 0x3963, 0x3963, 0x3963, 0x3963, 0x3963, 0x3963,
  0x3963, 0x3142, 0x7B6B, 0x18A1, 0x0000, 0x0000, 0x0000, 0x0000, 0x0000, 0x0000, 0x0000, 0x0000,
  0x0000, 0x0000, 0x0000, 0x0000, 0x0000, 0x0000, 0x0000, 0x0000, 0x0000, 0x0000, 0x0000, 0x0000,
  0x0000, 0x0000, 0x0000, 0x0000, 0x0000, 0x0000, 0x0000, 0x0000, 0x0000, 0x0000, 0x0000, 0x0000,
  0x0000, 0x0000, 0x0000, 0x0000, 0x0000, 0x0000, 0x0000, 0x0000, 0x0000, 0x0000, 0x0000, 0x0000,
  0x0000, 0x0000, 0x0000, 0x0000, 0x0000, 0x0000, 0x0000, 0x0000, 0x0000, 0x0000, 0x0000, 0x0000,
  0x0000, 0x0000, 0x0000, 0x0000, 0x0000, 0x0000, 0x0000, 0x0000, 0x0000, 0x0000, 0x0000, 0x3984,
  0x5A66, 0x41A3, 0x3963, 0x3963, 0x3963, 0x3963, 0x3963, 0x3963, 0x3963, 0x3963, 0x3963, 0x3963,
  0x2922, 0x7B8B, 0x0840, 0x0000, 0x0000, 0x0000, 0x0000, 0x0000, 0x0000, 0x0000, 0x0000, 0x0000,
  0x0000, 0x0000, 0x0000, 0x0000, 0x0000, 0x0000, 0x0000, 0x0000, 0x0000, 0x0000, 0x0000, 0x0000,
  0x0000, 0x0000, 0x0000, 0x0000, 0x0000, 0x0000, 0x0000, 0x0000, 0x0000, 0x0000, 0x0000, 0x0000,
  0x0000, 0x0000, 0x0000, 0x0000, 0x0000, 0x0000, 0x0000, 0x0000, 0x0000, 0x0000, 0x0000, 0x0000,
  0x0000, 0x0000, 0x0000, 0x0000, 0x0000, 0x0000, 0x0000, 0x0000, 0x0000, 0x0000, 0x0000, 0x0000,
  0x0000, 0x0000, 0x0000, 0x0000, 0x0000, 0x0000, 0x0000, 0x0000, 0x0000, 0x0000, 0x4A06, 0x49E5,
  0x3983, 0x3963, 0x3143, 0x3143, 0x3143, 0x3143, 0x3143, 0x3963, 0x3963, 0x3963, 0x3963, 0x2923,
  0x736B, 0x0020, 0x0000, 0x0000, 0x0000, 0x0000, 0x0000, 0x0000, 0x0000, 0x0000, 0x0000, 0x0000,
  0x0000, 0x0000, 0x0000, 0x0000, 0x0000, 0x0000, 0x0000, 0x0000, 0x0000, 0x0000, 0x0000, 0x0000,
  0x0000, 0x0000, 0x0000, 0x0000, 0x0000, 0x0000, 0x0000, 0x0000, 0x0000, 0x0000, 0x0000, 0x0000,
  0x0000, 0x0000, 0x0000, 0x0000, 0x0000, 0x0000, 0x0000, 0x0000, 0x0000, 0x0000, 0x0000, 0x0000,
  0x0000, 0x0000, 0x0000, 0x0000, 0x0000, 0x0000, 0x0000, 0x0000, 0x0000, 0x0000, 0x0000, 0x0000,
  0x0000, 0x0000, 0x0000, 0x0000, 0x0000, 0x0000, 0x0000, 0x0000, 0x0000, 0x5AA8, 0x39A4, 0x3963,
  0x3163, 0x3143, 0x3143, 0x3143, 0x3143, 0x3143, 0x3143, 0x3143, 0x3143, 0x3163, 0x3143, 0x62E9,
  0x0020, 0x0000, 0x0000, 0x0000, 0x0000, 0x0000, 0x0000, 0x0000, 0x0000, 0x0000, 0x0000, 0x0000,
  0x0000, 0x0000, 0x0000, 0x0000, 0x0000, 0x0000, 0x0000, 0x0000, 0x0000, 0x0000, 0x0000, 0x0000,
  0x0000, 0x0000, 0x0000, 0x0000, 0x0000, 0x0000, 0x0000, 0x0000, 0x0000, 0x0000, 0x0000, 0x0000,
  0x0000, 0x0000, 0x0000, 0x0000, 0x0000, 0x0000, 0x0000, 0x0000, 0x0000, 0x0000, 0x0000, 0x0000,
  0x0000, 0x0000, 0x0000, 0x0000, 0x0000, 0x0000, 0x0000, 0x0000, 0x0000, 0x0000, 0x0000, 0x0000,
  0x0000, 0x0000, 0x0000, 0x0000, 0x0000, 0x0000, 0x0000, 0x0000, 0x6B0A, 0x3984, 0x3143, 0x3163,
  0x3143, 0x3143, 0x3143, 0x3143, 0x3143, 0x3143, 0x3143, 0x3143, 0x3163, 0x39A4, 0x5247, 0x0020,
  0x0000, 0x0000, 0x0000, 0x0000, 0x0000, 0x0000, 0x0000, 0x0000, 0x0000, 0x0000, 0x0000, 0x0000,
  0x0000, 0x0000, 0x0000, 0x0000, 0x0000, 0x0000, 0x0000, 0x0000, 0x0000, 0x0000, 0x0000, 0x0000,
  0x0000, 0x0000, 0x0000, 0x0000, 0x0000, 0x0000, 0x0000, 0x0000, 0x0000, 0x0000, 0x0000, 0x0000,
  0x0000, 0x0000, 0x0000, 0x0000, 0x0000, 0x0000, 0x0000, 0x0000, 0x0000, 0x0000, 0x0000, 0x0000,
  0x0000, 0x0000, 0x0000, 0x0000, 0x0000, 0x0000, 0x0000, 0x0000, 0x0000, 0x0000, 0x0000, 0x0000,
  0x0000, 0x0000, 0x0000, 0x0000, 0x0000, 0x0000, 0x0000, 0x62E9, 0x3984, 0x3142, 0x3143, 0x3163,
  0x3143, 0x3143, 0x3143, 0x3143, 0x3143, 0x3143, 0x3143, 0x3143, 0x4A05, 0x39C5, 0x0000, 0x0000,
  0x0000, 0x0000, 0x0000, 0x0000, 0x0000, 0x0000, 0x0000, 0x0000, 0x0000, 0x0000, 0x0000, 0x0000,
  0x0000, 0x0000, 0x0000, 0x0000, 0x0000, 0x0000, 0x0000, 0x0000, 0x0000, 0x0000, 0x0000, 0x0000,
  0x0000, 0x0000, 0x0000, 0x0000, 0x0000, 0x0000, 0x0000, 0x0000, 0x0000, 0x0000, 0x0000, 0x0000,
  0x0000, 0x0000, 0x0000, 0x0000, 0x0000, 0x0000, 0x0000, 0x0000, 0x0000, 0x0000, 0x0000, 0x0000,
  0x0000, 0x0000, 0x0000, 0x0000, 0x0000, 0x0000, 0x0000, 0x0000, 0x0000, 0x0000, 0x0000, 0x0000,
  0x0000, 0x0000, 0x0000, 0x0000, 0x0000, 0x0000, 0x5247, 0x3164, 0x3143, 0x3143, 0x3143, 0x3143,
  0x3143, 0x3163, 0x3143, 0x3163, 0x3163, 0x3143, 0x2922, 0x5A67, 0x2923, 0x0000, 0x0000, 0x0000,
  0x0000, 0x0000, 0x0000, 0x0000, 0x0000, 0x0000, 0x0000, 0x0000, 0x0000, 0x0000, 0x0000, 0x0000,
  0x0000, 0x0000, 0x0000, 0x0000, 0x0000, 0x0000, 0x0000, 0x0000, 0x0000, 0x0000, 0x0000, 0x0000,
  0x0000, 0x0000, 0x0000, 0x0000, 0x0000, 0x0000, 0x0000, 0x0000, 0x0000, 0x0000, 0x0000, 0x0000,
  0x0000, 0x0000, 0x0000, 0x0000, 0x0000, 0x0000, 0x0000, 0x0000, 0x0000, 0x0000, 0x0000, 0x0000,
  0x0000, 0x0000, 0x0000, 0x0000, 0x0000, 0x0000, 0x0000, 0x0000, 0x0000, 0x0000, 0x0000, 0x0000,
  0x0000, 0x0000, 0x0000, 0x0000, 0x0000, 0x39C5, 0x3164, 0x3143, 0x3143, 0x3143, 0x3143, 0x3143,
  0x3143, 0x3143, 0x3143, 0x3143, 0x3143, 0x2902, 0x62C9, 0x1081, 0x0000, 0x0000, 0x0000, 0x0000,
  0x0000, 0x0000, 0x0000, 0x0000, 0x0000, 0x0000, 0x0000, 0x0000, 0x0000, 0x0000, 0x0000, 0x0000,
  0x0000, 0x0000, 0x0000, 0x0000, 0x0000, 0x0000, 0x0000, 0x0000, 0x0000, 0x0000, 0x0000, 0x0000,
  0x0000, 0x0000, 0x0000, 0x0000, 0x0000, 0x0000, 0x0000, 0x0000, 0x0000, 0x0000, 0x0000, 0x0000,
  0x0000, 0x0000, 0x0000, 0x0000, 0x0000, 0x0000, 0x0000, 0x0000, 0x0000, 0x0000, 0x0000, 0x0000,
  0x0000, 0x0000, 0x0000, 0x0000, 0x0000, 0x0000, 0x0000, 0x0000, 0x0000, 0x0000, 0x0000, 0x0000,
  0x0000, 0x0000, 0x0000, 0x0000, 0x2103, 0x2903, 0x2102, 0x20E2, 0x20E2, 0x20E2, 0x20E2, 0x20C2,
  0x20C2, 0x20C2, 0x20E2, 0x20C2, 0x18A1, 0x5A68, 0x0840, 0x0000, 0x0000, 0x0000, 0x0000, 0x0000,
  0x0000, 0x0000, 0x0000, 0x0000, 0x0000, 0x0000, 0x0000, 0x0000, 0x0000, 0x0000, 0x0000, 0x0000,
  0x0000, 0x0000, 0x0000, 0x0000, 0x0000, 0x0000, 0x0000, 0x0000, 0x0000, 0x0000, 0x0000, 0x0000,
  0x0000, 0x0000, 0x0000, 0x0000, 0x0000, 0x0000, 0x0000, 0x0000, 0x0000, 0x0000, 0x0000, 0x0000,
  0x0000, 0x0000, 0x0000, 0x0000, 0x0000, 0x0000, 0x0000, 0x0000, 0x0000, 0x0000, 0x0000, 0x0000,
  0x0000, 0x0000, 0x0000, 0x0000, 0x0000, 0x0000, 0x0000, 0x0000, 0x0000, 0x0000, 0x0000, 0x0000,
  0x0000, 0x0000, 0x0000, 0x0820, 0x0820, 0x0820, 0x0820, 0x0820, 0x0820, 0x0020, 0x0020, 0x0020,
  0x0020, 0x0020, 0x0820, 0x0020, 0x2123, 0x0020, 0x0000, 0x0000, 0x0000, 0x0000, 0x0000, 0x0000,
  0x0000, 0x0000, 0x0000, 0x0000, 0x0000, 0x0000, 0x0000, 0x0000, 0x0000, 0x0000, 0x0000, 0x0000,
  0x0000, 0x0000, 0x0000, 0x0000, 0x0000, 0x0000, 0x0000, 0x0000, 0x0000, 0x0000, 0x0000, 0x0000,
  0x0000, 0x0000, 0x0000, 0x0000, 0x0000, 0x0000, 0x0000, 0x0000, 0x0000, 0x0000, 0x0000, 0x0000,
  0x0000, 0x0000, 0x0000, 0x0000, 0x0000, 0x0000, 0x0000, 0x0000, 0x0000, 0x0000, 0x0000, 0x0000,
  0x0000, 0x0000, 0x0000, 0x0000, 0x0000, 0x0000, 0x0000, 0x0000, 0x0000, 0x0000, 0x0000, 0x0000,
  0x0000, 0x0000, 0x0000, 0x0000, 0x0000, 0x0000, 0x0000, 0x0000, 0x0000, 0x0000, 0x0000, 0x0000,
  0x0000, 0x0000, 0x0000, 0x0000, 0x0000, 0x0000, 0x0000, 0x0000, 0x0000, 0x0000, 0x0000, 0x0000,
  0x0000, 0x0000, 0x0000, 0x0000, 0x0000, 0x0000, 0x0000, 0x0000, 0x0000, 0x0000, 0x0000, 0x0000,
  0x0000, 0x0000, 0x0000, 0x0000, 0x0000, 0x0000, 0x0000, 0x0000, 0x0000, 0x0000, 0x0000, 0x0000,
  0x0000, 0x0000, 0x0000, 0x0000, 0x0000, 0x0000, 0x0000, 0x0000, 0x0000, 0x0000, 0x0000, 0x0000,
  0x0000, 0x0000, 0x0000, 0x0000, 0x0000, 0x0000, 0x0000, 0x0000, 0x0000, 0x0000, 0x0000, 0x0000,
  0x0000, 0x0000, 0x0000, 0x0000, 0x0000, 0x0000, 0x0000, 0x0000, 0x0000, 0x0000, 0x0000, 0x0000,
  0x0000, 0x0000, 0x0000, 0x0000, 0x0000, 0x0000, 0x0000, 0x0000, 0x0000, 0x0000, 0x0000, 0x0000,
  0x0000, 0x0000, 0x0000, 0x0000, 0x0000, 0x0000, 0x0000, 0x0000, 0x0000, 0x0000, 0x0000, 0x0000,
  0x0000, 0x0000, 0x0000, 0x0000, 0x0000, 0x0000, 0x0000, 0x0000, 0x0000, 0x0000, 0x0000, 0x0000,
  0x0000, 0x0000, 0x0000, 0x0000, 0x0000, 0x0000, 0x0000, 0x0000, 0x0000, 0x0000, 0x0000, 0x0000,
  0x0000, 0x0000, 0x0000, 0x0000, 0x0000, 0x0000, 0x0000, 0x0000, 0x0000, 0x0000, 0x0000, 0x0000,
  0x0000, 0x0000, 0x0000, 0x0000, 0x0000, 0x0000, 0x0000, 0x0000, 0x0000, 0x0000, 0x0000, 0x0000,
  0x0000, 0x0000, 0x0000, 0x0000, 0x0000, 0x0000, 0x0000, 0x0000, 0x0000, 0x0000, 0x0000, 0x0000,
  0x0000, 0x0000, 0x0000, 0x0000, 0x0000, 0x0000, 0x0000, 0x0000, 0x0000, 0x0000, 0x0000, 0x0000,
  0x0000, 0x0000, 0x0000, 0x0000, 0x0000, 0x0000, 0x0000, 0x0000, 0x0000, 0x0000, 0x0000, 0x0000,
  0x0000, 0x0000, 0x0000, 0x0000, 0x0000, 0x0000, 0x0000, 0x0000, 0x0000, 0x0000, 0x0000, 0x0000,
  0x0000, 0x0000, 0x0000, 0x0000, 0x0000, 0x0000, 0x0000, 0x0000, 0x0000, 0x0000, 0x0000, 0x0000,
  0x0000, 0x0000, 0x0000, 0x0000, 0x0000, 0x0000, 0x0000, 0x0000, 0x0000, 0x0000, 0x0000, 0x0000,
  0x0000, 0x0000, 0x0000, 0x0000, 0x0000, 0x0000, 0x0000, 0x0000, 0x0000, 0x0000, 0x0000, 0x0000,
  0x0000, 0x0000, 0x0000, 0x0000, 0x0000, 0x0000, 0x0000, 0x0000, 0x0000, 0x0000, 0x0000, 0x0000,
  0x0000, 0x0000, 0x0000, 0x0000, 0x0000, 0x0000, 0x0000, 0x0000, 0x0000, 0x0000, 0x0000, 0x0000,
  0x0000, 0x0000, 0x0000, 0x0000, 0x0000, 0x0000, 0x0000, 0x0000, 0x0000, 0x0000, 0x0000, 0x0000,
  0x0000, 0x0000, 0x0000, 0x0000, 0x0000, 0x0000, 0x0000, 0x0000, 0x0000, 0x0000, 0x0000, 0x0000,
  0x0000, 0x0000, 0x0000, 0x0000, 0x0000, 0x0000, 0x0000, 0x0000, 0x0000, 0x0000, 0x0000, 0x0000,
  0x0000, 0x0000, 0x0000, 0x0000, 0x0000, 0x0000, 0x0000, 0x0000, 0x0000, 0x0000, 0x0000, 0x0000,
  0x0000, 0x0000, 0x0000, 0x0000, 0x0000, 0x0000, 0x0000, 0x0000, 0x0000, 0x0000, 0x0000, 0x0000,
  0x0000, 0x0000, 0x0000, 0x0000, 0x0000, 0x0000, 0x0000, 0x0000, 0x0000, 0x0000, 0x0000, 0x0000,
  0x0000, 0x0000, 0x0000, 0x0000, 0x0000, 0x0000, 0x0000, 0x0000, 0x0000, 0x0000, 0x0000, 0x0000,
  0x0000, 0x0000, 0x0000, 0x0000, 0x0000, 0x0000, 0x0000, 0x0000, 0x0000, 0x0000, 0x0000, 0x0000,
  0x0000, 0x0000, 0x0000, 0x0000, 0x0000, 0x0000, 0x0000, 0x0000, 0x0000, 0x0000, 0x0000, 0x0000,
  0x0000, 0x0000, 0x0000, 0x0000, 0x0000, 0x0000, 0x0000, 0x0000, 0x0000, 0x0000, 0x0000, 0x0000,
  0x0000, 0x0000, 0x0000, 0x0000, 0x0000, 0x0000, 0x0000, 0x0000, 0x0000, 0x0000, 0x0000, 0x0000,
  0x0000, 0x0000, 0x0000, 0x0000, 0x0000, 0x0000, 0x0000, 0x0000, 0x0000, 0x0000, 0x0000, 0x0000,
  0x0000, 0x0000, 0x0000, 0x0000, 0x0000, 0x0000, 0x0000, 0x0000, 0x0000, 0x0000, 0x0000, 0x0000,
  0x0000, 0x0000, 0x0000, 0x0000, 0x0000, 0x0000, 0x0000, 0x0000, 0x0000, 0x0000, 0x0000, 0x0000,
  0x0000, 0x0000, 0x0000, 0x0000, 0x0000, 0x0000, 0x0000, 0x0000, 0x0000, 0x0000, 0x0000, 0x0000,
  0x0000, 0x0000, 0x0000, 0x0000, 0x0000, 0x0000, 0x0000, 0x0000, 0x0000, 0x0000, 0x0000, 0x0000,
  0x0000, 0x0000, 0x0000, 0x0000, 0x0000, 0x0000, 0x0000, 0x0000, 0x0000, 0x0000, 0x0000, 0x0000,
  0x0000, 0x0000, 0x0000, 0x0000, 0x0000, 0x0000, 0x0000, 0x0000, 0x0000, 0x0000, 0x0000, 0x0000,
  0x0000, 0x0000, 0x0000, 0x0000, 0x0000, 0x0000, 0x0000, 0x0000, 0x0000, 0x0000, 0x0000, 0x0000,
  0x0000, 0x0000, 0x0000, 0x0000, 0x0000, 0x0000, 0x0000, 0x0000, 0x0000, 0x0000, 0x0000, 0x0000,
  0x0000, 0x0000, 0x0000, 0x0000, 0x0000, 0x0000, 0x0000, 0x0000, 0x0000, 0x0000, 0x0000, 0x0000,
  0x0000, 0x0000, 0x0000, 0x0000, 0x0000, 0x0000, 0x0000, 0x0000, 0x0000, 0x0000, 0x0000, 0x0000,
  0x0000, 0x0000, 0x0000, 0x0000, 0x0000, 0x0000, 0x0000, 0x0000, 0x0000, 0x0000, 0x0000, 0x0000,
  0x0000, 0x0000, 0x0000, 0x0000, 0x0000, 0x0000, 0x0000, 0x0000, 0x0000, 0x0000, 0x0000, 0x0000,
  0x0000, 0x0000, 0x0000, 0x0000, 0x0000, 0x0000, 0x0000, 0x0000, 0x0000, 0x0000, 0x0000, 0x0000,
  0x0000, 0x0000, 0x0000, 0x0000, 0x0000, 0x0000, 0x0000, 0x0000, 0x0000, 0x0000, 0x0000, 0x0000,
  0x0000, 0x0000, 0x0000, 0x0000, 0x0000, 0x0000, 0x0000, 0x0000, 0x0000, 0x0000, 0x0000, 0x0000,
  0x0000, 0x0000, 0x0000, 0x0000, 0x0000, 0x0000, 0x0000, 0x0000, 0x0000, 0x0000, 0x0000, 0x0000,
  0x0000, 0x0000, 0x0000, 0x0000, 0x0000, 0x0000, 0x0000, 0x0000, 0x0000, 0x0000, 0x0000, 0x0000,
  0x0000, 0x0000, 0x0000
};
const int img_4_width  = 83;
const int img_4_height = 117;

// img_5  95 x 114  (RGB565)
const uint16_t img_5[] PROGMEM = {
  0x0000, 0x0000, 0x0000, 0x0000, 0x0000, 0x0000, 0x0000, 0x0000, 0x0000, 0x0000, 0x0000, 0x0000,
  0x0000, 0x0000, 0x0000, 0x0000, 0x0000, 0x0000, 0x0000, 0x0000, 0x0000, 0x0000, 0x0000, 0x0000,
  0x0000, 0x0000, 0x0000, 0x0000, 0x0000, 0x0000, 0x0000, 0x0000, 0x0000, 0x0000, 0x0000, 0x0000,
  0x0000, 0x0000, 0x0000, 0x0000, 0x0000, 0x0000, 0x0000, 0x0000, 0x0000, 0x0000, 0x0000, 0x0000,
  0x0000, 0x0000, 0x0000, 0x0000, 0x0000, 0x0000, 0x0000, 0x0000, 0x0000, 0x0000, 0x0000, 0x0000,
  0x0000, 0x0000, 0x0000, 0x0000, 0x0000, 0x0000, 0x0000, 0x0000, 0x0000, 0x0000, 0x0000, 0x0000,
  0x0000, 0x0000, 0x0000, 0x0000, 0x0000, 0x0000, 0x0000, 0x0000, 0x0000, 0x0000, 0x0000, 0x0000,
  0x0000, 0x0000, 0x0000, 0x0000, 0x0000, 0x0000, 0x0000, 0x0000, 0x0000, 0x0000, 0x0000, 0x0000,
  0x0000, 0x0000, 0x0000, 0x0000, 0x0000, 0x0000, 0x0000, 0x0000, 0x0000, 0x0000, 0x0000, 0x0000,
  0x0000, 0x0000, 0x0000, 0x0000, 0x0000, 0x0000, 0x0000, 0x0000, 0x0000, 0x0000, 0x0000, 0x0000,
  0x0000, 0x0000, 0x0000, 0x0000, 0x0000, 0x0000, 0x0000, 0x0000, 0x0000, 0x0000, 0x0000, 0x0000,
  0x0000, 0x0000, 0x0000, 0x0000, 0x0000, 0x0000, 0x0000, 0x0000, 0x0000, 0x0000, 0x0000, 0x0000,
  0x0000, 0x0000, 0x0000, 0x0000, 0x0000, 0x0000, 0x0000, 0x0000, 0x0000, 0x0000, 0x0000, 0x0000,
  0x0000, 0x0000, 0x0000, 0x0000, 0x0000, 0x0000, 0x0000, 0x0000, 0x0000, 0x0000, 0x0000, 0x0000,
  0x0000, 0x0000, 0x0000, 0x0000, 0x0000, 0x0000, 0x0000, 0x0000, 0x0000, 0x0000, 0x0000, 0x0000,
  0x0000, 0x0000, 0x0000, 0x0000, 0x0000, 0x0000, 0x0000, 0x0000, 0x0000, 0x0000, 0x0000, 0x0000,
  0x0000, 0x0000, 0x0000, 0x0000, 0x0000, 0x0000, 0x0000, 0x0000, 0x0000, 0x0000, 0x0000, 0x0000,
  0x0000, 0x0000, 0x0000, 0x0000, 0x0000, 0x0000, 0x0000, 0x0000, 0x0000, 0x0000, 0x0000, 0x0000,
  0x0000, 0x0000, 0x0000, 0x0000, 0x0000, 0x0000, 0x0000, 0x0000, 0x0000, 0x0000, 0x0000, 0x0000,
  0x0000, 0x0000, 0x0000, 0x0000, 0x0000, 0x0000, 0x0000, 0x0000, 0x0000, 0x0000, 0x0000, 0x0000,
  0x0000, 0x0000, 0x0000, 0x0000, 0x0000, 0x0000, 0x0000, 0x0000, 0x0000, 0x0000, 0x0000, 0x0000,
  0x0000, 0x0000, 0x0000, 0x0000, 0x0000, 0x0000, 0x0000, 0x0000, 0x0000, 0x0000, 0x0000, 0x0000,
  0x0000, 0x0000, 0x0000, 0x0000, 0x0000, 0x0000, 0x0000, 0x0000, 0x0000, 0x0000, 0x0000, 0x0000,
  0x0000, 0x0000, 0x0000, 0x0000, 0x0000, 0x0000, 0x0000, 0x0000, 0x0000, 0x0000, 0x0000, 0x0000,
  0x0000, 0x0000, 0x0000, 0x0000, 0x0000, 0x0000, 0x0000, 0x0000, 0x0000, 0x0000, 0x0000, 0x0000,
  0x0000, 0x0000, 0x0000, 0x0000, 0x0000, 0x0000, 0x0000, 0x0000, 0x0000, 0x0000, 0x0000, 0x0000,
  0x0000, 0x0000, 0x0000, 0x0000, 0x0000, 0x0000, 0x0000, 0x0000, 0x0000, 0x0000, 0x0000, 0x0000,
  0x0000, 0x0000, 0x0000, 0x0000, 0x0000, 0x0000, 0x0000, 0x0000, 0x0000, 0x0000, 0x0000, 0x0000,
  0x0000, 0x0000, 0x0000, 0x0000, 0x0000, 0x0000, 0x0000, 0x0000, 0x0000, 0x0000, 0x0000, 0x0000,
  0x0000, 0x0000, 0x0000, 0x0000, 0x0000, 0x0000, 0x0000, 0x0000, 0x0000, 0x0000, 0x0000, 0x0000,
  0x0000, 0x0000, 0x0000, 0x0000, 0x0000, 0x0000, 0x0000, 0x0000, 0x0000, 0x0000, 0x0000, 0x0000,
  0x0000, 0x0000, 0x0000, 0x0000, 0x0000, 0x0000, 0x0000, 0x0000, 0x0000, 0x0000, 0x0000, 0x0000,
  0x0000, 0x0000, 0x0000, 0x0000, 0x0000, 0x0000, 0x0000, 0x0000, 0x0000, 0x0000, 0x0000, 0x0000,
  0x0000, 0x0000, 0x0000, 0x0000, 0x0000, 0x0000, 0x0000, 0x0000, 0x0000, 0x0000, 0x0000, 0x0000,
  0x0000, 0x0000, 0x0000, 0x0000, 0x0000, 0x0000, 0x0000, 0x0000, 0x0000, 0x0000, 0x0000, 0x0000,
  0x0000, 0x0000, 0x0000, 0x0000, 0x0000, 0x0000, 0x0000, 0x0000, 0x0000, 0x0000, 0x0000, 0x0000,
  0x0000, 0x0000, 0x0000, 0x0000, 0x0000, 0x0000, 0x0000, 0x0000, 0x0000, 0x0000, 0x0000, 0x0000,
  0x0000, 0x0000, 0x0000, 0x0000, 0x0000, 0x0000, 0x0000, 0x0000, 0x0000, 0x0000, 0x0000, 0x0000,
  0x0000, 0x0000, 0x0000, 0x0000, 0x0000, 0x0000, 0x0000, 0x0000, 0x0000, 0x0000, 0x0000, 0x0000,
  0x0000, 0x0000, 0x0000, 0x0000, 0x0000, 0x0000, 0x0000, 0x0000, 0x0000, 0x0000, 0x0000, 0x0000,
  0x0000, 0x0000, 0x0000, 0x0000, 0x0000, 0x0000, 0x0000, 0x0000, 0x0000, 0x0000, 0x0000, 0x0000,
  0x0000, 0x0000, 0x0000, 0x0000, 0x0000, 0x0000, 0x0000, 0x0000, 0x0000, 0x0000, 0x0000, 0x0000,
  0x0000, 0x0000, 0x0000, 0x0000, 0x0000, 0x0000, 0x0000, 0x0000, 0x0000, 0x0000, 0x0000, 0x0000,
  0x0000, 0x0000, 0x0000, 0x0000, 0x0000, 0x0000, 0x0000, 0x0000, 0x0000, 0x0000, 0x0000, 0x0000,
  0x0000, 0x0000, 0x0000, 0x0000, 0x0000, 0x0000, 0x0000, 0x0000, 0x0000, 0x0000, 0x0000, 0x0000,
  0x0000, 0x0000, 0x0000, 0x0000, 0x0000, 0x0000, 0x0000, 0x0000, 0x0000, 0x0000, 0x0000, 0x0000,
  0x0000, 0x0000, 0x0000, 0x0000, 0x0000, 0x0000, 0x0000, 0x0000, 0x0000, 0x0000, 0x0000, 0x0000,
  0x0000, 0x0000, 0x0000, 0x0000, 0x0000, 0x0000, 0x0000, 0x0000, 0x0000, 0x0000, 0x0000, 0x0000,
  0x0000, 0x0000, 0x0000, 0x0000, 0x0000, 0x0000, 0x0000, 0x0000, 0x0000, 0x0000, 0x0000, 0x0000,
  0x0000, 0x0000, 0x0000, 0x0000, 0x0000, 0x0000, 0x0000, 0x0000, 0x0000, 0x0000, 0x0840, 0x0841,
  0x0841, 0x0840, 0x0020, 0x0000, 0x0000, 0x0000, 0x0000, 0x0000, 0x0000, 0x0000, 0x0000, 0x0000,
  0x0000, 0x0000, 0x0000, 0x0000, 0x0000, 0x0000, 0x0000, 0x0000, 0x0000, 0x0000, 0x0000, 0x0000,
  0x0000, 0x0000, 0x0000, 0x0000, 0x0000, 0x0000, 0x0000, 0x0000, 0x0000, 0x0000, 0x0000, 0x0000,
  0x0000, 0x0000, 0x0000, 0x0000, 0x0000, 0x0000, 0x0000, 0x0000, 0x0000, 0x0000, 0x0000, 0x0000,
  0x0000, 0x0000, 0x0000, 0x0000, 0x0000, 0x0000, 0x0000, 0x0000, 0x0000, 0x0000, 0x0000, 0x0000,
  0x0000, 0x0000, 0x0000, 0x0000, 0x0000, 0x0000, 0x0000, 0x0000, 0x0000, 0x0000, 0x0000, 0x0000,
  0x0000, 0x0000, 0x0000, 0x0000, 0x0000, 0x0000, 0x0000, 0x0000, 0x0000, 0x0000, 0x0000, 0x0000,
  0x0000, 0x0000, 0x0000, 0x0000, 0x0000, 0x0020, 0x0861, 0x18C2, 0x2924, 0x3185, 0x39C6, 0x39A6,
  0x3185, 0x2924, 0x18C2, 0x0841, 0x0020, 0x0020, 0x0020, 0x0020, 0x0020, 0x0020, 0x0020, 0x0020,
  0x0020, 0x0020, 0x0020, 0x0020, 0x0020, 0x0020, 0x0020, 0x0020, 0x0020, 0x0020, 0x0020, 0x0020,
  0x0020, 0x0020, 0x0020, 0x0020, 0x0020, 0x0020, 0x0020, 0x0020, 0x0020, 0x0020, 0x0020, 0x0020,
  0x0020, 0x0020, 0x0020, 0x0020, 0x0020, 0x0020, 0x0020, 0x0020, 0x0020, 0x0020, 0x0020, 0x0020,
  0x0020, 0x0020, 0x0020, 0x0020, 0x0020, 0x0020, 0x0020, 0x0020, 0x0000, 0x0000, 0x0000, 0x0000,
  0x0000, 0x0000, 0x0000, 0x0000, 0x0000, 0x0000, 0x0000, 0x0000, 0x0000, 0x0000, 0x0000, 0x0000,
  0x0000, 0x0000, 0x0000, 0x0000, 0x0000, 0x0000, 0x0000, 0x0000, 0x0000, 0x0000, 0x0000, 0x0000,
  0x0000, 0x0000, 0x0000, 0x2965, 0x6B2C, 0x840F, 0x9CB1, 0xAD12, 0xAD32, 0xAD32, 0xAD11, 0xA4F1,
  0x9CB0, 0x8C4F, 0x7BAD, 0x736C, 0x736C, 0x6B6C, 0x6B6C, 0x6B6C, 0x6B6C, 0x6B6C, 0x6B6C, 0x6B6C,
  0x6B6D, 0x6B6D, 0x736D, 0x736D, 0x736D, 0x736D, 0x736D, 0x736D, 0x736D, 0x736D, 0x6B6C, 0x6B6C,
  0x736D, 0x736D, 0x6B6D, 0x6B6D, 0x736D, 0x736D, 0x6B6C, 0x6B6C, 0x6B6D, 0x736D, 0x736D, 0x736D,
  0x736D, 0x736D, 0x6B6C, 0x6B6C, 0x6B6C, 0x6B6C, 0x6B6C, 0x6B6C, 0x6B6C, 0x6B6C, 0x6B6C, 0x6B6C,
  0x6B6C, 0x6B6C, 0x6B6C, 0x6B4C, 0x6B4C, 0x6B4C, 0x3185, 0x0000, 0x0000, 0x0000, 0x0000, 0x0000,
  0x0000, 0x0000, 0x0000, 0x0000, 0x0000, 0x0000, 0x0000, 0x0000, 0x0000, 0x0000, 0x0000, 0x0000,
  0x0000, 0x0000, 0x0000, 0x0000, 0x0000, 0x0000, 0x0000, 0x0000, 0x0000, 0x0000, 0x0000, 0x0000,
  0x0000, 0x0000, 0x39A6, 0xDE98, 0xFF9C, 0xFF7B, 0xFF7A, 0xFF9A, 0xFF9A, 0xFF9A, 0xFF7A, 0xF77A,
  0xF75A, 0xF75A, 0xF75A, 0xF77A, 0xF75A, 0xF75A, 0xF75A, 0xF75A, 0xF77B, 0xF77B, 0xF77B, 0xF77B,
  0xF79B, 0xF79B, 0xFF9C, 0xFFBC, 0xFF9C, 0xFF9C, 0xFF9C, 0xF79B, 0xFFBC, 0xFF9C, 0xFF9C, 0xFF9C,
  0xFF9C, 0xFFBC, 0xFFBC, 0xFF9B, 0xFF9B, 0xFF9B, 0xF79B, 0xF77B, 0xF77B, 0xF77B, 0xF77B, 0xF77B,
  0xF77B, 0xF77B, 0xF79B, 0xF79B, 0xF79B, 0xF77B, 0xF79B, 0xF77B, 0xF77B, 0xF77B, 0xF77B, 0xF77B,
  0xF77B, 0xF75B, 0xEF3A, 0xEF3A, 0xF79C, 0x2944, 0x0000, 0x0000, 0x0000, 0x0000, 0x0000, 0x0000,
  0x0000, 0x0000, 0x0000, 0x0000, 0x0000, 0x0000, 0x0000, 0x0000, 0x0000, 0x0000, 0x0000, 0x0000,
  0x0000, 0x0000, 0x0000, 0x0000, 0x0000, 0x0000, 0x0000, 0x0000, 0x0000, 0x0000, 0x0000, 0x0000,
  0x0000, 0x2103, 0xBDB4, 0xE6B7, 0xE696, 0xDE96, 0xE696, 0xE696, 0xDE96, 0xDE96, 0xDE96, 0xDE96,
  0xDE96, 0xDE96, 0xDE96, 0xDE96, 0xE697, 0xDE96, 0xE6B7, 0xDEB7, 0xE6D7, 0xE6D7, 0xE6B7, 0xE6D7,
  0xE6D8, 0xE6B7, 0xE6D8, 0xE6D8, 0xE6D8, 0xE6D8, 0xE6D8, 0xE6B7, 0xE6D8, 0xE6B7, 0xE6B7, 0xE6D7,
  0xE6D7, 0xEEF8, 0xE6D7, 0xE6D7, 0xE6B7, 0xE6D7, 0xE6D7, 0xE6B7, 0xE6B7, 0xE6B7, 0xE6B7, 0xE6B7,
  0xDEB7, 0xDEB7, 0xE6B7, 0xDEB7, 0xDE97, 0xDEB7, 0xE6B7, 0xDE97, 0xDEB7, 0xDEB7, 0xDEB7, 0xDE97,
  0xDE96, 0xDE76, 0xD656, 0xDE98, 0x0840, 0x0000, 0x0000, 0x0000, 0x0000, 0x0000, 0x0000, 0x0000,
  0x0000, 0x0000, 0x0000, 0x0000, 0x0000, 0x0000, 0x0000, 0x0000, 0x0000, 0x0000, 0x0000, 0x0000,
  0x0000, 0x0000, 0x0000, 0x0000, 0x0000, 0x0000, 0x0000, 0x0000, 0x0000, 0x0000, 0x0000, 0x0000,
  0x3185, 0xB552, 0xD635, 0xD634, 0xD613, 0xD633, 0xD634, 0xD633, 0xD633, 0xD634, 0xD634, 0xD634,
  0xD634, 0xD634, 0xD634, 0xD634, 0xDE55, 0xDE75, 0xDE55, 0xDE75, 0xDE75, 0xDE75, 0xDE75, 0xDE75,
  0xD655, 0xDE75, 0xDE75, 0xE696, 0xE696, 0xDE75, 0xDE75, 0xDE75, 0xDE75, 0xDE75, 0xDE75, 0xDE75,
  0xDE75, 0xDE75, 0xDE55, 0xDE75, 0xDE75, 0xDE75, 0xDE75, 0xDE75, 0xDE75, 0xDE75, 0xDE75, 0xDE75,
  0xD655, 0xD655, 0xDE55, 0xD655, 0xD655, 0xDE75, 0xD634, 0xD634, 0xD654, 0xD634, 0xD634, 0xD614,
  0xCE14, 0xC5D4, 0xAD12, 0x0020, 0x0000, 0x0000, 0x0000, 0x0000, 0x0000, 0x0000, 0x0000, 0x0000,
  0x0000, 0x0000, 0x0000, 0x0000, 0x0000, 0x0000, 0x0000, 0x0000, 0x0000, 0x0000, 0x0000, 0x0000,
  0x0000, 0x0000, 0x0000, 0x0000, 0x0000, 0x0000, 0x0000, 0x0000, 0x0000, 0x0000, 0x0000, 0x4A48,
  0xB552, 0xCDF3, 0xD633, 0xD613, 0xD613, 0xD633, 0xD633, 0xD633, 0xD633, 0xD633, 0xD634, 0xD634,
  0xD634, 0xDE54, 0xDE54, 0xDE74, 0xDE74, 0xE675, 0xDE75, 0xDE74, 0xDE75, 0xDE75, 0xDE54, 0xDE54,
  0xDE75, 0xDE75, 0xE695, 0xE695, 0xE675, 0xE675, 0xDE95, 0xDE75, 0xE675, 0xE695, 0xE675, 0xE695,
  0xDE75, 0xDE75, 0xDE75, 0xDE74, 0xDE75, 0xDE75, 0xDE75, 0xDE95, 0xE695, 0xE675, 0xDE75, 0xDE54,
  0xDE54, 0xDE54, 0xD634, 0xD654, 0xDE54, 0xD634, 0xD633, 0xD634, 0xD634, 0xD613, 0xD613, 0xD634,
  0xCDD4, 0x736B, 0x0020, 0x0000, 0x0000, 0x0000, 0x0000, 0x0000, 0x0000, 0x0000, 0x0000, 0x0000,
  0x0000, 0x0000, 0x0000, 0x0000, 0x0000, 0x0000, 0x0000, 0x0000, 0x0000, 0x0000, 0x0000, 0x0000,
  0x0000, 0x0000, 0x0000, 0x0000, 0x0000, 0x0000, 0x0000, 0x0000, 0x0000, 0x0000, 0x736C, 0xBD92,
  0xCDF3, 0xD633, 0xD633, 0xD633, 0xD633, 0xD633, 0xD633, 0xD633, 0xDE33, 0xDE33, 0xDE33, 0xDE34,
  0xDE54, 0xDE54, 0xDE54, 0xDE74, 0xE695, 0xDE74, 0xDE74, 0xDE74, 0xDE54, 0xDE74, 0xDE74, 0xDE74,
  0xDE75, 0xE695, 0xDE74, 0xDE74, 0xE695, 0xE6B5, 0xDE74, 0xDE74, 0xDE74, 0xE695, 0xE695, 0xE695,
  0xE695, 0xE675, 0xE675, 0xE695, 0xE675, 0xE675, 0xDE75, 0xE675, 0xDE74, 0xDE74, 0xDE74, 0xDE54,
  0xD634, 0xD633, 0xDE54, 0xDE54, 0xD633, 0xD633, 0xD633, 0xD633, 0xD633, 0xD633, 0xD614, 0xCDF4,
  0x39C5, 0x0000, 0x0000, 0x0000, 0x0000, 0x0000, 0x0000, 0x0000, 0x0000, 0x0000, 0x0000, 0x0000,
  0x0000, 0x0000, 0x0000, 0x0000, 0x0000, 0x0000, 0x0000, 0x0000, 0x0000, 0x0000, 0x0000, 0x0000,
  0x0000, 0x0000, 0x0000, 0x0000, 0x0000, 0x0000, 0x0000, 0x0000, 0x0000, 0x946F, 0xCDF4, 0xCDF3,
  0xD633, 0xD633, 0xDE34, 0xD633, 0xD633, 0xD633, 0xD633, 0xD633, 0xD633, 0xD633, 0xDE34, 0xDE54,
  0xDE54, 0xDE54, 0xDE54, 0xDE54, 0xDE54, 0xDE54, 0xDE54, 0xDE54, 0xDE74, 0xDE54, 0xDE54, 0xDE74,
  0xDE74, 0xE695, 0xE694, 0xE694, 0xE694, 0xDE74, 0xDE74, 0xDE74, 0xE694, 0xE694, 0xDE74, 0xDE74,
  0xE675, 0xE675, 0xE675, 0xE675, 0xDE75, 0xDE74, 0xDE74, 0xDE74, 0xDE54, 0xDE54, 0xDE54, 0xD634,
  0xD633, 0xD633, 0xD633, 0xD633, 0xD633, 0xD633, 0xD633, 0xD633, 0xDE34, 0xD634, 0xDE76, 0x10A1,
  0x0000, 0x0000, 0x0000, 0x0000, 0x0000, 0x0000, 0x0000, 0x0000, 0x0000, 0x0000, 0x0000, 0x0000,
  0x0000, 0x0000, 0x0000, 0x0000, 0x0000, 0x0000, 0x0000, 0x0000, 0x0000, 0x0000, 0x0000, 0x0000,
  0x0000, 0x0000, 0x0000, 0x0000, 0x0000, 0x0000, 0x0000, 0x0000, 0xA4F1, 0xD635, 0xCE13, 0xD634,
  0xD633, 0xD633, 0xD633, 0xD633, 0xD633, 0xD633, 0xD633, 0xD633, 0xD633, 0xD633, 0xD633, 0xDE33,
  0xDE33, 0xD633, 0xD633, 0xDE33, 0xDE54, 0xD633, 0xD633, 0xDE54, 0xDE54, 0xDE74, 0xDE54, 0xDE54,
  0xE695, 0xE695, 0xE695, 0xE694, 0xDE54, 0xDE74, 0xDE74, 0xE695, 0xE695, 0xDE74, 0xDE74, 0xE695,
  0xDE74, 0xE675, 0xDE75, 0xDE74, 0xDE74, 0xDE74, 0xDE54, 0xDE54, 0xD634, 0xDE54, 0xD634, 0xD633,
  0xD633, 0xD633, 0xD634, 0xDE54, 0xD634, 0xDE54, 0xDE54, 0xDE54, 0xD634, 0xEF19, 0x0840, 0x0000,
  0x0000, 0x0000, 0x0000, 0x0000, 0x0000, 0x0000, 0x0000, 0x0000, 0x0000, 0x0000, 0x0000, 0x0000,
  0x0000, 0x0000, 0x0000, 0x0000, 0x0000, 0x0000, 0x0000, 0x0000, 0x0000, 0x0000, 0x0000, 0x0000,
  0x0000, 0x0000, 0x0000, 0x0000, 0x0000, 0x0000, 0x0840, 0xB553, 0xD655, 0xD634, 0xDE34, 0xD633,
  0xD633, 0xD633, 0xD633, 0xD613, 0xD613, 0xD613, 0xD613, 0xD633, 0xD633, 0xD633, 0xD633, 0xD633,
  0xD633, 0xD633, 0xD633, 0xDE33, 0xD633, 0xD633, 0xD633, 0xDE54, 0xDE54, 0xDE54, 0xDE74, 0xDE74,
  0xE695, 0xDE74, 0xDE74, 0xDE74, 0xE694, 0xDE74, 0xDE74, 0xDE74, 0xDE74, 0xE694, 0xDE74, 0xDE74,
  0xDE75, 0xDE74, 0xDE74, 0xDE54, 0xDE74, 0xD634, 0xD634, 0xDE54, 0xDE54, 0xD633, 0xD633, 0xD633,
  0xD633, 0xD634, 0xD634, 0xDE54, 0xDE54, 0xDE54, 0xD654, 0xCE14, 0xF73A, 0x0840, 0x0000, 0x0000,
  0x0000, 0x0000, 0x0000, 0x0000, 0x0000, 0x0000, 0x0000, 0x0000, 0x0000, 0x0000, 0x0000, 0x0000,
  0x0000, 0x0000, 0x0000, 0x0000, 0x0000, 0x0000, 0x0000, 0x0000, 0x0000, 0x0000, 0x0000, 0x0000,
  0x0000, 0x0000, 0x0000, 0x0000, 0x0000, 0x18C2, 0xBD93, 0xD655, 0xD633, 0xD633, 0xD633, 0xD633,
  0xD613, 0xCDF3, 0xD613, 0xD613, 0xD613, 0xCDF2, 0xD613, 0xD633, 0xD633, 0xD613, 0xD633, 0xDE33,
  0xD633, 0xD633, 0xD633, 0xD633, 0xD633, 0xD633, 0xD654, 0xDE54, 0xDE74, 0xDE74, 0xE674, 0xE695,
  0xDE74, 0xDE74, 0xDE74, 0xE695, 0xE695, 0xDE74, 0xDE74, 0xDE74, 0xDE54, 0xDE74, 0xDE74, 0xDE74,
  0xDE74, 0xDE54, 0xDE54, 0xDE54, 0xDE54, 0xDE33, 0xD633, 0xD633, 0xD633, 0xD633, 0xD633, 0xD633,
  0xD633, 0xD633, 0xDE54, 0xD634, 0xD634, 0xD634, 0xCE14, 0xEEF9, 0x0840, 0x0000, 0x0000, 0x0000,
  0x0000, 0x0000, 0x0000, 0x0000, 0x0000, 0x0000, 0x0000, 0x0000, 0x0000, 0x0000, 0x0000, 0x0000,
  0x0000, 0x0000, 0x0000, 0x0000, 0x0000, 0x0000, 0x0000, 0x0000, 0x0000, 0x0000, 0x0000, 0x0000,
  0x0000, 0x0000, 0x0000, 0x0000, 0x3164, 0xB572, 0xD634, 0xD613, 0xD613, 0xD613, 0xD613, 0xCDF3,
  0xCDD2, 0xD5F2, 0xD5F2, 0xD613, 0xCDF2, 0xD613, 0xCDF2, 0xD613, 0xD612, 0xD613, 0xD633, 0xD633,
  0xD633, 0xD633, 0xD633, 0xD633, 0xD633, 0xD653, 0xDE54, 0xDE54, 0xDE54, 0xE674, 0xDE74, 0xDE74,
  0xE695, 0xDE54, 0xDE74, 0xDE74, 0xE674, 0xDE74, 0xDE74, 0xDE74, 0xDE74, 0xDE74, 0xDE75, 0xDE74,
  0xDE54, 0xDE54, 0xDE54, 0xDE33, 0xD633, 0xD633, 0xD633, 0xD633, 0xD633, 0xD613, 0xD633, 0xD633,
  0xD633, 0xD613, 0xD613, 0xD633, 0xCE13, 0xC5D3, 0xC5F4, 0x0840, 0x0000, 0x0000, 0x0000, 0x0000,
  0x0000, 0x0000, 0x0000, 0x0000, 0x0000, 0x0000, 0x0000, 0x0000, 0x0000, 0x0000, 0x0000, 0x0000,
  0x0000, 0x0000, 0x0000, 0x0000, 0x0000, 0x0000, 0x0000, 0x0000, 0x0000, 0x0000, 0x0000, 0x0000,
  0x0000, 0x0000, 0x0000, 0x4A27, 0xB552, 0xCE13, 0xCDF3, 0xCDF3, 0xD5F2, 0xD5F2, 0xD5F2, 0xD5F2,
  0xD5F2, 0xCDF2, 0xD5F2, 0xCDF2, 0xD613, 0xD613, 0xD613, 0xD613, 0xD612, 0xD613, 0xD633, 0xD633,
  0xD633, 0xD633, 0xD633, 0xD633, 0xDE54, 0xDE54, 0xDE54, 0xDE74, 0xDE74, 0xDE74, 0xDE74, 0xDE74,
  0xDE54, 0xDE54, 0xDE54, 0xDE74, 0xD633, 0xDE54, 0xDE54, 0xDE54, 0xDE74, 0xDE54, 0xDE54, 0xD633,
  0xDE54, 0xDE33, 0xD633, 0xD633, 0xD633, 0xD613, 0xD613, 0xD633, 0xD633, 0xD633, 0xD633, 0xD613,
  0xD613, 0xD613, 0xD633, 0xCE13, 0xC5D3, 0x8C4F, 0x0020, 0x0000, 0x0000, 0x0000, 0x0000, 0x0000,
  0x0000, 0x0000, 0x0000, 0x0000, 0x0000, 0x0000, 0x0000, 0x0000, 0x0000, 0x0000, 0x0000, 0x0000,
  0x0000, 0x0000, 0x0000, 0x0000, 0x0000, 0x0000, 0x0000, 0x0000, 0x0000, 0x0000, 0x0000, 0x0000,
  0x0000, 0x0000, 0x6B0B, 0xB531, 0xCDD2, 0xCDF2, 0xCDF2, 0xCDD2, 0xD5F2, 0xCDF2, 0xD5F2, 0xD5F2,
  0xCDF2, 0xCDF2, 0xCDF2, 0xD613, 0xD613, 0xD613, 0xD613, 0xD633, 0xD613, 0xD633, 0xD633, 0xD633,
  0xD633, 0xD633, 0xDE54, 0xDE54, 0xDE54, 0xDE54, 0xDE75, 0xDE75, 0xDE75, 0xDE74, 0xDE54, 0xDE54,
  0xDE54, 0xDE54, 0xDE54, 0xD653, 0xDE54, 0xD634, 0xD634, 0xDE74, 0xDE54, 0xDE54, 0xDE54, 0xD634,
  0xD634, 0xD613, 0xCE13, 0xD613, 0xD613, 0xCE13, 0xD633, 0xD633, 0xD613, 0xD613, 0xD613, 0xCE13,
  0xCE13, 0xCE13, 0xCE14, 0xCE14, 0x5288, 0x0000, 0x0000, 0x0000, 0x0000, 0x0000, 0x0000, 0x0000,
  0x0000, 0x0000, 0x0000, 0x0000, 0x0000, 0x0000, 0x0000, 0x0000, 0x0000, 0x0000, 0x0000, 0x0000,
  0x0000, 0x0000, 0x0000, 0x0000, 0x0000, 0x0000, 0x0000, 0x0000, 0x0000, 0x0000, 0x0000, 0x0000,
  0x0000, 0x8C2E, 0xBD72, 0xC5B1, 0xCDD1, 0xCDD2, 0xCDD1, 0xCDD2, 0xCDD2, 0xCDD2, 0xCDF2, 0xD5F2,
  0xCDF2, 0xCDF2, 0xD613, 0xD613, 0xD614, 0xD634, 0xD633, 0xD634, 0xD634, 0xD634, 0xD634, 0xDE54,
  0xD634, 0xD654, 0xDE75, 0xDE75, 0xDE75, 0xDE75, 0xDE75, 0xDE75, 0xDE75, 0xDE54, 0xD654, 0xD654,
  0xD654, 0xD654, 0xD633, 0xD634, 0xD654, 0xD654, 0xD654, 0xD654, 0xD654, 0xD654, 0xD634, 0xD634,
  0xD634, 0xCE13, 0xD633, 0xD634, 0xCE13, 0xD634, 0xD634, 0xD633, 0xD633, 0xD613, 0xCE13, 0xCE13,
  0xCDF3, 0xCDD3, 0xD656, 0x2923, 0x0000, 0x0000, 0x0000, 0x0000, 0x0000, 0x0000, 0x0000, 0x0000,
  0x0000, 0x0000, 0x0000, 0x0000, 0x0000, 0x0000, 0x0000, 0x0000, 0x0000, 0x0000, 0x0000, 0x0000,
  0x0000, 0x0000, 0x0000, 0x0000, 0x0000, 0x0000, 0x0000, 0x0000, 0x0000, 0x0000, 0x0000, 0x0000,
  0xA4D1, 0xC5B2, 0xC5B1, 0xCDD1, 0xCDB1, 0xCDB1, 0xCDB1, 0xCDD1, 0xCDD1, 0xCDB1, 0xCDD1, 0xCDD2,
  0xCDB2, 0xCDF3, 0xBD51, 0xAD10, 0xAD11, 0xAD31, 0xB531, 0xB551, 0xBD72, 0xBD72, 0xBD72, 0xBD92,
  0xBD72, 0xBD92, 0xBD92, 0xBD92, 0xBD92, 0xBD92, 0xBD72, 0xBD72, 0xBD72, 0xB551, 0xB551, 0xB551,
  0xB551, 0xB551, 0xB551, 0xB551, 0xB571, 0xB571, 0xB571, 0xB572, 0xB551, 0xB551, 0xB572, 0xB531,
  0xAD31, 0xB531, 0xB531, 0xAD11, 0xAD11, 0xAD10, 0xAD11, 0xAD10, 0xACF0, 0xA4AF, 0x9CAF, 0x9C8F,
  0x944E, 0xAD32, 0x0861, 0x0000, 0x0000, 0x0000, 0x0000, 0x0000, 0x0000, 0x0000, 0x0000, 0x0000,
  0x0000, 0x0000, 0x0000, 0x0000, 0x0000, 0x0000, 0x0000, 0x0000, 0x0000, 0x0000, 0x0000, 0x0000,
  0x0000, 0x0000, 0x0000, 0x0000, 0x0000, 0x0000, 0x0000, 0x0000, 0x0000, 0x0000, 0x0840, 0xB552,
  0xC5D3, 0xC5B1, 0xCDB1, 0xCDB1, 0xCDB1, 0xCDD1, 0xCDD1, 0xCDB1, 0xCDB1, 0xCDB1, 0xC5B1, 0xC591,
  0xCDF3, 0x5AA8, 0x39A5, 0x39A5, 0x39A5, 0x39C5, 0x4206, 0x4A47, 0x4A27, 0x4A47, 0x4A27, 0x4A27,
  0x4A27, 0x4A27, 0x4A47, 0x4A27, 0x4A27, 0x4A27, 0x4206, 0x41E6, 0x41E6, 0x41E6, 0x41E6, 0x39C6,
  0x41E6, 0x41E6, 0x4206, 0x4206, 0x4206, 0x4207, 0x4206, 0x41E6, 0x41E6, 0x41E6, 0x39C5, 0x39A5,
  0x39C5, 0x39A5, 0x39A5, 0x3185, 0x3185, 0x39A5, 0x39A5, 0x3185, 0x2944, 0x2923, 0x2103, 0x18C2,
  0x39A5, 0x0020, 0x0000, 0x0000, 0x0000, 0x0000, 0x0000, 0x0000, 0x0000, 0x0000, 0x0000, 0x0000,
  0x0000, 0x0000, 0x0000, 0x0000, 0x0000, 0x0000, 0x0000, 0x0000, 0x0000, 0x0000, 0x0000, 0x0000,
  0x0000, 0x0000, 0x0000, 0x0000, 0x0000, 0x0000, 0x0000, 0x0000, 0x0000, 0x20E3, 0xB572, 0xCDF3,
  0xC5B2, 0xCDB1, 0xCDD1, 0xCDB1, 0xCDD1, 0xCDB1, 0xCDB1, 0xC5B1, 0xC5B1, 0xC5B1, 0xBD91, 0xB552,
  0x1081, 0x0000, 0x0000, 0x0000, 0x0000, 0x0020, 0x0020, 0x0020, 0x0820, 0x0020, 0x0020, 0x0020,
  0x0020, 0x0020, 0x0020, 0x0020, 0x0020, 0x0020, 0x0020, 0x0020, 0x0020, 0x0020, 0x0020, 0x0020,
  0x0020, 0x0020, 0x0020, 0x0020, 0x0020, 0x0020, 0x0020, 0x0020, 0x0020, 0x0000, 0x0000, 0x0000,
  0x0000, 0x0000, 0x0000, 0x0000, 0x0000, 0x0000, 0x0000, 0x0000, 0x0000, 0x0000, 0x0000, 0x0000,
  0x0000, 0x0000, 0x0000, 0x0000, 0x0000, 0x0000, 0x0000, 0x0000, 0x0000, 0x0000, 0x0000, 0x0000,
  0x0000, 0x0000, 0x0000, 0x0000, 0x0000, 0x0000, 0x0000, 0x0000, 0x0000, 0x0000, 0x0000, 0x0000,
  0x0000, 0x0000, 0x0000, 0x0000, 0x0000, 0x0000, 0x0000, 0x0000, 0x3185, 0xB552, 0xCDF3, 0xCDB2,
  0xCDB1, 0xCDB1, 0xCDB1, 0xCDD1, 0xCDB1, 0xCDB1, 0xC591, 0xCDB1, 0xC591, 0xC5D3, 0x944E, 0x0020,
  0x0000, 0x0000, 0x0000, 0x0000, 0x0000, 0x0000, 0x0000, 0x0000, 0x0000, 0x0000, 0x0000, 0x0000,
  0x0000, 0x0000, 0x0000, 0x0000, 0x0000, 0x0000, 0x0000, 0x0000, 0x0000, 0x0000, 0x0000, 0x0000,
  0x0000, 0x0000, 0x0000, 0x0000, 0x0000, 0x0000, 0x0000, 0x0000, 0x0000, 0x0000, 0x0000, 0x0000,
  0x0000, 0x0000, 0x0000, 0x0000, 0x0000, 0x0000, 0x0000, 0x0000, 0x0000, 0x0000, 0x0000, 0x0000,
  0x0000, 0x0000, 0x0000, 0x0000, 0x0000, 0x0000, 0x0000, 0x0000, 0x0000, 0x0000, 0x0000, 0x0000,
  0x0000, 0x0000, 0x0000, 0x0000, 0x0000, 0x0000, 0x0000, 0x0000, 0x0000, 0x0000, 0x0000, 0x0000,
  0x0000, 0x0000, 0x0000, 0x0000, 0x0000, 0x0000, 0x0000, 0x4A27, 0xB531, 0xC5B2, 0xC5B1, 0xCDB1,
  0xCDB1, 0xC591, 0xCDB1, 0xCDB1, 0xC591, 0xC591, 0xC5B1, 0xC591, 0xCE14, 0x6B2B, 0x0020, 0x0000,
  0x0000, 0x0000, 0x0000, 0x0000, 0x0000, 0x0000, 0x0000, 0x0000, 0x0000, 0x0000, 0x0000, 0x0000,
  0x0000, 0x0000, 0x0000, 0x0000, 0x0000, 0x0000, 0x0000, 0x0000, 0x0000, 0x0000, 0x0000, 0x0000,
  0x0000, 0x0000, 0x0000, 0x0000, 0x0000, 0x0000, 0x0000, 0x0000, 0x0000, 0x0000, 0x0000, 0x0000,
  0x0000, 0x0000, 0x0000, 0x0000, 0x0000, 0x0000, 0x0000, 0x0000, 0x0000, 0x0000, 0x0000, 0x0000,
  0x0000, 0x0000, 0x0000, 0x0000, 0x0000, 0x0000, 0x0000, 0x0000, 0x0000, 0x0000, 0x0000, 0x0000,
  0x0000, 0x0000, 0x0000, 0x0000, 0x0000, 0x0000, 0x0000, 0x0000, 0x0000, 0x0000, 0x0000, 0x0000,
  0x0000, 0x0000, 0x0000, 0x0000, 0x0000, 0x0000, 0x6B0A, 0xAD10, 0xBD71, 0xC591, 0xC590, 0xC591,
  0xC591, 0xC5B1, 0xC570, 0xC590, 0xC571, 0xC591, 0xBD71, 0xD635, 0x4A27, 0x0000, 0x0000, 0x0000,
  0x0000, 0x0000, 0x0000, 0x0000, 0x0000, 0x0000, 0x0000, 0x0000, 0x0000, 0x0000, 0x0000, 0x0000,
  0x0000, 0x0000, 0x0000, 0x0000, 0x0000, 0x0000, 0x0000, 0x0000, 0x0000, 0x0000, 0x0000, 0x0000,
  0x0000, 0x0000, 0x0000, 0x0000, 0x0000, 0x0000, 0x0000, 0x0000, 0x0000, 0x0000, 0x0000, 0x0000,
  0x0000, 0x0000, 0x0000, 0x0000, 0x0000, 0x0000, 0x0000, 0x0000, 0x0000, 0x0000, 0x0000, 0x0000,
  0x0000, 0x0000, 0x0000, 0x0000, 0x0000, 0x0000, 0x0000, 0x0000, 0x0000, 0x0000, 0x0000, 0x0000,
  0x0000, 0x0000, 0x0000, 0x0000, 0x0000, 0x0000, 0x0000, 0x0000, 0x0000, 0x0000, 0x0000, 0x0000,
  0x0000, 0x0000, 0x0000, 0x0000, 0x0000, 0x83ED, 0xB510, 0xBD70, 0xC591, 0xC590, 0xC590, 0xC590,
  0xC570, 0xC570, 0xC590, 0xC570, 0xC571, 0xBD51, 0xDE76, 0x2923, 0x0000, 0x0000, 0x0000, 0x0000,
  0x0000, 0x0000, 0x0000, 0x0000, 0x0000, 0x0000, 0x0000, 0x0000, 0x0000, 0x0000, 0x0000, 0x0000,
  0x0000, 0x0000, 0x0000, 0x0000, 0x0000, 0x0000, 0x0000, 0x0000, 0x0000, 0x0000, 0x0000, 0x0000,
  0x0000, 0x0000, 0x0000, 0x0000, 0x0000, 0x0000, 0x0000, 0x0000, 0x0000, 0x0000, 0x0000, 0x0000,
  0x0000, 0x0000, 0x0000, 0x0000, 0x0000, 0x0000, 0x0000, 0x0000, 0x0000, 0x0000, 0x0000, 0x0000,
  0x0000, 0x0000, 0x0000, 0x0000, 0x0000, 0x0000, 0x0000, 0x0000, 0x0000, 0x0000, 0x0000, 0x0000,
  0x0000, 0x0000, 0x0000, 0x0000, 0x0000, 0x0000, 0x0000, 0x0000, 0x0000, 0x0000, 0x0000, 0x0000,
  0x0000, 0x0000, 0x0000, 0x0000, 0x9C6F, 0xBD51, 0xBD50, 0xC570, 0xC570, 0xC570, 0xC590, 0xC570,
  0xC570, 0xC590, 0xC570, 0xC570, 0xB530, 0xDE97, 0x1061, 0x0000, 0x0000, 0x0000, 0x0000, 0x0000,
  0x0000, 0x0000, 0x0000, 0x0000, 0x0000, 0x0000, 0x0000, 0x0000, 0x0000, 0x0000, 0x0000, 0x0000,
  0x0000, 0x0000, 0x0000, 0x0000, 0x0000, 0x0000, 0x0000, 0x0000, 0x0000, 0x0000, 0x0000, 0x0000,
  0x0000, 0x0000, 0x0000, 0x0000, 0x0000, 0x0000, 0x0000, 0x0000, 0x0000, 0x0000, 0x0000, 0x0000,
  0x0000, 0x0000, 0x0000, 0x0000, 0x0000, 0x0000, 0x0000, 0x0000, 0x0000, 0x0000, 0x0000, 0x0000,
  0x0000, 0x0000, 0x0000, 0x0000, 0x0000, 0x0000, 0x0000, 0x0000, 0x0000, 0x0000, 0x0000, 0x0000,
  0x0000, 0x0000, 0x0000, 0x0000, 0x0000, 0x0000, 0x0000, 0x0000, 0x0000, 0x0000, 0x0000, 0x0000,
  0x0000, 0x0000, 0x0840, 0xA4D0, 0xBD71, 0xBD50, 0xBD2F, 0xBD4F, 0xBD50, 0xC570, 0xC570, 0xC570,
  0xC570, 0xC570, 0xBD70, 0xB510, 0xD635, 0x0840, 0x0000, 0x0000, 0x0000, 0x0000, 0x0000, 0x0000,
  0x0000, 0x0000, 0x0000, 0x0000, 0x0000, 0x0000, 0x0000, 0x0000, 0x0000, 0x0000, 0x0000, 0x0000,
  0x0000, 0x0000, 0x0000, 0x0000, 0x0000, 0x0000, 0x0000, 0x0000, 0x0000, 0x0000, 0x0000, 0x0000,
  0x0000, 0x0000, 0x0000, 0x0000, 0x0000, 0x0000, 0x0000, 0x0000, 0x0000, 0x0000, 0x0000, 0x0000,
  0x0000, 0x0000, 0x0000, 0x0000, 0x0000, 0x0000, 0x0000, 0x0000, 0x0000, 0x0000, 0x0000, 0x0000,
  0x0000, 0x0000, 0x0000, 0x0000, 0x0000, 0x0000, 0x0000, 0x0000, 0x0000, 0x0000, 0x0000, 0x0000,
  0x0000, 0x0000, 0x0000, 0x0000, 0x0000, 0x0000, 0x0000, 0x0000, 0x0000, 0x0000, 0x0000, 0x0000,
  0x0000, 0x2103, 0xAD11, 0xC571, 0xBD50, 0xBD2F, 0xBD2F, 0xBD4F, 0xBD4F, 0xBD4F, 0xBD4F, 0xBD4F,
  0xBD4F, 0xBD50, 0xB510, 0xB552, 0x0820, 0x0000, 0x0000, 0x0000, 0x0000, 0x0000, 0x0000, 0x0000,
  0x0000, 0x0000, 0x0000, 0x0000, 0x0000, 0x0000, 0x0000, 0x0000, 0x0000, 0x0000, 0x0000, 0x0000,
  0x0000, 0x0000, 0x0000, 0x0000, 0x0000, 0x0000, 0x0000, 0x0000, 0x0000, 0x0000, 0x0000, 0x0000,
  0x0000, 0x0000, 0x0000, 0x0000, 0x0000, 0x0000, 0x0000, 0x0000, 0x0000, 0x0000, 0x0000, 0x0000,
  0x0000, 0x0000, 0x0000, 0x0000, 0x0000, 0x0000, 0x0000, 0x0000, 0x0000, 0x0000, 0x0000, 0x0000,
  0x0000, 0x0000, 0x0000, 0x0000, 0x0000, 0x0000, 0x0000, 0x0000, 0x0000, 0x0000, 0x0000, 0x0000,
  0x0000, 0x0000, 0x0000, 0x0000, 0x0000, 0x0000, 0x0000, 0x0000, 0x0000, 0x0000, 0x0000, 0x0000,
  0x39A5, 0xACF0, 0xBD50, 0xBD4F, 0xBD50, 0xBD4F, 0xBD4F, 0xBD2F, 0xBD2F, 0xBD2F, 0xBD2F, 0xB52F,
  0xBD30, 0xB510, 0x946F, 0x0020, 0x0000, 0x0000, 0x0000, 0x0000, 0x0000, 0x0000, 0x0000, 0x0000,
  0x0000, 0x0000, 0x0000, 0x0000, 0x0000, 0x0000, 0x0000, 0x0000, 0x0000, 0x0000, 0x0000, 0x0000,
  0x0000, 0x0000, 0x0000, 0x0000, 0x0000, 0x0000, 0x0000, 0x0000, 0x0000, 0x0000, 0x0000, 0x0000,
  0x0000, 0x0000, 0x0000, 0x0000, 0x0000, 0x0000, 0x0000, 0x0000, 0x0000, 0x0000, 0x0000, 0x0000,
  0x0000, 0x0000, 0x0000, 0x0000, 0x0000, 0x0000, 0x0000, 0x0000, 0x0000, 0x0000, 0x0000, 0x0000,
  0x0000, 0x0000, 0x0000, 0x0000, 0x0000, 0x0000, 0x0000, 0x0000, 0x0000, 0x0000, 0x0000, 0x0000,
  0x0000, 0x0000, 0x0000, 0x0000, 0x0000, 0x0000, 0x0000, 0x0000, 0x0000, 0x0000, 0x0000, 0x5247,
  0xA48F, 0xBD30, 0xBD4F, 0xBD2F, 0xBD2F, 0xBD2F, 0xBD2F, 0xB50F, 0xB50F, 0xB50E, 0xB50E, 0xB50F,
  0xB531, 0x734B, 0x0020, 0x0000, 0x0000, 0x0000, 0x0000, 0x0000, 0x0000, 0x0000, 0x0000, 0x0000,
  0x0000, 0x0000, 0x0000, 0x0000, 0x0000, 0x0000, 0x0000, 0x0000, 0x0000, 0x0000, 0x0000, 0x0000,
  0x0000, 0x0000, 0x0000, 0x0000, 0x0000, 0x0000, 0x0000, 0x0000, 0x0000, 0x0000, 0x0000, 0x0000,
  0x0000, 0x0000, 0x0000, 0x0000, 0x0000, 0x0000, 0x0000, 0x0000, 0x0000, 0x0000, 0x0000, 0x0000,
  0x0000, 0x0000, 0x0000, 0x0000, 0x0000, 0x0000, 0x0000, 0x0000, 0x0000, 0x0000, 0x0000, 0x0000,
  0x0000, 0x0000, 0x0000, 0x0000, 0x0000, 0x0000, 0x0000, 0x0000, 0x0000, 0x0000, 0x0000, 0x0000,
  0x0000, 0x0000, 0x0000, 0x0000, 0x0000, 0x0000, 0x0000, 0x0000, 0x0000, 0x0000, 0x62E9, 0xA48E,
  0xB50F, 0xBD2F, 0xBD2F, 0xBD0E, 0xB50E, 0xB50E, 0xB50E, 0xB50E, 0xB50E, 0xB4EE, 0xB50F, 0xC592,
  0x4A47, 0x0000, 0x0000, 0x0000, 0x0000, 0x0000, 0x0000, 0x0000, 0x0000, 0x0000, 0x0000, 0x0000,
  0x0000, 0x0000, 0x0000, 0x0000, 0x0000, 0x0000, 0x0000, 0x0000, 0x0000, 0x0000, 0x0000, 0x0000,
  0x0000, 0x0000, 0x0000, 0x0000, 0x0000, 0x0000, 0x0000, 0x0000, 0x0000, 0x0000, 0x0000, 0x0000,
  0x0000, 0x0000, 0x0000, 0x0000, 0x0000, 0x0000, 0x0000, 0x0000, 0x0000, 0x0000, 0x0000, 0x0000,
  0x0000, 0x0000, 0x0000, 0x0000, 0x0000, 0x0000, 0x0000, 0x0000, 0x0000, 0x0000, 0x0000, 0x0000,
  0x0000, 0x0000, 0x0000, 0x0000, 0x0000, 0x0000, 0x0000, 0x0000, 0x0000, 0x0000, 0x0000, 0x0000,
  0x0000, 0x0000, 0x0000, 0x0000, 0x0000, 0x0000, 0x0000, 0x0000, 0x0000, 0x7B8C, 0xA48E, 0xACCE,
  0xB50E, 0xB50E, 0xB50E, 0xB50E, 0xB4EE, 0xB4EE, 0xB50E, 0xB4EE, 0xB4EE, 0xB4EF, 0xCDD3, 0x3164,
  0x0000, 0x0000, 0x0000, 0x0000, 0x0000, 0x0000, 0x0000, 0x0000, 0x0000, 0x0000, 0x0000, 0x0000,
  0x0000, 0x0000, 0x0000, 0x0000, 0x0000, 0x0000, 0x0000, 0x0000, 0x0000, 0x0000, 0x0000, 0x0000,
  0x0000, 0x0000, 0x0000, 0x0000, 0x0000, 0x0000, 0x0000, 0x0000, 0x0000, 0x0000, 0x0000, 0x0000,
  0x0000, 0x0000, 0x0000, 0x0000, 0x0000, 0x0000, 0x0000, 0x0000, 0x0000, 0x0000, 0x0000, 0x0000,
  0x0000, 0x0000, 0x0000, 0x0000, 0x0000, 0x0000, 0x0000, 0x0000, 0x0000, 0x0000, 0x0000, 0x0000,
  0x0000, 0x0000, 0x0000, 0x0000, 0x0000, 0x0000, 0x0000, 0x0000, 0x0000, 0x0000, 0x0000, 0x0000,
  0x0000, 0x0000, 0x0000, 0x0000, 0x0000, 0x0000, 0x0000, 0x0000, 0x8BED, 0xA4AF, 0xACCE, 0xB4CD,
  0xB4EE, 0xB4EE, 0xACED, 0xACCD, 0xB4EE, 0xB4EE, 0xB4EE, 0xB4EE, 0xACEF, 0xD634, 0x20E2, 0x0000,
  0x0000, 0x0000, 0x0000, 0x0000, 0x0000, 0x0000, 0x0000, 0x0000, 0x0000, 0x0000, 0x0000, 0x0000,
  0x0000, 0x0000, 0x0000, 0x0000, 0x0000, 0x0000, 0x0000, 0x0000, 0x0000, 0x0000, 0x0000, 0x0000,
  0x0000, 0x0000, 0x0000, 0x0000, 0x0000, 0x0000, 0x0000, 0x0000, 0x0000, 0x0000, 0x0000, 0x0000,
  0x0000, 0x0000, 0x0000, 0x0000, 0x0000, 0x0000, 0x0000, 0x0000, 0x0000, 0x0000, 0x0000, 0x0000,
  0x0000, 0x0000, 0x0000, 0x0000, 0x0000, 0x0000, 0x0000, 0x0000, 0x0000, 0x0000, 0x0000, 0x0000,
  0x0000, 0x0000, 0x0000, 0x0000, 0x0000, 0x0000, 0x0000, 0x0000, 0x0000, 0x0000, 0x0000, 0x0000,
  0x0000, 0x0000, 0x0000, 0x0000, 0x0000, 0x0000, 0x0000, 0x8C0D, 0xACCE, 0xACAD, 0xB4CD, 0xB4CD,
  0xB4CD, 0xB4CD, 0xB4EE, 0xB4EE, 0xB4CE, 0xB4EE, 0xB4EE, 0xACCE, 0xDE76, 0x1081, 0x0000, 0x0000,
  0x0000, 0x0000, 0x0000, 0x0000, 0x0000, 0x0000, 0x0000, 0x0000, 0x0000, 0x0000, 0x0000, 0x0000,
  0x0000, 0x0000, 0x0000, 0x0000, 0x0000, 0x0000, 0x0000, 0x0000, 0x0000, 0x0000, 0x0000, 0x0000,
  0x0000, 0x0000, 0x0000, 0x0000, 0x0000, 0x0000, 0x0000, 0x0000, 0x0000, 0x0000, 0x0000, 0x0000,
  0x0000, 0x0000, 0x0000, 0x0000, 0x0000, 0x0000, 0x0000, 0x0000, 0x0000, 0x0000, 0x0000, 0x0000,
  0x0000, 0x0000, 0x0000, 0x0000, 0x0000, 0x0000, 0x0000, 0x0000, 0x0000, 0x0000, 0x0000, 0x0000,
  0x0000, 0x0000, 0x0000, 0x0000, 0x0000, 0x0000, 0x0000, 0x0000, 0x0000, 0x0000, 0x0000, 0x0000,
  0x0000, 0x0000, 0x0000, 0x0000, 0x0000, 0x1081, 0x942D, 0xACCE, 0xACAD, 0xACCD, 0xACCD, 0xACCD,
  0xB4CD, 0xB4CE, 0xB4CE, 0xB4CE, 0xACEE, 0xB4EE, 0xACCF, 0xD635, 0x0861, 0x0000, 0x0000, 0x0000,
  0x0000, 0x0000, 0x0000, 0x0000, 0x0000, 0x0000, 0x0000, 0x0000, 0x0000, 0x0000, 0x0000, 0x0000,
  0x0000, 0x0000, 0x0000, 0x0000, 0x0000, 0x0000, 0x0000, 0x0000, 0x0000, 0x0000, 0x0000, 0x0000,
  0x0000, 0x0000, 0x0000, 0x0000, 0x0000, 0x0000, 0x0000, 0x0000, 0x0000, 0x0000, 0x0000, 0x0000,
  0x0000, 0x0000, 0x0000, 0x0000, 0x0000, 0x0000, 0x0000, 0x0000, 0x0000, 0x0000, 0x0000, 0x0000,
  0x0000, 0x0000, 0x0000, 0x0000, 0x0000, 0x0000, 0x0000, 0x0000, 0x0000, 0x0000, 0x0000, 0x0000,
  0x0000, 0x0000, 0x0000, 0x0000, 0x0000, 0x0000, 0x0000, 0x0000, 0x0000, 0x0000, 0x0000, 0x0000,
  0x0000, 0x0000, 0x0000, 0x0000, 0x2923, 0x942D, 0xA4AD, 0xACAD, 0xACAD, 0xACCD, 0xACCD, 0xACCD,
  0xACCE, 0xB4EE, 0xB4EE, 0xACCE, 0xB4EF, 0xACEF, 0xC5B3, 0x0840, 0x0000, 0x0000, 0x0000, 0x0000,
  0x0000, 0x0000, 0x0000, 0x0000, 0x0000, 0x0000, 0x0000, 0x0000, 0x0000, 0x0000, 0x0000, 0x0000,
  0x0000, 0x0000, 0x0000, 0x0000, 0x0000, 0x0000, 0x0000, 0x0000, 0x0000, 0x0000, 0x0000, 0x0000,
  0x0000, 0x0000, 0x0000, 0x0000, 0x0000, 0x0000, 0x0000, 0x0000, 0x0000, 0x0000, 0x0000, 0x0000,
  0x0000, 0x0000, 0x0000, 0x0000, 0x0000, 0x0000, 0x0000, 0x0000, 0x0000, 0x0000, 0x0000, 0x0000,
  0x0000, 0x0000, 0x0000, 0x0000, 0x0000, 0x0000, 0x0000, 0x0000, 0x0000, 0x0000, 0x0000, 0x0000,
  0x0000, 0x0000, 0x0000, 0x0000, 0x0000, 0x0000, 0x0000, 0x0000, 0x0000, 0x0000, 0x0000, 0x0000,
  0x0000, 0x0000, 0x0000, 0x39C5, 0x8BEC, 0xA48D, 0xA4AD, 0xACAD, 0xACAD, 0xACCD, 0xACCE, 0xACCD,
  0xB4CE, 0xB4CE, 0xACCE, 0xB4EF, 0xB510, 0xACF0, 0x0820, 0x0000, 0x0000, 0x0000, 0x0000, 0x0000,
  0x0000, 0x0000, 0x0000, 0x0000, 0x0000, 0x0000, 0x0000, 0x0000, 0x0000, 0x0000, 0x0000, 0x0000,
  0x0000, 0x0000, 0x0000, 0x0000, 0x0000, 0x0000, 0x0000, 0x0000, 0x0000, 0x0000, 0x0000, 0x0000,
  0x0000, 0x0000, 0x0000, 0x0000, 0x0000, 0x0000, 0x0000, 0x0000, 0x0000, 0x0000, 0x0000, 0x0000,
  0x0000, 0x0000, 0x0000, 0x0000, 0x0000, 0x0000, 0x0000, 0x0000, 0x0000, 0x0000, 0x0000, 0x0000,
  0x0000, 0x0000, 0x0000, 0x0000, 0x0000, 0x0000, 0x0000, 0x0000, 0x0000, 0x0000, 0x0000, 0x0000,
  0x0000, 0x0000, 0x0000, 0x0000, 0x0000, 0x0000, 0x0000, 0x0000, 0x0000, 0x0000, 0x0000, 0x0000,
  0x0000, 0x0000, 0x5288, 0x8BEC, 0x9C6C, 0xA48D, 0xACAD, 0xACAD, 0xACAD, 0xACCD, 0xACAD, 0xACCD,
  0xACCE, 0xACCE, 0xACCE, 0xBD51, 0x944E, 0x0020, 0x0000, 0x0000, 0x0000, 0x0000, 0x0000, 0x0000,
  0x0000, 0x0000, 0x0000, 0x0000, 0x0000, 0x0000, 0x0000, 0x0000, 0x0000, 0x0000, 0x0000, 0x0000,
  0x0000, 0x0000, 0x0000, 0x0000, 0x0000, 0x0000, 0x0000, 0x0000, 0x0000, 0x0000, 0x0000, 0x0000,
  0x0000, 0x0000, 0x0000, 0x0000, 0x0000, 0x0000, 0x0000, 0x0000, 0x0000, 0x0000, 0x0000, 0x0000,
  0x0000, 0x0000, 0x0000, 0x0000, 0x0000, 0x0000, 0x0000, 0x0000, 0x0000, 0x0000, 0x0000, 0x0000,
  0x0000, 0x0000, 0x0000, 0x0000, 0x0000, 0x0000, 0x0000, 0x0000, 0x0000, 0x0000, 0x0000, 0x0000,
  0x0000, 0x0000, 0x0000, 0x0000, 0x0000, 0x0000, 0x0000, 0x0000, 0x0000, 0x0000, 0x0000, 0x0000,
  0x0000, 0x734B, 0x944D, 0x9C6C, 0xAC8D, 0xACAD, 0xACAD, 0xACAD, 0xACCD, 0xACAD, 0xAC8D, 0xACAD,
  0xA48D, 0xA4AE, 0xC591, 0x8C0D, 0x0020, 0x0000, 0x0000, 0x0000, 0x0000, 0x0000, 0x0000, 0x0000,
  0x0000, 0x0000, 0x0000, 0x0000, 0x0000, 0x0000, 0x0000, 0x0000, 0x0000, 0x0000, 0x0000, 0x0000,
  0x0000, 0x0000, 0x0000, 0x0000, 0x0000, 0x0000, 0x0000, 0x0000, 0x0000, 0x0000, 0x0000, 0x0000,
  0x0000, 0x0000, 0x0000, 0x0000, 0x0000, 0x0000, 0x0000, 0x0000, 0x0000, 0x0000, 0x0000, 0x0000,
  0x0000, 0x0000, 0x0000, 0x0000, 0x0000, 0x0000, 0x0000, 0x0000, 0x0000, 0x0000, 0x0000, 0x0000,
  0x0000, 0x0000, 0x0000, 0x0000, 0x0000, 0x0000, 0x0000, 0x0000, 0x0000, 0x0000, 0x0000, 0x0000,
  0x0000, 0x0000, 0x0000, 0x0000, 0x0000, 0x0000, 0x0000, 0x0000, 0x0000, 0x0000, 0x0000, 0x0000,
  0x83CD, 0x9C6D, 0x9C4C, 0xA46C, 0xA48C, 0xAC8D, 0xA48D, 0xA48D, 0xA48D, 0xA48C, 0xA46C, 0xA46C,
  0x9C6D, 0xCDB2, 0x8C0D, 0x0020, 0x0000, 0x0000, 0x0000, 0x0000, 0x0000, 0x0000, 0x0000, 0x0000,
  0x0000, 0x0000, 0x0000, 0x0000, 0x0000, 0x0000, 0x0000, 0x0000, 0x0000, 0x0000, 0x0000, 0x0000,
  0x0000, 0x0000, 0x0000, 0x0000, 0x0000, 0x0000, 0x0000, 0x0000, 0x0000, 0x0000, 0x0000, 0x0000,
  0x0000, 0x0000, 0x0000, 0x0000, 0x0000, 0x0000, 0x0000, 0x0000, 0x0000, 0x0000, 0x0000, 0x0000,
  0x0000, 0x0000, 0x0000, 0x0000, 0x0000, 0x0000, 0x0000, 0x0000, 0x0000, 0x0000, 0x0000, 0x0000,
  0x0000, 0x0000, 0x0000, 0x0000, 0x0000, 0x0000, 0x0000, 0x0000, 0x0000, 0x0000, 0x0000, 0x0000,
  0x0000, 0x0000, 0x0000, 0x0000, 0x0000, 0x0000, 0x0000, 0x0000, 0x0000, 0x0000, 0x0000, 0x8C0D,
  0xA48E, 0x9C4C, 0xA46C, 0xA46C, 0xA46C, 0xA48C, 0xA46C, 0xA46C, 0xA46C, 0xA44C, 0x9C4C, 0x9C4C,
  0xCDB2, 0x944E, 0x0820, 0x0000, 0x0000, 0x0000, 0x0000, 0x0000, 0x0000, 0x0000, 0x0000, 0x0000,
  0x0000, 0x0000, 0x0000, 0x0000, 0x0000, 0x0000, 0x0000, 0x0000, 0x0000, 0x0000, 0x0000, 0x0000,
  0x0000, 0x0000, 0x0000, 0x0000, 0x0000, 0x0000, 0x0000, 0x0000, 0x0000, 0x0000, 0x0000, 0x0000,
  0x0000, 0x0000, 0x0000, 0x0000, 0x0000, 0x0000, 0x0000, 0x0000, 0x0000, 0x0000, 0x0000, 0x0000,
  0x0000, 0x0000, 0x0000, 0x0000, 0x0000, 0x0000, 0x0000, 0x0000, 0x0000, 0x0000, 0x0000, 0x0000,
  0x0000, 0x0000, 0x0000, 0x0000, 0x0000, 0x0000, 0x0000, 0x0000, 0x0000, 0x0000, 0x0000, 0x0000,
  0x0000, 0x0000, 0x0000, 0x0000, 0x0000, 0x0000, 0x0000, 0x0000, 0x0000, 0x0840, 0x944E, 0xA48E,
  0x9C4C, 0x9C4C, 0xA46C, 0xA46C, 0xA46C, 0xA46C, 0xA46C, 0xA44C, 0x9C4B, 0x9C2B, 0x942B, 0xCDB2,
  0x942D, 0x0020, 0x0000, 0x0000, 0x0000, 0x0000, 0x0000, 0x0000, 0x0000, 0x0000, 0x0000, 0x0000,
  0x0000, 0x0000, 0x0000, 0x0000, 0x0000, 0x0000, 0x0000, 0x0000, 0x0000, 0x0000, 0x0000, 0x0000,
  0x0000, 0x0000, 0x0000, 0x0000, 0x0000, 0x0000, 0x0000, 0x0000, 0x0000, 0x0000, 0x0000, 0x0000,
  0x0000, 0x0000, 0x0000, 0x0000, 0x0000, 0x0000, 0x0000, 0x0000, 0x0000, 0x0000, 0x0000, 0x0000,
  0x0000, 0x0000, 0x0000, 0x0000, 0x0000, 0x0000, 0x0000, 0x0000, 0x0000, 0x0000, 0x0000, 0x0000,
  0x0000, 0x0000, 0x0000, 0x0000, 0x0000, 0x0000, 0x0000, 0x0000, 0x0000, 0x0000, 0x0000, 0x0000,
  0x0000, 0x0000, 0x0000, 0x0000, 0x0000, 0x0000, 0x0000, 0x0000, 0x2103, 0x9C6E, 0xA46D, 0x9C2B,
  0x9C4B, 0x9C4B, 0x9C4B, 0x9C4B, 0x9C4C, 0x9C4C, 0x9C4B, 0x9C2B, 0x9C2B, 0x940B, 0xCDB1, 0x942D,
  0x1081, 0x0820, 0x0020, 0x0020, 0x0020, 0x0020, 0x0020, 0x0020, 0x0020, 0x0020, 0x0020, 0x0020,
  0x0020, 0x0020, 0x0020, 0x0020, 0x0020, 0x0020, 0x0020, 0x0020, 0x0020, 0x0020, 0x0020, 0x0020,
  0x0020, 0x0020, 0x0020, 0x0020, 0x0020, 0x0020, 0x0020, 0x0020, 0x0020, 0x0000, 0x0000, 0x0000,
  0x0000, 0x0000, 0x0000, 0x0000, 0x0000, 0x0000, 0x0000, 0x0000, 0x0000, 0x0000, 0x0000, 0x0000,
  0x0000, 0x0000, 0x0000, 0x0000, 0x0000, 0x0000, 0x0000, 0x0000, 0x0000, 0x0000, 0x0000, 0x0000,
  0x0000, 0x0000, 0x0000, 0x0000, 0x0000, 0x0000, 0x0000, 0x0000, 0x0000, 0x0000, 0x0000, 0x0000,
  0x0000, 0x0000, 0x0000, 0x0000, 0x0000, 0x0000, 0x0000, 0x39C5, 0x944E, 0x9C6D, 0x9C2B, 0x9C4B,
  0x9C2B, 0x9C2B, 0x9C2B, 0x9C0B, 0x9C0B, 0x9C2B, 0x9C2B, 0x9C2B, 0x940B, 0xC570, 0xB510, 0x7B8B,
  0x6B2A, 0x6B2B, 0x6B2B, 0x6B2B, 0x6B2B, 0x6B2B, 0x6B2B, 0x6B4B, 0x6B2B, 0x6B4B, 0x6B4B, 0x6B4B,
  0x6B2B, 0x6B2B, 0x6B2B, 0x6B2B, 0x6B2B, 0x6B2B, 0x6B4B, 0x6B4B, 0x6B2B, 0x6B2B, 0x6B4B, 0x6B2B,
  0x6B2B, 0x6B4B, 0x6B2B, 0x6B2B, 0x6B4B, 0x6B4B, 0x6B2B, 0x5AEA, 0x39C6, 0x18E3, 0x0840, 0x0020,
  0x0000, 0x0000, 0x0000, 0x0000, 0x0000, 0x0000, 0x0000, 0x0000, 0x0000, 0x0000, 0x0000, 0x0000,
  0x0000, 0x0000, 0x0000, 0x0000, 0x0000, 0x0000, 0x0000, 0x0000, 0x0000, 0x0000, 0x0000, 0x0000,
  0x0000, 0x0000, 0x0000, 0x0000, 0x0000, 0x0000, 0x0000, 0x0000, 0x0000, 0x0000, 0x0000, 0x0000,
  0x0000, 0x0000, 0x0000, 0x0000, 0x0000, 0x0000, 0x5A88, 0x942D, 0x9C2C, 0x9C2B, 0x9C4B, 0x9C2B,
  0x9C2B, 0x9C0B, 0x9C0B, 0x9C0B, 0x9C0B, 0x9C2B, 0x9C2B, 0x940B, 0xA4AD, 0xBD50, 0xCDF3, 0xD634,
  0xD635, 0xD635, 0xD635, 0xD635, 0xD635, 0xD635, 0xD655, 0xD655, 0xD655, 0xD635, 0xD655, 0xD655,
  0xD635, 0xD635, 0xD635, 0xD635, 0xD655, 0xD655, 0xD635, 0xD635, 0xD656, 0xD655, 0xD635, 0xD635,
  0xD655, 0xD655, 0xDE76, 0xDE76, 0xE6B7, 0xE6D7, 0xDE97, 0xB573, 0x9470, 0x736C, 0x62EB, 0x2965,
  0x0841, 0x0000, 0x0000, 0x0000, 0x0000, 0x0000, 0x0000, 0x0000, 0x0000, 0x0000, 0x0000, 0x0000,
  0x0000, 0x0000, 0x0000, 0x0000, 0x0000, 0x0000, 0x0000, 0x0000, 0x0000, 0x0000, 0x0000, 0x0000,
  0x0000, 0x0000, 0x0000, 0x0000, 0x0000, 0x0000, 0x0000, 0x0000, 0x0000, 0x0000, 0x0000, 0x0000,
  0x0000, 0x0000, 0x0000, 0x0000, 0x0000, 0x6B2A, 0x8C0C, 0x940B, 0x9C0B, 0x9C2B, 0x940B, 0x9C0B,
  0x940B, 0x9C0B, 0x9C2B, 0x9C0B, 0x9C2B, 0x9C2B, 0x9C2B, 0x9C4C, 0xA46D, 0xA4AE, 0xACAE, 0xACCF,
  0xACEF, 0xB4EF, 0xACEF, 0xACCF, 0xACCF, 0xACCF, 0xACCE, 0xACAE, 0xACAE, 0xA4AE, 0xA4AE, 0xACCF,
  0xACCF, 0xACCF, 0xACCF, 0xACCF, 0xACCF, 0xACEF, 0xACEF, 0xB50F, 0xB4EF, 0xACCE, 0xACEF, 0xB4EF,
  0xB4EF, 0xACEF, 0xB50F, 0xB530, 0xBD51, 0xBD51, 0xBD92, 0xCDF4, 0xE697, 0xE6D8, 0xAD32, 0x736C,
  0x4207, 0x0841, 0x0000, 0x0000, 0x0000, 0x0000, 0x0000, 0x0000, 0x0000, 0x0000, 0x0000, 0x0000,
  0x0000, 0x0000, 0x0000, 0x0000, 0x0000, 0x0000, 0x0000, 0x0000, 0x0000, 0x0000, 0x0000, 0x0000,
  0x0000, 0x0000, 0x0000, 0x0000, 0x0000, 0x0000, 0x0000, 0x0000, 0x0000, 0x0000, 0x0000, 0x0000,
  0x0000, 0x0000, 0x0000, 0x0000, 0x736B, 0x8BEC, 0x8BEB, 0x93EA, 0x93EA, 0x93EA, 0x940B, 0x940B,
  0x940B, 0x9C2B, 0x9C2B, 0x9C4B, 0x9C0B, 0x9C0B, 0x9C2B, 0x9C2C, 0x9C2C, 0x942B, 0x9C2C, 0x9C4C,
  0x9C4C, 0x9C4C, 0x9C4C, 0x942B, 0x9C0B, 0x942B, 0x940B, 0x940B, 0x940B, 0x940B, 0x9C2C, 0x942B,
  0x9C2C, 0x9C4C, 0x9C4C, 0x9C4C, 0xA46C, 0x9C6C, 0xA46C, 0x9C4C, 0x9C4C, 0x9C6C, 0x9C6C, 0x9C6C,
  0x9C6C, 0x9C4C, 0xA46D, 0xA48D, 0x9C6D, 0x9C6D, 0xA4AE, 0xB530, 0xBD72, 0xCDD4, 0xE697, 0xC5D5,
  0x738C, 0x3185, 0x0840, 0x0000, 0x0000, 0x0000, 0x0000, 0x0000, 0x0000, 0x0000, 0x0000, 0x0000,
  0x0000, 0x0000, 0x0000, 0x0000, 0x0000, 0x0000, 0x0000, 0x0000, 0x0000, 0x0000, 0x0000, 0x0000,
  0x0000, 0x0000, 0x0000, 0x0000, 0x0000, 0x0000, 0x0000, 0x0000, 0x0000, 0x0000, 0x0000, 0x0000,
  0x0000, 0x0000, 0x0000, 0x83CC, 0x8BEB, 0x8BCA, 0x93EA, 0x93EA, 0x93EA, 0x940B, 0x93EA, 0x940B,
  0x9C2B, 0x9C0B, 0x9C0B, 0x940B, 0x940B, 0x9C0B, 0x9C2B, 0x9C2B, 0x940B, 0x940B, 0x9C0B, 0x9C0B,
  0x940B, 0x940B, 0x940B, 0x9C0B, 0x9C2B, 0x940B, 0x940B, 0x9C2B, 0x940B, 0x9C2B, 0x9C2B, 0x9C0B,
  0x9C2B, 0x9C2B, 0x9C2B, 0x9C4C, 0x9C2B, 0x9C2B, 0x9C2B, 0x9C2B, 0x9C4C, 0x9C4C, 0x9C4C, 0xA44C,
  0x9C4C, 0xA44C, 0xA46C, 0xA44C, 0x9C6C, 0xA46C, 0xA46C, 0x9C6D, 0xA4AE, 0xB530, 0xC5D3, 0xE6B7,
  0xB594, 0x5AEA, 0x0861, 0x0000, 0x0000, 0x0000, 0x0000, 0x0000, 0x0000, 0x0000, 0x0000, 0x0000,
  0x0000, 0x0000, 0x0000, 0x0000, 0x0000, 0x0000, 0x0000, 0x0000, 0x0000, 0x0000, 0x0000, 0x0000,
  0x0000, 0x0000, 0x0000, 0x0000, 0x0000, 0x0000, 0x0000, 0x0000, 0x0000, 0x0000, 0x0000, 0x0000,
  0x0000, 0x0820, 0x8BEC, 0x8BEB, 0x8BCA, 0x93EA, 0x940B, 0x940B, 0x93EA, 0x940B, 0x940B, 0x940B,
  0x940B, 0x940B, 0x940B, 0x9C0B, 0x940B, 0x940B, 0x940B, 0x940B, 0x940B, 0x93EB, 0x940B, 0x940B,
  0x93EB, 0x93EB, 0x93EA, 0x940B, 0x940A, 0x940A, 0x9C2B, 0x940B, 0x9C0B, 0x940B, 0x940B, 0x9C2B,
  0x9C0B, 0x940B, 0x9C2B, 0x9C0B, 0x9C2B, 0x9C2B, 0x9C0B, 0x9C2B, 0x9C2B, 0x9C2B, 0x9C4B, 0x9C4B,
  0x9C4B, 0xA44C, 0x9C4B, 0xA46C, 0xA46C, 0xA46C, 0xA44C, 0x9C6C, 0x9C6C, 0xA48E, 0xBD51, 0xD655,
  0xD677, 0x736C, 0x0861, 0x0000, 0x0000, 0x0000, 0x0000, 0x0000, 0x0000, 0x0000, 0x0000, 0x0000,
  0x0000, 0x0000, 0x0000, 0x0000, 0x0000, 0x0000, 0x0000, 0x0000, 0x0000, 0x0000, 0x0000, 0x0000,
  0x0000, 0x0000, 0x0000, 0x0000, 0x0000, 0x0000, 0x0000, 0x0000, 0x0000, 0x0000, 0x0000, 0x0000,
  0x18A2, 0x8C0C, 0x940B, 0x8BEA, 0x940A, 0x940B, 0x940A, 0x93EA, 0x940A, 0x940B, 0x93EA, 0x9C0B,
  0x9C0B, 0x940A, 0x940A, 0x940B, 0x93EA, 0x940B, 0x940B, 0x940B, 0x93EA, 0x93EA, 0x93EA, 0x93EA,
  0x93EA, 0x93EA, 0x93EA, 0x940B, 0x940B, 0x940B, 0x940B, 0x940B, 0x940B, 0x940B, 0x940B, 0x9C0B,
  0x940B, 0x940B, 0x940B, 0x9C0B, 0x940B, 0x940B, 0x940B, 0x9C0B, 0x9C2B, 0x940B, 0x9C0B, 0x9C0B,
  0x9C2B, 0x9C0B, 0x9C4B, 0x9C4B, 0xA46C, 0xA44C, 0x9C2B, 0x9C2B, 0x9C4C, 0x9C6C, 0xACCE, 0xC592,
  0xDEB7, 0x738C, 0x0861, 0x0000, 0x0000, 0x0000, 0x0000, 0x0000, 0x0000, 0x0000, 0x0000, 0x0000,
  0x0000, 0x0000, 0x0000, 0x0000, 0x0000, 0x0000, 0x0000, 0x0000, 0x0000, 0x0000, 0x0000, 0x0000,
  0x0000, 0x0000, 0x0000, 0x0000, 0x0000, 0x0000, 0x0000, 0x0000, 0x0000, 0x0000, 0x0000, 0x2943,
  0x940C, 0x940B, 0x93EB, 0x940B, 0x940B, 0x940A, 0x940A, 0x93EA, 0x940B, 0x93EA, 0x940B, 0x940B,
  0x93EA, 0x93EA, 0x93EA, 0x93EA, 0x93EA, 0x93EA, 0x93EA, 0x93EA, 0x93EA, 0x93EA, 0x93EA, 0x93EA,
  0x93EA, 0x93EA, 0x93EA, 0x93EA, 0x93EA, 0x93EA, 0x940B, 0x93EA, 0x93EA, 0x940B, 0x940B, 0x940B,
  0x940B, 0x940B, 0x940B, 0x940B, 0x940A, 0x940B, 0x940B, 0x940B, 0x93EA, 0x940B, 0x93EA, 0x940B,
  0x940B, 0x940B, 0x9C0B, 0x9C0B, 0x9C2B, 0x9C2B, 0x9C0B, 0x9C2B, 0x9C2B, 0x940B, 0x9C4D, 0xB551,
  0xDE97, 0x736C, 0x0861, 0x0000, 0x0000, 0x0000, 0x0000, 0x0000, 0x0000, 0x0000, 0x0000, 0x0000,
  0x0000, 0x0000, 0x0000, 0x0000, 0x0000, 0x0000, 0x0000, 0x0000, 0x0000, 0x0000, 0x0000, 0x0000,
  0x0000, 0x0000, 0x0000, 0x0000, 0x0000, 0x0000, 0x0000, 0x0000, 0x0000, 0x0000, 0x41C5, 0x8BEC,
  0x940B, 0x940B, 0x940B, 0x940B, 0x940B, 0x93EA, 0x93EA, 0x93EA, 0x93EA, 0x93EA, 0x93EA, 0x93EA,
  0x93EA, 0x93EA, 0x93EA, 0x8BCA, 0x93EA, 0x93EA, 0x93CA, 0x8BCA, 0x8BCA, 0x93CA, 0x93EA, 0x8BCA,
  0x93EA, 0x93EA, 0x93EA, 0x93EA, 0x93EA, 0x93EA, 0x93EA, 0x93EA, 0x93EA, 0x940B, 0x940B, 0x940B,
  0x940B, 0x940B, 0x940B, 0x93EA, 0x93EA, 0x93EA, 0x940B, 0x93EA, 0x93EA, 0x93EA, 0x93EA, 0x93EA,
  0x93EA, 0x93EA, 0x940A, 0x940A, 0x940A, 0x940B, 0x93EA, 0x93EA, 0x93EA, 0x93EB, 0x942C, 0xB551,
  0xDE97, 0x630B, 0x0840, 0x0000, 0x0000, 0x0000, 0x0000, 0x0000, 0x0000, 0x0000, 0x0000, 0x0000,
  0x0000, 0x0000, 0x0000, 0x0000, 0x0000, 0x0000, 0x0000, 0x0000, 0x0000, 0x0000, 0x0000, 0x0000,
  0x0000, 0x0000, 0x0000, 0x0000, 0x0000, 0x0000, 0x0000, 0x0000, 0x0000, 0x5267, 0x83CB, 0x8BEB,
  0x940B, 0x93EA, 0x93EA, 0x93EA, 0x93EA, 0x93EA, 0x93EA, 0x93EA, 0x940B, 0x940B, 0x93EA, 0x93EA,
  0x93EA, 0x93EA, 0x93EA, 0x93EA, 0x93CA, 0x93CA, 0x93CA, 0x8BCA, 0x93CA, 0x93CA, 0x8BCA, 0x93EA,
  0x93EA, 0x93EA, 0x93EA, 0x93EA, 0x93EA, 0x93EA, 0x93EA, 0x93EA, 0x940B, 0x940B, 0x940B, 0x940B,
  0x940B, 0x93EA, 0x93EA, 0x93EA, 0x93EA, 0x93EA, 0x93EA, 0x93EA, 0x940B, 0x940B, 0x93EB, 0x940B,
  0x93EA, 0x93EA, 0x940A, 0x940A, 0x940B, 0x93EA, 0x93EA, 0x93EA, 0x940B, 0x93EB, 0x942C, 0xC592,
  0xDE97, 0x4227, 0x0000, 0x0000, 0x0000, 0x0000, 0x0000, 0x0000, 0x0000, 0x0000, 0x0000, 0x0000,
  0x0000, 0x0000, 0x0000, 0x0000, 0x0000, 0x0000, 0x0000, 0x0000, 0x0000, 0x0000, 0x0000, 0x0000,
  0x0000, 0x0000, 0x0000, 0x0000, 0x0000, 0x0000, 0x0000, 0x0000, 0x62C9, 0x83CB, 0x8BCA, 0x8BEA,
  0x8BCA, 0x8BCA, 0x8BCA, 0x93EA, 0x93EA, 0x93EA, 0x93EA, 0x93EA, 0x93EA, 0x8BCA, 0x8BCA, 0x93CA,
  0x93CA, 0x93EA, 0x93CA, 0x93CA, 0x8BCA, 0x8BCA, 0x93CA, 0x93CA, 0x8BCA, 0x8BCA, 0x8BCA, 0x93EA,
  0x940B, 0x93EA, 0x93EA, 0x93EA, 0x93EA, 0x93EB, 0x93EB, 0x940B, 0x940B, 0x940A, 0x93EA, 0x940A,
  0x9C0A, 0x940B, 0x93EA, 0x93EA, 0x93EA, 0x940B, 0x940B, 0x940B, 0x940B, 0x940B, 0x9C0B, 0x9C0B,
  0x940B, 0x93EA, 0x940B, 0x93EA, 0x93EA, 0x93EA, 0x93EA, 0x93EB, 0x93EB, 0x93EB, 0x9C4D, 0xDE76,
  0xBDB4, 0x1081, 0x0000, 0x0000, 0x0000, 0x0000, 0x0000, 0x0000, 0x0000, 0x0000, 0x0000, 0x0000,
  0x0000, 0x0000, 0x0000, 0x0000, 0x0000, 0x0000, 0x0000, 0x0000, 0x0000, 0x0000, 0x0000, 0x0000,
  0x0000, 0x0000, 0x0000, 0x0000, 0x0000, 0x0000, 0x0000, 0x734A, 0x8BEB, 0x8BCA, 0x8BCA, 0x8BCA,
  0x8BCA, 0x8BCA, 0x8BCA, 0x8BCA, 0x93CA, 0x93CA, 0x93CA, 0x93CA, 0x8BCA, 0x8BAA, 0x8BCA, 0x93CA,
  0x93CA, 0x93CA, 0x93CA, 0x93CA, 0x8BAA, 0x93CA, 0x8BCA, 0x8BAA, 0x8BCA, 0x8BCA, 0x93CA, 0x93EA,
  0x93EA, 0x93EA, 0x940B, 0x93EA, 0x93EB, 0x93EA, 0x93EA, 0x940B, 0x93EA, 0x93EA, 0x940A, 0x940A,
  0x940B, 0x93CA, 0x93EA, 0x93EA, 0x940B, 0x940B, 0x940B, 0x940B, 0x93EA, 0x940B, 0x9C0B, 0x93EB,
  0x93EA, 0x93EA, 0x93CA, 0x8BCA, 0x8BCA, 0x8BCA, 0x93CA, 0x8BCA, 0x93EB, 0x8BEB, 0xACCF, 0xEF19,
  0x630A, 0x0000, 0x0000, 0x0000, 0x0000, 0x0000, 0x0000, 0x0000, 0x0000, 0x0000, 0x0000, 0x0000,
  0x0000, 0x0000, 0x0000, 0x0000, 0x0000, 0x0000, 0x0000, 0x0000, 0x0000, 0x0000, 0x0000, 0x0000,
  0x0000, 0x0000, 0x0000, 0x0000, 0x0000, 0x0000, 0x734A, 0x8BEB, 0x8BEA, 0x93CA, 0x93CA, 0x8BCA,
  0x8BCA, 0x8BAA, 0x8BAA, 0x8BCA, 0x8BA9, 0x93CA, 0x93CA, 0x93CA, 0x93CA, 0x8BCA, 0x8BCA, 0x8BCA,
  0x8BCA, 0x93CA, 0x93CA, 0x8BAA, 0x8BAA, 0x8BAA, 0x8BAA, 0x8BAA, 0x8BCA, 0x93CA, 0x93CA, 0x93EA,
  0x93EA, 0x93EA, 0x93EA, 0x940B, 0x93EA, 0x93EA, 0x93EA, 0x93EA, 0x93EA, 0x93EA, 0x93EA, 0x93EA,
  0x93CA, 0x93EA, 0x93EA, 0x93EA, 0x93EA, 0x93EA, 0x93EA, 0x93EA, 0x93CA, 0x93EA, 0x93CA, 0x93CA,
  0x93CA, 0x8BCA, 0x8BCA, 0x8BAA, 0x8BCA, 0x8BCA, 0x8BAA, 0x8BCA, 0x8BCA, 0x8BCB, 0xCDF3, 0xD676,
  0x1081, 0x0000, 0x0000, 0x0000, 0x0000, 0x0000, 0x0000, 0x0000, 0x0000, 0x0000, 0x0000, 0x0000,
  0x0000, 0x0000, 0x0000, 0x0000, 0x0000, 0x0000, 0x0000, 0x0000, 0x0000, 0x0000, 0x0000, 0x0000,
  0x0000, 0x0000, 0x0000, 0x0000, 0x0000, 0x6B2A, 0x8BEC, 0x8BEB, 0x8BEB, 0x8BEB, 0x8BEB, 0x8BCB,
  0x8BCA, 0x8BAA, 0x8BCA, 0x8BAA, 0x8BAA, 0x8BAA, 0x8BAA, 0x93EB, 0x93EB, 0x93EB, 0x940B, 0x940B,
  0x940B, 0x93EB, 0x93EB, 0x93EB, 0x93EB, 0x93EB, 0x940B, 0x940B, 0x940B, 0x93EB, 0x940B, 0x940B,
  0x940C, 0x942C, 0x942C, 0x940C, 0x940B, 0x940B, 0x940B, 0x93EB, 0x940B, 0x940B, 0x940B, 0x940B,
  0x940B, 0x93EA, 0x8BAA, 0x8BCA, 0x93EA, 0x93CA, 0x93CA, 0x93CA, 0x8BCA, 0x8BCA, 0x8BAA, 0x93CA,
  0x8BCA, 0x8BAA, 0x8BA9, 0x8BA9, 0x8BA9, 0x8BAA, 0x8BAA, 0x8BAA, 0x83AA, 0x9C8E, 0xEF18, 0x4A47,
  0x0000, 0x0000, 0x0000, 0x0000, 0x0000, 0x0000, 0x0000, 0x0000, 0x0000, 0x0000, 0x0000, 0x0000,
  0x0000, 0x0000, 0x0000, 0x0000, 0x0000, 0x0000, 0x0000, 0x0000, 0x0000, 0x0000, 0x0000, 0x0000,
  0x0000, 0x0000, 0x0000, 0x0020, 0x5288, 0x6B09, 0x62E9, 0x6AE9, 0x6B09, 0x6AE9, 0x62E9, 0x62C8,
  0x6AE9, 0x6B09, 0x6B09, 0x7309, 0x7329, 0x7B49, 0x7B4A, 0x7B6A, 0x838A, 0x8BCB, 0x8BEB, 0x940B,
  0x940C, 0x942C, 0x9C2C, 0x9C2C, 0x9C4C, 0x9C2C, 0x942C, 0x940C, 0x8BCB, 0x83AB, 0x7B8B, 0x7B8B,
  0x7B8B, 0x7B8B, 0x7B8B, 0x7B6B, 0x736A, 0x736A, 0x734A, 0x734A, 0x7B6A, 0x7B8A, 0x7B8A, 0x7B6A,
  0x838A, 0x838A, 0x8BCA, 0x8BCA, 0x8BAA, 0x8BCA, 0x8BCA, 0x8BCA, 0x8BCA, 0x8BA9, 0x8BAA, 0x8BAA,
  0x8BAA, 0x8BAA, 0x8BA9, 0x8BA9, 0x8BAA, 0x8BAA, 0x8BAA, 0x8BAA, 0x8BCB, 0xDE95, 0xB573, 0x0820,
  0x0000, 0x0000, 0x0000, 0x0000, 0x0000, 0x0000, 0x0000, 0x0000, 0x0000, 0x0000, 0x0000, 0x0000,
  0x0000, 0x0000, 0x0000, 0x0000, 0x0000, 0x0000, 0x0000, 0x0000, 0x0000, 0x0000, 0x0000, 0x0000,
  0x0000, 0x0000, 0x0000, 0x1081, 0x1081, 0x1081, 0x1081, 0x1081, 0x1081, 0x1081, 0x1081, 0x18A1,
  0x18C2, 0x18C2, 0x20E2, 0x20E2, 0x2102, 0x2903, 0x2923, 0x3143, 0x3984, 0x41C5, 0x49E5, 0x4A26,
  0x5246, 0x5246, 0x5A67, 0x5247, 0x4A06, 0x41C5, 0x3984, 0x2943, 0x2103, 0x2102, 0x20E2, 0x18C2,
  0x18C2, 0x18C2, 0x18C2, 0x18A2, 0x18A2, 0x18C2, 0x18C2, 0x20E2, 0x20E2, 0x20E2, 0x20E2, 0x3984,
  0x5A67, 0x7329, 0x7B6A, 0x8BEB, 0x8BEB, 0x8BCA, 0x8BCA, 0x8BCA, 0x8BA9, 0x8BAA, 0x8BAA, 0x8B89,
  0x8BA9, 0x8BA9, 0x8B89, 0x8BA9, 0x8BAA, 0x8BAA, 0x8BAA, 0x83AA, 0xBD71, 0xE6D7, 0x1081, 0x0000,
  0x0000, 0x0000, 0x0000, 0x0000, 0x0000, 0x0000, 0x0000, 0x0000, 0x0000, 0x0000, 0x0000, 0x0000,
  0x0000, 0x0000, 0x0000, 0x0000, 0x0000, 0x0000, 0x0000, 0x0000, 0x0000, 0x0000, 0x0000, 0x0000,
  0x0000, 0x0000, 0x0000, 0x0000, 0x0000, 0x0000, 0x0000, 0x0000, 0x0000, 0x0000, 0x0000, 0x0000,
  0x0000, 0x0000, 0x0000, 0x0000, 0x0000, 0x0000, 0x0000, 0x0020, 0x0020, 0x0820, 0x0840, 0x0840,
  0x0840, 0x0840, 0x0840, 0x0820, 0x0020, 0x0000, 0x0000, 0x0000, 0x0000, 0x0000, 0x0000, 0x0000,
  0x0000, 0x0000, 0x0000, 0x0000, 0x0000, 0x0000, 0x0000, 0x0000, 0x0000, 0x0000, 0x0020, 0x1061,
  0x18A1, 0x3143, 0x734A, 0x8C0C, 0x8BEB, 0x8BCA, 0x8BCA, 0x8BAA, 0x8BAA, 0x8BAA, 0x8B89, 0x8389,
  0x8389, 0x8389, 0x8BA9, 0x8B89, 0x8BAA, 0x8BAA, 0x83AA, 0x942C, 0xEED7, 0x39C5, 0x0000, 0x0000,
  0x0000, 0x0000, 0x0000, 0x0000, 0x0000, 0x0000, 0x0000, 0x0000, 0x0000, 0x0000, 0x0000, 0x0000,
  0x0000, 0x0000, 0x0000, 0x0000, 0x0000, 0x0000, 0x0000, 0x0000, 0x0000, 0x0000, 0x0000, 0x0000,
  0x0000, 0x0000, 0x0000, 0x0000, 0x0000, 0x0000, 0x0000, 0x0000, 0x0000, 0x0000, 0x0000, 0x0000,
  0x0000, 0x0000, 0x0000, 0x0000, 0x0000, 0x0000, 0x0000, 0x0000, 0x0000, 0x0000, 0x0000, 0x0000,
  0x0000, 0x0000, 0x0000, 0x0000, 0x0000, 0x0000, 0x0000, 0x0000, 0x0000, 0x0000, 0x0000, 0x0000,
  0x0000, 0x0000, 0x0000, 0x0000, 0x0000, 0x0000, 0x0000, 0x0000, 0x0000, 0x0000, 0x0000, 0x0000,
  0x0000, 0x18A2, 0x5AA8, 0x8BEC, 0x8BCB, 0x8BAA, 0x8BAA, 0x8BAA, 0x8B89, 0x8389, 0x8369, 0x8389,
  0x8389, 0x8389, 0x8369, 0x8369, 0x8369, 0x8369, 0x7B69, 0xEEB5, 0x7B8B, 0x0020, 0x0000, 0x0000,
  0x0000, 0x0000, 0x0000, 0x0000, 0x0000, 0x0000, 0x0000, 0x0000, 0x0000, 0x0000, 0x0000, 0x0000,
  0x0000, 0x0000, 0x0000, 0x0000, 0x0000, 0x0000, 0x0000, 0x0000, 0x0000, 0x0000, 0x0000, 0x0000,
  0x0000, 0x0000, 0x0000, 0x0000, 0x0000, 0x0000, 0x0000, 0x0000, 0x0000, 0x0000, 0x0000, 0x0000,
  0x0000, 0x0000, 0x0000, 0x0000, 0x0000, 0x0000, 0x0000, 0x0000, 0x0000, 0x0000, 0x0000, 0x0000,
  0x0000, 0x0000, 0x0000, 0x0000, 0x0000, 0x0000, 0x0000, 0x0000, 0x0000, 0x0000, 0x0000, 0x0000,
  0x0000, 0x0000, 0x0000, 0x0000, 0x0000, 0x0000, 0x0000, 0x0000, 0x0000, 0x0000, 0x0000, 0x0000,
  0x0000, 0x0861, 0x5247, 0x83AB, 0x838A, 0x8389, 0x8389, 0x8369, 0x8369, 0x7B68, 0x7B68, 0x8369,
  0x8369, 0x8369, 0x8368, 0x8348, 0x8369, 0x7B48, 0xDE33, 0x9C6E, 0x0020, 0x0000, 0x0000, 0x0000,
  0x0000, 0x0000, 0x0000, 0x0000, 0x0000, 0x0000, 0x0000, 0x0000, 0x0000, 0x0000, 0x0000, 0x0000,
  0x0000, 0x0000, 0x0000, 0x0000, 0x0000, 0x0000, 0x0000, 0x0000, 0x0000, 0x0000, 0x0000, 0x0000,
  0x0000, 0x0000, 0x0000, 0x0000, 0x0000, 0x0000, 0x0000, 0x0000, 0x0000, 0x0000, 0x0000, 0x0000,
  0x0000, 0x0000, 0x0000, 0x0000, 0x0000, 0x0000, 0x0000, 0x0000, 0x0000, 0x0000, 0x0000, 0x0000,
  0x0000, 0x0000, 0x0000, 0x0000, 0x0000, 0x0000, 0x0000, 0x0000, 0x0000, 0x0000, 0x0000, 0x0000,
  0x0000, 0x0000, 0x0000, 0x0000, 0x0000, 0x0000, 0x0000, 0x0000, 0x0000, 0x0000, 0x0000, 0x0000,
  0x0000, 0x0840, 0x6AE9, 0x83AA, 0x8369, 0x8369, 0x7B48, 0x8348, 0x7B48, 0x7B48, 0x7B48, 0x8348,
  0x8368, 0x8368, 0x7B48, 0x7B48, 0x7B28, 0xBD50, 0xA4CF, 0x0820, 0x0000, 0x0000, 0x0000, 0x0000,
  0x0000, 0x0000, 0x0000, 0x0000, 0x0000, 0x0000, 0x0000, 0x0000, 0x0000, 0x0000, 0x0000, 0x0000,
  0x0000, 0x0000, 0x0000, 0x0000, 0x0000, 0x0000, 0x0000, 0x0000, 0x0000, 0x0000, 0x0000, 0x0000,
  0x0000, 0x0000, 0x0000, 0x0000, 0x0000, 0x0000, 0x0000, 0x0000, 0x0000, 0x0000, 0x0000, 0x0000,
  0x0000, 0x0000, 0x0000, 0x0000, 0x0000, 0x0000, 0x0000, 0x0000, 0x0000, 0x0000, 0x0000, 0x0000,
  0x0000, 0x0000, 0x0000, 0x0000, 0x0000, 0x0000, 0x0000, 0x0000, 0x0000, 0x0000, 0x0000, 0x0000,
  0x0000, 0x0000, 0x0000, 0x0000, 0x0000, 0x0000, 0x0000, 0x0000, 0x0000, 0x0000, 0x0000, 0x0000,
  0x0000, 0x2102, 0x7B4A, 0x8369, 0x8348, 0x7B48, 0x7B28, 0x7B28, 0x7B48, 0x7B48, 0x7B28, 0x7B48,
  0x7B48, 0x8348, 0x7B48, 0x7B48, 0xA48D, 0xACCF, 0x0820, 0x0000, 0x0000, 0x0000, 0x0000, 0x0000,
  0x0000, 0x0000, 0x0000, 0x0000, 0x0000, 0x0000, 0x0000, 0x0000, 0x0000, 0x0000, 0x0000, 0x0000,
  0x0000, 0x0000, 0x0000, 0x0000, 0x0000, 0x0000, 0x0000, 0x0000, 0x0000, 0x0000, 0x0000, 0x0000,
  0x0000, 0x0000, 0x0000, 0x0000, 0x0000, 0x0000, 0x0000, 0x0000, 0x0000, 0x0000, 0x0000, 0x0000,
  0x0000, 0x0000, 0x0000, 0x0000, 0x0000, 0x0000, 0x0000, 0x0000, 0x0000, 0x0000, 0x0000, 0x0000,
  0x0000, 0x0000, 0x0000, 0x0000, 0x0000, 0x0000, 0x0000, 0x0000, 0x0000, 0x0000, 0x0000, 0x0000,
  0x0000, 0x0000, 0x0000, 0x0000, 0x0000, 0x0000, 0x0000, 0x0000, 0x0000, 0x0000, 0x0000, 0x0000,
  0x0000, 0x62C8, 0x7B49, 0x7B28, 0x7B28, 0x7B28, 0x7328, 0x7B28, 0x7B28, 0x7B28, 0x7B28, 0x7B28,
  0x7B48, 0x7B48, 0x7B49, 0x942C, 0xA4CF, 0x0840, 0x0000, 0x0000, 0x0000, 0x0000, 0x0000, 0x0000,
  0x0000, 0x0000, 0x0000, 0x0000, 0x0000, 0x0000, 0x0000, 0x0000, 0x0000, 0x0000, 0x0000, 0x0000,
  0x0000, 0x0000, 0x0000, 0x0000, 0x0000, 0x0000, 0x0000, 0x0000, 0x0000, 0x0000, 0x0000, 0x0000,
  0x0000, 0x0000, 0x0000, 0x0000, 0x0000, 0x0000, 0x0000, 0x0000, 0x0000, 0x0000, 0x0000, 0x0000,
  0x0000, 0x0000, 0x0000, 0x0000, 0x0000, 0x0000, 0x0000, 0x0000, 0x0000, 0x0000, 0x0000, 0x0000,
  0x0000, 0x0000, 0x0000, 0x0000, 0x0000, 0x0000, 0x0000, 0x0000, 0x0000, 0x0000, 0x0000, 0x0000,
  0x0000, 0x0000, 0x0000, 0x0000, 0x0000, 0x0000, 0x0000, 0x0000, 0x0000, 0x0000, 0x0000, 0x0000,
  0x3984, 0x6AE8, 0x7308, 0x7307, 0x7B28, 0x7307, 0x7B28, 0x7B28, 0x7B28, 0x7B28, 0x7B28, 0x7B28,
  0x7B28, 0x7B48, 0x8BCB, 0x9C6E, 0x0840, 0x0000, 0x0000, 0x0000, 0x0000, 0x0000, 0x0000, 0x0000,
  0x0000, 0x0000, 0x0000, 0x0000, 0x0000, 0x0000, 0x0000, 0x0000, 0x0000, 0x0000, 0x0000, 0x0000,
  0x0000, 0x0000, 0x0000, 0x0000, 0x0000, 0x0000, 0x0000, 0x0000, 0x0000, 0x0000, 0x0000, 0x0000,
  0x0000, 0x0000, 0x0000, 0x0000, 0x0000, 0x0000, 0x0000, 0x0000, 0x0000, 0x0000, 0x0000, 0x0000,
  0x0000, 0x0000, 0x0000, 0x0000, 0x0000, 0x0000, 0x0000, 0x0000, 0x0000, 0x0000, 0x0000, 0x0000,
  0x0000, 0x0000, 0x0000, 0x0000, 0x0000, 0x0000, 0x0000, 0x0000, 0x0000, 0x0000, 0x0000, 0x0000,
  0x0000, 0x0000, 0x0000, 0x0000, 0x0000, 0x0000, 0x0000, 0x0000, 0x0000, 0x0000, 0x0000, 0x1061,
  0x5A87, 0x72E8, 0x72E7, 0x7307, 0x72E7, 0x7307, 0x7307, 0x7B28, 0x7328, 0x7B28, 0x7B28, 0x7B28,
  0x7B28, 0x838A, 0x942D, 0x0820, 0x0000, 0x0000, 0x0000, 0x0000, 0x0000, 0x0000, 0x0000, 0x0000,
  0x0000, 0x0000, 0x0000, 0x0000, 0x0000, 0x0000, 0x0000, 0x0000, 0x0000, 0x0000, 0x0000, 0x0000,
  0x0000, 0x0000, 0x0000, 0x0000, 0x0000, 0x0000, 0x0000, 0x0000, 0x0000, 0x0000, 0x0000, 0x0000,
  0x0000, 0x0000, 0x0000, 0x0000, 0x0000, 0x0000, 0x0000, 0x0000, 0x0000, 0x0000, 0x0000, 0x0000,
  0x0000, 0x0000, 0x0000, 0x0000, 0x0000, 0x0000, 0x0000, 0x0000, 0x0000, 0x0000, 0x0000, 0x0000,
  0x0000, 0x0000, 0x0000, 0x0000, 0x0000, 0x0000, 0x0000, 0x0000, 0x0000, 0x0000, 0x0000, 0x0000,
  0x0000, 0x0000, 0x0000, 0x0000, 0x0000, 0x0000, 0x0000, 0x0000, 0x0000, 0x0000, 0x0000, 0x5247,
  0x6AE8, 0x72E7, 0x7307, 0x7307, 0x7307, 0x7307, 0x7307, 0x7307, 0x7B28, 0x7B28, 0x7308, 0x7B28,
  0x838A, 0x83AB, 0x0820, 0x0000, 0x0000, 0x0000, 0x0000, 0x0000, 0x0000, 0x0000, 0x0000, 0x0000,
  0x0000, 0x0000, 0x0000, 0x0000, 0x0000, 0x0000, 0x0000, 0x0000, 0x0000, 0x0000, 0x0000, 0x0000,
  0x0000, 0x0000, 0x0000, 0x0000, 0x0000, 0x0000, 0x0000, 0x0000, 0x0000, 0x0000, 0x0000, 0x0000,
  0x0000, 0x0000, 0x0000, 0x0000, 0x0000, 0x0000, 0x0000, 0x0000, 0x0000, 0x0000, 0x0000, 0x0000,
  0x0000, 0x0000, 0x0000, 0x0000, 0x0000, 0x0000, 0x0000, 0x0000, 0x0000, 0x0000, 0x0000, 0x0000,
  0x0000, 0x0000, 0x0000, 0x0000, 0x0000, 0x0000, 0x0000, 0x0000, 0x0000, 0x0000, 0x0000, 0x0000,
  0x0000, 0x0000, 0x0000, 0x0000, 0x0000, 0x0000, 0x0000, 0x0000, 0x0000, 0x0000, 0x5226, 0x6AE8,
  0x72E7, 0x72E7, 0x7307, 0x72E7, 0x72E7, 0x72E7, 0x72E7, 0x7307, 0x7308, 0x7308, 0x7B28, 0x8BCA,
  0x6AE8, 0x0020, 0x0000, 0x0000, 0x0000, 0x0000, 0x0000, 0x0000, 0x0000, 0x0000, 0x0000, 0x0000,
  0x0000, 0x0000, 0x0000, 0x0000, 0x0000, 0x0000, 0x0000, 0x0000, 0x0000, 0x0000, 0x0000, 0x0000,
  0x0000, 0x0000, 0x0000, 0x0000, 0x0000, 0x0000, 0x0000, 0x0000, 0x0000, 0x0000, 0x0000, 0x0000,
  0x0000, 0x0000, 0x0000, 0x0000, 0x0000, 0x0000, 0x0000, 0x0000, 0x0000, 0x0000, 0x0000, 0x0000,
  0x0000, 0x0000, 0x0000, 0x0000, 0x0000, 0x0000, 0x0000, 0x0000, 0x0000, 0x0000, 0x0000, 0x0000,
  0x0000, 0x0000, 0x0000, 0x0000, 0x0000, 0x0000, 0x0000, 0x0000, 0x0000, 0x0000, 0x0000, 0x0000,
  0x0000, 0x0000, 0x0000, 0x0000, 0x0000, 0x0000, 0x0000, 0x0000, 0x0000, 0x5246, 0x72E8, 0x6AE7,
  0x72E7, 0x72E7, 0x72E7, 0x72E7, 0x72E7, 0x72E7, 0x72E7, 0x72E7, 0x72E7, 0x7308, 0xA44D, 0x5226,
  0x0000, 0x0000, 0x0000, 0x0000, 0x0000, 0x0000, 0x0000, 0x0000, 0x0000, 0x0000, 0x0000, 0x0000,
  0x0000, 0x0000, 0x0000, 0x0000, 0x0000, 0x0000, 0x0000, 0x0000, 0x0000, 0x0000, 0x0000, 0x0000,
  0x0000, 0x0000, 0x0000, 0x0000, 0x0000, 0x0000, 0x0000, 0x0000, 0x0000, 0x0000, 0x0000, 0x0000,
  0x0000, 0x0000, 0x0000, 0x0000, 0x0000, 0x0000, 0x0000, 0x0000, 0x0000, 0x0000, 0x0000, 0x0000,
  0x0000, 0x0000, 0x0000, 0x0000, 0x0000, 0x0000, 0x0000, 0x0000, 0x0000, 0x0000, 0x0000, 0x0000,
  0x0000, 0x0000, 0x0000, 0x0000, 0x0000, 0x0000, 0x0000, 0x0000, 0x0000, 0x0000, 0x0000, 0x0000,
  0x0000, 0x0000, 0x0000, 0x0000, 0x0000, 0x0000, 0x0000, 0x0840, 0x5A67, 0x6AE7, 0x6AE7, 0x72E7,
  0x6AC7, 0x6AC7, 0x72C7, 0x72E7, 0x6AC7, 0x6AC7, 0x72E7, 0x72E7, 0x6AC7, 0xBD50, 0x49E5, 0x0000,
  0x0000, 0x0000, 0x0000, 0x0000, 0x0000, 0x0000, 0x0000, 0x0000, 0x0000, 0x0000, 0x0000, 0x0000,
  0x0000, 0x0000, 0x0000, 0x0000, 0x0000, 0x0000, 0x0000, 0x0000, 0x0000, 0x0000, 0x0000, 0x0000,
  0x0000, 0x0000, 0x0000, 0x0000, 0x0000, 0x0000, 0x0000, 0x0000, 0x0000, 0x0000, 0x0000, 0x0000,
  0x0000, 0x0000, 0x0000, 0x0000, 0x0000, 0x0000, 0x0000, 0x0000, 0x0000, 0x0000, 0x0000, 0x0000,
  0x0000, 0x0000, 0x0000, 0x0000, 0x0000, 0x0000, 0x0000, 0x0000, 0x0000, 0x0000, 0x0000, 0x0000,
  0x0000, 0x0000, 0x0000, 0x0000, 0x0000, 0x0000, 0x0000, 0x0000, 0x0000, 0x0000, 0x0000, 0x0000,
  0x0000, 0x0000, 0x0000, 0x0000, 0x0000, 0x0000, 0x18C2, 0x62A7, 0x6AC7, 0x6AC7, 0x6AC7, 0x6AC7,
  0x6AC7, 0x6AC7, 0x6AC7, 0x6AA7, 0x6AC7, 0x6AC7, 0x6AA7, 0x62A7, 0xD5F2, 0x41E5, 0x0000, 0x0000,
  0x0000, 0x0000, 0x0000, 0x0000, 0x0000, 0x0000, 0x0000, 0x0000, 0x0000, 0x0000, 0x0000, 0x0000,
  0x0000, 0x0000, 0x0000, 0x0000, 0x0000, 0x0000, 0x0000, 0x0000, 0x0000, 0x0000, 0x0000, 0x0000,
  0x0000, 0x0000, 0x0000, 0x0000, 0x0000, 0x0000, 0x0000, 0x0000, 0x0000, 0x0000, 0x0000, 0x0000,
  0x0000, 0x0000, 0x0000, 0x0000, 0x0000, 0x0000, 0x0000, 0x0000, 0x0000, 0x0000, 0x0000, 0x0000,
  0x0000, 0x0000, 0x0000, 0x0000, 0x0000, 0x0000, 0x0000, 0x0000, 0x0000, 0x0000, 0x0000, 0x0000,
  0x0000, 0x0000, 0x0000, 0x0000, 0x0000, 0x0000, 0x0000, 0x0000, 0x0000, 0x0000, 0x0000, 0x0000,
  0x0000, 0x0000, 0x0000, 0x0000, 0x0000, 0x3164, 0x62A7, 0x6AC7, 0x6AC7, 0x6AA6, 0x6AA6, 0x6AA6,
  0x6AA6, 0x6AA6, 0x62A6, 0x62A6, 0x62A6, 0x62A6, 0x5A86, 0xCDF3, 0x39A4, 0x0000, 0x0000, 0x0000,
  0x0000, 0x0000, 0x0000, 0x0000, 0x0000, 0x0000, 0x0000, 0x0000, 0x0000, 0x0000, 0x0000, 0x0000,
  0x0000, 0x0000, 0x0000, 0x0000, 0x0000, 0x0000, 0x0000, 0x0000, 0x0000, 0x0000, 0x0000, 0x0000,
  0x0000, 0x0000, 0x0000, 0x0000, 0x0000, 0x0000, 0x0000, 0x0000, 0x0000, 0x0000, 0x0000, 0x0000,
  0x0000, 0x0000, 0x0000, 0x0000, 0x0000, 0x0000, 0x0000, 0x0000, 0x0000, 0x0000, 0x0000, 0x0000,
  0x0000, 0x0000, 0x0000, 0x0000, 0x0000, 0x0000, 0x0000, 0x0000, 0x0000, 0x0000, 0x0000, 0x0000,
  0x0000, 0x0000, 0x0000, 0x0000, 0x0000, 0x0000, 0x0000, 0x0000, 0x0000, 0x0000, 0x0000, 0x0000,
  0x0000, 0x0000, 0x0000, 0x0000, 0x4A26, 0x62C7, 0x6AC7, 0x6AC7, 0x6AC7, 0x62A6, 0x62A6, 0x6286,
  0x6286, 0x6286, 0x6286, 0x6266, 0x5A66, 0x5A66, 0xB531, 0x20E2, 0x0000, 0x0000, 0x0000, 0x0000,
  0x0000, 0x0000, 0x0000, 0x0000, 0x0000, 0x0000, 0x0000, 0x0000, 0x0000, 0x0000, 0x0000, 0x0000,
  0x0000, 0x0000, 0x0000, 0x0000, 0x0000, 0x0000, 0x0000, 0x0000, 0x0000, 0x0000, 0x0000, 0x0000,
  0x0000, 0x0000, 0x0000, 0x0000, 0x0000, 0x0000, 0x0000, 0x0000, 0x0000, 0x0000, 0x0000, 0x0000,
  0x0000, 0x0000, 0x0000, 0x0000, 0x0000, 0x0000, 0x0000, 0x0000, 0x0000, 0x0000, 0x0000, 0x0000,
  0x0000, 0x0000, 0x0000, 0x0000, 0x0000, 0x0000, 0x0000, 0x0000, 0x0000, 0x0000, 0x0000, 0x0000,
  0x0000, 0x0000, 0x0000, 0x0000, 0x0000, 0x0000, 0x0000, 0x0000, 0x0000, 0x0000, 0x0000, 0x0000,
  0x0000, 0x0000, 0x0000, 0x5A88, 0x6AC7, 0x62A6, 0x6AC7, 0x6AA6, 0x6286, 0x62A6, 0x6286, 0x6266,
  0x5A66, 0x5A66, 0x5A66, 0x5A66, 0x5A66, 0x942D, 0x0861, 0x0000, 0x0000, 0x0000, 0x0000, 0x0000,
  0x0000, 0x0000, 0x0000, 0x0000, 0x0000, 0x0000, 0x0000, 0x0000, 0x0000, 0x0000, 0x0000, 0x0000,
  0x0000, 0x0000, 0x0000, 0x0000, 0x0000, 0x0000, 0x0000, 0x0000, 0x0000, 0x0000, 0x0000, 0x0000,
  0x0000, 0x0000, 0x0000, 0x0000, 0x0000, 0x0000, 0x0000, 0x0000, 0x0000, 0x0000, 0x0000, 0x0000,
  0x0000, 0x0000, 0x0000, 0x0000, 0x0000, 0x0000, 0x0000, 0x0000, 0x0000, 0x0000, 0x0000, 0x0000,
  0x0000, 0x0000, 0x0000, 0x0000, 0x0000, 0x0000, 0x0000, 0x0000, 0x0000, 0x0000, 0x0000, 0x0000,
  0x0000, 0x0000, 0x0000, 0x0000, 0x0000, 0x0000, 0x0000, 0x0000, 0x0000, 0x0000, 0x0000, 0x0000,
  0x0000, 0x0000, 0x5A87, 0x62A7, 0x6286, 0x6286, 0x6286, 0x6286, 0x6286, 0x6266, 0x5A66, 0x5A45,
  0x5A66, 0x5A45, 0x5A45, 0x6AC8, 0x7B6A, 0x0820, 0x0000, 0x0000, 0x0000, 0x0000, 0x0000, 0x0000,
  0x0000, 0x0000, 0x0000, 0x0000, 0x0000, 0x0000, 0x0000, 0x0000, 0x0000, 0x0000, 0x0000, 0x0000,
  0x0000, 0x0000, 0x0000, 0x0000, 0x0000, 0x0000, 0x0000, 0x0000, 0x0000, 0x0000, 0x0000, 0x0000,
  0x0000, 0x0000, 0x0000, 0x0000, 0x0000, 0x0000, 0x0000, 0x0000, 0x0000, 0x0000, 0x0000, 0x0000,
  0x0000, 0x0000, 0x0000, 0x0000, 0x0000, 0x0000, 0x0000, 0x0000, 0x0000, 0x0000, 0x0000, 0x0000,
  0x0000, 0x0000, 0x0000, 0x0000, 0x0000, 0x0000, 0x0000, 0x0000, 0x0000, 0x0000, 0x0000, 0x0000,
  0x0000, 0x0000, 0x0000, 0x0000, 0x0000, 0x0000, 0x0000, 0x0000, 0x0000, 0x0000, 0x0000, 0x0000,
  0x1061, 0x5A87, 0x6286, 0x6266, 0x5A66, 0x6266, 0x5A66, 0x5A66, 0x5A66, 0x5A66, 0x5A45, 0x5A45,
  0x5A45, 0x5A45, 0x838A, 0x5AA8, 0x0020, 0x0000, 0x0000, 0x0000, 0x0000, 0x0000, 0x0000, 0x0000,
  0x0000, 0x0000, 0x0000, 0x0000, 0x0000, 0x0000, 0x0000, 0x0000, 0x0000, 0x0000, 0x0000, 0x0000,
  0x0000, 0x0000, 0x0000, 0x0000, 0x0000, 0x0000, 0x0000, 0x0000, 0x0000, 0x0000, 0x0000, 0x0000,
  0x0000, 0x0000, 0x0000, 0x0000, 0x0000, 0x0000, 0x0000, 0x0000, 0x0000, 0x0000, 0x0000, 0x0000,
  0x0000, 0x0000, 0x0000, 0x0000, 0x0000, 0x0000, 0x0000, 0x0000, 0x0000, 0x0000, 0x0000, 0x0000,
  0x0000, 0x0000, 0x0000, 0x0000, 0x0000, 0x0000, 0x0000, 0x0000, 0x0000, 0x0000, 0x0000, 0x0000,
  0x0000, 0x0000, 0x0000, 0x0000, 0x0000, 0x0000, 0x0000, 0x0000, 0x0000, 0x0000, 0x0000, 0x3164,
  0x62A7, 0x6286, 0x5A66, 0x6266, 0x5A66, 0x5A65, 0x5A66, 0x6266, 0x5A66, 0x5A45, 0x5A45, 0x5A45,
  0x5225, 0x942C, 0x41E5, 0x0000, 0x0000, 0x0000, 0x0000, 0x0000, 0x0000, 0x0000, 0x0000, 0x0000,
  0x0000, 0x0000, 0x0000, 0x0000, 0x0000, 0x0000, 0x0000, 0x0000, 0x0000, 0x0000, 0x0000, 0x0000,
  0x0000, 0x0000, 0x0000, 0x0000, 0x0000, 0x0000, 0x0000, 0x0000, 0x0000, 0x0000, 0x0000, 0x0000,
  0x0000, 0x0000, 0x0000, 0x0000, 0x0000, 0x0000, 0x0000, 0x0000, 0x0000, 0x0000, 0x0000, 0x0000,
  0x0000, 0x0000, 0x0000, 0x0000, 0x0000, 0x0000, 0x0000, 0x0000, 0x0000, 0x0000, 0x0000, 0x0000,
  0x0000, 0x0000, 0x0000, 0x0000, 0x0000, 0x0000, 0x0000, 0x0000, 0x0000, 0x0000, 0x0000, 0x0000,
  0x0000, 0x0000, 0x0000, 0x0000, 0x0000, 0x0000, 0x0000, 0x0000, 0x0000, 0x0020, 0x5A87, 0x6287,
  0x5A66, 0x5A66, 0x5A66, 0x5A66, 0x5A66, 0x5A45, 0x5A66, 0x5A66, 0x5A46, 0x5A45, 0x5A45, 0x5226,
  0x83AB, 0x20E2, 0x0000, 0x0000, 0x0000, 0x0000, 0x0000, 0x0000, 0x0000, 0x0000, 0x0000, 0x0000,
  0x0000, 0x0000, 0x0000, 0x0000, 0x0000, 0x0000, 0x0000, 0x0000, 0x0000, 0x0000, 0x0000, 0x0000,
  0x0000, 0x0000, 0x0000, 0x0000, 0x0000, 0x0000, 0x0000, 0x0000, 0x0000, 0x0000, 0x0000, 0x0000,
  0x0000, 0x0000, 0x0000, 0x0000, 0x0000, 0x0000, 0x0000, 0x0000, 0x0000, 0x0000, 0x0000, 0x0000,
  0x0000, 0x0000, 0x0000, 0x0000, 0x0000, 0x0000, 0x0000, 0x0000, 0x0000, 0x0000, 0x0000, 0x0000,
  0x0000, 0x0000, 0x0000, 0x0000, 0x0000, 0x0000, 0x0000, 0x0000, 0x0000, 0x0000, 0x0000, 0x0000,
  0x0000, 0x0000, 0x0000, 0x0000, 0x0000, 0x0000, 0x0000, 0x0000, 0x18C2, 0x62A7, 0x5A66, 0x5A45,
  0x5A65, 0x5A46, 0x5A46, 0x5A45, 0x5A45, 0x5A45, 0x5A46, 0x5A46, 0x5A45, 0x5A66, 0x5A87, 0x4A06,
  0x0820, 0x0000, 0x0000, 0x0000, 0x0000, 0x0000, 0x0000, 0x0000, 0x0000, 0x0000, 0x0000, 0x0000,
  0x0000, 0x0000, 0x0000, 0x0000, 0x0000, 0x0000, 0x0000, 0x0000, 0x0000, 0x0000, 0x0000, 0x0000,
  0x0000, 0x0000, 0x0000, 0x0000, 0x0000, 0x0000, 0x0000, 0x0000, 0x0000, 0x0000, 0x0000, 0x0000,
  0x0000, 0x0000, 0x0000, 0x0000, 0x0000, 0x0000, 0x0000, 0x0000, 0x0000, 0x0000, 0x0000, 0x0000,
  0x0000, 0x0000, 0x0000, 0x0000, 0x0000, 0x0000, 0x0000, 0x0000, 0x0000, 0x0000, 0x0000, 0x0000,
  0x0000, 0x0000, 0x0000, 0x0000, 0x0000, 0x0000, 0x0000, 0x0000, 0x0000, 0x0000, 0x0000, 0x0000,
  0x0000, 0x0000, 0x0000, 0x0000, 0x0000, 0x0000, 0x1061, 0x5247, 0x5A46, 0x5225, 0x5225, 0x5225,
  0x5A25, 0x5A45, 0x5225, 0x5A25, 0x5A45, 0x5A45, 0x5A46, 0x5A46, 0x5246, 0x6AE9, 0x18C2, 0x0000,
  0x0000, 0x0000, 0x0000, 0x0000, 0x0000, 0x0000, 0x0000, 0x0000, 0x0000, 0x0000, 0x0000, 0x0000,
  0x0000, 0x0000, 0x0000, 0x0000, 0x0000, 0x0000, 0x0000, 0x0000, 0x0000, 0x0000, 0x0000, 0x0000,
  0x0000, 0x0000, 0x0000, 0x0000, 0x0000, 0x0000, 0x0000, 0x0000, 0x0000, 0x0000, 0x0000, 0x0000,
  0x0000, 0x0000, 0x0000, 0x0000, 0x0000, 0x0000, 0x0000, 0x0000, 0x0000, 0x0000, 0x0000, 0x0000,
  0x0000, 0x0000, 0x0000, 0x0000, 0x0000, 0x0000, 0x0000, 0x0000, 0x0000, 0x0000, 0x0000, 0x0000,
  0x0000, 0x0000, 0x0000, 0x0000, 0x0000, 0x0000, 0x0000, 0x0000, 0x0000, 0x0000, 0x0000, 0x0000,
  0x0000, 0x0000, 0x0000, 0x0000, 0x18A1, 0x4A05, 0x6AE8, 0x5225, 0x5205, 0x5205, 0x5205, 0x5225,
  0x5225, 0x5225, 0x5225, 0x5A25, 0x5A25, 0x5225, 0x5225, 0x5226, 0x6AE9, 0x0820, 0x0000, 0x0000,
  0x0000, 0x0000, 0x0000, 0x0000, 0x0000, 0x0000, 0x0000, 0x0000, 0x0000, 0x0000, 0x0000, 0x0000,
  0x0000, 0x0000, 0x0000, 0x0000, 0x0000, 0x0000, 0x0000, 0x0000, 0x0000, 0x0000, 0x0000, 0x0000,
  0x0000, 0x0000, 0x0000, 0x0000, 0x0000, 0x0000, 0x0000, 0x0000, 0x0000, 0x0000, 0x0000, 0x0000,
  0x0000, 0x0000, 0x0000, 0x0000, 0x0000, 0x0000, 0x0000, 0x0000, 0x0000, 0x0000, 0x0000, 0x0000,
  0x0000, 0x0000, 0x0000, 0x0000, 0x0000, 0x0000, 0x0000, 0x0000, 0x0000, 0x0000, 0x0000, 0x0000,
  0x0000, 0x0000, 0x0000, 0x0000, 0x0000, 0x0000, 0x0000, 0x0000, 0x0000, 0x0000, 0x0000, 0x0000,
  0x0000, 0x0000, 0x20C2, 0x5267, 0x7308, 0x5A66, 0x5A45, 0x5225, 0x5205, 0x5225, 0x5225, 0x5225,
  0x5205, 0x5205, 0x5225, 0x5225, 0x5225, 0x5205, 0x5A87, 0x3164, 0x0000, 0x0000, 0x0000, 0x0000,
  0x0000, 0x0000, 0x0000, 0x0000, 0x0000, 0x0000, 0x0000, 0x0000, 0x0000, 0x0000, 0x0000, 0x0000,
  0x0000, 0x0000, 0x0000, 0x0000, 0x0000, 0x0000, 0x0000, 0x0000, 0x0000, 0x0000, 0x0000, 0x0000,
  0x0000, 0x0000, 0x0000, 0x0000, 0x0000, 0x0000, 0x0000, 0x0000, 0x0000, 0x0000, 0x0000, 0x0000,
  0x0000, 0x0000, 0x0000, 0x0000, 0x0000, 0x0000, 0x0000, 0x0000, 0x0000, 0x0000, 0x0000, 0x0000,
  0x0000, 0x0000, 0x0000, 0x0000, 0x0000, 0x0000, 0x0000, 0x0000, 0x0000, 0x0000, 0x0000, 0x0000,
  0x0000, 0x0000, 0x0000, 0x0000, 0x0000, 0x0000, 0x0000, 0x0000, 0x0000, 0x0000, 0x0000, 0x0000,
  0x2902, 0x6AE9, 0x7329, 0x62A7, 0x5A66, 0x5A45, 0x5A25, 0x5225, 0x5225, 0x5225, 0x5205, 0x5205,
  0x5225, 0x5225, 0x5225, 0x5225, 0x4A05, 0x6AE9, 0x0860, 0x0000, 0x0000, 0x0000, 0x0000, 0x0000,
  0x0000, 0x0000, 0x0000, 0x0000, 0x0000, 0x0000, 0x0000, 0x0000, 0x0000, 0x0000, 0x0000, 0x0000,
  0x0000, 0x0000, 0x0000, 0x0000, 0x0000, 0x0000, 0x0000, 0x0000, 0x0000, 0x0000, 0x0000, 0x0000,
  0x0000, 0x0000, 0x0000, 0x0000, 0x0000, 0x0000, 0x0000, 0x0000, 0x0000, 0x0000, 0x0000, 0x0000,
  0x0000, 0x0000, 0x0000, 0x0000, 0x0000, 0x0000, 0x0000, 0x0000, 0x0000, 0x0000, 0x0000, 0x0000,
  0x0000, 0x0000, 0x0000, 0x0000, 0x0000, 0x0000, 0x0000, 0x0000, 0x0000, 0x0000, 0x0000, 0x0000,
  0x0000, 0x0000, 0x0000, 0x0000, 0x0000, 0x0000, 0x0000, 0x0000, 0x0020, 0x18C2, 0x3984, 0x7B8B,
  0x7B6A, 0x62A7, 0x5A45, 0x5225, 0x5225, 0x5205, 0x5225, 0x4A04, 0x5205, 0x5205, 0x5205, 0x5205,
  0x5225, 0x5225, 0x5205, 0x5A66, 0x41E5, 0x0000, 0x0000, 0x0000, 0x0000, 0x0000, 0x0000, 0x0000,
  0x0000, 0x0000, 0x0000, 0x0000, 0x0000, 0x0000, 0x0000, 0x0000, 0x0000, 0x0000, 0x0000, 0x0000,
  0x0000, 0x0000, 0x0000, 0x0000, 0x0000, 0x0000, 0x0000, 0x0000, 0x0000, 0x0020, 0x0020, 0x0020,
  0x0020, 0x0020, 0x0020, 0x0020, 0x0020, 0x0020, 0x0020, 0x0020, 0x0020, 0x0020, 0x0020, 0x0020,
  0x0020, 0x0020, 0x0020, 0x0020, 0x0020, 0x0020, 0x0020, 0x0020, 0x0020, 0x0020, 0x0020, 0x0020,
  0x0020, 0x0020, 0x0020, 0x0020, 0x0020, 0x0020, 0x0020, 0x0020, 0x0020, 0x0020, 0x0020, 0x0020,
  0x0020, 0x0020, 0x0020, 0x0020, 0x0020, 0x18C2, 0x39A5, 0x4A26, 0x7B8B, 0x8BEC, 0x7349, 0x5A66,
  0x4A05, 0x5205, 0x4A04, 0x49E4, 0x49E4, 0x49E4, 0x49E4, 0x49E4, 0x4A05, 0x4A05, 0x4A05, 0x5205,
  0x4A05, 0x5205, 0x5A87, 0x1061, 0x0000, 0x0000, 0x0000, 0x0000, 0x0000, 0x0000, 0x0000, 0x0000,
  0x0000, 0x0000, 0x0000, 0x0000, 0x0000, 0x0000, 0x0000, 0x0000, 0x0000, 0x0000, 0x0000, 0x0000,
  0x0000, 0x0000, 0x0000, 0x0000, 0x0000, 0x0000, 0x1061, 0x39A6, 0x4A28, 0x4A48, 0x4A48, 0x4A48,
  0x5268, 0x5268, 0x5268, 0x5268, 0x5268, 0x5268, 0x5268, 0x5268, 0x5268, 0x5268, 0x5289, 0x5AA9,
  0x5AA9, 0x5AA9, 0x5A89, 0x5289, 0x5289, 0x5289, 0x5289, 0x5AA9, 0x5AA9, 0x5AA9, 0x5AA9, 0x5AA9,
  0x5289, 0x5289, 0x5289, 0x5289, 0x5289, 0x5289, 0x5289, 0x5268, 0x5268, 0x5268, 0x5268, 0x5268,
  0x5268, 0x5268, 0x5268, 0x5A88, 0x83AC, 0xA4CF, 0xACCF, 0x8BEC, 0x7308, 0x4A05, 0x41C4, 0x49E4,
  0x49E4, 0x49C4, 0x49C4, 0x49E4, 0x41C4, 0x49E4, 0x41C4, 0x49E4, 0x49E4, 0x49E4, 0x49E4, 0x49E4,
  0x5226, 0x3164, 0x0000, 0x0000, 0x0000, 0x0000, 0x0000, 0x0000, 0x0000, 0x0000, 0x0000, 0x0000,
  0x0000, 0x0000, 0x0000, 0x0000, 0x0000, 0x0000, 0x0000, 0x0000, 0x0000, 0x0000, 0x0000, 0x0000,
  0x0000, 0x0000, 0x0000, 0x0000, 0x0000, 0x41E6, 0x9CB1, 0xBD74, 0xBD94, 0xC5B4, 0xC5B4, 0xC5D4,
  0xC5D4, 0xC5D4, 0xC5D4, 0xC5D4, 0xC5D4, 0xC5B4, 0xC5B4, 0xC5D4, 0xC5D4, 0xCDF5, 0xCE15, 0xCE15,
  0xCDF5, 0xCDF5, 0xCDD4, 0xCDD4, 0xCDD4, 0xCDD4, 0xCE15, 0xCE15, 0xCDF5, 0xCE15, 0xCDF5, 0xCDF5,
  0xCDF5, 0xCDF5, 0xCE15, 0xCE16, 0xCDF5, 0xCDF5, 0xC5D4, 0xC5D4, 0xC5D4, 0xC5D4, 0xC5D4, 0xC5D4,
  0xC5B3, 0xB511, 0xA4AF, 0x942D, 0x83AB, 0x7329, 0x5A66, 0x49E4, 0x49E4, 0x41C4, 0x41C4, 0x49E4,
  0x41C4, 0x41C4, 0x41C4, 0x41C4, 0x41C4, 0x41C4, 0x41C4, 0x41A4, 0x41A4, 0x41C4, 0x49E5, 0x41E5,
  0x0840, 0x0000, 0x0000, 0x0000, 0x0000, 0x0000, 0x0000, 0x0000, 0x0000, 0x0000, 0x0000, 0x0000,
  0x0000, 0x0000, 0x0000, 0x0000, 0x0000, 0x0000, 0x0000, 0x0000, 0x0000, 0x0000, 0x0000, 0x0000,
  0x0000, 0x0000, 0x0000, 0x0020, 0x734B, 0x7B8B, 0x7B8B, 0x838B, 0x7B8B, 0x83AB, 0x838B, 0x83AB,
  0x7B8B, 0x7B8B, 0x7B8B, 0x7B8B, 0x7B8B, 0x7B6B, 0x7B8B, 0x7B8B, 0x838B, 0x83AB, 0x83AB, 0x838B,
  0x83AB, 0x7B8B, 0x838B, 0x7B8B, 0x7B8B, 0x7B8B, 0x7B8B, 0x7B8B, 0x838B, 0x83AB, 0x838B, 0x83AC,
  0x83AC, 0x83AC, 0x8BCC, 0x83AC, 0x83AC, 0x838B, 0x7B8B, 0x7B8B, 0x7B8B, 0x7B8B, 0x838B, 0x7B6A,
  0x7309, 0x62A7, 0x5A46, 0x5205, 0x49E5, 0x49E4, 0x49E4, 0x49E4, 0x41C4, 0x41C4, 0x41C4, 0x41C4,
  0x41C4, 0x41C4, 0x41C4, 0x41C4, 0x41C4, 0x41C4, 0x41C4, 0x41A4, 0x41C4, 0x49E5, 0x1081, 0x0000,
  0x0000, 0x0000, 0x0000, 0x0000, 0x0000, 0x0000, 0x0000, 0x0000, 0x0000, 0x0000, 0x0000, 0x0000,
  0x0000, 0x0000, 0x0000, 0x0000, 0x0000, 0x0000, 0x0000, 0x0000, 0x0000, 0x0000, 0x0000, 0x0000,
  0x0000, 0x0000, 0x18C2, 0x8BED, 0x5226, 0x49E5, 0x49E5, 0x49E5, 0x49E5, 0x49E5, 0x49E5, 0x49E5,
  0x41C5, 0x41C5, 0x41C5, 0x41C5, 0x41C5, 0x41C5, 0x41C5, 0x49E5, 0x49E5, 0x49E5, 0x49E5, 0x49E5,
  0x49E5, 0x49E5, 0x49E5, 0x41C5, 0x41C5, 0x41C4, 0x49E5, 0x49E5, 0x49E5, 0x49E5, 0x4A05, 0x4A05,
  0x4A05, 0x4A05, 0x4A05, 0x49E5, 0x49E5, 0x41E5, 0x41C5, 0x41E5, 0x41E5, 0x49E5, 0x41C4, 0x41C4,
  0x41C4, 0x41C4, 0x41C4, 0x41C4, 0x41C4, 0x41C4, 0x41C4, 0x41C4, 0x41C4, 0x41C4, 0x41C4, 0x41A4,
  0x41C4, 0x41A4, 0x41A4, 0x41C4, 0x41C4, 0x41C4, 0x41C4, 0x49E5, 0x2943, 0x0000, 0x0000, 0x0000,
  0x0000, 0x0000, 0x0000, 0x0000, 0x0000, 0x0000, 0x0000, 0x0000, 0x0000, 0x0000, 0x0000, 0x0000,
  0x0000, 0x0000, 0x0000, 0x0000, 0x0000, 0x0000, 0x0000, 0x0000, 0x0000, 0x0000, 0x0000, 0x0000,
  0x0000, 0x41E6, 0x83CC, 0x5225, 0x49E4, 0x49E4, 0x49E4, 0x49E4, 0x49E4, 0x49E4, 0x41C4, 0x41C4,
  0x41C4, 0x41C4, 0x41C4, 0x41C4, 0x41C4, 0x41C4, 0x41C4, 0x41C4, 0x41C4, 0x49E4, 0x49E5, 0x49C4,
  0x49E5, 0x49E4, 0x41C4, 0x41C4, 0x41C4, 0x41C4, 0x49E4, 0x49E4, 0x41C4, 0x41C4, 0x49E4, 0x49E5,
  0x49E5, 0x49E4, 0x49E4, 0x41C4, 0x41C4, 0x41C4, 0x41C4, 0x41C4, 0x41C4, 0x41C4, 0x41C4, 0x41A4,
  0x41C4, 0x41A4, 0x41A4, 0x41C4, 0x41A4, 0x41A4, 0x41A4, 0x41A4, 0x41A4, 0x41A3, 0x41A4, 0x41A4,
  0x41A4, 0x41A4, 0x41A4, 0x41C4, 0x41C4, 0x41E5, 0x3164, 0x0840, 0x0000, 0x0000, 0x0000, 0x0000,
  0x0000, 0x0000, 0x0000, 0x0000, 0x0000, 0x0000, 0x0000, 0x0000, 0x0000, 0x0000, 0x0000, 0x0000,
  0x0000, 0x0000, 0x0000, 0x0000, 0x0000, 0x0000, 0x0000, 0x0000, 0x0000, 0x0000, 0x0000, 0x0000,
  0x6B2B, 0x734A, 0x5225, 0x49E5, 0x49E4, 0x49E4, 0x49E4, 0x49E4, 0x49C4, 0x49C4, 0x41C4, 0x41C4,
  0x41C4, 0x41C4, 0x41C4, 0x41C4, 0x41C4, 0x41C4, 0x49C4, 0x41C4, 0x41C4, 0x49E4, 0x41C4, 0x49C4,
  0x41C4, 0x41C4, 0x41C4, 0x41C4, 0x41C4, 0x41C4, 0x49C4, 0x41C4, 0x41C4, 0x41C4, 0x41C4, 0x41C4,
  0x41C4, 0x41C4, 0x41C4, 0x41C4, 0x41C4, 0x41C4, 0x41C4, 0x41C4, 0x41C4, 0x41A4, 0x41A4, 0x41A4,
  0x41A4, 0x41A4, 0x41A4, 0x41A4, 0x41A4, 0x3983, 0x41A3, 0x39A3, 0x39A3, 0x41A3, 0x41A3, 0x39A3,
  0x41A4, 0x41A4, 0x41A4, 0x41A4, 0x3164, 0x0860, 0x0000, 0x0000, 0x0000, 0x0000, 0x0000, 0x0000,
  0x0000, 0x0000, 0x0000, 0x0000, 0x0000, 0x0000, 0x0000, 0x0000, 0x0000, 0x0000, 0x0000, 0x0000,
  0x0000, 0x0000, 0x0000, 0x0000, 0x0000, 0x0000, 0x0000, 0x0000, 0x0000, 0x0000, 0x0000, 0x944F,
  0x62E8, 0x4A05, 0x49E5, 0x49E4, 0x49E4, 0x49E4, 0x41C4, 0x41C4, 0x41C4, 0x41C4, 0x41A4, 0x41C4,
  0x41C4, 0x41C4, 0x41C4, 0x41C4, 0x41C4, 0x49C4, 0x41C4, 0x41C4, 0x41C4, 0x41C4, 0x41C4, 0x41C4,
  0x41C4, 0x41C4, 0x41A4, 0x41A4, 0x41C4, 0x41A4, 0x41C4, 0x41C4, 0x41A4, 0x41C4, 0x41C4, 0x41C4,
  0x41C4, 0x41A4, 0x41A4, 0x41A4, 0x41A4, 0x41C4, 0x41C4, 0x41C4, 0x41A4, 0x41A4, 0x3983, 0x41A4,
  0x41A4, 0x3983, 0x3983, 0x3983, 0x3983, 0x3983, 0x3983, 0x3983, 0x3983, 0x41A3, 0x3983, 0x3983,
  0x3984, 0x3984, 0x2923, 0x0840, 0x0000, 0x0000, 0x0000, 0x0000, 0x0000, 0x0000, 0x0000, 0x0000,
  0x0000, 0x0000, 0x0000, 0x0000, 0x0000, 0x0000, 0x0000, 0x0000, 0x0000, 0x0000, 0x0000, 0x0000,
  0x0000, 0x0000, 0x0000, 0x0000, 0x0000, 0x0000, 0x0000, 0x0000, 0x0000, 0x0000, 0xA4D1, 0x5A67,
  0x49E5, 0x49E5, 0x49E4, 0x49C4, 0x49C4, 0x41C4, 0x41C4, 0x41A4, 0x41C4, 0x41A4, 0x41A4, 0x41A4,
  0x41C4, 0x41C4, 0x41C4, 0x41C4, 0x41C4, 0x41C4, 0x41C4, 0x41A4, 0x41C4, 0x41C4, 0x41A4, 0x41A4,
  0x41A4, 0x41A4, 0x41A4, 0x41A4, 0x41A4, 0x41A4, 0x41A4, 0x41A4, 0x41A4, 0x41A4, 0x41A4, 0x41A4,
  0x41A4, 0x41A4, 0x41A4, 0x41C4, 0x41A4, 0x41C4, 0x41C4, 0x41A4, 0x41A4, 0x39A3, 0x39A3, 0x3983,
  0x41A4, 0x3983, 0x3983, 0x3983, 0x3983, 0x3983, 0x3983, 0x3983, 0x3983, 0x3983, 0x3984, 0x3964,
  0x2923, 0x0840, 0x0000, 0x0000, 0x0000, 0x0000, 0x0000, 0x0000, 0x0000, 0x0000, 0x0000, 0x0000,
  0x0000, 0x0000, 0x0000, 0x0000, 0x0000, 0x0000, 0x0000, 0x0000, 0x0000, 0x0000, 0x0000, 0x0000,
  0x0000, 0x0000, 0x0000, 0x0000, 0x0000, 0x0000, 0x0000, 0x0000, 0x0000, 0xA4F1, 0x5246, 0x41C4,
  0x49C4, 0x49C4, 0x41C4, 0x41C4, 0x41A4, 0x41A4, 0x41A4, 0x41A4, 0x41A4, 0x41A4, 0x41A4, 0x41C4,
  0x41C4, 0x41C4, 0x41C4, 0x41C4, 0x41C4, 0x41C4, 0x41A4, 0x41C4, 0x41C4, 0x41C4, 0x41A4, 0x41A4,
  0x41A4, 0x41A4, 0x3983, 0x41A4, 0x41A4, 0x41A4, 0x41A4, 0x41A4, 0x41A4, 0x41A4, 0x41A4, 0x41A4,
  0x41A4, 0x41A4, 0x41A4, 0x41A4, 0x41C4, 0x41C4, 0x41A4, 0x41A4, 0x41A4, 0x41A4, 0x3983, 0x3983,
  0x3983, 0x3983, 0x41A4, 0x3983, 0x3983, 0x3983, 0x3983, 0x3984, 0x3984, 0x3143, 0x20E2, 0x0840,
  0x0000, 0x0000, 0x0000, 0x0000, 0x0000, 0x0000, 0x0000, 0x0000, 0x0000, 0x0000, 0x0000, 0x0000,
  0x0000, 0x0000, 0x0000, 0x0000, 0x0000, 0x0000, 0x0000, 0x0000, 0x0000, 0x0000, 0x0000, 0x0000,
  0x0000, 0x0000, 0x0000, 0x0000, 0x0000, 0x0000, 0x0000, 0x0840, 0xA4D1, 0x4A06, 0x41A4, 0x41A4,
  0x41A4, 0x41A3, 0x41A4, 0x41A4, 0x41A4, 0x41A4, 0x41A4, 0x41A4, 0x41A4, 0x41A4, 0x41C4, 0x41C4,
  0x41C4, 0x41A4, 0x41C4, 0x41C4, 0x41C4, 0x41C4, 0x41C4, 0x41C4, 0x41A4, 0x41A4, 0x41A4, 0x41A4,
  0x3983, 0x3983, 0x41A4, 0x41A4, 0x41A4, 0x41A4, 0x41A4, 0x41A4, 0x3983, 0x3983, 0x41A4, 0x41A4,
  0x41A4, 0x41A4, 0x41A4, 0x41A4, 0x41A4, 0x41A4, 0x41A4, 0x41A4, 0x41A4, 0x3983, 0x3983, 0x3983,
  0x3983, 0x3983, 0x3983, 0x3983, 0x3983, 0x39A3, 0x3984, 0x3143, 0x1061, 0x0020, 0x0000, 0x0000,
  0x0000, 0x0000, 0x0000, 0x0000, 0x0000, 0x0000, 0x0000, 0x0000, 0x0000, 0x0000, 0x0000, 0x0000,
  0x0000, 0x0000, 0x0000, 0x0000, 0x0000, 0x0000, 0x0000, 0x0000, 0x0000, 0x0000, 0x0000, 0x0000,
  0x0000, 0x0000, 0x0000, 0x0000, 0x0000, 0x0000, 0x2123, 0x9C6F, 0x49E5, 0x3983, 0x3983, 0x3983,
  0x3983, 0x3983, 0x3983, 0x41A4, 0x41A4, 0x41A4, 0x41A4, 0x41C4, 0x41A4, 0x41A4, 0x41C4, 0x41C4,
  0x41C4, 0x41C4, 0x41C4, 0x41C4, 0x41C4, 0x41A4, 0x41A4, 0x41A4, 0x41A4, 0x41A4, 0x41A4, 0x3983,
  0x41A4, 0x41A4, 0x41A4, 0x41A4, 0x41A4, 0x41A4, 0x3983, 0x3983, 0x41A4, 0x41A4, 0x3983, 0x41A4,
  0x41A4, 0x41A4, 0x41A4, 0x41A4, 0x41A4, 0x41A3, 0x41A3, 0x41A3, 0x3983, 0x3983, 0x3983, 0x3983,
  0x3983, 0x3983, 0x3984, 0x41A4, 0x3964, 0x2923, 0x0861, 0x0000, 0x0000, 0x0000, 0x0000, 0x0000,
  0x0000, 0x0000, 0x0000, 0x0000, 0x0000, 0x0000, 0x0000, 0x0000, 0x0000, 0x0000, 0x0000, 0x0000,
  0x0000, 0x0000, 0x0000, 0x0000, 0x0000, 0x0000, 0x0000, 0x0000, 0x0000, 0x0000, 0x0000, 0x0000,
  0x0000, 0x0000, 0x0000, 0x0000, 0x0000, 0x4A48, 0x83CD, 0x41C4, 0x3963, 0x3963, 0x3963, 0x3983,
  0x3983, 0x3983, 0x3983, 0x41A4, 0x41A4, 0x41A4, 0x41C4, 0x41A4, 0x41C4, 0x41C4, 0x41C4, 0x41C4,
  0x41C4, 0x41A4, 0x41A4, 0x41C4, 0x41A4, 0x41A4, 0x41A4, 0x41A4, 0x41A3, 0x41A3, 0x41A3, 0x41A4,
  0x41A4, 0x41A4, 0x41A3, 0x41A4, 0x3983, 0x4183, 0x4183, 0x3983, 0x3983, 0x41A4, 0x41A4, 0x41A4,
  0x41A4, 0x3983, 0x3983, 0x3983, 0x3983, 0x3983, 0x3983, 0x3983, 0x3983, 0x3983, 0x3983, 0x3983,
  0x39A4, 0x3984, 0x3164, 0x18A1, 0x0840, 0x0000, 0x0000, 0x0000, 0x0000, 0x0000, 0x0000, 0x0000,
  0x0000, 0x0000, 0x0000, 0x0000, 0x0000, 0x0000, 0x0000, 0x0000, 0x0000, 0x0000, 0x0000, 0x0000,
  0x0000, 0x0000, 0x0000, 0x0000, 0x0000, 0x0000, 0x0000, 0x0000, 0x0000, 0x0000, 0x0000, 0x0000,
  0x0000, 0x0000, 0x0000, 0x0000, 0x83CD, 0x734A, 0x39A4, 0x3963, 0x3963, 0x3983, 0x3983, 0x41A3,
  0x41A3, 0x41A3, 0x41A4, 0x41A4, 0x41A4, 0x41A4, 0x41A4, 0x41A4, 0x41A4, 0x41A4, 0x41A4, 0x41A4,
  0x41A4, 0x41A4, 0x41A4, 0x41A4, 0x41A4, 0x41C4, 0x41A4, 0x41A4, 0x41A4, 0x41A4, 0x41C4, 0x41A4,
  0x41A4, 0x41A4, 0x41A4, 0x41A4, 0x41A4, 0x41A4, 0x3983, 0x41A3, 0x41A4, 0x41A4, 0x41A4, 0x41A4,
  0x41A4, 0x3983, 0x3983, 0x3983, 0x3983, 0x3963, 0x3963, 0x3963, 0x3963, 0x3163, 0x3143, 0x3143,
  0x20E2, 0x0860, 0x0000, 0x0000, 0x0000, 0x0000, 0x0000, 0x0000, 0x0000, 0x0000, 0x0000, 0x0000,
  0x0000, 0x0000, 0x0000, 0x0000, 0x0000, 0x0000, 0x0000, 0x0000, 0x0000, 0x0000, 0x0000, 0x0000,
  0x0000, 0x0000, 0x0000, 0x0000, 0x0000, 0x0000, 0x0000, 0x0000, 0x0000, 0x0000, 0x0000, 0x0000,
  0x0000, 0x0000, 0x0000, 0xA4F1, 0x5A88, 0x3984, 0x3983, 0x4183, 0x41A3, 0x41A4, 0x41C4, 0x41C4,
  0x41C4, 0x41C4, 0x41C4, 0x41C4, 0x41A4, 0x41A4, 0x39A3, 0x41A4, 0x41A4, 0x3984, 0x3984, 0x3984,
  0x3984, 0x41A4, 0x41A4, 0x41A4, 0x41A4, 0x41A4, 0x41A4, 0x3983, 0x3983, 0x41A4, 0x41A4, 0x41A4,
  0x41A4, 0x41A4, 0x41A4, 0x41A4, 0x41A4, 0x41A4, 0x41A3, 0x41A4, 0x3983, 0x3983, 0x3983, 0x3983,
  0x3983, 0x3983, 0x3983, 0x3983, 0x3983, 0x3163, 0x3143, 0x2923, 0x20E2, 0x1061, 0x0840, 0x0020,
  0x0000, 0x0000, 0x0000, 0x0000, 0x0000, 0x0000, 0x0000, 0x0000, 0x0000, 0x0000, 0x0000, 0x0000,
  0x0000, 0x0000, 0x0000, 0x0000, 0x0000, 0x0000, 0x0000, 0x0000, 0x0000, 0x0000, 0x0000, 0x0000,
  0x0000, 0x0000, 0x0000, 0x0000, 0x0000, 0x0000, 0x0000, 0x0000, 0x0000, 0x0000, 0x0000, 0x0000,
  0x0000, 0x0000, 0x9C90, 0x4A27, 0x39A4, 0x41A4, 0x41C4, 0x41C4, 0x41C4, 0x41C4, 0x41C4, 0x41C4,
  0x41A4, 0x39A4, 0x3984, 0x3984, 0x3984, 0x3984, 0x3983, 0x3963, 0x3984, 0x3984, 0x3984, 0x3984,
  0x3984, 0x41A4, 0x41A4, 0x41A4, 0x41A4, 0x41A4, 0x41A4, 0x41A4, 0x41A4, 0x41A4, 0x41A4, 0x41C4,
  0x41E5, 0x41C4, 0x41C4, 0x41C4, 0x41C4, 0x41C4, 0x41A4, 0x41A4, 0x41A4, 0x3983, 0x3983, 0x3983,
  0x3983, 0x3984, 0x3984, 0x3963, 0x2923, 0x18C2, 0x0840, 0x0020, 0x0000, 0x0000, 0x0000, 0x0000,
  0x0000, 0x0000, 0x0000, 0x0000, 0x0000, 0x0000, 0x0000, 0x0000, 0x0000, 0x0000, 0x0000, 0x0000,
  0x0000, 0x0000, 0x0000, 0x0000, 0x0000, 0x0000, 0x0000, 0x0000, 0x0000, 0x0000, 0x0000, 0x0000,
  0x0000, 0x0000, 0x0000, 0x0000, 0x0000, 0x0000, 0x0000, 0x0000, 0x0000, 0x0000, 0x0000, 0x0000,
  0x0000, 0x4A48, 0x39C6, 0x39A4, 0x41C4, 0x41A4, 0x3984, 0x3964, 0x3143, 0x2943, 0x2923, 0x2102,
  0x20E2, 0x20E2, 0x20E2, 0x20E2, 0x20E2, 0x2103, 0x2903, 0x2923, 0x2923, 0x2944, 0x3164, 0x3984,
  0x3984, 0x39A5, 0x39A5, 0x41A5, 0x39A5, 0x39A5, 0x39A5, 0x41C5, 0x39A5, 0x39A4, 0x39A5, 0x39C5,
  0x41C5, 0x41C5, 0x41C5, 0x41C5, 0x41C5, 0x41C5, 0x41E5, 0x4A05, 0x4A05, 0x41C5, 0x3984, 0x3143,
  0x20E2, 0x20C2, 0x18A1, 0x0840, 0x0020, 0x0000, 0x0000, 0x0000, 0x0000, 0x0000, 0x0000, 0x0000,
  0x0000, 0x0000, 0x0000, 0x0000, 0x0000, 0x0000, 0x0000, 0x0000, 0x0000, 0x0000, 0x0000, 0x0000,
  0x0000, 0x0000, 0x0000, 0x0000, 0x0000, 0x0000, 0x0000, 0x0000, 0x0000, 0x0000, 0x0000, 0x0000,
  0x0000, 0x0000, 0x0000, 0x0000, 0x0000, 0x0000, 0x0000, 0x0000, 0x0000, 0x0000, 0x0000, 0x0000,
  0x0841, 0x1081, 0x1081, 0x18A1, 0x1881, 0x1081, 0x1061, 0x0840, 0x0820, 0x0020, 0x0020, 0x0020,
  0x0020, 0x0020, 0x0020, 0x0020, 0x0020, 0x0820, 0x0820, 0x0840, 0x0840, 0x0840, 0x0841, 0x0841,
  0x0861, 0x1061, 0x1061, 0x1061, 0x1061, 0x1081, 0x1081, 0x1061, 0x1061, 0x1061, 0x1061, 0x1061,
  0x1081, 0x1081, 0x1881, 0x18A1, 0x18C1, 0x20E2, 0x2902, 0x2943, 0x2923, 0x20E2, 0x1061, 0x0820,
  0x0000, 0x0000, 0x0000, 0x0000, 0x0000, 0x0000, 0x0000, 0x0000, 0x0000, 0x0000, 0x0000, 0x0000,
  0x0000, 0x0000, 0x0000, 0x0000, 0x0000, 0x0000, 0x0000, 0x0000, 0x0000, 0x0000, 0x0000, 0x0000,
  0x0000, 0x0000, 0x0000, 0x0000, 0x0000, 0x0000, 0x0000, 0x0000, 0x0000, 0x0000, 0x0000, 0x0000,
  0x0000, 0x0000, 0x0000, 0x0000, 0x0000, 0x0000, 0x0000, 0x0000, 0x0000, 0x0000, 0x0000, 0x0000,
  0x0000, 0x0000, 0x0000, 0x0000, 0x0000, 0x0000, 0x0000, 0x0000, 0x0000, 0x0000, 0x0000, 0x0000,
  0x0000, 0x0000, 0x0000, 0x0000, 0x0000, 0x0000, 0x0000, 0x0000, 0x0000, 0x0000, 0x0000, 0x0000,
  0x0000, 0x0000, 0x0000, 0x0000, 0x0000, 0x0000, 0x0000, 0x0000, 0x0000, 0x0000, 0x0000, 0x0000,
  0x0000, 0x0000, 0x0000, 0x0000, 0x0000, 0x0000, 0x0020, 0x0020, 0x0000, 0x0000, 0x0000, 0x0000,
  0x0000, 0x0000, 0x0000, 0x0000, 0x0000, 0x0000, 0x0000, 0x0000, 0x0000, 0x0000, 0x0000, 0x0000,
  0x0000, 0x0000, 0x0000, 0x0000, 0x0000, 0x0000, 0x0000, 0x0000, 0x0000, 0x0000, 0x0000, 0x0000,
  0x0000, 0x0000, 0x0000, 0x0000, 0x0000, 0x0000, 0x0000, 0x0000, 0x0000, 0x0000, 0x0000, 0x0000,
  0x0000, 0x0000, 0x0000, 0x0000, 0x0000, 0x0000, 0x0000, 0x0000, 0x0000, 0x0000, 0x0000, 0x0000,
  0x0000, 0x0000, 0x0000, 0x0000, 0x0000, 0x0000, 0x0000, 0x0000, 0x0000, 0x0000, 0x0000, 0x0000,
  0x0000, 0x0000, 0x0000, 0x0000, 0x0000, 0x0000, 0x0000, 0x0000, 0x0000, 0x0000, 0x0000, 0x0000,
  0x0000, 0x0000, 0x0000, 0x0000, 0x0000, 0x0000, 0x0000, 0x0000, 0x0000, 0x0000, 0x0000, 0x0000,
  0x0000, 0x0000, 0x0000, 0x0000, 0x0000, 0x0000, 0x0000, 0x0000, 0x0000, 0x0000, 0x0000, 0x0000,
  0x0000, 0x0000, 0x0000, 0x0000, 0x0000, 0x0000, 0x0000, 0x0000, 0x0000, 0x0000, 0x0000, 0x0000,
  0x0000, 0x0000, 0x0000, 0x0000, 0x0000, 0x0000, 0x0000, 0x0000, 0x0000, 0x0000, 0x0000, 0x0000,
  0x0000, 0x0000, 0x0000, 0x0000, 0x0000, 0x0000, 0x0000, 0x0000, 0x0000, 0x0000, 0x0000, 0x0000,
  0x0000, 0x0000, 0x0000, 0x0000, 0x0000, 0x0000, 0x0000, 0x0000, 0x0000, 0x0000, 0x0000, 0x0000,
  0x0000, 0x0000, 0x0000, 0x0000, 0x0000, 0x0000, 0x0000, 0x0000, 0x0000, 0x0000, 0x0000, 0x0000,
  0x0000, 0x0000, 0x0000, 0x0000, 0x0000, 0x0000, 0x0000, 0x0000, 0x0000, 0x0000, 0x0000, 0x0000,
  0x0000, 0x0000, 0x0000, 0x0000, 0x0000, 0x0000, 0x0000, 0x0000, 0x0000, 0x0000, 0x0000, 0x0000,
  0x0000, 0x0000, 0x0000, 0x0000, 0x0000, 0x0000, 0x0000, 0x0000, 0x0000, 0x0000, 0x0000, 0x0000,
  0x0000, 0x0000, 0x0000, 0x0000, 0x0000, 0x0000, 0x0000, 0x0000, 0x0000, 0x0000, 0x0000, 0x0000,
  0x0000, 0x0000, 0x0000, 0x0000, 0x0000, 0x0000, 0x0000, 0x0000, 0x0000, 0x0000, 0x0000, 0x0000,
  0x0000, 0x0000, 0x0000, 0x0000, 0x0000, 0x0000, 0x0000, 0x0000, 0x0000, 0x0000, 0x0000, 0x0000,
  0x0000, 0x0000, 0x0000, 0x0000, 0x0000, 0x0000, 0x0000, 0x0000, 0x0000, 0x0000, 0x0000, 0x0000,
  0x0000, 0x0000, 0x0000, 0x0000, 0x0000, 0x0000, 0x0000, 0x0000, 0x0000, 0x0000, 0x0000, 0x0000,
  0x0000, 0x0000, 0x0000, 0x0000, 0x0000, 0x0000, 0x0000, 0x0000, 0x0000, 0x0000, 0x0000, 0x0000,
  0x0000, 0x0000, 0x0000, 0x0000, 0x0000, 0x0000, 0x0000, 0x0000, 0x0000, 0x0000, 0x0000, 0x0000,
  0x0000, 0x0000, 0x0000, 0x0000, 0x0000, 0x0000, 0x0000, 0x0000, 0x0000, 0x0000, 0x0000, 0x0000,
  0x0000, 0x0000, 0x0000, 0x0000, 0x0000, 0x0000, 0x0000, 0x0000, 0x0000, 0x0000, 0x0000, 0x0000,
  0x0000, 0x0000, 0x0000, 0x0000, 0x0000, 0x0000, 0x0000, 0x0000, 0x0000, 0x0000, 0x0000, 0x0000,
  0x0000, 0x0000, 0x0000, 0x0000, 0x0000, 0x0000, 0x0000, 0x0000, 0x0000, 0x0000, 0x0000, 0x0000,
  0x0000, 0x0000, 0x0000, 0x0000, 0x0000, 0x0000, 0x0000, 0x0000, 0x0000, 0x0000, 0x0000, 0x0000,
  0x0000, 0x0000, 0x0000, 0x0000, 0x0000, 0x0000, 0x0000, 0x0000, 0x0000, 0x0000, 0x0000, 0x0000,
  0x0000, 0x0000, 0x0000, 0x0000, 0x0000, 0x0000, 0x0000, 0x0000, 0x0000, 0x0000, 0x0000, 0x0000,
  0x0000, 0x0000, 0x0000, 0x0000, 0x0000, 0x0000, 0x0000, 0x0000, 0x0000, 0x0000, 0x0000, 0x0000,
  0x0000, 0x0000, 0x0000, 0x0000, 0x0000, 0x0000, 0x0000, 0x0000, 0x0000, 0x0000, 0x0000, 0x0000,
  0x0000, 0x0000, 0x0000, 0x0000, 0x0000, 0x0000, 0x0000, 0x0000, 0x0000, 0x0000, 0x0000, 0x0000,
  0x0000, 0x0000, 0x0000, 0x0000, 0x0000, 0x0000, 0x0000, 0x0000, 0x0000, 0x0000, 0x0000, 0x0000,
  0x0000, 0x0000, 0x0000, 0x0000, 0x0000, 0x0000, 0x0000, 0x0000, 0x0000, 0x0000, 0x0000, 0x0000,
  0x0000, 0x0000, 0x0000, 0x0000, 0x0000, 0x0000, 0x0000, 0x0000, 0x0000, 0x0000, 0x0000, 0x0000,
  0x0000, 0x0000, 0x0000, 0x0000, 0x0000, 0x0000, 0x0000, 0x0000, 0x0000, 0x0000, 0x0000, 0x0000,
  0x0000, 0x0000, 0x0000, 0x0000, 0x0000, 0x0000, 0x0000, 0x0000, 0x0000, 0x0000, 0x0000, 0x0000,
  0x0000, 0x0000, 0x0000, 0x0000, 0x0000, 0x0000, 0x0000, 0x0000, 0x0000, 0x0000, 0x0000, 0x0000,
  0x0000, 0x0000, 0x0000, 0x0000, 0x0000, 0x0000, 0x0000, 0x0000, 0x0000, 0x0000, 0x0000, 0x0000,
  0x0000, 0x0000, 0x0000, 0x0000, 0x0000, 0x0000, 0x0000, 0x0000, 0x0000, 0x0000, 0x0000, 0x0000,
  0x0000, 0x0000, 0x0000, 0x0000, 0x0000, 0x0000, 0x0000, 0x0000, 0x0000, 0x0000, 0x0000, 0x0000,
  0x0000, 0x0000, 0x0000, 0x0000, 0x0000, 0x0000, 0x0000, 0x0000, 0x0000, 0x0000, 0x0000, 0x0000,
  0x0000, 0x0000, 0x0000, 0x0000, 0x0000, 0x0000, 0x0000, 0x0000, 0x0000, 0x0000, 0x0000, 0x0000,
  0x0000, 0x0000, 0x0000, 0x0000, 0x0000, 0x0000, 0x0000, 0x0000, 0x0000, 0x0000, 0x0000, 0x0000,
  0x0000, 0x0000, 0x0000, 0x0000, 0x0000, 0x0000, 0x0000, 0x0000, 0x0000, 0x0000, 0x0000, 0x0000,
  0x0000, 0x0000, 0x0000, 0x0000, 0x0000, 0x0000, 0x0000, 0x0000, 0x0000, 0x0000, 0x0000, 0x0000,
  0x0000, 0x0000, 0x0000, 0x0000, 0x0000, 0x0000, 0x0000, 0x0000, 0x0000, 0x0000, 0x0000, 0x0000,
  0x0000, 0x0000, 0x0000, 0x0000, 0x0000, 0x0000, 0x0000, 0x0000, 0x0000, 0x0000, 0x0000, 0x0000,
  0x0000, 0x0000, 0x0000, 0x0000, 0x0000, 0x0000, 0x0000, 0x0000, 0x0000, 0x0000, 0x0000, 0x0000,
  0x0000, 0x0000, 0x0000, 0x0000, 0x0000, 0x0000
};
const int img_5_width  = 95;
const int img_5_height = 114;

// img_6  94 x 114  (RGB565)
const uint16_t img_6[] PROGMEM = {
  0x0000, 0x0000, 0x0000, 0x0000, 0x0000, 0x0000, 0x0000, 0x0000, 0x0000, 0x0000, 0x0000, 0x0000,
  0x0000, 0x0000, 0x0000, 0x0000, 0x0000, 0x0000, 0x0000, 0x0000, 0x0000, 0x0000, 0x0000, 0x0000,
  0x0000, 0x0000, 0x0000, 0x0000, 0x0000, 0x0000, 0x0000, 0x0000, 0x0000, 0x0000, 0x0000, 0x0000,
  0x0000, 0x0000, 0x0000, 0x0000, 0x0000, 0x0000, 0x0000, 0x0000, 0x0000, 0x0000, 0x0000, 0x0000,
  0x0000, 0x0000, 0x0000, 0x0000, 0x0000, 0x0000, 0x0000, 0x0000, 0x0000, 0x0000, 0x0000, 0x0000,
  0x0000, 0x0000, 0x0000, 0x0000, 0x0000, 0x0000, 0x0000, 0x0000, 0x0000, 0x0000, 0x0000, 0x0000,
  0x0000, 0x0000, 0x0000, 0x0000, 0x0000, 0x0000, 0x0000, 0x0000, 0x0000, 0x0000, 0x0000, 0x0000,
  0x0000, 0x0000, 0x0000, 0x0000, 0x0000, 0x0000, 0x0000, 0x0000, 0x0000, 0x0000, 0x0000, 0x0000,
  0x0000, 0x0000, 0x0000, 0x0000, 0x0000, 0x0000, 0x0000, 0x0000, 0x0000, 0x0000, 0x0000, 0x0000,
  0x0000, 0x0000, 0x0000, 0x0000, 0x0000, 0x0000, 0x0000, 0x0000, 0x0000, 0x0000, 0x0000, 0x0000,
  0x0000, 0x0000, 0x0000, 0x0000, 0x0000, 0x0000, 0x0000, 0x0000, 0x0000, 0x0000, 0x0000, 0x0000,
  0x0000, 0x0000, 0x0000, 0x0000, 0x0000, 0x0000, 0x0000, 0x0000, 0x0000, 0x0000, 0x0000, 0x0000,
  0x0000, 0x0000, 0x0000, 0x0000, 0x0000, 0x0000, 0x0000, 0x0000, 0x0000, 0x0000, 0x0000, 0x0000,
  0x0000, 0x0000, 0x0000, 0x0000, 0x0000, 0x0000, 0x0000, 0x0000, 0x0000, 0x0000, 0x0000, 0x0000,
  0x0000, 0x0000, 0x0000, 0x0000, 0x0000, 0x0000, 0x0000, 0x0000, 0x0000, 0x0000, 0x0000, 0x0000,
  0x0000, 0x0000, 0x0000, 0x0000, 0x0000, 0x0000, 0x0000, 0x0000, 0x0000, 0x0000, 0x0000, 0x0000,
  0x0000, 0x0000, 0x0000, 0x0000, 0x0000, 0x0000, 0x0000, 0x0000, 0x0000, 0x0000, 0x0000, 0x0000,
  0x0000, 0x0000, 0x0000, 0x0000, 0x0000, 0x0000, 0x0000, 0x0000, 0x0000, 0x0000, 0x0000, 0x0000,
  0x0000, 0x0000, 0x0000, 0x0000, 0x0000, 0x0000, 0x0000, 0x0000, 0x0000, 0x0000, 0x0000, 0x0000,
  0x0000, 0x0000, 0x0000, 0x0000, 0x0000, 0x0000, 0x0000, 0x0000, 0x0000, 0x0000, 0x0000, 0x0000,
  0x0000, 0x0000, 0x0000, 0x0000, 0x0000, 0x0000, 0x0000, 0x0000, 0x0000, 0x0000, 0x0000, 0x0000,
  0x0000, 0x0000, 0x0000, 0x0000, 0x0000, 0x0000, 0x0000, 0x0000, 0x0000, 0x0000, 0x0000, 0x0000,
  0x0000, 0x0000, 0x0000, 0x0000, 0x0000, 0x0000, 0x0000, 0x0000, 0x0000, 0x0000, 0x0000, 0x0000,
  0x0000, 0x0000, 0x0000, 0x0000, 0x0000, 0x0000, 0x0000, 0x0000, 0x0000, 0x0000, 0x0000, 0x0000,
  0x0000, 0x0000, 0x0000, 0x0000, 0x0000, 0x0000, 0x0000, 0x0000, 0x0000, 0x0000, 0x0000, 0x0000,
  0x0000, 0x0000, 0x0000, 0x0000, 0x0000, 0x0000, 0x0000, 0x0000, 0x0000, 0x0000, 0x0000, 0x0000,
  0x0000, 0x0000, 0x0000, 0x0000, 0x0000, 0x0000, 0x0000, 0x0000, 0x0000, 0x0000, 0x0000, 0x0000,
  0x0000, 0x0000, 0x0000, 0x0000, 0x0000, 0x0000, 0x0000, 0x0000, 0x0000, 0x0000, 0x0000, 0x0000,
  0x0000, 0x0000, 0x0000, 0x0000, 0x0000, 0x0000, 0x0000, 0x0000, 0x0000, 0x0000, 0x0000, 0x0000,
  0x0000, 0x0000, 0x0000, 0x0000, 0x0000, 0x0000, 0x0000, 0x0000, 0x0000, 0x0000, 0x0000, 0x0000,
  0x0000, 0x0000, 0x0000, 0x0000, 0x0000, 0x0000, 0x0000, 0x0000, 0x0000, 0x0000, 0x0000, 0x0000,
  0x0000, 0x0000, 0x0000, 0x0000, 0x0000, 0x0000, 0x0000, 0x0000, 0x0000, 0x0000, 0x0000, 0x0000,
  0x0000, 0x0000, 0x0000, 0x0000, 0x0000, 0x0000, 0x0000, 0x0000, 0x0000, 0x0000, 0x0000, 0x0000,
  0x0000, 0x0000, 0x0000, 0x0000, 0x0000, 0x0000, 0x0000, 0x0000, 0x0000, 0x0000, 0x0000, 0x0000,
  0x0000, 0x0000, 0x0000, 0x0000, 0x0000, 0x0000, 0x0000, 0x0000, 0x0000, 0x0000, 0x0000, 0x0000,
  0x0000, 0x0000, 0x0000, 0x0000, 0x0000, 0x0000, 0x0000, 0x0000, 0x0000, 0x0000, 0x0000, 0x0000,
  0x0000, 0x0000, 0x0000, 0x0000, 0x0000, 0x0000, 0x0000, 0x0000, 0x0000, 0x0000, 0x0000, 0x0000,
  0x0000, 0x0000, 0x0000, 0x0000, 0x0000, 0x0000, 0x0000, 0x0000, 0x0000, 0x0000, 0x0000, 0x0000,
  0x0000, 0x0000, 0x0000, 0x0000, 0x0000, 0x0000, 0x0000, 0x0000, 0x0000, 0x0000, 0x0000, 0x0000,
  0x0000, 0x0000, 0x0000, 0x0000, 0x0000, 0x0000, 0x0000, 0x0000, 0x0000, 0x0000, 0x0000, 0x0000,
  0x0000, 0x0000, 0x0000, 0x0000, 0x0000, 0x0000, 0x0000, 0x0000, 0x0000, 0x0000, 0x0000, 0x0000,
  0x0000, 0x0000, 0x0000, 0x0000, 0x0000, 0x0000, 0x0000, 0x0000, 0x0000, 0x0000, 0x0000, 0x0000,
  0x0000, 0x0000, 0x0000, 0x0000, 0x0000, 0x0000, 0x0000, 0x0000, 0x0000, 0x0000, 0x0000, 0x0000,
  0x0000, 0x0000, 0x0000, 0x0000, 0x0000, 0x0000, 0x0000, 0x0000, 0x0000, 0x0000, 0x0000, 0x0000,
  0x0000, 0x0000, 0x0000, 0x0000, 0x0000, 0x0000, 0x0000, 0x0000, 0x0000, 0x0000, 0x0000, 0x0000,
  0x0000, 0x0000, 0x0000, 0x0000, 0x0000, 0x0000, 0x0000, 0x0000, 0x0000, 0x0000, 0x0000, 0x0000,
  0x0000, 0x0000, 0x0000, 0x0000, 0x0000, 0x0000, 0x0000, 0x0000, 0x0000, 0x0000, 0x0000, 0x0000,
  0x0000, 0x0000, 0x0000, 0x0000, 0x0000, 0x0000, 0x0000, 0x0000, 0x0000, 0x0000, 0x0000, 0x0000,
  0x0000, 0x0000, 0x0000, 0x0000, 0x0000, 0x0000, 0x0000, 0x0000, 0x0000, 0x0000, 0x0000, 0x0000,
  0x0000, 0x0000, 0x0000, 0x0000, 0x0000, 0x0000, 0x0000, 0x0000, 0x0000, 0x0000, 0x0000, 0x0000,
  0x0000, 0x0000, 0x0000, 0x0000, 0x0000, 0x0000, 0x0000, 0x0000, 0x0000, 0x0000, 0x0000, 0x0000,
  0x0000, 0x0000, 0x0000, 0x0000, 0x0000, 0x0000, 0x0000, 0x0000, 0x0000, 0x0000, 0x0000, 0x0000,
  0x0000, 0x0000, 0x0000, 0x0000, 0x0000, 0x0000, 0x0000, 0x0000, 0x0000, 0x0000, 0x0000, 0x0000,
  0x0000, 0x0000, 0x0000, 0x0000, 0x0000, 0x0000, 0x0000, 0x0000, 0x0000, 0x0000, 0x0000, 0x0000,
  0x0000, 0x0000, 0x0000, 0x0000, 0x0000, 0x0000, 0x0000, 0x0000, 0x0000, 0x0000, 0x0000, 0x0000,
  0x0000, 0x0000, 0x0000, 0x0000, 0x0000, 0x0000, 0x0000, 0x0000, 0x0000, 0x0000, 0x0000, 0x0000,
  0x0000, 0x0000, 0x0000, 0x0000, 0x0000, 0x0000, 0x0000, 0x0000, 0x0000, 0x0000, 0x0000, 0x0000,
  0x0000, 0x0000, 0x0000, 0x0000, 0x0000, 0x0000, 0x0000, 0x0000, 0x0000, 0x0000, 0x0000, 0x0000,
  0x0000, 0x0000, 0x0000, 0x0000, 0x0000, 0x0000, 0x0000, 0x0020, 0x0020, 0x0020, 0x0020, 0x0020,
  0x0020, 0x0020, 0x0020, 0x0020, 0x0020, 0x0020, 0x0020, 0x0020, 0x0020, 0x0020, 0x0020, 0x0020,
  0x0020, 0x0020, 0x0020, 0x0020, 0x0020, 0x0020, 0x0020, 0x0020, 0x0020, 0x0020, 0x0020, 0x0020,
  0x0020, 0x0020, 0x0020, 0x0020, 0x0020, 0x0020, 0x0020, 0x0020, 0x0020, 0x0020, 0x0020, 0x0000,
  0x0000, 0x0000, 0x0000, 0x0000, 0x0000, 0x0000, 0x0000, 0x0000, 0x0000, 0x0000, 0x0000, 0x0000,
  0x0000, 0x0000, 0x0000, 0x0000, 0x0000, 0x0000, 0x0000, 0x0000, 0x0000, 0x0000, 0x0000, 0x0000,
  0x0000, 0x0000, 0x0000, 0x0000, 0x0000, 0x0000, 0x0000, 0x0000, 0x0000, 0x0000, 0x0000, 0x0000,
  0x0000, 0x0000, 0x0000, 0x0000, 0x0000, 0x0000, 0x0000, 0x0000, 0x0000, 0x0000, 0x0000, 0x0000,
  0x0020, 0x0841, 0x18C2, 0x3165, 0x41E6, 0x5288, 0x6B0B, 0x736C, 0x736C, 0x736D, 0x736D, 0x736D,
  0x736D, 0x736D, 0x736D, 0x736D, 0x736D, 0x736D, 0x6B6C, 0x6B6C, 0x6B4C, 0x6B6C, 0x6B6C, 0x6B6C,
  0x6B6C, 0x6B6C, 0x6B6C, 0x6B6C, 0x6B6C, 0x6B6C, 0x6B6C, 0x6B6C, 0x6B6C, 0x6B6C, 0x6B6C, 0x6B6C,
  0x6B6C, 0x6B6C, 0x6B6C, 0x6B4C, 0x6B4C, 0x6B4C, 0x6B4C, 0x6B4C, 0x4207, 0x0000, 0x0000, 0x0000,
  0x0000, 0x0000, 0x0000, 0x0000, 0x0000, 0x0000, 0x0000, 0x0000, 0x0000, 0x0000, 0x0000, 0x0000,
  0x0000, 0x0000, 0x0000, 0x0000, 0x0000, 0x0000, 0x0000, 0x0000, 0x0000, 0x0000, 0x0000, 0x0000,
  0x0000, 0x0000, 0x0000, 0x0000, 0x0000, 0x0000, 0x0000, 0x0000, 0x0000, 0x0000, 0x0000, 0x0000,
  0x0000, 0x0000, 0x0000, 0x0000, 0x0000, 0x0000, 0x0000, 0x0020, 0x18C2, 0x39E6, 0x62EA, 0x7BAD,
  0x9C90, 0xB552, 0xC5D4, 0xD676, 0xEF19, 0xF75A, 0xF77B, 0xF77B, 0xF77B, 0xF77B, 0xF77B, 0xF77B,
  0xF79B, 0xF77B, 0xF79B, 0xF77B, 0xF77B, 0xF77B, 0xF77B, 0xEF5A, 0xEF5A, 0xEF5A, 0xEF5A, 0xEF5A,
  0xEF5A, 0xF75A, 0xF75A, 0xF75A, 0xF75A, 0xFF9B, 0xF77B, 0xF77B, 0xF77B, 0xF77B, 0xF77B, 0xF75A,
  0xF75A, 0xEF5A, 0xEF3A, 0xEF3A, 0xEF3A, 0xF77C, 0x4A48, 0x0000, 0x0000, 0x0000, 0x0000, 0x0000,
  0x0000, 0x0000, 0x0000, 0x0000, 0x0000, 0x0000, 0x0000, 0x0000, 0x0000, 0x0000, 0x0000, 0x0000,
  0x0000, 0x0000, 0x0000, 0x0000, 0x0000, 0x0000, 0x0000, 0x0000, 0x0000, 0x0000, 0x0000, 0x0000,
  0x0000, 0x0000, 0x0000, 0x0000, 0x0000, 0x0000, 0x0000, 0x0000, 0x0000, 0x0000, 0x0000, 0x0000,
  0x0000, 0x0000, 0x0020, 0x18A2, 0x41E6, 0x630B, 0x946F, 0xC5F5, 0xEEF9, 0xEF19, 0xEEF8, 0xE6B7,
  0xDE76, 0xDE76, 0xDE76, 0xDE96, 0xDE76, 0xDE76, 0xDE96, 0xDE96, 0xDE97, 0xDE97, 0xDE97, 0xDE97,
  0xE6B7, 0xDE96, 0xDE96, 0xDE76, 0xDE96, 0xDE76, 0xD676, 0xD655, 0xD675, 0xD655, 0xD655, 0xD675,
  0xD675, 0xD655, 0xDE75, 0xDE96, 0xDE96, 0xDE76, 0xDE76, 0xDE76, 0xDE76, 0xDE75, 0xDE75, 0xDE76,
  0xDE76, 0xDE76, 0xD656, 0xE6F9, 0x1081, 0x0000, 0x0000, 0x0000, 0x0000, 0x0000, 0x0000, 0x0000,
  0x0000, 0x0000, 0x0000, 0x0000, 0x0000, 0x0000, 0x0000, 0x0000, 0x0000, 0x0000, 0x0000, 0x0000,
  0x0000, 0x0000, 0x0000, 0x0000, 0x0000, 0x0000, 0x0000, 0x0000, 0x0000, 0x0000, 0x0000, 0x0000,
  0x0000, 0x0000, 0x0000, 0x0000, 0x0000, 0x0000, 0x0000, 0x0000, 0x0000, 0x0000, 0x0000, 0x18C2,
  0x4A28, 0x8C2F, 0xC5F5, 0xEF19, 0xEEF8, 0xE6B7, 0xDE96, 0xDE75, 0xD655, 0xCE14, 0xCE13, 0xCE14,
  0xCE13, 0xD634, 0xCE13, 0xD634, 0xCE13, 0xCE14, 0xD614, 0xD634, 0xCE14, 0xD614, 0xD614, 0xCE14,
  0xCE14, 0xCE14, 0xCE13, 0xCE14, 0xCDF3, 0xCDF3, 0xCDF3, 0xCE13, 0xCDF3, 0xCDF3, 0xCDF3, 0xCDF3,
  0xCDF3, 0xCE13, 0xCE13, 0xCE13, 0xCDF3, 0xCDF3, 0xCDF3, 0xCDF3, 0xCE13, 0xCDF3, 0xCE14, 0xD634,
  0xCE15, 0xDE97, 0x0840, 0x0000, 0x0000, 0x0000, 0x0000, 0x0000, 0x0000, 0x0000, 0x0000, 0x0000,
  0x0000, 0x0000, 0x0000, 0x0000, 0x0000, 0x0000, 0x0000, 0x0000, 0x0000, 0x0000, 0x0000, 0x0000,
  0x0000, 0x0000, 0x0000, 0x0000, 0x0000, 0x0000, 0x0000, 0x0000, 0x0000, 0x0000, 0x0000, 0x0000,
  0x0000, 0x0000, 0x0000, 0x0000, 0x0000, 0x0000, 0x0000, 0x1061, 0x39C6, 0x8C2F, 0xD636, 0xEF19,
  0xE6D7, 0xE6B6, 0xD655, 0xD634, 0xCE14, 0xD634, 0xD634, 0xD613, 0xD633, 0xD613, 0xD633, 0xD633,
  0xD633, 0xD633, 0xD633, 0xD633, 0xD633, 0xD634, 0xD633, 0xD613, 0xD613, 0xD613, 0xD613, 0xD613,
  0xCE13, 0xD613, 0xD613, 0xD613, 0xD613, 0xCE13, 0xD613, 0xD633, 0xCE13, 0xD613, 0xCDF3, 0xCE13,
  0xCE13, 0xCE13, 0xCE13, 0xCE13, 0xCE13, 0xCE13, 0xD613, 0xD613, 0xD634, 0xD634, 0xCE34, 0xCE36,
  0x0840, 0x0000, 0x0000, 0x0000, 0x0000, 0x0000, 0x0000, 0x0000, 0x0000, 0x0000, 0x0000, 0x0000,
  0x0000, 0x0000, 0x0000, 0x0000, 0x0000, 0x0000, 0x0000, 0x0000, 0x0000, 0x0000, 0x0000, 0x0000,
  0x0000, 0x0000, 0x0000, 0x0000, 0x0000, 0x0000, 0x0000, 0x0000, 0x0000, 0x0000, 0x0000, 0x0000,
  0x0000, 0x0000, 0x0000, 0x0000, 0x2123, 0x6B4B, 0xBD93, 0xDE96, 0xDE96, 0xDE55, 0xCE14, 0xCE13,
  0xCE13, 0xD613, 0xCE13, 0xD613, 0xD613, 0xCE13, 0xD633, 0xD633, 0xD633, 0xD633, 0xD633, 0xD633,
  0xD613, 0xD613, 0xD613, 0xD613, 0xD613, 0xD613, 0xD613, 0xD613, 0xD613, 0xD613, 0xD613, 0xD613,
  0xD613, 0xD613, 0xD613, 0xD633, 0xD613, 0xD613, 0xD613, 0xD613, 0xD613, 0xCE13, 0xCE13, 0xD613,
  0xD613, 0xCDF3, 0xCDF3, 0xCE13, 0xD613, 0xCE13, 0xCE13, 0xCE14, 0xCE15, 0xB573, 0x0020, 0x0000,
  0x0000, 0x0000, 0x0000, 0x0000, 0x0000, 0x0000, 0x0000, 0x0000, 0x0000, 0x0000, 0x0000, 0x0000,
  0x0000, 0x0000, 0x0000, 0x0000, 0x0000, 0x0000, 0x0000, 0x0000, 0x0000, 0x0000, 0x0000, 0x0000,
  0x0000, 0x0000, 0x0000, 0x0000, 0x0000, 0x0000, 0x0000, 0x0000, 0x0000, 0x0000, 0x0000, 0x0000,
  0x0840, 0x39C6, 0x9CB0, 0xD635, 0xD655, 0xCE13, 0xCDD3, 0xCDF3, 0xCE13, 0xCDF2, 0xD613, 0xCDF3,
  0xCDF3, 0xD633, 0xD613, 0xD613, 0xD613, 0xD633, 0xD633, 0xD633, 0xD633, 0xD633, 0xD613, 0xD613,
  0xD613, 0xD613, 0xD613, 0xD613, 0xD613, 0xCDF2, 0xCDF2, 0xCDF3, 0xCDF3, 0xD613, 0xCDF3, 0xD613,
  0xD612, 0xD613, 0xCDF3, 0xD613, 0xD613, 0xD612, 0xD612, 0xD613, 0xCE13, 0xCDF3, 0xD613, 0xD613,
  0xD613, 0xCE13, 0xCDF3, 0xCE13, 0xCE13, 0xCE14, 0xD635, 0x9C90, 0x0020, 0x0000, 0x0000, 0x0000,
  0x0000, 0x0000, 0x0000, 0x0000, 0x0000, 0x0000, 0x0000, 0x0000, 0x0000, 0x0000, 0x0000, 0x0000,
  0x0000, 0x0000, 0x0000, 0x0000, 0x0000, 0x0000, 0x0000, 0x0000, 0x0000, 0x0000, 0x0000, 0x0000,
  0x0000, 0x0000, 0x0000, 0x0000, 0x0000, 0x0000, 0x0000, 0x0000, 0x0000, 0x10A1, 0x5AA8, 0xBD93,
  0xDE75, 0xD634, 0xCDF3, 0xCDF2, 0xCDF2, 0xCDF2, 0xCDF3, 0xCDF2, 0xD612, 0xD5F2, 0xD612, 0xD613,
  0xD613, 0xD612, 0xD613, 0xD613, 0xD633, 0xD613, 0xD613, 0xD613, 0xD613, 0xD613, 0xD633, 0xD613,
  0xD613, 0xD612, 0xD612, 0xD5F2, 0xD612, 0xCDF2, 0xCDF2, 0xCDF2, 0xCDF2, 0xD612, 0xD612, 0xD612,
  0xD613, 0xD613, 0xD613, 0xD613, 0xD613, 0xD613, 0xD613, 0xD613, 0xD613, 0xD613, 0xD613, 0xCE13,
  0xCDF2, 0xCDF2, 0xCE13, 0xCE13, 0xD655, 0x7BAD, 0x0020, 0x0000, 0x0000, 0x0000, 0x0000, 0x0000,
  0x0000, 0x0000, 0x0000, 0x0000, 0x0000, 0x0000, 0x0000, 0x0000, 0x0000, 0x0000, 0x0000, 0x0000,
  0x0000, 0x0000, 0x0000, 0x0000, 0x0000, 0x0000, 0x0000, 0x0000, 0x0000, 0x0000, 0x0000, 0x0000,
  0x0000, 0x0000, 0x0000, 0x0000, 0x0000, 0x0000, 0x18C2, 0x7B6B, 0xCE14, 0xDE75, 0xCE13, 0xCE13,
  0xCDF2, 0xD612, 0xD612, 0xD612, 0xD5F2, 0xD5F2, 0xD5F2, 0xD612, 0xCDF2, 0xD5F2, 0xD613, 0xCDF2,
  0xD612, 0xD613, 0xD613, 0xD613, 0xD613, 0xD613, 0xD613, 0xD613, 0xD613, 0xD613, 0xD613, 0xD612,
  0xCDF2, 0xCDF2, 0xD5F2, 0xCDF2, 0xCDF2, 0xCDF2, 0xCDF2, 0xD612, 0xD5F2, 0xD5F2, 0xD612, 0xD613,
  0xD613, 0xD613, 0xD613, 0xD613, 0xD613, 0xD613, 0xCDF3, 0xCDF3, 0xD613, 0xD613, 0xCE13, 0xCE13,
  0xCDF3, 0xCE13, 0xDE96, 0x5AA9, 0x0000, 0x0000, 0x0000, 0x0000, 0x0000, 0x0000, 0x0000, 0x0000,
  0x0000, 0x0000, 0x0000, 0x0000, 0x0000, 0x0000, 0x0000, 0x0000, 0x0000, 0x0000, 0x0000, 0x0000,
  0x0000, 0x0000, 0x0000, 0x0000, 0x0000, 0x0000, 0x0000, 0x0000, 0x0000, 0x0000, 0x0000, 0x0000,
  0x0000, 0x0000, 0x0000, 0x2103, 0x8BED, 0xD614, 0xDE54, 0xD613, 0xD613, 0xD613, 0xD612, 0xD612,
  0xD612, 0xD612, 0xD612, 0xD612, 0xD5F2, 0xD5F2, 0xD5F2, 0xD5F2, 0xD612, 0xCDF2, 0xCDF2, 0xCDF2,
  0xCDF2, 0xD613, 0xD613, 0xD613, 0xD613, 0xD613, 0xD613, 0xD613, 0xCDF2, 0xCDF2, 0xCDF2, 0xCDF2,
  0xCDF2, 0xCDF2, 0xD5F2, 0xCDF2, 0xCDF2, 0xD5F2, 0xD5F2, 0xD5F2, 0xD5F2, 0xD612, 0xD612, 0xCDF2,
  0xCDF2, 0xD613, 0xD613, 0xCDF3, 0xCDF3, 0xCDF2, 0xCDF2, 0xCDF2, 0xD612, 0xCDF3, 0xCDF3, 0xCDF3,
  0xDE96, 0x3185, 0x0000, 0x0000, 0x0000, 0x0000, 0x0000, 0x0000, 0x0000, 0x0000, 0x0000, 0x0000,
  0x0000, 0x0000, 0x0000, 0x0000, 0x0000, 0x0000, 0x0000, 0x0000, 0x0000, 0x0000, 0x0000, 0x0000,
  0x0000, 0x0000, 0x0000, 0x0000, 0x0000, 0x0000, 0x0000, 0x0000, 0x0000, 0x0000, 0x0000, 0x0000,
  0x2103, 0x944E, 0xDE55, 0xDE54, 0xD613, 0xD613, 0xD612, 0xD612, 0xD5F2, 0xD612, 0xD612, 0xD612,
  0xD612, 0xD612, 0xD5F2, 0xD5F2, 0xD5F2, 0xD5F2, 0xD5F2, 0xCDF2, 0xCDF2, 0xCDF2, 0xCDF2, 0xCDF3,
  0xD613, 0xD613, 0xD613, 0xCDF3, 0xCDF3, 0xCDF2, 0xCDF2, 0xCDF2, 0xCDF2, 0xCDF2, 0xCDF2, 0xCDD2,
  0xD5F2, 0xCDD2, 0xCDF2, 0xCDF2, 0xD5F2, 0xD5F2, 0xCDF2, 0xCDF2, 0xCDF2, 0xCDF2, 0xCDF2, 0xD5F2,
  0xD5F2, 0xCDF3, 0xCDF2, 0xCDF2, 0xCDF2, 0xCDF2, 0xCDF2, 0xCDF2, 0xCDD2, 0xC5D2, 0xD676, 0x1081,
  0x0000, 0x0000, 0x0000, 0x0000, 0x0000, 0x0000, 0x0000, 0x0000, 0x0000, 0x0000, 0x0000, 0x0000,
  0x0000, 0x0000, 0x0000, 0x0000, 0x0000, 0x0000, 0x0000, 0x0000, 0x0000, 0x0000, 0x0000, 0x0000,
  0x0000, 0x0000, 0x0000, 0x0000, 0x0000, 0x0000, 0x0000, 0x0000, 0x0000, 0x20E2, 0x944E, 0xDE76,
  0xD634, 0xD613, 0xD5F2, 0xD5F2, 0xD612, 0xD612, 0xD5F2, 0xD612, 0xD612, 0xCDF2, 0xD612, 0xD612,
  0xD5F2, 0xD5F2, 0xCDF2, 0xD5F2, 0xD5F2, 0xCDF2, 0xCDF2, 0xCDF2, 0xCDF2, 0xCDF2, 0xCDF3, 0xCDF2,
  0xCDF3, 0xD5F2, 0xCDF2, 0xCDF2, 0xD612, 0xCDF2, 0xCDF2, 0xCDD2, 0xCDD2, 0xCDF2, 0xCDF2, 0xCDF2,
  0xD5F2, 0xD5F2, 0xD612, 0xD5F2, 0xCDF2, 0xCDD1, 0xCDD2, 0xCDD2, 0xCDD2, 0xCDD2, 0xCDF2, 0xD5F2,
  0xCDF2, 0xCDD1, 0xCDF2, 0xCDF2, 0xCDF2, 0xCDF2, 0xCDD2, 0xC5B2, 0xCDF4, 0x0840, 0x0000, 0x0000,
  0x0000, 0x0000, 0x0000, 0x0000, 0x0000, 0x0000, 0x0000, 0x0000, 0x0000, 0x0000, 0x0000, 0x0000,
  0x0000, 0x0000, 0x0000, 0x0000, 0x0000, 0x0000, 0x0000, 0x0000, 0x0000, 0x0000, 0x0000, 0x0000,
  0x0000, 0x0000, 0x0000, 0x0000, 0x0000, 0x0000, 0x18A2, 0x83ED, 0xD634, 0xD634, 0xD613, 0xD613,
  0xD5F2, 0xD5F2, 0xD612, 0xD612, 0xD5F2, 0xD5F2, 0xD612, 0xCDF2, 0xCDF2, 0xD5F2, 0xD5F2, 0xD5F2,
  0xCDF2, 0xCDF2, 0xCDF2, 0xCDF2, 0xCDD2, 0xCDF2, 0xCDF2, 0xCDF2, 0xCDF3, 0xCDF3, 0xCDF2, 0xCDF2,
  0xCDD2, 0xCDD2, 0xCDD2, 0xCDD2, 0xCDD2, 0xCDF2, 0xCDD2, 0xCDD2, 0xCDD2, 0xCDF3, 0xCDF3, 0xCDF2,
  0xCDF2, 0xCDF2, 0xCDD2, 0xCDD2, 0xCDD2, 0xCDD2, 0xCDD2, 0xCDD2, 0xCDD2, 0xCDD2, 0xCDD2, 0xCDF2,
  0xCDD2, 0xCDF2, 0xCDD2, 0xCDF2, 0xC5D2, 0xC592, 0xB532, 0x0820, 0x0000, 0x0000, 0x0000, 0x0000,
  0x0000, 0x0000, 0x0000, 0x0000, 0x0000, 0x0000, 0x0000, 0x0000, 0x0000, 0x0000, 0x0000, 0x0000,
  0x0000, 0x0000, 0x0000, 0x0000, 0x0000, 0x0000, 0x0000, 0x0000, 0x0000, 0x0000, 0x0000, 0x0000,
  0x0000, 0x0000, 0x0000, 0x1061, 0x6B2A, 0xCDD3, 0xCDF3, 0xCDF3, 0xCDF3, 0xD613, 0xCDF2, 0xCDF2,
  0xD612, 0xD5F2, 0xCDF2, 0xD612, 0xD5F2, 0xCDF2, 0xCDF2, 0xCDF2, 0xCDF2, 0xCDF2, 0xD5F2, 0xCDF2,
  0xCDD2, 0xCDD2, 0xCDD2, 0xCDF2, 0xCDF3, 0xCDF3, 0xCDF3, 0xCDF3, 0xCDF3, 0xCDF3, 0xCDF3, 0xCDF2,
  0xCDD2, 0xCDD2, 0xCDF2, 0xCDD2, 0xCDF2, 0xCDF3, 0xCDF3, 0xD613, 0xD634, 0xD613, 0xCDF3, 0xD613,
  0xCDF3, 0xCDF2, 0xCDD2, 0xCDD2, 0xC5D2, 0xCDB2, 0xC5D2, 0xCDD2, 0xCDD2, 0xCDF2, 0xC5D2, 0xCDF3,
  0xCDF2, 0xCDF3, 0xCDF3, 0xCDF4, 0x944F, 0x0020, 0x0000, 0x0000, 0x0000, 0x0000, 0x0000, 0x0000,
  0x0000, 0x0000, 0x0000, 0x0000, 0x0000, 0x0000, 0x0000, 0x0000, 0x0000, 0x0000, 0x0000, 0x0000,
  0x0000, 0x0000, 0x0000, 0x0000, 0x0000, 0x0000, 0x0000, 0x0000, 0x0000, 0x0000, 0x0000, 0x0000,
  0x0000, 0x4206, 0xBD72, 0xCDF3, 0xCDB2, 0xCDB2, 0xCDD2, 0xCDD2, 0xCDD2, 0xCDD1, 0xCDD2, 0xCDD1,
  0xCDD1, 0xCDF2, 0xCDD2, 0xCDF2, 0xCDF2, 0xCDF2, 0xCDD2, 0xCDD2, 0xCDD2, 0xCDD2, 0xCDD3, 0xC5D3,
  0xC5B2, 0xB551, 0xB531, 0xB531, 0xB531, 0xB531, 0xB551, 0xB551, 0xB551, 0xB531, 0xAD10, 0xAD10,
  0xAD10, 0xAD10, 0xB531, 0xB531, 0xB551, 0xBD72, 0xBD72, 0xB551, 0xB551, 0xB571, 0xB551, 0xB531,
  0xB531, 0xAD10, 0xACF0, 0xACF0, 0xA4CF, 0xA4CF, 0xACF0, 0xAD10, 0xACF0, 0xAD10, 0xAD10, 0xAD10,
  0xA4D0, 0xA4F1, 0x5AA9, 0x0000, 0x0000, 0x0000, 0x0000, 0x0000, 0x0000, 0x0000, 0x0000, 0x0000,
  0x0000, 0x0000, 0x0000, 0x0000, 0x0000, 0x0000, 0x0000, 0x0000, 0x0000, 0x0000, 0x0000, 0x0000,
  0x0000, 0x0000, 0x0000, 0x0000, 0x0000, 0x0000, 0x0000, 0x0000, 0x0000, 0x0000, 0x18A2, 0x942D,
  0xCDD3, 0xC591, 0xC5B1, 0xCDB1, 0xCDD1, 0xCDB1, 0xCDB1, 0xCDB1, 0xC5B1, 0xCDD1, 0xC591, 0xCDB1,
  0xCDB1, 0xCDD1, 0xCDD2, 0xCDD2, 0xCDD2, 0xCDF3, 0xC5D3, 0xAD31, 0x9C8F, 0x8C2E, 0x7BAC, 0x5AC9,
  0x4A27, 0x4206, 0x4206, 0x4A27, 0x4A27, 0x4A27, 0x4A47, 0x4A27, 0x4206, 0x41E6, 0x4206, 0x4A07,
  0x4A27, 0x4A27, 0x4A47, 0x4A47, 0x5247, 0x4A47, 0x4A47, 0x4A47, 0x4A27, 0x4206, 0x4206, 0x41E6,
  0x41E6, 0x39C5, 0x39A5, 0x39A5, 0x39A5, 0x39A5, 0x39A5, 0x39C5, 0x39A5, 0x39A5, 0x2944, 0x2964,
  0x1081, 0x0000, 0x0000, 0x0000, 0x0000, 0x0000, 0x0000, 0x0000, 0x0000, 0x0000, 0x0000, 0x0000,
  0x0000, 0x0000, 0x0000, 0x0000, 0x0000, 0x0000, 0x0000, 0x0000, 0x0000, 0x0000, 0x0000, 0x0000,
  0x0000, 0x0000, 0x0000, 0x0000, 0x0000, 0x0000, 0x0000, 0x0000, 0x4A47, 0xBD71, 0xC591, 0xC591,
  0xC591, 0xCDB1, 0xCDB1, 0xC591, 0xC591, 0xCDB1, 0xC5B1, 0xC5B1, 0xC591, 0xC591, 0xCDB1, 0xC5B1,
  0xC5B1, 0xC5D2, 0xBD72, 0x9CAF, 0x83ED, 0x4A27, 0x20E3, 0x18A2, 0x1081, 0x0841, 0x0020, 0x0020,
  0x0020, 0x0020, 0x0020, 0x0020, 0x0020, 0x0020, 0x0020, 0x0020, 0x0020, 0x0020, 0x0020, 0x0020,
  0x0020, 0x0820, 0x0820, 0x0020, 0x0020, 0x0820, 0x0020, 0x0020, 0x0020, 0x0020, 0x0020, 0x0020,
  0x0000, 0x0000, 0x0000, 0x0000, 0x0000, 0x0000, 0x0000, 0x0000, 0x0000, 0x0000, 0x0000, 0x0000,
  0x0000, 0x0000, 0x0000, 0x0000, 0x0000, 0x0000, 0x0000, 0x0000, 0x0000, 0x0000, 0x0000, 0x0000,
  0x0000, 0x0000, 0x0000, 0x0000, 0x0000, 0x0000, 0x0000, 0x0000, 0x0000, 0x0000, 0x0000, 0x0000,
  0x0000, 0x0000, 0x0000, 0x0000, 0x0000, 0x18A2, 0x944E, 0xC592, 0xC591, 0xC571, 0xC591, 0xC591,
  0xC591, 0xC590, 0xC590, 0xC591, 0xCDB1, 0xC591, 0xC5B1, 0xC5B1, 0xC591, 0xC591, 0xC5B2, 0x9CAF,
  0x7B8C, 0x2923, 0x10A2, 0x0020, 0x0000, 0x0000, 0x0000, 0x0000, 0x0000, 0x0000, 0x0000, 0x0000,
  0x0000, 0x0000, 0x0000, 0x0000, 0x0000, 0x0000, 0x0000, 0x0000, 0x0000, 0x0000, 0x0000, 0x0000,
  0x0000, 0x0000, 0x0000, 0x0000, 0x0000, 0x0000, 0x0000, 0x0000, 0x0000, 0x0000, 0x0000, 0x0000,
  0x0000, 0x0000, 0x0000, 0x0000, 0x0000, 0x0000, 0x0000, 0x0000, 0x0000, 0x0000, 0x0000, 0x0000,
  0x0000, 0x0000, 0x0000, 0x0000, 0x0000, 0x0000, 0x0000, 0x0000, 0x0000, 0x0000, 0x0000, 0x0000,
  0x0000, 0x0000, 0x0000, 0x0000, 0x0000, 0x0000, 0x0000, 0x0000, 0x0000, 0x0000, 0x0000, 0x0000,
  0x0000, 0x0000, 0x0000, 0x5247, 0xB551, 0xC571, 0xC571, 0xC570, 0xC571, 0xC591, 0xC590, 0xC570,
  0xC591, 0xC571, 0xC571, 0xC591, 0xC591, 0xC591, 0xC591, 0xBD72, 0x9CAF, 0x2944, 0x1081, 0x0000,
  0x0000, 0x0000, 0x0000, 0x0000, 0x0000, 0x0000, 0x0000, 0x0000, 0x0000, 0x0000, 0x0000, 0x0000,
  0x0000, 0x0000, 0x0000, 0x0000, 0x0000, 0x0000, 0x0000, 0x0000, 0x0000, 0x0000, 0x0000, 0x0000,
  0x0000, 0x0000, 0x0000, 0x0000, 0x0000, 0x0000, 0x0000, 0x0000, 0x0000, 0x0000, 0x0000, 0x0000,
  0x0000, 0x0000, 0x0000, 0x0000, 0x0000, 0x0000, 0x0000, 0x0000, 0x0000, 0x0000, 0x0000, 0x0000,
  0x0000, 0x0000, 0x0000, 0x0000, 0x0000, 0x0000, 0x0000, 0x0000, 0x0000, 0x0000, 0x0000, 0x0000,
  0x0000, 0x0000, 0x0000, 0x0000, 0x0000, 0x0000, 0x0000, 0x0000, 0x0000, 0x0000, 0x0000, 0x0000,
  0x0861, 0x942E, 0xBD71, 0xC571, 0xC570, 0xC570, 0xC570, 0xC570, 0xC570, 0xC570, 0xC570, 0xC570,
  0xC570, 0xC571, 0xBD71, 0xC591, 0xB551, 0x83ED, 0x2923, 0x0000, 0x0000, 0x0000, 0x0000, 0x0000,
  0x0000, 0x0000, 0x0000, 0x0000, 0x0000, 0x0000, 0x0000, 0x0000, 0x0000, 0x0000, 0x0000, 0x0000,
  0x0000, 0x0000, 0x0000, 0x0000, 0x0000, 0x0000, 0x0000, 0x0000, 0x0000, 0x0000, 0x0000, 0x0000,
  0x0000, 0x0000, 0x0000, 0x0000, 0x0000, 0x0000, 0x0000, 0x0000, 0x0000, 0x0000, 0x0000, 0x0000,
  0x0000, 0x0000, 0x0000, 0x0000, 0x0000, 0x0000, 0x0000, 0x0000, 0x0000, 0x0000, 0x0000, 0x0000,
  0x0000, 0x0000, 0x0000, 0x0000, 0x0000, 0x0000, 0x0000, 0x0000, 0x0000, 0x0000, 0x0000, 0x0000,
  0x0000, 0x0000, 0x0000, 0x0000, 0x0000, 0x0000, 0x0000, 0x0000, 0x0000, 0x0000, 0x3985, 0xAD10,
  0xBD71, 0xBD50, 0xC570, 0xC570, 0xC550, 0xC570, 0xC590, 0xC590, 0xC590, 0xC570, 0xC570, 0xC570,
  0xBD50, 0xB551, 0x7B8B, 0x20E2, 0x0000, 0x0000, 0x0000, 0x0000, 0x0000, 0x0000, 0x0000, 0x0000,
  0x0000, 0x0000, 0x0000, 0x0000, 0x0000, 0x0000, 0x0000, 0x0000, 0x0000, 0x0000, 0x0000, 0x0000,
  0x0000, 0x0000, 0x0000, 0x0000, 0x0000, 0x0000, 0x0000, 0x0000, 0x0000, 0x0000, 0x0000, 0x0000,
  0x0000, 0x0000, 0x0000, 0x0000, 0x0000, 0x0000, 0x0000, 0x0000, 0x0000, 0x0000, 0x0000, 0x0000,
  0x0000, 0x0000, 0x0000, 0x0000, 0x0000, 0x0000, 0x0000, 0x0000, 0x0000, 0x0000, 0x0000, 0x0000,
  0x0000, 0x0000, 0x0000, 0x0000, 0x0000, 0x0000, 0x0000, 0x0000, 0x0000, 0x0000, 0x0000, 0x0000,
  0x0000, 0x0000, 0x0000, 0x0000, 0x0000, 0x0000, 0x0000, 0x0000, 0x734B, 0xB510, 0xBD50, 0xBD50,
  0xC550, 0xC570, 0xC570, 0xC570, 0xC590, 0xC590, 0xC590, 0xC570, 0xC591, 0xBD71, 0xBD71, 0x83ED,
  0x18C2, 0x0000, 0x0000, 0x0000, 0x0000, 0x0000, 0x0000, 0x0000, 0x0000, 0x0000, 0x0000, 0x0000,
  0x0000, 0x0000, 0x0000, 0x0000, 0x0000, 0x0000, 0x0000, 0x0000, 0x0000, 0x0000, 0x0000, 0x0000,
  0x0000, 0x0000, 0x0000, 0x0000, 0x0000, 0x0000, 0x0000, 0x0000, 0x0000, 0x0000, 0x0000, 0x0000,
  0x0000, 0x0000, 0x0000, 0x0000, 0x0000, 0x0000, 0x0000, 0x0000, 0x0000, 0x0000, 0x0000, 0x0000,
  0x0000, 0x0000, 0x0000, 0x0000, 0x0000, 0x0000, 0x0000, 0x0000, 0x0000, 0x0000, 0x0000, 0x0000,
  0x0000, 0x0000, 0x0000, 0x0000, 0x0000, 0x0000, 0x0000, 0x0000, 0x0000, 0x0000, 0x0000, 0x0000,
  0x0000, 0x0000, 0x0000, 0x0000, 0x0000, 0x1061, 0x9C8F, 0xB510, 0xBD30, 0xBD30, 0xBD50, 0xBD50,
  0xBD50, 0xC570, 0xC570, 0xC590, 0xC590, 0xC570, 0xC591, 0xBD71, 0xB531, 0x2123, 0x0000, 0x0000,
  0x0000, 0x0000, 0x0000, 0x0000, 0x0000, 0x0000, 0x0000, 0x0000, 0x0000, 0x0000, 0x0000, 0x0000,
  0x0000, 0x0000, 0x0000, 0x0000, 0x0000, 0x0000, 0x0000, 0x0000, 0x0000, 0x0000, 0x0000, 0x0000,
  0x0000, 0x0000, 0x0000, 0x0000, 0x0000, 0x0000, 0x0000, 0x0000, 0x0000, 0x0000, 0x0000, 0x0000,
  0x0000, 0x0000, 0x0000, 0x0000, 0x0000, 0x0000, 0x0000, 0x0000, 0x0000, 0x0000, 0x0000, 0x0000,
  0x0000, 0x0000, 0x0000, 0x0000, 0x0000, 0x0000, 0x0000, 0x0000, 0x0000, 0x0000, 0x0000, 0x0000,
  0x0000, 0x0000, 0x0000, 0x0000, 0x0000, 0x0000, 0x0000, 0x0000, 0x0000, 0x0000, 0x0000, 0x0000,
  0x0000, 0x0000, 0x0000, 0x39C5, 0xACF0, 0xBD30, 0xBD30, 0xBD50, 0xBD2F, 0xBD4F, 0xBD4F, 0xBD4F,
  0xC570, 0xBD4F, 0xC570, 0xC570, 0xBD71, 0xC5D3, 0x5AA8, 0x0000, 0x0000, 0x0000, 0x0000, 0x0000,
  0x0000, 0x0000, 0x0000, 0x0000, 0x0000, 0x0000, 0x0000, 0x0000, 0x0000, 0x0000, 0x0000, 0x0000,
  0x0000, 0x0000, 0x0000, 0x0000, 0x0000, 0x0000, 0x0000, 0x0000, 0x0000, 0x0000, 0x0000, 0x0000,
  0x0000, 0x0000, 0x0000, 0x0000, 0x0000, 0x0000, 0x0000, 0x0000, 0x0000, 0x0000, 0x0000, 0x0000,
  0x0000, 0x0000, 0x0000, 0x0000, 0x0000, 0x0000, 0x0000, 0x0000, 0x0000, 0x0000, 0x0000, 0x0000,
  0x0000, 0x0000, 0x0000, 0x0000, 0x0000, 0x0000, 0x0000, 0x0000, 0x0000, 0x0000, 0x0000, 0x0000,
  0x0000, 0x0000, 0x0000, 0x0000, 0x0000, 0x0000, 0x0000, 0x0000, 0x0000, 0x0000, 0x0000, 0x0000,
  0x0000, 0x6B2B, 0xAD10, 0xBD30, 0xBD2F, 0xBD2F, 0xBD2F, 0xBD4F, 0xBD2F, 0xBD2F, 0xBD4F, 0xB52F,
  0xBD50, 0xBD50, 0xB530, 0xB531, 0x1081, 0x0000, 0x0000, 0x0000, 0x0000, 0x0000, 0x0000, 0x0000,
  0x0000, 0x0000, 0x0000, 0x0000, 0x0000, 0x0000, 0x0000, 0x0000, 0x0000, 0x0000, 0x0000, 0x0000,
  0x0000, 0x0000, 0x0000, 0x0000, 0x0000, 0x0000, 0x0000, 0x0000, 0x0000, 0x0000, 0x0000, 0x0000,
  0x0000, 0x0000, 0x0000, 0x0000, 0x0000, 0x0000, 0x0000, 0x0000, 0x0000, 0x0000, 0x0000, 0x0000,
  0x0000, 0x0000, 0x0000, 0x0000, 0x0000, 0x0000, 0x0000, 0x0000, 0x0000, 0x0000, 0x0000, 0x0000,
  0x0000, 0x0000, 0x0000, 0x0000, 0x0000, 0x0000, 0x0000, 0x0000, 0x0000, 0x0000, 0x0000, 0x0000,
  0x0000, 0x0000, 0x0000, 0x0000, 0x0000, 0x0000, 0x0000, 0x0000, 0x0000, 0x0000, 0x0000, 0x8BED,
  0xB530, 0xBD30, 0xBD2F, 0xBD50, 0xBD4F, 0xBD2F, 0xBD2F, 0xBD2F, 0xBD2F, 0xB50F, 0xBD2F, 0xB52F,
  0xBD71, 0x5A88, 0x0000, 0x0000, 0x0000, 0x0000, 0x0000, 0x0000, 0x0000, 0x0000, 0x0000, 0x0000,
  0x0000, 0x0000, 0x0000, 0x0000, 0x0000, 0x0000, 0x0000, 0x0000, 0x0000, 0x0000, 0x0000, 0x0000,
  0x0000, 0x0000, 0x0000, 0x0000, 0x0000, 0x0000, 0x0000, 0x0000, 0x0000, 0x0000, 0x0000, 0x0000,
  0x0000, 0x0000, 0x0000, 0x0000, 0x0000, 0x0000, 0x0000, 0x0000, 0x0000, 0x0000, 0x0000, 0x0000,
  0x0000, 0x0000, 0x0000, 0x0000, 0x0000, 0x0000, 0x0000, 0x0000, 0x0000, 0x0000, 0x0000, 0x0000,
  0x0000, 0x0000, 0x0000, 0x0000, 0x0000, 0x0000, 0x0000, 0x0000, 0x0000, 0x0000, 0x0000, 0x0000,
  0x0000, 0x0000, 0x0000, 0x0000, 0x0000, 0x0000, 0x0000, 0x0000, 0x1061, 0x9C6E, 0xB530, 0xBD30,
  0xBD2F, 0xBD2F, 0xBD2F, 0xBD2F, 0xBD2F, 0xBD2F, 0xB50F, 0xB50F, 0xB52F, 0xACEF, 0xCE14, 0x18A2,
  0x0000, 0x0000, 0x0000, 0x0000, 0x0000, 0x0000, 0x0000, 0x0000, 0x0000, 0x0000, 0x0000, 0x0000,
  0x0000, 0x0000, 0x0000, 0x0000, 0x0000, 0x0000, 0x0000, 0x0000, 0x0000, 0x0000, 0x0000, 0x0000,
  0x0000, 0x0000, 0x0000, 0x0000, 0x0000, 0x0000, 0x0000, 0x0000, 0x0000, 0x0000, 0x0000, 0x0000,
  0x0000, 0x0000, 0x0000, 0x0000, 0x0000, 0x0000, 0x0000, 0x0000, 0x0000, 0x0000, 0x0000, 0x0000,
  0x0000, 0x0000, 0x0000, 0x0000, 0x0000, 0x0000, 0x0000, 0x0000, 0x0000, 0x0000, 0x0000, 0x0000,
  0x0000, 0x0000, 0x0000, 0x0000, 0x0000, 0x0000, 0x0000, 0x0000, 0x0000, 0x0000, 0x0000, 0x0000,
  0x0000, 0x0000, 0x0000, 0x0000, 0x0000, 0x0000, 0x3164, 0xA4AF, 0xB50F, 0xB50F, 0xBD2F, 0xB50F,
  0xBD2F, 0xBD2F, 0xBD2F, 0xB50F, 0xB50F, 0xB50F, 0xB50F, 0xACEF, 0xB552, 0x0820, 0x0000, 0x0000,
  0x0000, 0x0000, 0x0000, 0x0000, 0x0000, 0x0000, 0x0000, 0x0000, 0x0000, 0x0000, 0x0000, 0x0000,
  0x0000, 0x0000, 0x0000, 0x0000, 0x0000, 0x0000, 0x0000, 0x0000, 0x0000, 0x0000, 0x0000, 0x0000,
  0x0000, 0x0000, 0x0000, 0x0000, 0x0000, 0x0000, 0x0000, 0x0000, 0x0000, 0x0000, 0x0000, 0x0000,
  0x0000, 0x0000, 0x0000, 0x0000, 0x0000, 0x0000, 0x0000, 0x0000, 0x0000, 0x0000, 0x0000, 0x0000,
  0x0000, 0x0000, 0x0000, 0x0000, 0x0000, 0x0000, 0x0000, 0x0000, 0x0000, 0x0000, 0x0000, 0x0000,
  0x0000, 0x0000, 0x0000, 0x0000, 0x0000, 0x0000, 0x0000, 0x0000, 0x0000, 0x0000, 0x0000, 0x0000,
  0x0000, 0x0000, 0x0000, 0x0000, 0x5268, 0x9C8E, 0xACEF, 0xB4EE, 0xB4EE, 0xB4EE, 0xB50E, 0xB50F,
  0xB50E, 0xB4EE, 0xB4EE, 0xB4EE, 0xB50F, 0xB531, 0x7BAC, 0x0020, 0x0000, 0x0000, 0x0000, 0x0000,
  0x0000, 0x0000, 0x0000, 0x0000, 0x0000, 0x0000, 0x0000, 0x0000, 0x0000, 0x0000, 0x0000, 0x0000,
  0x0000, 0x0000, 0x0000, 0x0000, 0x0000, 0x0000, 0x0000, 0x0000, 0x0000, 0x0000, 0x0000, 0x0000,
  0x0000, 0x0000, 0x0000, 0x0000, 0x0000, 0x0000, 0x0000, 0x0000, 0x0000, 0x0000, 0x0000, 0x0000,
  0x0000, 0x0000, 0x0000, 0x0000, 0x0000, 0x0000, 0x0000, 0x0000, 0x0000, 0x0000, 0x0000, 0x0000,
  0x0000, 0x0000, 0x0000, 0x0000, 0x0000, 0x0000, 0x0000, 0x0000, 0x0000, 0x0000, 0x0000, 0x0000,
  0x0000, 0x0000, 0x0000, 0x0000, 0x0000, 0x0000, 0x0000, 0x0000, 0x0000, 0x0000, 0x0000, 0x0000,
  0x0000, 0x0000, 0x734B, 0xA48E, 0xACCE, 0xACEE, 0xB4EE, 0xB4EE, 0xB4EE, 0xB4EE, 0xB4EE, 0xB4EE,
  0xACCE, 0xACCE, 0xACEF, 0xC5B2, 0x5267, 0x0000, 0x0000, 0x0000, 0x0000, 0x0000, 0x0000, 0x0000,
  0x0000, 0x0000, 0x0000, 0x0000, 0x0000, 0x0000, 0x0000, 0x0000, 0x0000, 0x0000, 0x0000, 0x0000,
  0x0000, 0x0000, 0x0000, 0x0000, 0x0000, 0x0000, 0x0000, 0x0000, 0x0000, 0x0000, 0x0000, 0x0000,
  0x0000, 0x0000, 0x0000, 0x0000, 0x0000, 0x0000, 0x0000, 0x0000, 0x0000, 0x0000, 0x0000, 0x0000,
  0x0000, 0x0000, 0x0000, 0x0000, 0x0000, 0x0000, 0x0000, 0x0000, 0x0000, 0x0000, 0x0000, 0x0000,
  0x0000, 0x0000, 0x0000, 0x0000, 0x0000, 0x0000, 0x0000, 0x0000, 0x0000, 0x0000, 0x0000, 0x0000,
  0x0000, 0x0000, 0x0000, 0x0000, 0x0000, 0x0000, 0x0000, 0x0000, 0x0000, 0x0000, 0x0000, 0x0000,
  0x83ED, 0xA4AE, 0xACAD, 0xACCD, 0xACEE, 0xB4CE, 0xB4EE, 0xACEE, 0xACEE, 0xACCE, 0xACCE, 0xACCE,
  0xA4AE, 0xD634, 0x3985, 0x0000, 0x0000, 0x0000, 0x0000, 0x0000, 0x0000, 0x0000, 0x0000, 0x0000,
  0x0000, 0x0000, 0x0000, 0x0000, 0x0000, 0x0000, 0x0000, 0x0000, 0x0000, 0x0000, 0x0000, 0x0000,
  0x0000, 0x0000, 0x0000, 0x0000, 0x0000, 0x0000, 0x0000, 0x0000, 0x0000, 0x0000, 0x0000, 0x0000,
  0x0000, 0x0000, 0x0000, 0x0000, 0x0000, 0x0000, 0x0000, 0x0000, 0x0000, 0x0000, 0x0000, 0x0000,
  0x0000, 0x0000, 0x0000, 0x0000, 0x0000, 0x0000, 0x0000, 0x0000, 0x0000, 0x0000, 0x0000, 0x0000,
  0x0000, 0x0000, 0x0000, 0x0000, 0x0000, 0x0000, 0x0000, 0x0000, 0x0000, 0x0000, 0x0000, 0x0000,
  0x0000, 0x0000, 0x0000, 0x0000, 0x0000, 0x0000, 0x0000, 0x0000, 0x0000, 0x0000, 0x8BED, 0xACCE,
  0xACAD, 0xACCD, 0xACCD, 0xB4CE, 0xB4EE, 0xACCE, 0xACEE, 0xACCE, 0xACCE, 0xACCE, 0xA4AE, 0xDE96,
  0x18C2, 0x0000, 0x0000, 0x0000, 0x0000, 0x0000, 0x0000, 0x0000, 0x0000, 0x0000, 0x0000, 0x0000,
  0x0000, 0x0000, 0x0000, 0x0000, 0x0000, 0x0000, 0x0000, 0x0000, 0x0000, 0x0000, 0x0000, 0x0000,
  0x0000, 0x0000, 0x0000, 0x0000, 0x0000, 0x0000, 0x0000, 0x0000, 0x0000, 0x0000, 0x0000, 0x0000,
  0x0000, 0x0000, 0x0000, 0x0000, 0x0000, 0x0000, 0x0000, 0x0000, 0x0000, 0x0000, 0x0000, 0x0000,
  0x0000, 0x0000, 0x0000, 0x0000, 0x0000, 0x0000, 0x0000, 0x0000, 0x0000, 0x0000, 0x0000, 0x0000,
  0x0000, 0x0000, 0x0000, 0x0000, 0x0000, 0x0000, 0x0000, 0x0000, 0x0000, 0x0000, 0x0000, 0x0000,
  0x0000, 0x0000, 0x0000, 0x0000, 0x0000, 0x0000, 0x0000, 0x0840, 0x8C0D, 0xA4AE, 0xACAD, 0xACCD,
  0xACCD, 0xACCE, 0xACCE, 0xACAD, 0xACCE, 0xACCE, 0xACCE, 0xACCE, 0xA48E, 0xE6B7, 0x0861, 0x0000,
  0x0000, 0x0000, 0x0000, 0x0000, 0x0000, 0x0000, 0x0000, 0x0000, 0x0000, 0x0000, 0x0000, 0x0000,
  0x0000, 0x0000, 0x0000, 0x0000, 0x0000, 0x0000, 0x0000, 0x0000, 0x0000, 0x0000, 0x0000, 0x0000,
  0x0000, 0x0000, 0x0000, 0x0000, 0x0000, 0x0000, 0x0000, 0x0000, 0x0000, 0x0000, 0x0000, 0x0000,
  0x0000, 0x0000, 0x0000, 0x0000, 0x0000, 0x0000, 0x0000, 0x0000, 0x0000, 0x0000, 0x0000, 0x0000,
  0x0000, 0x0000, 0x0000, 0x0000, 0x0000, 0x0000, 0x0000, 0x0000, 0x0000, 0x0000, 0x0000, 0x0000,
  0x0000, 0x0000, 0x0000, 0x0000, 0x0000, 0x0000, 0x0000, 0x0000, 0x0000, 0x0000, 0x0000, 0x0000,
  0x0000, 0x0000, 0x0000, 0x0000, 0x0000, 0x2103, 0x942D, 0xA48E, 0xA4AD, 0xACAD, 0xACAD, 0xACAD,
  0xACAD, 0xACAD, 0xACAD, 0xACCD, 0xACCE, 0xACCE, 0xA48E, 0xDE96, 0x0860, 0x0000, 0x0000, 0x0000,
  0x0000, 0x0000, 0x0000, 0x0000, 0x0000, 0x0000, 0x0000, 0x0000, 0x0000, 0x0000, 0x0000, 0x0000,
  0x0000, 0x0000, 0x0000, 0x0000, 0x0000, 0x0000, 0x0000, 0x0000, 0x0000, 0x0000, 0x0000, 0x0000,
  0x0000, 0x0000, 0x0000, 0x0000, 0x0000, 0x0000, 0x0000, 0x0000, 0x0000, 0x0000, 0x0000, 0x0000,
  0x0000, 0x0000, 0x0000, 0x0000, 0x0000, 0x0000, 0x0000, 0x0000, 0x0000, 0x0000, 0x0000, 0x0000,
  0x0000, 0x0000, 0x0000, 0x0000, 0x0000, 0x0000, 0x0000, 0x0000, 0x0000, 0x0000, 0x0000, 0x0000,
  0x0000, 0x0000, 0x0000, 0x0000, 0x0000, 0x0000, 0x0000, 0x0000, 0x0000, 0x0000, 0x0000, 0x0000,
  0x0000, 0x0000, 0x0000, 0x41C6, 0x942D, 0xA46D, 0xA48D, 0xAC8D, 0xACAD, 0xAC8D, 0xACAD, 0xACAD,
  0xACAD, 0xACAD, 0xACAD, 0xACCE, 0xA48E, 0xCDF4, 0x0860, 0x0000, 0x0000, 0x0000, 0x0000, 0x0000,
  0x0000, 0x0000, 0x0000, 0x0000, 0x0000, 0x0000, 0x0000, 0x0000, 0x0000, 0x0000, 0x0000, 0x0000,
  0x0000, 0x0000, 0x0000, 0x0000, 0x0000, 0x0000, 0x0000, 0x0000, 0x0000, 0x0000, 0x0000, 0x0000,
  0x0000, 0x0000, 0x0000, 0x0000, 0x0000, 0x0000, 0x0000, 0x0000, 0x0000, 0x0000, 0x0000, 0x0000,
  0x0000, 0x0000, 0x0000, 0x0000, 0x0000, 0x0000, 0x0000, 0x0000, 0x0000, 0x0000, 0x0000, 0x0000,
  0x0000, 0x0000, 0x0000, 0x0000, 0x0000, 0x0000, 0x0000, 0x0000, 0x0000, 0x0000, 0x0000, 0x0000,
  0x0000, 0x0000, 0x0000, 0x0000, 0x0000, 0x0000, 0x0000, 0x0000, 0x0000, 0x0000, 0x0000, 0x0000,
  0x0000, 0x62C9, 0x942D, 0x9C6D, 0xA46C, 0xA48C, 0xACAD, 0xA48D, 0xA48D, 0xA48C, 0xA48D, 0xA48D,
  0xA48D, 0xA48D, 0xA4AE, 0xBD72, 0x0840, 0x0000, 0x0000, 0x0000, 0x0000, 0x0000, 0x0000, 0x0000,
  0x0000, 0x0000, 0x0000, 0x0000, 0x0000, 0x0000, 0x0000, 0x0000, 0x0000, 0x0000, 0x0000, 0x0000,
  0x0000, 0x0000, 0x0000, 0x0000, 0x0000, 0x0000, 0x0000, 0x0000, 0x0000, 0x0000, 0x0000, 0x0000,
  0x0000, 0x0000, 0x0000, 0x0000, 0x0000, 0x0000, 0x0000, 0x0000, 0x0000, 0x0000, 0x0000, 0x0000,
  0x0000, 0x0000, 0x0000, 0x0000, 0x0000, 0x0000, 0x0000, 0x0000, 0x0000, 0x0000, 0x0000, 0x0000,
  0x0000, 0x0000, 0x0000, 0x0000, 0x0000, 0x0000, 0x0000, 0x0000, 0x0000, 0x0000, 0x0000, 0x0000,
  0x0000, 0x0000, 0x0000, 0x0000, 0x0000, 0x0000, 0x0000, 0x0000, 0x0000, 0x0000, 0x0000, 0x7BAC,
  0x9C6E, 0x9C4D, 0xA46C, 0xA48C, 0xA48C, 0xA48D, 0xA48C, 0xA46C, 0x9C4C, 0xA46C, 0xA46C, 0xA46C,
  0xA4AE, 0xACF0, 0x0820, 0x0000, 0x0000, 0x0000, 0x0000, 0x0000, 0x0000, 0x0000, 0x0000, 0x0000,
  0x0000, 0x0000, 0x0000, 0x0000, 0x0000, 0x0000, 0x0000, 0x0000, 0x0000, 0x0000, 0x0000, 0x0000,
  0x0000, 0x0000, 0x0000, 0x0000, 0x0000, 0x0000, 0x0000, 0x0000, 0x0000, 0x0000, 0x0000, 0x0000,
  0x0000, 0x0000, 0x0000, 0x0000, 0x0000, 0x0000, 0x0000, 0x0000, 0x0000, 0x0000, 0x0000, 0x0000,
  0x0000, 0x0000, 0x0000, 0x0000, 0x0000, 0x0000, 0x0000, 0x0000, 0x0000, 0x0000, 0x0000, 0x0000,
  0x0000, 0x0000, 0x0000, 0x0000, 0x0000, 0x0000, 0x0000, 0x0000, 0x0000, 0x0000, 0x0000, 0x0000,
  0x0000, 0x0000, 0x0000, 0x0000, 0x0000, 0x0000, 0x0000, 0x0000, 0x0000, 0x8C2E, 0x9C6E, 0x9C4C,
  0xA46C, 0xA48C, 0xAC8D, 0xA46C, 0xA46C, 0xA46C, 0xA44C, 0x9C4C, 0xA46C, 0x9C6C, 0xACEE, 0xA4CF,
  0x0820, 0x0000, 0x0000, 0x0000, 0x0000, 0x0000, 0x0000, 0x0000, 0x0000, 0x0000, 0x0000, 0x0000,
  0x0000, 0x0000, 0x0000, 0x0000, 0x0000, 0x0000, 0x0000, 0x0000, 0x0000, 0x0000, 0x0000, 0x0000,
  0x0000, 0x0000, 0x0000, 0x0000, 0x0000, 0x0000, 0x0000, 0x0000, 0x0000, 0x0000, 0x0000, 0x0000,
  0x0000, 0x0000, 0x0000, 0x0000, 0x0000, 0x0000, 0x0000, 0x0000, 0x0000, 0x0000, 0x0000, 0x0000,
  0x0000, 0x0000, 0x0000, 0x0000, 0x0000, 0x0000, 0x0000, 0x0000, 0x0000, 0x0000, 0x0000, 0x0000,
  0x0000, 0x0000, 0x0000, 0x0000, 0x0000, 0x0000, 0x0000, 0x0000, 0x0000, 0x0000, 0x0000, 0x0000,
  0x0000, 0x0000, 0x0000, 0x0000, 0x0000, 0x0000, 0x0000, 0x8C0E, 0x9C6E, 0x9C4C, 0xA44C, 0xA46C,
  0xA46C, 0xA46C, 0xA46C, 0xA48C, 0xA48C, 0xA46C, 0xA46C, 0xA46C, 0xB50F, 0xA4AF, 0x0820, 0x0000,
  0x0000, 0x0000, 0x0000, 0x0020, 0x0020, 0x0020, 0x0020, 0x0020, 0x0020, 0x0020, 0x0020, 0x0020,
  0x0020, 0x0020, 0x0020, 0x0020, 0x0020, 0x0020, 0x0020, 0x0020, 0x0020, 0x0020, 0x0020, 0x0020,
  0x0020, 0x0020, 0x0020, 0x0020, 0x0020, 0x0000, 0x0000, 0x0000, 0x0000, 0x0000, 0x0000, 0x0000,
  0x0000, 0x0000, 0x0000, 0x0000, 0x0000, 0x0000, 0x0000, 0x0000, 0x0000, 0x0000, 0x0000, 0x0000,
  0x0000, 0x0000, 0x0000, 0x0000, 0x0000, 0x0000, 0x0000, 0x0000, 0x0000, 0x0000, 0x0000, 0x0000,
  0x0000, 0x0000, 0x0000, 0x0000, 0x0000, 0x0000, 0x0000, 0x0000, 0x0000, 0x0000, 0x0000, 0x0000,
  0x0000, 0x0000, 0x0000, 0x0000, 0x0000, 0x8BED, 0x9C6E, 0x9C2C, 0x9C4C, 0xA44C, 0xA44C, 0xA46C,
  0xA46C, 0xA46C, 0xAC8D, 0xAC8D, 0xA46C, 0xA46C, 0xBD2F, 0x942D, 0x0840, 0x0000, 0x0020, 0x1081,
  0x2903, 0x4A06, 0x6B0A, 0x6B2A, 0x6B2B, 0x6B2B, 0x6B2B, 0x6B2B, 0x6B2B, 0x6B2B, 0x6B2B, 0x6B4B,
  0x6B4B, 0x6B2B, 0x6B2B, 0x6B2B, 0x6B4C, 0x6B4B, 0x6B4B, 0x6B4C, 0x6B4C, 0x6B4C, 0x6B4B, 0x6B4B,
  0x6B2B, 0x630A, 0x62EA, 0x4207, 0x2924, 0x0841, 0x0020, 0x0020, 0x0000, 0x0000, 0x0000, 0x0000,
  0x0000, 0x0000, 0x0000, 0x0000, 0x0000, 0x0000, 0x0000, 0x0000, 0x0000, 0x0000, 0x0000, 0x0000,
  0x0000, 0x0000, 0x0000, 0x0000, 0x0000, 0x0000, 0x0000, 0x0000, 0x0000, 0x0000, 0x0000, 0x0000,
  0x0000, 0x0000, 0x0000, 0x0000, 0x0000, 0x0000, 0x0000, 0x0000, 0x0000, 0x0000, 0x0000, 0x0000,
  0x0000, 0x0000, 0x1061, 0x8BEC, 0x9C4D, 0x9C2C, 0xA44C, 0x9C2C, 0x9C2C, 0xA44C, 0xA46C, 0xA46C,
  0xAC8D, 0xAC8D, 0xAC8D, 0xA48D, 0xB50F, 0x838A, 0x2902, 0x3984, 0x5247, 0x7B8B, 0xA48E, 0xC5B2,
  0xDE75, 0xDE76, 0xDE75, 0xDE75, 0xDE55, 0xD635, 0xD655, 0xDE55, 0xDE76, 0xDE76, 0xDE76, 0xDE76,
  0xDE76, 0xE697, 0xE697, 0xE6B7, 0xE6B7, 0xDE97, 0xDE97, 0xDE97, 0xDE96, 0xDE96, 0xDE96, 0xE6B6,
  0xDE76, 0xC5B3, 0xA4B0, 0x736C, 0x6B2B, 0x5ACA, 0x2965, 0x0841, 0x0020, 0x0000, 0x0000, 0x0000,
  0x0000, 0x0000, 0x0000, 0x0000, 0x0000, 0x0000, 0x0000, 0x0000, 0x0000, 0x0000, 0x0000, 0x0000,
  0x0000, 0x0000, 0x0000, 0x0000, 0x0000, 0x0000, 0x0000, 0x0000, 0x0000, 0x0000, 0x0000, 0x0000,
  0x0000, 0x0000, 0x0000, 0x0000, 0x0000, 0x0000, 0x0000, 0x0000, 0x0000, 0x0000, 0x0000, 0x0000,
  0x3184, 0x8C0D, 0x942C, 0x9C2C, 0x9C2B, 0x9C2B, 0x9C2B, 0x9C4C, 0x9C4C, 0xA44C, 0xA48D, 0xA46C,
  0xA48D, 0xA4AD, 0xB4EE, 0x9C4D, 0x942C, 0xB530, 0xC592, 0xC571, 0xBD50, 0xBD30, 0xB530, 0xB50F,
  0xACEF, 0xACEF, 0xACEF, 0xACEF, 0xACEF, 0xB4EF, 0xB50F, 0xB50F, 0xACEF, 0xB510, 0xB510, 0xB530,
  0xB530, 0xB530, 0xBD51, 0xB510, 0xB510, 0xB530, 0xB530, 0xB530, 0xB510, 0xB530, 0xB530, 0xBD51,
  0xC592, 0xD634, 0xE6B7, 0xE697, 0xAD12, 0x736C, 0x5AAA, 0x1061, 0x0020, 0x0000, 0x0000, 0x0000,
  0x0000, 0x0000, 0x0000, 0x0000, 0x0000, 0x0000, 0x0000, 0x0000, 0x0000, 0x0000, 0x0000, 0x0000,
  0x0000, 0x0000, 0x0000, 0x0000, 0x0000, 0x0000, 0x0000, 0x0000, 0x0000, 0x0000, 0x0000, 0x0000,
  0x0000, 0x0000, 0x0000, 0x0000, 0x0000, 0x0000, 0x0000, 0x0000, 0x0000, 0x0000, 0x5268, 0x8BEC,
  0x940B, 0x940B, 0x9C0B, 0x9C2B, 0x9C2B, 0x9C2C, 0x9C2C, 0x9C4C, 0xA44C, 0xA44C, 0xA46C, 0xA48D,
  0xB4EE, 0xC570, 0xC591, 0xC570, 0xB50F, 0xA48D, 0x9C4C, 0xA44C, 0x9C6C, 0x9C4C, 0x9C4C, 0x9C4C,
  0x9C4C, 0x9C4C, 0x9C4C, 0xA44C, 0xA46C, 0xA44C, 0x9C6C, 0xA46D, 0xA46D, 0xA46D, 0xA48D, 0xA48D,
  0xA48D, 0x9C4C, 0x9C4C, 0xA46C, 0xA48D, 0xA46D, 0xA44C, 0xA44C, 0x9C4C, 0x9C6C, 0x9C6D, 0xACCE,
  0xBD30, 0xBD71, 0xCDF3, 0xE6B7, 0xDEB7, 0x83ED, 0x5ACA, 0x0861, 0x0000, 0x0000, 0x0000, 0x0000,
  0x0000, 0x0000, 0x0000, 0x0000, 0x0000, 0x0000, 0x0000, 0x0000, 0x0000, 0x0000, 0x0000, 0x0000,
  0x0000, 0x0000, 0x0000, 0x0000, 0x0000, 0x0000, 0x0000, 0x0000, 0x0000, 0x0000, 0x0000, 0x0000,
  0x0000, 0x0000, 0x0000, 0x0000, 0x0000, 0x0000, 0x0000, 0x0000, 0x736B, 0x8C0C, 0x8BEB, 0x8BEA,
  0x940B, 0x9C0B, 0x9C0B, 0x9C2B, 0x9C2B, 0x9C4C, 0x9C4C, 0xA44C, 0xA44C, 0xA44C, 0xACAD, 0xACCE,
  0xA48D, 0xA46C, 0xA46C, 0xA46C, 0xA46C, 0xA46C, 0xA46C, 0x9C4C, 0xA44C, 0x9C4C, 0x9C4C, 0x9C4C,
  0x9C2C, 0x9C4C, 0xA44C, 0x9C2C, 0x9C2B, 0x9C4C, 0x9C4C, 0x9C4C, 0x9C4C, 0x9C4C, 0x9C4C, 0x9C2C,
  0x9C2B, 0x9C4C, 0xA46C, 0xA46C, 0x9C4B, 0x9C2B, 0x9C4C, 0x9C4C, 0x9C4C, 0x9C4C, 0x9C4C, 0x9C6C,
  0xACAE, 0xBD71, 0xC5B2, 0xE697, 0xE6B8, 0x7BCD, 0x39A6, 0x0820, 0x0000, 0x0000, 0x0000, 0x0000,
  0x0000, 0x0000, 0x0000, 0x0000, 0x0000, 0x0000, 0x0000, 0x0000, 0x0000, 0x0000, 0x0000, 0x0000,
  0x0000, 0x0000, 0x0000, 0x0000, 0x0000, 0x0000, 0x0000, 0x0000, 0x0000, 0x0000, 0x0000, 0x0000,
  0x0000, 0x0000, 0x0000, 0x0000, 0x0000, 0x0000, 0x8C2E, 0x940C, 0x8BEA, 0x93EA, 0x940B, 0x940B,
  0x940B, 0x9C0B, 0x9C2B, 0x9C2B, 0x9C4C, 0xA44B, 0xA44C, 0xA44C, 0x9C2C, 0x9C2C, 0x9C4C, 0x9C4C,
  0x9C4C, 0xA46C, 0xA46C, 0xA46C, 0xA46C, 0xA44C, 0xA44C, 0xA44C, 0x9C4B, 0x9C4B, 0xA44C, 0x9C2B,
  0x9C4B, 0x9C2B, 0x9C2B, 0x9C2B, 0x9C4B, 0x9C2B, 0x9C2B, 0x9C2B, 0x9C2B, 0x9C2B, 0x9C2B, 0x9C2B,
  0x9C2B, 0xA44B, 0x9C2B, 0x9C2B, 0x9C2B, 0x9C4B, 0x9C4B, 0x9C4B, 0x9C4B, 0xA44C, 0xA46C, 0xA48D,
  0xA4AE, 0xB510, 0xC5B3, 0xEED8, 0xBDB4, 0x5AA9, 0x0841, 0x0000, 0x0000, 0x0000, 0x0000, 0x0000,
  0x0000, 0x0000, 0x0000, 0x0000, 0x0000, 0x0000, 0x0000, 0x0000, 0x0000, 0x0000, 0x0000, 0x0000,
  0x0000, 0x0000, 0x0000, 0x0000, 0x0000, 0x0000, 0x0000, 0x0000, 0x0000, 0x0000, 0x0000, 0x0000,
  0x0000, 0x0000, 0x0000, 0x0000, 0x946E, 0x942C, 0x8BCA, 0x940A, 0x940A, 0x93EA, 0x940B, 0x9C0B,
  0x9C2B, 0x9C2B, 0x9C2B, 0x9C2B, 0x9C4B, 0x9C2B, 0x9C4B, 0x9C2B, 0x9C4B, 0x9C4B, 0x9C4B, 0x9C4C,
  0x9C4C, 0xA46C, 0xA46C, 0x9C4B, 0xA44C, 0x9C4B, 0x9C2B, 0x9C4B, 0x9C4B, 0x9C2B, 0x9C2B, 0x9C2B,
  0x9C2B, 0x9C2B, 0x9C2B, 0x940B, 0x940A, 0x940B, 0x940B, 0x9C2B, 0x9C2B, 0x9C2B, 0x9C0B, 0x9C0B,
  0x9C0B, 0x9C2B, 0x9C0B, 0x9C2B, 0x9C4B, 0x9C4B, 0x9C4B, 0x9C4B, 0xA46C, 0xA48C, 0xA48D, 0xA48D,
  0xA4AE, 0xBD51, 0xDE76, 0xD656, 0x62EA, 0x0841, 0x0000, 0x0000, 0x0000, 0x0000, 0x0000, 0x0000,
  0x0000, 0x0000, 0x0000, 0x0000, 0x0000, 0x0000, 0x0000, 0x0000, 0x0000, 0x0000, 0x0000, 0x0000,
  0x0000, 0x0000, 0x0000, 0x0000, 0x0000, 0x0000, 0x0000, 0x0000, 0x0000, 0x0000, 0x0000, 0x0000,
  0x0000, 0x0000, 0x944E, 0x942C, 0x8BEA, 0x93EA, 0x93EA, 0x93EA, 0x93EA, 0x940B, 0x940B, 0x9C0B,
  0x9C0B, 0x9C0B, 0x9C2B, 0x9C2B, 0x9C2B, 0x9C0B, 0x9C2B, 0x9C4B, 0x9C2B, 0x9C2B, 0x9C4B, 0xA44B,
  0x9C4B, 0x9C4B, 0xA44C, 0x9C4B, 0x9C2B, 0x9C2B, 0x9C2B, 0x9C0B, 0x9C0B, 0x9C0B, 0x9C2B, 0x940B,
  0x940B, 0x940A, 0x940A, 0x940B, 0x93EA, 0x9C0B, 0x9C0B, 0x9C0B, 0x9C0B, 0x9C0B, 0x940B, 0x940B,
  0x9C2B, 0x9C0B, 0x9C2B, 0x9C2B, 0x9C4B, 0x9C4B, 0xA46C, 0xA46C, 0xA46C, 0xA46C, 0xA44C, 0x9C4D,
  0xACCF, 0xCDD3, 0xD635, 0x5ACA, 0x0840, 0x0000, 0x0000, 0x0000, 0x0000, 0x0000, 0x0000, 0x0000,
  0x0000, 0x0000, 0x0000, 0x0000, 0x0000, 0x0000, 0x0000, 0x0000, 0x0000, 0x0000, 0x0000, 0x0000,
  0x0000, 0x0000, 0x0000, 0x0000, 0x0000, 0x0000, 0x0000, 0x0000, 0x0000, 0x0000, 0x0000, 0x1061,
  0x942E, 0x942C, 0x93CA, 0x93EA, 0x940B, 0x93EA, 0x93EA, 0x93EA, 0x93EA, 0x940B, 0x940B, 0x940B,
  0x940B, 0x940B, 0x9C0B, 0x9C0B, 0x9C2B, 0x9C0B, 0x9C2B, 0x9C2B, 0x9C2B, 0x9C4B, 0x9C2B, 0x9C2B,
  0x9C4B, 0x9C2B, 0x9C0B, 0x9C2B, 0x9C0B, 0x940B, 0x9C0B, 0x9C2B, 0x9C0B, 0x940B, 0x940A, 0x940A,
  0x93EA, 0x940A, 0x93EA, 0x93EA, 0x940B, 0x93EA, 0x940B, 0x940B, 0x93EA, 0x940B, 0x9C0B, 0x9C2B,
  0x9C0B, 0x9C2B, 0x9C2B, 0x9C4B, 0x9C4B, 0x9C4B, 0xA44B, 0xA44B, 0x9C0B, 0x940B, 0x93EB, 0x9C4D,
  0xC592, 0xD635, 0x5288, 0x0820, 0x0000, 0x0000, 0x0000, 0x0000, 0x0000, 0x0000, 0x0000, 0x0000,
  0x0000, 0x0000, 0x0000, 0x0000, 0x0000, 0x0000, 0x0000, 0x0000, 0x0000, 0x0000, 0x0000, 0x0000,
  0x0000, 0x0000, 0x0000, 0x0000, 0x0000, 0x0000, 0x0000, 0x0000, 0x0000, 0x2923, 0x8C0D, 0x940B,
  0x8BCA, 0x93CA, 0x93CA, 0x93EA, 0x8BCA, 0x8BCA, 0x93EA, 0x93EA, 0x940B, 0x93EA, 0x93EA, 0x940B,
  0x940B, 0x940B, 0x9C0B, 0x9C0B, 0x9C2B, 0x9C2B, 0x9C2B, 0x9C2B, 0x9C0B, 0x9C2B, 0x9C2B, 0x9C2B,
  0x9C0B, 0x9C2B, 0x940B, 0x940B, 0x940B, 0x9C0B, 0x9C0B, 0x940B, 0x940B, 0x940A, 0x93EA, 0x93EA,
  0x93EA, 0x940B, 0x940B, 0x940B, 0x940B, 0x940B, 0x940B, 0x940B, 0x9C2B, 0x9C2B, 0x9C2B, 0x9C0B,
  0x9C2B, 0x9C2B, 0x9C4B, 0x9C2B, 0x9C2B, 0x9C0B, 0x940A, 0x93EA, 0x93EB, 0x8BCA, 0x942C, 0xC5D3,
  0xCE35, 0x39C6, 0x0000, 0x0000, 0x0000, 0x0000, 0x0000, 0x0000, 0x0000, 0x0000, 0x0000, 0x0000,
  0x0000, 0x0000, 0x0000, 0x0000, 0x0000, 0x0000, 0x0000, 0x0000, 0x0000, 0x0000, 0x0000, 0x0000,
  0x0000, 0x0000, 0x0000, 0x0000, 0x0000, 0x0000, 0x0000, 0x4A06, 0x8BCC, 0x8BCA, 0x8BCA, 0x93CA,
  0x8BCA, 0x8BAA, 0x8BAA, 0x8BCA, 0x8BCA, 0x93EA, 0x93EA, 0x93EA, 0x93EA, 0x93EB, 0x93EA, 0x93EB,
  0x93EB, 0x940B, 0x9C0B, 0x9C0B, 0x940B, 0x940B, 0x940B, 0x940B, 0x9C0B, 0x940B, 0x940B, 0x9C0B,
  0x940B, 0x940B, 0x940B, 0x9C0B, 0x9C0B, 0x940B, 0x93EA, 0x93EA, 0x93EA, 0x93EA, 0x93EA, 0x93EA,
  0x940A, 0x940B, 0x940B, 0x9C0B, 0x940B, 0x940B, 0x940B, 0x9C0B, 0x9C0B, 0x9C2B, 0x9C0B, 0x9C2B,
  0xA44B, 0x9C2B, 0x940A, 0x9C0A, 0x93EA, 0x93EA, 0x93CA, 0x8BCA, 0x8BAA, 0x944D, 0xDE76, 0xB573,
  0x1061, 0x0000, 0x0000, 0x0000, 0x0000, 0x0000, 0x0000, 0x0000, 0x0000, 0x0000, 0x0000, 0x0000,
  0x0000, 0x0000, 0x0000, 0x0000, 0x0000, 0x0000, 0x0000, 0x0000, 0x0000, 0x0000, 0x0000, 0x0000,
  0x0000, 0x0000, 0x0000, 0x0000, 0x0000, 0x62EA, 0x83AB, 0x838A, 0x8BA9, 0x8BA9, 0x8BA9, 0x8BA9,
  0x8BA9, 0x8BA9, 0x8BCA, 0x8BCA, 0x8BCA, 0x93EA, 0x93EA, 0x8BCA, 0x8BCA, 0x8BCA, 0x93EA, 0x93EB,
  0x940B, 0x940B, 0x93EB, 0x93EA, 0x93EA, 0x93EA, 0x93EA, 0x93EA, 0x93EA, 0x93EA, 0x93EA, 0x940B,
  0x940A, 0x940B, 0x940B, 0x940A, 0x93EA, 0x940A, 0x940B, 0x93EA, 0x940A, 0x940B, 0x9C0B, 0x9C0B,
  0x940B, 0x940B, 0x940A, 0x940A, 0x93EA, 0x940B, 0x940B, 0x9C0A, 0x9C0A, 0x9C0B, 0x9C0B, 0x9C0B,
  0x93EA, 0x9C0A, 0x93EA, 0x93CA, 0x93CA, 0x93CA, 0x8BCA, 0x8BCA, 0xACCF, 0xEF18, 0x5AA9, 0x0020,
  0x0000, 0x0000, 0x0000, 0x0000, 0x0000, 0x0000, 0x0000, 0x0000, 0x0000, 0x0000, 0x0000, 0x0000,
  0x0000, 0x0000, 0x0000, 0x0000, 0x0000, 0x0000, 0x0000, 0x0000, 0x0000, 0x0000, 0x0000, 0x0000,
  0x0000, 0x0000, 0x0000, 0x7BAC, 0x83AB, 0x8369, 0x8B89, 0x8B89, 0x8B89, 0x8B89, 0x8BA9, 0x8389,
  0x8BA9, 0x8BCA, 0x8BCA, 0x8BCA, 0x8BCA, 0x8BCA, 0x8BCA, 0x8BCA, 0x8BCA, 0x8BCA, 0x93EA, 0x93EA,
  0x93EA, 0x93CA, 0x8BCA, 0x8BCA, 0x8BCA, 0x93EA, 0x93EA, 0x8BCA, 0x93EA, 0x93EA, 0x93EA, 0x940B,
  0x940B, 0x940B, 0x940B, 0x940B, 0x9C0B, 0x93EA, 0x940A, 0x940B, 0x940B, 0x9C0B, 0x9C0A, 0x940B,
  0x93EA, 0x93EA, 0x93EA, 0x93EA, 0x93EA, 0x940A, 0x9C0A, 0x93EA, 0x940B, 0x940A, 0x93EA, 0x93EA,
  0x8BCA, 0x8BCA, 0x93EA, 0x93CA, 0x8BCA, 0x8BCA, 0x8BEB, 0xCDF3, 0xD635, 0x20E2, 0x0000, 0x0000,
  0x0000, 0x0000, 0x0000, 0x0000, 0x0000, 0x0000, 0x0000, 0x0000, 0x0000, 0x0000, 0x0000, 0x0000,
  0x0000, 0x0000, 0x0000, 0x0000, 0x0000, 0x0000, 0x0000, 0x0000, 0x0000, 0x0000, 0x0000, 0x0000,
  0x0000, 0x8C0D, 0x83AB, 0x8369, 0x8389, 0x8B89, 0x8BA9, 0x8BA9, 0x8BA9, 0x8BA9, 0x8BA9, 0x8BCA,
  0x8BCA, 0x8BCA, 0x8BCA, 0x93EB, 0x8BEB, 0x8BEB, 0x8BEB, 0x8BEB, 0x8BEB, 0x8BEB, 0x8BEB, 0x8BEB,
  0x8BCA, 0x8BCB, 0x8BEB, 0x8BCB, 0x8BEB, 0x8BEB, 0x93EB, 0x940B, 0x940B, 0x940B, 0x942C, 0x9C2C,
  0x9C2C, 0x9C2C, 0x9C2C, 0x942B, 0x9C2C, 0x942B, 0x9C2C, 0x9C2B, 0x940B, 0x93EB, 0x93EA, 0x8BCA,
  0x93EA, 0x93EA, 0x93EA, 0x93EA, 0x940A, 0x93CA, 0x93EA, 0x93CA, 0x93CA, 0x8BCA, 0x8BCA, 0x8BCA,
  0x8BCA, 0x93CA, 0x93CA, 0x8BCA, 0x8BCA, 0xA48D, 0xEF18, 0x62E9, 0x0000, 0x0000, 0x0000, 0x0000,
  0x0000, 0x0000, 0x0000, 0x0000, 0x0000, 0x0000, 0x0000, 0x0000, 0x0000, 0x0000, 0x0000, 0x0000,
  0x0000, 0x0000, 0x0000, 0x0000, 0x0000, 0x0000, 0x0000, 0x0000, 0x0000, 0x0000, 0x0000, 0x83AC,
  0x83AB, 0x8369, 0x8B89, 0x8389, 0x8B89, 0x8BA9, 0x8BA9, 0x8BAA, 0x8BAA, 0x8BAA, 0x8BAA, 0x8BAA,
  0x8BCA, 0x7329, 0x6AE9, 0x6AE9, 0x6AE9, 0x6AE9, 0x6AE9, 0x62E9, 0x62E9, 0x62E9, 0x62E8, 0x6AE9,
  0x7309, 0x734A, 0x7329, 0x6B09, 0x6B29, 0x732A, 0x732A, 0x734A, 0x734A, 0x7B6A, 0x7B8B, 0x8BCC,
  0x8BEC, 0x8BEC, 0x8BCB, 0x8BCB, 0x83AB, 0x8BCB, 0x8BEB, 0x8BEB, 0x940B, 0x940B, 0x93CA, 0x8BCA,
  0x93CA, 0x93CA, 0x93CA, 0x8BCA, 0x8BCA, 0x8BA9, 0x8BA9, 0x8BA9, 0x93CA, 0x8BCA, 0x8BCA, 0x93CA,
  0x8BCA, 0x93CA, 0x8BCA, 0x8BCA, 0xD634, 0xAD11, 0x0840, 0x0000, 0x0000, 0x0000, 0x0000, 0x0000,
  0x0000, 0x0000, 0x0000, 0x0000, 0x0000, 0x0000, 0x0000, 0x0000, 0x0000, 0x0000, 0x0000, 0x0000,
  0x0000, 0x0000, 0x0000, 0x0000, 0x0000, 0x0000, 0x0000, 0x0000, 0x0000, 0x7B6B, 0x83AA, 0x8369,
  0x8B89, 0x8389, 0x8369, 0x8369, 0x8389, 0x8389, 0x8389, 0x8BA9, 0x8BAA, 0x8389, 0x940C, 0x2902,
  0x1081, 0x1081, 0x1081, 0x1081, 0x1081, 0x1081, 0x1081, 0x1081, 0x1081, 0x1081, 0x18C2, 0x20E2,
  0x18C2, 0x18A1, 0x10A1, 0x18A1, 0x18A1, 0x18A2, 0x10A1, 0x18A2, 0x18C2, 0x3144, 0x3164, 0x3164,
  0x3184, 0x3164, 0x2902, 0x39A4, 0x5267, 0x6AE8, 0x8BEB, 0x942C, 0x8BEB, 0x93EB, 0x8BCA, 0x8BAA,
  0x8BAA, 0x8BA9, 0x8BA9, 0x8BA9, 0x8BA9, 0x8BAA, 0x8BCA, 0x8BCA, 0x8BCA, 0x93CA, 0x8BAA, 0x8BAA,
  0x8BCA, 0x8BAA, 0xACCF, 0xD614, 0x2923, 0x0000, 0x0000, 0x0000, 0x0000, 0x0000, 0x0000, 0x0000,
  0x0000, 0x0000, 0x0000, 0x0000, 0x0000, 0x0000, 0x0000, 0x0000, 0x0000, 0x0000, 0x0000, 0x0000,
  0x0000, 0x0000, 0x0000, 0x0000, 0x0000, 0x0000, 0x18A2, 0x7B6A, 0x838A, 0x8369, 0x8389, 0x8369,
  0x8369, 0x7B68, 0x8368, 0x8369, 0x7B68, 0x8389, 0x8369, 0x7B49, 0x940D, 0x0820, 0x0000, 0x0000,
  0x0000, 0x0000, 0x0000, 0x0000, 0x0000, 0x0000, 0x0000, 0x0000, 0x0000, 0x0000, 0x0000, 0x0000,
  0x0000, 0x0000, 0x0000, 0x0000, 0x0000, 0x0000, 0x0000, 0x0000, 0x0000, 0x0000, 0x0000, 0x0000,
  0x0000, 0x0020, 0x0860, 0x18A1, 0x2943, 0x39A4, 0x5267, 0x8BEC, 0x940C, 0x8BCB, 0x8BAA, 0x8BAA,
  0x8BA9, 0x8BA9, 0x8BA9, 0x8BA9, 0x8BA9, 0x8BCA, 0x8BCA, 0x8BAA, 0x8BA9, 0x8BA9, 0x8BAA, 0x8BAA,
  0x8BCB, 0xDE55, 0x5AA8, 0x0000, 0x0000, 0x0000, 0x0000, 0x0000, 0x0000, 0x0000, 0x0000, 0x0000,
  0x0000, 0x0000, 0x0000, 0x0000, 0x0000, 0x0000, 0x0000, 0x0000, 0x0000, 0x0000, 0x0000, 0x0000,
  0x0000, 0x0000, 0x0000, 0x0000, 0x41E6, 0x7B6A, 0x8369, 0x8369, 0x8369, 0x8369, 0x8368, 0x7B68,
  0x7B68, 0x7B68, 0x7B48, 0x7B48, 0x7B48, 0x7B49, 0x7B6B, 0x0020, 0x0000, 0x0000, 0x0000, 0x0000,
  0x0000, 0x0000, 0x0000, 0x0000, 0x0000, 0x0000, 0x0000, 0x0000, 0x0000, 0x0000, 0x0000, 0x0000,
  0x0000, 0x0000, 0x0000, 0x0000, 0x0000, 0x0000, 0x0000, 0x0000, 0x0000, 0x0000, 0x0000, 0x0000,
  0x0000, 0x0000, 0x0000, 0x0000, 0x0840, 0x2943, 0x62E9, 0x942D, 0x93EC, 0x8BAA, 0x8BAA, 0x8BA9,
  0x8BA9, 0x8BA9, 0x8BA9, 0x8B89, 0x8BA9, 0x8BA9, 0x8BA9, 0x8BA9, 0x8BA9, 0x8BAA, 0x7B6A, 0xCDB2,
  0x8BED, 0x0020, 0x0000, 0x0000, 0x0000, 0x0000, 0x0000, 0x0000, 0x0000, 0x0000, 0x0000, 0x0000,
  0x0000, 0x0000, 0x0000, 0x0000, 0x0000, 0x0000, 0x0000, 0x0000, 0x0000, 0x0000, 0x0000, 0x0000,
  0x0000, 0x0000, 0x6B09, 0x7B49, 0x7B49, 0x8369, 0x8368, 0x8349, 0x8348, 0x7B48, 0x7B48, 0x7B28,
  0x7B28, 0x7328, 0x7308, 0x83AB, 0x5267, 0x0000, 0x0000, 0x0000, 0x0000, 0x0000, 0x0000, 0x0000,
  0x0000, 0x0000, 0x0000, 0x0000, 0x0000, 0x0000, 0x0000, 0x0000, 0x0000, 0x0000, 0x0000, 0x0000,
  0x0000, 0x0000, 0x0000, 0x0000, 0x0000, 0x0000, 0x0000, 0x0000, 0x0000, 0x0000, 0x0000, 0x0000,
  0x0000, 0x0000, 0x0000, 0x0000, 0x1081, 0x5267, 0x9C8E, 0x942C, 0x8BAA, 0x8BAA, 0x8BA9, 0x8BA9,
  0x8BA9, 0x8BA9, 0x8BA9, 0x8B89, 0x8B89, 0x8B89, 0x8369, 0x8389, 0x836A, 0xA48E, 0xACF0, 0x0840,
  0x0000, 0x0000, 0x0000, 0x0000, 0x0000, 0x0000, 0x0000, 0x0000, 0x0000, 0x0000, 0x0000, 0x0000,
  0x0000, 0x0000, 0x0000, 0x0000, 0x0000, 0x0000, 0x0000, 0x0000, 0x0000, 0x0000, 0x0000, 0x0000,
  0x83AC, 0x7B49, 0x7B28, 0x7B48, 0x7B48, 0x7B28, 0x7B48, 0x7B28, 0x7328, 0x7B28, 0x7B28, 0x7307,
  0x6AE7, 0x940C, 0x3164, 0x0000, 0x0000, 0x0000, 0x0000, 0x0000, 0x0000, 0x0000, 0x0000, 0x0000,
  0x0000, 0x0000, 0x0000, 0x0000, 0x0000, 0x0000, 0x0000, 0x0000, 0x0000, 0x0000, 0x0000, 0x0000,
  0x0000, 0x0000, 0x0000, 0x0000, 0x0000, 0x0000, 0x0000, 0x0000, 0x0000, 0x0000, 0x0000, 0x0000,
  0x0000, 0x0000, 0x0000, 0x0840, 0x62C9, 0xA4CF, 0x8BCB, 0x8389, 0x8B89, 0x8B89, 0x8B89, 0x8368,
  0x8B89, 0x8369, 0x8368, 0x8389, 0x8369, 0x8369, 0x7B69, 0x8BCB, 0xC5B2, 0x20E2, 0x0000, 0x0000,
  0x0000, 0x0000, 0x0000, 0x0000, 0x0000, 0x0000, 0x0000, 0x0000, 0x0000, 0x0000, 0x0000, 0x0000,
  0x0000, 0x0000, 0x0000, 0x0000, 0x0000, 0x0000, 0x0000, 0x0000, 0x0000, 0x0000, 0x83CD, 0x7B49,
  0x7308, 0x7B28, 0x7B28, 0x7B28, 0x7B28, 0x7328, 0x7307, 0x7307, 0x7308, 0x7328, 0x6AE8, 0xA4AF,
  0x1081, 0x0000, 0x0000, 0x0000, 0x0000, 0x0000, 0x0000, 0x0000, 0x0000, 0x0000, 0x0000, 0x0000,
  0x0000, 0x0000, 0x0000, 0x0000, 0x0000, 0x0000, 0x0000, 0x0000, 0x0000, 0x0000, 0x0000, 0x0000,
  0x0000, 0x0000, 0x0000, 0x0000, 0x0000, 0x0000, 0x0000, 0x0000, 0x0000, 0x0000, 0x0000, 0x0000,
  0x0000, 0x0000, 0x1061, 0x8C0D, 0x940C, 0x8389, 0x8389, 0x8369, 0x8389, 0x8368, 0x8368, 0x8369,
  0x8369, 0x8369, 0x7B48, 0x7B49, 0x7B69, 0x7B48, 0xCDF3, 0x3984, 0x0000, 0x0000, 0x0000, 0x0000,
  0x0000, 0x0000, 0x0000, 0x0000, 0x0000, 0x0000, 0x0000, 0x0000, 0x0000, 0x0000, 0x0000, 0x0000,
  0x0000, 0x0000, 0x0000, 0x0000, 0x0000, 0x0000, 0x0000, 0x0000, 0x7BAC, 0x7B49, 0x72E7, 0x7307,
  0x7307, 0x7307, 0x7307, 0x7307, 0x7307, 0x7307, 0x7307, 0x7308, 0x6AC7, 0xB510, 0x0840, 0x0000,
  0x0000, 0x0000, 0x0000, 0x0000, 0x0000, 0x0000, 0x0000, 0x0000, 0x0000, 0x0000, 0x0000, 0x0000,
  0x0000, 0x0000, 0x0000, 0x0000, 0x0000, 0x0000, 0x0000, 0x0000, 0x0000, 0x0000, 0x0000, 0x0000,
  0x0000, 0x0000, 0x0000, 0x0000, 0x0000, 0x0000, 0x0000, 0x0000, 0x0000, 0x0000, 0x0000, 0x0000,
  0x0000, 0x3984, 0x9C6E, 0x7B69, 0x7B48, 0x7B48, 0x8348, 0x7B48, 0x8348, 0x8368, 0x8369, 0x8369,
  0x7B48, 0x7B48, 0x7B48, 0x7308, 0xC591, 0x41E5, 0x0000, 0x0000, 0x0000, 0x0000, 0x0000, 0x0000,
  0x0000, 0x0000, 0x0000, 0x0000, 0x0000, 0x0000, 0x0000, 0x0000, 0x0000, 0x0000, 0x0000, 0x0000,
  0x0000, 0x0000, 0x0000, 0x0000, 0x0000, 0x0000, 0x734A, 0x7329, 0x6AE7, 0x72E7, 0x72E7, 0x72E7,
  0x72E7, 0x72E7, 0x6AE7, 0x72E7, 0x7307, 0x7307, 0x6AC7, 0xACF0, 0x0840, 0x0000, 0x0000, 0x0000,
  0x0000, 0x0000, 0x0000, 0x0000, 0x0000, 0x0000, 0x0000, 0x0000, 0x0000, 0x0000, 0x0000, 0x0000,
  0x0000, 0x0000, 0x0000, 0x0000, 0x0000, 0x0000, 0x0000, 0x0000, 0x0000, 0x0000, 0x0000, 0x0000,
  0x0000, 0x0000, 0x0000, 0x0000, 0x0000, 0x0000, 0x0000, 0x0000, 0x0000, 0x0000, 0x0000, 0x0020,
  0x942D, 0x7B49, 0x7307, 0x7B28, 0x7B28, 0x7B28, 0x7B28, 0x7B28, 0x7B48, 0x7B48, 0x7B28, 0x7B28,
  0x7B48, 0x7307, 0xBD30, 0x5247, 0x0000, 0x0000, 0x0000, 0x0000, 0x0000, 0x0000, 0x0000, 0x0000,
  0x0000, 0x0000, 0x0000, 0x0000, 0x0000, 0x0000, 0x0000, 0x0000, 0x0000, 0x0000, 0x0000, 0x0000,
  0x0000, 0x0000, 0x0000, 0x1081, 0x7329, 0x7308, 0x6AE7, 0x6AC7, 0x72E7, 0x6AE7, 0x6AE7, 0x6AE7,
  0x6AE7, 0x6AE7, 0x6AE7, 0x7307, 0x6AE7, 0x9C8E, 0x0820, 0x0000, 0x0000, 0x0000, 0x0000, 0x0000,
  0x0000, 0x0000, 0x0000, 0x0000, 0x0000, 0x0000, 0x0000, 0x0000, 0x0000, 0x0000, 0x0000, 0x0000,
  0x0000, 0x0000, 0x0000, 0x0000, 0x0000, 0x0000, 0x0000, 0x0000, 0x0000, 0x0000, 0x0000, 0x0000,
  0x0000, 0x0000, 0x0000, 0x0000, 0x0000, 0x0000, 0x0000, 0x0000, 0x0000, 0x0000, 0x6B2A, 0x7328,
  0x6AE7, 0x72E7, 0x72E7, 0x7307, 0x7307, 0x7307, 0x7328, 0x7B28, 0x7B48, 0x7B28, 0x7B28, 0x6AE7,
  0xB510, 0x5247, 0x0000, 0x0000, 0x0000, 0x0000, 0x0000, 0x0000, 0x0000, 0x0000, 0x0000, 0x0000,
  0x0000, 0x0000, 0x0000, 0x0000, 0x0000, 0x0000, 0x0000, 0x0000, 0x0000, 0x0000, 0x0000, 0x0000,
  0x0000, 0x3164, 0x6B09, 0x7308, 0x6AC7, 0x6AC7, 0x6AC7, 0x6AC7, 0x6AC7, 0x6AC7, 0x6AC7, 0x6AE7,
  0x6AC7, 0x6AE7, 0x6B08, 0x7B8B, 0x0020, 0x0000, 0x0000, 0x0000, 0x0000, 0x0000, 0x0000, 0x0000,
  0x0000, 0x0000, 0x0000, 0x0000, 0x0000, 0x0000, 0x0000, 0x0000, 0x0000, 0x0000, 0x0000, 0x0000,
  0x0000, 0x0000, 0x0000, 0x0000, 0x0000, 0x0000, 0x0000, 0x0000, 0x0000, 0x0000, 0x0000, 0x0000,
  0x0000, 0x0000, 0x0000, 0x0000, 0x0000, 0x0000, 0x0000, 0x0000, 0x41E5, 0x7B49, 0x7B28, 0x72E7,
  0x6AC7, 0x72E7, 0x7307, 0x7307, 0x7307, 0x7308, 0x7308, 0x7B28, 0x7328, 0x6AE7, 0xB50F, 0x4A06,
  0x0000, 0x0000, 0x0000, 0x0000, 0x0000, 0x0000, 0x0000, 0x0000, 0x0000, 0x0000, 0x0000, 0x0000,
  0x0000, 0x0000, 0x0000, 0x0000, 0x0000, 0x0000, 0x0000, 0x0000, 0x0000, 0x0000, 0x0000, 0x5288,
  0x62C8, 0x6AC7, 0x6AC7, 0x6AC7, 0x6AC7, 0x6AC7, 0x6AC7, 0x6AC7, 0x6AC7, 0x6AC7, 0x6AC7, 0x62C7,
  0x7B49, 0x5267, 0x0000, 0x0000, 0x0000, 0x0000, 0x0000, 0x0000, 0x0000, 0x0000, 0x0000, 0x0000,
  0x0000, 0x0000, 0x0000, 0x0000, 0x0000, 0x0000, 0x0000, 0x0000, 0x0000, 0x0000, 0x0000, 0x0000,
  0x0000, 0x0000, 0x0000, 0x0000, 0x0000, 0x0000, 0x0000, 0x0000, 0x0000, 0x0000, 0x0000, 0x0000,
  0x0000, 0x0000, 0x0000, 0x0000, 0x0000, 0x0000, 0x2902, 0x8BAB, 0x7B48, 0x72E7, 0x72E7, 0x72E7,
  0x72E7, 0x72E7, 0x7307, 0x7307, 0x7307, 0x7B28, 0x7308, 0x6AC7, 0xACCF, 0x3143, 0x0000, 0x0000,
  0x0000, 0x0000, 0x0000, 0x0000, 0x0000, 0x0000, 0x0000, 0x0000, 0x0000, 0x0000, 0x0000, 0x0000,
  0x0000, 0x0000, 0x0000, 0x0000, 0x0000, 0x0000, 0x0000, 0x0000, 0x0000, 0x7B8C, 0x62C8, 0x62A7,
  0x6AC7, 0x6AC7, 0x6AA7, 0x6AC7, 0x6AA7, 0x62A6, 0x6AC7, 0x6AA7, 0x62A6, 0x6286, 0x7B8A, 0x3143,
  0x0000, 0x0000, 0x0000, 0x0000, 0x0000, 0x0000, 0x0000, 0x0000, 0x0000, 0x0000, 0x0000, 0x0000,
  0x0000, 0x0000, 0x0000, 0x0000, 0x0000, 0x0000, 0x0000, 0x0000, 0x0000, 0x0000, 0x0000, 0x0000,
  0x0000, 0x0000, 0x0000, 0x0000, 0x0000, 0x0000, 0x0000, 0x0000, 0x0000, 0x0000, 0x0000, 0x0000,
  0x0000, 0x0000, 0x0000, 0x0000, 0x18C2, 0x8BEB, 0x7B49, 0x7308, 0x72E7, 0x72E7, 0x72E7, 0x72E7,
  0x72E7, 0x7308, 0x7308, 0x7308, 0x72E8, 0x62A7, 0xA4AF, 0x1081, 0x0000, 0x0000, 0x0000, 0x0000,
  0x0000, 0x0000, 0x0000, 0x0000, 0x0000, 0x0000, 0x0000, 0x0000, 0x0000, 0x0000, 0x0000, 0x0000,
  0x0000, 0x0000, 0x0000, 0x0000, 0x0000, 0x0000, 0x0000, 0x944E, 0x6AE8, 0x6286, 0x6AA7, 0x62A6,
  0x62A6, 0x6AA7, 0x62A6, 0x62A6, 0x62A6, 0x62A6, 0x6286, 0x5A66, 0x8BCC, 0x1081, 0x0000, 0x0000,
  0x0000, 0x0000, 0x0000, 0x0000, 0x0000, 0x0000, 0x0000, 0x0000, 0x0000, 0x0000, 0x0000, 0x0000,
  0x0000, 0x0000, 0x0000, 0x0000, 0x0000, 0x0000, 0x0000, 0x0000, 0x0000, 0x0000, 0x0000, 0x0000,
  0x0000, 0x0000, 0x0000, 0x0000, 0x0000, 0x0000, 0x0000, 0x0000, 0x0000, 0x0000, 0x0000, 0x0000,
  0x0000, 0x0000, 0x20C2, 0x8BCB, 0x7B28, 0x72E7, 0x72E7, 0x72E7, 0x72E7, 0x72E7, 0x72E7, 0x72E7,
  0x72E7, 0x72E7, 0x6AC7, 0x5A86, 0x944E, 0x0840, 0x0000, 0x0000, 0x0000, 0x0000, 0x0000, 0x0000,
  0x0000, 0x0000, 0x0000, 0x0000, 0x0000, 0x0000, 0x0000, 0x0000, 0x0000, 0x0000, 0x0000, 0x0000,
  0x0000, 0x0000, 0x0000, 0x0000, 0x0020, 0x9C6E, 0x6AE8, 0x6286, 0x6286, 0x6286, 0x6286, 0x6286,
  0x6266, 0x6286, 0x6286, 0x6286, 0x5A66, 0x5246, 0x942D, 0x0820, 0x0000, 0x0000, 0x0000, 0x0000,
  0x0000, 0x0000, 0x0000, 0x0000, 0x0000, 0x0000, 0x0000, 0x0000, 0x0000, 0x0000, 0x0000, 0x0000,
  0x0000, 0x0000, 0x0000, 0x0000, 0x0000, 0x0000, 0x0000, 0x0000, 0x0000, 0x0000, 0x0000, 0x0000,
  0x0000, 0x0000, 0x0000, 0x0000, 0x0000, 0x0000, 0x0000, 0x0000, 0x0000, 0x0000, 0x0000, 0x0000,
  0x2923, 0x7329, 0x7308, 0x6AC7, 0x6AC7, 0x6AC7, 0x6AC7, 0x6AC7, 0x6AC7, 0x6AC7, 0x6AE7, 0x6AC7,
  0x6AA7, 0x5A87, 0x8BCC, 0x0020, 0x0000, 0x0000, 0x0000, 0x0000, 0x0000, 0x0000, 0x0000, 0x0000,
  0x0000, 0x0000, 0x0000, 0x0000, 0x0000, 0x0000, 0x0000, 0x0000, 0x0000, 0x0000, 0x0000, 0x0000,
  0x0000, 0x0000, 0x0860, 0x940D, 0x6AE8, 0x6286, 0x6266, 0x6286, 0x6286, 0x5A66, 0x5A66, 0x6266,
  0x6286, 0x5A86, 0x5A66, 0x5246, 0x942D, 0x0820, 0x0000, 0x0000, 0x0000, 0x0000, 0x0000, 0x0000,
  0x0000, 0x0000, 0x0000, 0x0000, 0x0000, 0x0000, 0x0000, 0x0000, 0x0000, 0x0000, 0x0000, 0x0000,
  0x0000, 0x0000, 0x0000, 0x0000, 0x0000, 0x0000, 0x0000, 0x0000, 0x0000, 0x0000, 0x0000, 0x0000,
  0x0000, 0x0000, 0x0000, 0x0000, 0x0000, 0x0000, 0x0000, 0x0000, 0x0000, 0x0000, 0x39A5, 0x62A7,
  0x6AC7, 0x6AA7, 0x6AA6, 0x62A6, 0x62A6, 0x62A6, 0x6AA7, 0x6AC7, 0x6AA7, 0x6AA7, 0x62A7, 0x62A7,
  0x732A, 0x0020, 0x0000, 0x0000, 0x0000, 0x0000, 0x0000, 0x0000, 0x0000, 0x0000, 0x0000, 0x0000,
  0x0000, 0x0000, 0x0000, 0x0000, 0x0000, 0x0000, 0x0000, 0x0000, 0x0000, 0x0000, 0x0000, 0x0000,
  0x18C2, 0x7B8A, 0x6AC7, 0x5A66, 0x5A66, 0x5A66, 0x5A66, 0x5A66, 0x5A66, 0x5A66, 0x5A66, 0x5A66,
  0x5A66, 0x5246, 0x8BEC, 0x0020, 0x0000, 0x0000, 0x0000, 0x0000, 0x0000, 0x0000, 0x0000, 0x0000,
  0x0000, 0x0000, 0x0000, 0x0000, 0x0000, 0x0000, 0x0000, 0x0000, 0x0000, 0x0000, 0x0000, 0x0000,
  0x0000, 0x0000, 0x0000, 0x0000, 0x0000, 0x0000, 0x0000, 0x0000, 0x0000, 0x0000, 0x0000, 0x0000,
  0x0000, 0x0000, 0x0000, 0x0000, 0x0000, 0x0000, 0x0000, 0x0000, 0x5227, 0x5A66, 0x6286, 0x6286,
  0x6286, 0x6286, 0x6286, 0x6286, 0x6286, 0x62A6, 0x6286, 0x62A6, 0x6286, 0x7308, 0x5A88, 0x0000,
  0x0000, 0x0000, 0x0000, 0x0000, 0x0000, 0x0000, 0x0000, 0x0000, 0x0000, 0x0000, 0x0000, 0x0000,
  0x0000, 0x0000, 0x0000, 0x0000, 0x0000, 0x0000, 0x0000, 0x0000, 0x0000, 0x0000, 0x2943, 0x7309,
  0x62A7, 0x6266, 0x5A66, 0x5A66, 0x5A66, 0x5A66, 0x5A66, 0x5A66, 0x5A66, 0x5A66, 0x5A66, 0x5A66,
  0x736A, 0x0020, 0x0000, 0x0000, 0x0000, 0x0000, 0x0000, 0x0000, 0x0000, 0x0000, 0x0000, 0x0000,
  0x0000, 0x0000, 0x0000, 0x0000, 0x0000, 0x0000, 0x0000, 0x0000, 0x0000, 0x0000, 0x0000, 0x0000,
  0x0000, 0x0000, 0x0000, 0x0000, 0x0000, 0x0000, 0x0000, 0x0000, 0x0000, 0x0000, 0x0000, 0x0000,
  0x0000, 0x0000, 0x0000, 0x0000, 0x0000, 0x0000, 0x62A8, 0x5A66, 0x6286, 0x6286, 0x6286, 0x6266,
  0x6286, 0x6286, 0x6286, 0x6286, 0x6266, 0x6266, 0x5A46, 0x838A, 0x41E5, 0x0000, 0x0000, 0x0000,
  0x0000, 0x0000, 0x0000, 0x0000, 0x0000, 0x0000, 0x0000, 0x0000, 0x0000, 0x0000, 0x0000, 0x0000,
  0x0000, 0x0000, 0x0000, 0x0000, 0x0000, 0x0000, 0x0000, 0x0000, 0x41E6, 0x62A7, 0x5A86, 0x6266,
  0x5A65, 0x5A66, 0x5A66, 0x5A66, 0x5A66, 0x5A66, 0x5A65, 0x5A66, 0x5A66, 0x5A66, 0x732A, 0x0020,
  0x0000, 0x0000, 0x0000, 0x0000, 0x0000, 0x0000, 0x0000, 0x0000, 0x0000, 0x0000, 0x0000, 0x0000,
  0x0000, 0x0000, 0x0000, 0x0000, 0x0000, 0x0000, 0x0000, 0x0000, 0x0000, 0x0000, 0x0000, 0x0000,
  0x0000, 0x0000, 0x0000, 0x0000, 0x0000, 0x0000, 0x0000, 0x0000, 0x0000, 0x0000, 0x0000, 0x0000,
  0x0000, 0x0000, 0x0000, 0x0000, 0x62C8, 0x6287, 0x5A66, 0x6286, 0x6266, 0x6286, 0x6286, 0x6266,
  0x6266, 0x5A66, 0x5A66, 0x5A66, 0x5225, 0x8BEC, 0x2923, 0x0000, 0x0000, 0x0000, 0x0000, 0x0000,
  0x0000, 0x0000, 0x0000, 0x0000, 0x0000, 0x0000, 0x0000, 0x0000, 0x0000, 0x0000, 0x0000, 0x0000,
  0x0000, 0x0000, 0x0000, 0x0000, 0x0000, 0x0000, 0x5A88, 0x5A66, 0x5A66, 0x5A66, 0x5A65, 0x5A65,
  0x5A66, 0x5A65, 0x5A65, 0x5A45, 0x5A45, 0x5A45, 0x5A45, 0x5A46, 0x83CC, 0x0020, 0x0000, 0x0000,
  0x0000, 0x0000, 0x0000, 0x0000, 0x0000, 0x0000, 0x0000, 0x0000, 0x0000, 0x0000, 0x0000, 0x0000,
  0x0000, 0x0000, 0x0000, 0x0000, 0x0000, 0x0000, 0x0000, 0x0000, 0x0000, 0x0000, 0x0000, 0x0000,
  0x0000, 0x0000, 0x0000, 0x0000, 0x0000, 0x0000, 0x0000, 0x0000, 0x0000, 0x0000, 0x0000, 0x0000,
  0x0000, 0x0000, 0x62A8, 0x62A7, 0x6266, 0x6286, 0x6286, 0x6266, 0x6266, 0x6266, 0x6266, 0x5A66,
  0x5A66, 0x5A65, 0x5205, 0x942D, 0x1081, 0x0000, 0x0000, 0x0000, 0x0000, 0x0000, 0x0000, 0x0000,
  0x0000, 0x0000, 0x0000, 0x0000, 0x0000, 0x0000, 0x0000, 0x0000, 0x0000, 0x0000, 0x0000, 0x0000,
  0x0000, 0x0000, 0x0000, 0x0000, 0x5A88, 0x5A46, 0x5A45, 0x5A45, 0x5A66, 0x5A45, 0x5A45, 0x5A45,
  0x5A45, 0x5225, 0x5A45, 0x5A45, 0x5A45, 0x5245, 0xA48F, 0x0840, 0x0000, 0x0000, 0x0000, 0x0000,
  0x0000, 0x0000, 0x0000, 0x0000, 0x0000, 0x0000, 0x0000, 0x0000, 0x0000, 0x0000, 0x0000, 0x0000,
  0x0000, 0x0000, 0x0000, 0x0000, 0x0000, 0x0000, 0x0000, 0x0000, 0x0000, 0x0000, 0x0000, 0x0000,
  0x0000, 0x0000, 0x0000, 0x0000, 0x0000, 0x0000, 0x0000, 0x0000, 0x0000, 0x0000, 0x0000, 0x18A1,
  0x5A67, 0x5A86, 0x5A66, 0x6266, 0x6266, 0x5A66, 0x5A66, 0x5A66, 0x5A66, 0x5A45, 0x5A45, 0x5A45,
  0x5225, 0x8BEC, 0x0840, 0x0000, 0x0000, 0x0000, 0x0000, 0x0000, 0x0000, 0x0000, 0x0000, 0x0000,
  0x0000, 0x0000, 0x0000, 0x0000, 0x0000, 0x0000, 0x0000, 0x0000, 0x0000, 0x0000, 0x0000, 0x0000,
  0x0000, 0x0000, 0x5247, 0x5246, 0x5225, 0x5A45, 0x5A45, 0x5A45, 0x5225, 0x5A45, 0x5225, 0x5225,
  0x5225, 0x5225, 0x5A45, 0x5225, 0xB530, 0x2103, 0x0000, 0x0000, 0x0000, 0x0000, 0x0000, 0x0000,
  0x0000, 0x0000, 0x0000, 0x0000, 0x0000, 0x0000, 0x0000, 0x0000, 0x0000, 0x0000, 0x0000, 0x0000,
  0x0000, 0x0000, 0x0000, 0x0000, 0x0000, 0x0000, 0x0000, 0x0000, 0x0000, 0x0000, 0x0000, 0x0000,
  0x0000, 0x0000, 0x0000, 0x0000, 0x0000, 0x0000, 0x0000, 0x0000, 0x0000, 0x41C5, 0x5246, 0x5A45,
  0x5A65, 0x5A66, 0x5A45, 0x5A45, 0x5A66, 0x5A45, 0x5A45, 0x5225, 0x5A45, 0x5245, 0x5225, 0x734A,
  0x0020, 0x0000, 0x0000, 0x0000, 0x0000, 0x0000, 0x0000, 0x0000, 0x0000, 0x0000, 0x0000, 0x0000,
  0x0000, 0x0000, 0x0000, 0x0000, 0x0000, 0x0000, 0x0000, 0x0000, 0x0000, 0x0000, 0x0000, 0x0000,
  0x41C5, 0x5225, 0x5A45, 0x5225, 0x5A45, 0x5225, 0x5225, 0x5225, 0x5225, 0x5225, 0x5225, 0x5225,
  0x5225, 0x5225, 0xB530, 0x5A88, 0x0000, 0x0000, 0x0000, 0x0000, 0x0000, 0x0000, 0x0000, 0x0000,
  0x0000, 0x0000, 0x0000, 0x0000, 0x0000, 0x0000, 0x0000, 0x0000, 0x0000, 0x0000, 0x0000, 0x0000,
  0x0000, 0x0000, 0x0000, 0x0000, 0x0000, 0x0000, 0x0000, 0x0000, 0x0000, 0x0000, 0x0000, 0x0000,
  0x0000, 0x0000, 0x0000, 0x0000, 0x0000, 0x0000, 0x1081, 0x6AC8, 0x5A66, 0x5A45, 0x5A45, 0x5A45,
  0x5A45, 0x5A45, 0x5A45, 0x5A45, 0x5225, 0x5225, 0x5A45, 0x5225, 0x5A87, 0x5247, 0x0000, 0x0000,
  0x0000, 0x0000, 0x0000, 0x0000, 0x0000, 0x0000, 0x0000, 0x0000, 0x0000, 0x0000, 0x0000, 0x0000,
  0x0000, 0x0000, 0x0000, 0x0000, 0x0000, 0x0000, 0x0000, 0x0000, 0x0000, 0x0000, 0x2903, 0x5205,
  0x5A46, 0x5A45, 0x5A45, 0x5225, 0x5225, 0x5225, 0x5225, 0x5225, 0x5225, 0x5225, 0x5225, 0x5205,
  0x944D, 0x9C8E, 0x0840, 0x0000, 0x0000, 0x0000, 0x0000, 0x0000, 0x0000, 0x0000, 0x0000, 0x0000,
  0x0000, 0x0000, 0x0000, 0x0000, 0x0000, 0x0000, 0x0000, 0x0000, 0x0000, 0x0000, 0x0000, 0x0000,
  0x0000, 0x0000, 0x0000, 0x0000, 0x0000, 0x0000, 0x0000, 0x0000, 0x0000, 0x0000, 0x0000, 0x0000,
  0x0000, 0x0000, 0x0000, 0x0020, 0x4A06, 0x6AC8, 0x5A66, 0x5A45, 0x5A45, 0x5A45, 0x5225, 0x5225,
  0x5225, 0x5225, 0x5225, 0x5225, 0x5225, 0x5205, 0x7329, 0x3143, 0x0000, 0x0000, 0x0000, 0x0000,
  0x0000, 0x0000, 0x0000, 0x0000, 0x0000, 0x0000, 0x0000, 0x0000, 0x0000, 0x0000, 0x0000, 0x0000,
  0x0000, 0x0000, 0x0000, 0x0000, 0x0000, 0x0000, 0x0000, 0x0000, 0x1081, 0x4A05, 0x5245, 0x5225,
  0x5A25, 0x5225, 0x5225, 0x5225, 0x5205, 0x5205, 0x5225, 0x5225, 0x5205, 0x4A04, 0x6AE8, 0xC5D3,
  0x39A5, 0x0000, 0x0000, 0x0000, 0x0000, 0x0000, 0x0000, 0x0000, 0x0000, 0x0000, 0x0000, 0x0000,
  0x0000, 0x0000, 0x0000, 0x0000, 0x0000, 0x0000, 0x0000, 0x0000, 0x0000, 0x0000, 0x0000, 0x0000,
  0x0000, 0x0000, 0x0000, 0x0000, 0x0000, 0x0000, 0x0000, 0x0000, 0x0000, 0x0000, 0x0000, 0x0000,
  0x0000, 0x2923, 0x7B4A, 0x6287, 0x5A45, 0x5A45, 0x5225, 0x5A25, 0x5225, 0x5225, 0x5225, 0x5225,
  0x5205, 0x5225, 0x5225, 0x4A05, 0x7B6A, 0x1061, 0x0000, 0x0000, 0x0000, 0x0000, 0x0000, 0x0000,
  0x0000, 0x0000, 0x0000, 0x0000, 0x0000, 0x0000, 0x0000, 0x0000, 0x0000, 0x0000, 0x0000, 0x0000,
  0x0000, 0x0000, 0x0000, 0x0000, 0x0000, 0x0000, 0x0000, 0x41C5, 0x5226, 0x5225, 0x5225, 0x5205,
  0x5205, 0x5205, 0x4A04, 0x4A04, 0x4A04, 0x49E4, 0x49E4, 0x49E4, 0x4A05, 0xB530, 0xA4D0, 0x1081,
  0x0000, 0x0000, 0x0000, 0x0000, 0x0000, 0x0000, 0x0000, 0x0000, 0x0000, 0x0000, 0x0000, 0x0000,
  0x0000, 0x0000, 0x0000, 0x0000, 0x0000, 0x0000, 0x0000, 0x0000, 0x0000, 0x0000, 0x0000, 0x0000,
  0x0000, 0x0000, 0x0000, 0x0000, 0x0000, 0x0000, 0x0000, 0x0000, 0x0000, 0x0000, 0x2102, 0x7309,
  0x6AE8, 0x5A66, 0x5A25, 0x5225, 0x5225, 0x5205, 0x5204, 0x5205, 0x5205, 0x5205, 0x4A05, 0x4A04,
  0x49E4, 0x5A46, 0x5A67, 0x0020, 0x0000, 0x0000, 0x0000, 0x0000, 0x0000, 0x0000, 0x0000, 0x0000,
  0x0000, 0x0000, 0x0000, 0x0000, 0x0000, 0x0000, 0x0000, 0x0000, 0x0000, 0x0000, 0x0000, 0x0000,
  0x0000, 0x0000, 0x0000, 0x0000, 0x0000, 0x39A4, 0x5225, 0x5205, 0x5205, 0x5204, 0x49E4, 0x49E4,
  0x49E4, 0x49E4, 0x49E4, 0x49E4, 0x49E4, 0x49E4, 0x49E4, 0x7349, 0xCE14, 0x736B, 0x0861, 0x0000,
  0x0000, 0x0000, 0x0000, 0x0000, 0x0000, 0x0000, 0x0000, 0x0000, 0x0000, 0x0000, 0x0000, 0x0000,
  0x0000, 0x0000, 0x0000, 0x0000, 0x0000, 0x0000, 0x0000, 0x0000, 0x0000, 0x0000, 0x0000, 0x0000,
  0x0000, 0x0000, 0x0000, 0x0000, 0x0000, 0x0000, 0x1061, 0x3164, 0x7B4A, 0x7308, 0x5225, 0x5205,
  0x5205, 0x5205, 0x5204, 0x49E4, 0x49E4, 0x49E4, 0x49E4, 0x49E4, 0x49E4, 0x49E4, 0x41C4, 0x6B09,
  0x2923, 0x0000, 0x0000, 0x0000, 0x0000, 0x0000, 0x0000, 0x0000, 0x0000, 0x0000, 0x0000, 0x0000,
  0x0000, 0x0000, 0x0000, 0x0000, 0x0000, 0x0000, 0x0000, 0x0000, 0x0000, 0x0000, 0x0000, 0x0000,
  0x0000, 0x0000, 0x0000, 0x3984, 0x4A05, 0x5205, 0x5205, 0x5205, 0x49E4, 0x49E4, 0x49E4, 0x49E4,
  0x49E4, 0x49E4, 0x49E4, 0x49E4, 0x4A05, 0x5225, 0x940C, 0xD635, 0x7BAC, 0x2924, 0x0840, 0x0000,
  0x0000, 0x0000, 0x0000, 0x0000, 0x0000, 0x0000, 0x0000, 0x0000, 0x0000, 0x0000, 0x0000, 0x0000,
  0x0000, 0x0000, 0x0000, 0x0000, 0x0000, 0x0000, 0x0000, 0x0000, 0x0000, 0x0000, 0x0000, 0x0000,
  0x0000, 0x0000, 0x0020, 0x2923, 0x62A8, 0x940C, 0x7B49, 0x5225, 0x5205, 0x5204, 0x5204, 0x5204,
  0x49E4, 0x49E4, 0x49E4, 0x49E4, 0x49E4, 0x49E4, 0x49E4, 0x49E4, 0x4A05, 0x6AE9, 0x0840, 0x0000,
  0x0000, 0x0000, 0x0000, 0x0000, 0x0000, 0x0000, 0x0000, 0x0000, 0x0000, 0x0000, 0x0000, 0x0000,
  0x0000, 0x0000, 0x0000, 0x0000, 0x0000, 0x0000, 0x0000, 0x0000, 0x0000, 0x0000, 0x0000, 0x0000,
  0x0000, 0x2923, 0x49E5, 0x5205, 0x5205, 0x5205, 0x5204, 0x5204, 0x49E4, 0x49E4, 0x49E4, 0x49E4,
  0x5204, 0x49E4, 0x5205, 0x5205, 0x5A66, 0x940D, 0xD656, 0xA4D1, 0x62EA, 0x2964, 0x0841, 0x0020,
  0x0000, 0x0000, 0x0000, 0x0000, 0x0000, 0x0000, 0x0000, 0x0000, 0x0000, 0x0000, 0x0000, 0x0020,
  0x0000, 0x0020, 0x0020, 0x0020, 0x0020, 0x0020, 0x0020, 0x0000, 0x0020, 0x0020, 0x1081, 0x3184,
  0x5247, 0x944D, 0xA4AF, 0x838A, 0x5A46, 0x5205, 0x5205, 0x5205, 0x5205, 0x49E4, 0x49E4, 0x49E4,
  0x49E4, 0x49E4, 0x49E4, 0x41C4, 0x41C4, 0x41C4, 0x62C8, 0x39A5, 0x0000, 0x0000, 0x0000, 0x0000,
  0x0000, 0x0000, 0x0000, 0x0000, 0x0000, 0x0000, 0x0000, 0x0000, 0x0000, 0x0000, 0x0000, 0x0000,
  0x0000, 0x0000, 0x0000, 0x0000, 0x0000, 0x0000, 0x0000, 0x0000, 0x0000, 0x0000, 0x0000, 0x1081,
  0x41C5, 0x49E5, 0x5204, 0x49E4, 0x49E4, 0x49E4, 0x49E4, 0x49E4, 0x49E4, 0x49E4, 0x49E4, 0x49E4,
  0x5204, 0x5205, 0x4A05, 0x5A66, 0x83AB, 0xB531, 0xCE15, 0xAD11, 0x734B, 0x5AC9, 0x4A27, 0x41E6,
  0x41E6, 0x41E6, 0x4206, 0x41E6, 0x41E6, 0x4206, 0x4206, 0x4207, 0x4207, 0x4A27, 0x4A27, 0x4A27,
  0x4A48, 0x5248, 0x5268, 0x5268, 0x4A27, 0x4206, 0x4A06, 0x5247, 0x734B, 0xA4AF, 0xB531, 0x9C6D,
  0x7B49, 0x5245, 0x5205, 0x5205, 0x49E4, 0x49E4, 0x49E4, 0x49E4, 0x49E4, 0x49E4, 0x49E4, 0x41C4,
  0x41C4, 0x41C4, 0x41A4, 0x41C4, 0x6AE8, 0x1081, 0x0000, 0x0000, 0x0000, 0x0000, 0x0000, 0x0000,
  0x0000, 0x0000, 0x0000, 0x0000, 0x0000, 0x0000, 0x0000, 0x0000, 0x0000, 0x0000, 0x0000, 0x0000,
  0x0000, 0x0000, 0x0000, 0x0000, 0x0000, 0x0000, 0x0000, 0x0000, 0x0000, 0x0000, 0x3984, 0x49E5,
  0x49E4, 0x49E4, 0x49E4, 0x49E4, 0x49E4, 0x49E4, 0x49E4, 0x49E4, 0x49E4, 0x49E4, 0x49E4, 0x49E4,
  0x4A05, 0x49E5, 0x5225, 0x6AC8, 0x83CC, 0xA4AF, 0xBD52, 0xC5D3, 0xBD72, 0xB531, 0xB531, 0xB531,
  0xB552, 0xB551, 0xB551, 0xB552, 0xB552, 0xBD93, 0xBD72, 0xBD93, 0xC593, 0xC5B4, 0xC5D4, 0xCDF4,
  0xCDF5, 0xCE15, 0xC5D3, 0xBD51, 0xB510, 0xACCF, 0x9C6E, 0x8BEC, 0x7B49, 0x5A87, 0x4A05, 0x4A05,
  0x49E4, 0x49E4, 0x49E4, 0x49E4, 0x49E4, 0x49C4, 0x41C4, 0x49E4, 0x41C4, 0x41C4, 0x41C4, 0x41C4,
  0x41A4, 0x5A46, 0x3984, 0x0000, 0x0000, 0x0000, 0x0000, 0x0000, 0x0000, 0x0000, 0x0000, 0x0000,
  0x0000, 0x0000, 0x0000, 0x0000, 0x0000, 0x0000, 0x0000, 0x0000, 0x0000, 0x0000, 0x0000, 0x0000,
  0x0000, 0x0000, 0x0000, 0x0000, 0x0000, 0x0000, 0x0000, 0x0000, 0x2103, 0x41C5, 0x49E4, 0x49E4,
  0x49E4, 0x49E4, 0x49E4, 0x49E4, 0x49E4, 0x49C4, 0x49E4, 0x49E4, 0x49E4, 0x49E4, 0x49E4, 0x49E4,
  0x49E4, 0x49E5, 0x5205, 0x5A87, 0x6AE8, 0x7B4A, 0x83AB, 0x83AB, 0x7B8B, 0x7B8B, 0x7B8A, 0x7B8B,
  0x7B8B, 0x83AB, 0x83AB, 0x83AB, 0x83AB, 0x83AB, 0x8BCC, 0x8BEC, 0x940D, 0x942D, 0x944D, 0x944D,
  0x940D, 0x8BCB, 0x7B8A, 0x7308, 0x62A7, 0x5225, 0x49E5, 0x49E4, 0x49E4, 0x49E4, 0x41C4, 0x49C4,
  0x49C4, 0x49C4, 0x41C4, 0x41C4, 0x41C4, 0x41C4, 0x41C4, 0x41A4, 0x41A4, 0x41A4, 0x41C4, 0x5246,
  0x1081, 0x0000, 0x0000, 0x0000, 0x0000, 0x0000, 0x0000, 0x0000, 0x0000, 0x0000, 0x0000, 0x0000,
  0x0000, 0x0000, 0x0000, 0x0000, 0x0000, 0x0000, 0x0000, 0x0000, 0x0000, 0x0000, 0x0000, 0x0000,
  0x0000, 0x0000, 0x0000, 0x0000, 0x0000, 0x0000, 0x0820, 0x3984, 0x49E5, 0x49E4, 0x49E4, 0x49E4,
  0x49E4, 0x49C4, 0x49C4, 0x49C4, 0x49C4, 0x49E4, 0x49C4, 0x49C4, 0x49C4, 0x49C4, 0x49C4, 0x49E4,
  0x49C4, 0x49E4, 0x49E4, 0x41C5, 0x41E5, 0x41E4, 0x41C4, 0x41C4, 0x41C4, 0x49E4, 0x49E5, 0x4A05,
  0x4A05, 0x4A05, 0x4A05, 0x4A05, 0x4A05, 0x5205, 0x5226, 0x5A46, 0x5A66, 0x5A66, 0x5A46, 0x5246,
  0x5225, 0x4A05, 0x49E5, 0x49E4, 0x49C4, 0x41C4, 0x41C4, 0x49C4, 0x41A4, 0x41C4, 0x41C4, 0x41A4,
  0x41C4, 0x41C4, 0x41C4, 0x41A4, 0x41A4, 0x41C4, 0x41A4, 0x41A4, 0x5226, 0x2903, 0x0000, 0x0000,
  0x0000, 0x0000, 0x0000, 0x0000, 0x0000, 0x0000, 0x0000, 0x0000, 0x0000, 0x0000, 0x0000, 0x0000,
  0x0000, 0x0000, 0x0000, 0x0000, 0x0000, 0x0000, 0x0000, 0x0000, 0x0000, 0x0000, 0x0000, 0x0000,
  0x0000, 0x0000, 0x0000, 0x0000, 0x0000, 0x2103, 0x41C5, 0x41C4, 0x41C4, 0x49C4, 0x49E4, 0x41C4,
  0x41C4, 0x41C4, 0x41C4, 0x41C4, 0x41C4, 0x41C4, 0x49C4, 0x41C4, 0x41C4, 0x49C4, 0x41C4, 0x41C4,
  0x49C4, 0x41C4, 0x41C4, 0x41C4, 0x41C4, 0x41C4, 0x41C4, 0x41C4, 0x49E4, 0x41C4, 0x41C4, 0x49E4,
  0x49E4, 0x41C4, 0x49E4, 0x49E5, 0x49E5, 0x4A05, 0x5205, 0x5225, 0x5225, 0x5225, 0x5225, 0x4A05,
  0x49E4, 0x49E4, 0x41C4, 0x41C4, 0x41C4, 0x41C4, 0x41A4, 0x41A4, 0x41A4, 0x41A4, 0x41A4, 0x41C4,
  0x41A4, 0x41C4, 0x41A4, 0x41C4, 0x41A4, 0x41E5, 0x3984, 0x0840, 0x0000, 0x0000, 0x0000, 0x0000,
  0x0000, 0x0000, 0x0000, 0x0000, 0x0000, 0x0000, 0x0000, 0x0000, 0x0000, 0x0000, 0x0000, 0x0000,
  0x0000, 0x0000, 0x0000, 0x0000, 0x0000, 0x0000, 0x0000, 0x0000, 0x0000, 0x0000, 0x0000, 0x0000,
  0x0000, 0x0000, 0x0000, 0x0820, 0x3984, 0x41C4, 0x41C4, 0x49C4, 0x41C4, 0x41A3, 0x41A4, 0x41A4,
  0x41A4, 0x41A4, 0x41A4, 0x41A4, 0x41C4, 0x41C4, 0x41A4, 0x41C4, 0x41C4, 0x41C4, 0x41C4, 0x41C4,
  0x41C4, 0x41C4, 0x41A4, 0x41A4, 0x41A4, 0x41A4, 0x41C4, 0x41C4, 0x41A4, 0x41C4, 0x41C4, 0x41C4,
  0x41C4, 0x41C4, 0x49E4, 0x49E5, 0x49E4, 0x5205, 0x5205, 0x5205, 0x5205, 0x4A05, 0x49E4, 0x49E4,
  0x41C4, 0x41C4, 0x41C4, 0x41A4, 0x41A4, 0x41A4, 0x41A3, 0x41A3, 0x41A4, 0x41A4, 0x41A4, 0x41A4,
  0x41A4, 0x41A4, 0x41A4, 0x3143, 0x1061, 0x0000, 0x0000, 0x0000, 0x0000, 0x0000, 0x0000, 0x0000,
  0x0000, 0x0000, 0x0000, 0x0000, 0x0000, 0x0000, 0x0000, 0x0000, 0x0000, 0x0000, 0x0000, 0x0000,
  0x0000, 0x0000, 0x0000, 0x0000, 0x0000, 0x0000, 0x0000, 0x0000, 0x0000, 0x0000, 0x0000, 0x0000,
  0x0000, 0x0000, 0x18C2, 0x41C5, 0x41C4, 0x41C4, 0x41C4, 0x41A4, 0x41A3, 0x41A3, 0x41A3, 0x41A3,
  0x41A4, 0x41A4, 0x41A4, 0x41A4, 0x41A4, 0x41C4, 0x41C4, 0x41A4, 0x41C4, 0x41A4, 0x41A4, 0x41C4,
  0x41A4, 0x41A4, 0x41A4, 0x41A4, 0x41A4, 0x41A4, 0x41A4, 0x41A4, 0x41A4, 0x41A4, 0x41C4, 0x41C4,
  0x41C4, 0x41C4, 0x49E4, 0x49E4, 0x49E4, 0x4A04, 0x49E4, 0x49E4, 0x49E4, 0x41C4, 0x41C4, 0x41A4,
  0x41A4, 0x41A4, 0x39A3, 0x41A4, 0x41A4, 0x3983, 0x41A4, 0x41A4, 0x41A4, 0x41A4, 0x41A4, 0x39A4,
  0x2923, 0x0840, 0x0000, 0x0000, 0x0000, 0x0000, 0x0000, 0x0000, 0x0000, 0x0000, 0x0000, 0x0000,
  0x0000, 0x0000, 0x0000, 0x0000, 0x0000, 0x0000, 0x0000, 0x0000, 0x0000, 0x0000, 0x0000, 0x0000,
  0x0000, 0x0000, 0x0000, 0x0000, 0x0000, 0x0000, 0x0000, 0x0000, 0x0000, 0x0000, 0x0000, 0x0000,
  0x0020, 0x2923, 0x49E5, 0x49C4, 0x41C4, 0x41A4, 0x41A3, 0x3983, 0x3983, 0x3983, 0x41A3, 0x41A4,
  0x41A4, 0x41A4, 0x41A4, 0x41A4, 0x41A4, 0x41A4, 0x41A4, 0x41A4, 0x41A4, 0x41A4, 0x41A4, 0x41A4,
  0x41A4, 0x41A4, 0x41A4, 0x41A4, 0x41A4, 0x41A4, 0x41A4, 0x41A4, 0x41A4, 0x41A4, 0x41A4, 0x41C4,
  0x41C4, 0x41C4, 0x41C4, 0x49E4, 0x49E4, 0x41C4, 0x41C4, 0x41C4, 0x41C4, 0x41C4, 0x41A4, 0x41A4,
  0x3983, 0x3983, 0x41A4, 0x3983, 0x3983, 0x39A3, 0x3983, 0x39A4, 0x3984, 0x2102, 0x0840, 0x0000,
  0x0000, 0x0000, 0x0000, 0x0000, 0x0000, 0x0000, 0x0000, 0x0000, 0x0000, 0x0000, 0x0000, 0x0000,
  0x0000, 0x0000, 0x0000, 0x0000, 0x0000, 0x0000, 0x0000, 0x0000, 0x0000, 0x0000, 0x0000, 0x0000,
  0x0000, 0x0000, 0x0000, 0x0000, 0x0000, 0x0000, 0x0000, 0x0000, 0x0000, 0x0000, 0x0000, 0x0820,
  0x3164, 0x49E5, 0x41C4, 0x41A4, 0x41A4, 0x3983, 0x3983, 0x3983, 0x3983, 0x41A4, 0x41A4, 0x41A4,
  0x41A4, 0x41A3, 0x41A4, 0x41A4, 0x41A4, 0x41A4, 0x41A4, 0x41A4, 0x41A4, 0x41A4, 0x41A4, 0x41A4,
  0x39A3, 0x41A4, 0x41A4, 0x41A4, 0x41A4, 0x41A4, 0x41A4, 0x41A4, 0x41A4, 0x41C4, 0x41A4, 0x41C4,
  0x41C4, 0x41C4, 0x41C4, 0x41C4, 0x41C4, 0x41C4, 0x41A4, 0x41A4, 0x41A4, 0x41A4, 0x3983, 0x3983,
  0x41A4, 0x3983, 0x3983, 0x3983, 0x3984, 0x3143, 0x18A1, 0x0820, 0x0000, 0x0000, 0x0000, 0x0000,
  0x0000, 0x0000, 0x0000, 0x0000, 0x0000, 0x0000, 0x0000, 0x0000, 0x0000, 0x0000, 0x0000, 0x0000,
  0x0000, 0x0000, 0x0000, 0x0000, 0x0000, 0x0000, 0x0000, 0x0000, 0x0000, 0x0000, 0x0000, 0x0000,
  0x0000, 0x0000, 0x0000, 0x0000, 0x0000, 0x0000, 0x0000, 0x0000, 0x0000, 0x0000, 0x0840, 0x3984,
  0x4A05, 0x41C4, 0x39A3, 0x3983, 0x3983, 0x3983, 0x3983, 0x4183, 0x4183, 0x3983, 0x41A4, 0x3983,
  0x41A4, 0x41A4, 0x41A4, 0x41A4, 0x41A4, 0x41A4, 0x41A4, 0x41A4, 0x41A4, 0x41A4, 0x41A3, 0x41A4,
  0x41A4, 0x41A4, 0x41A4, 0x41A4, 0x41A4, 0x41A4, 0x41A4, 0x41A4, 0x41A4, 0x41A4, 0x41A4, 0x41A4,
  0x41A4, 0x41A4, 0x41A4, 0x41A4, 0x41A4, 0x41A4, 0x41A4, 0x41A4, 0x3983, 0x41A3, 0x41A4, 0x41A4,
  0x41A4, 0x3984, 0x3164, 0x1061, 0x0000, 0x0000, 0x0000, 0x0000, 0x0000, 0x0000, 0x0000, 0x0000,
  0x0000, 0x0000, 0x0000, 0x0000, 0x0000, 0x0000, 0x0000, 0x0000, 0x0000, 0x0000, 0x0000, 0x0000,
  0x0000, 0x0000, 0x0000, 0x0000, 0x0000, 0x0000, 0x0000, 0x0000, 0x0000, 0x0000, 0x0000, 0x0000,
  0x0000, 0x0000, 0x0000, 0x0000, 0x0000, 0x0000, 0x0000, 0x0000, 0x0000, 0x0840, 0x39A5, 0x41E5,
  0x41C4, 0x3963, 0x3963, 0x3963, 0x3983, 0x4183, 0x3983, 0x3983, 0x3983, 0x3983, 0x3983, 0x41A4,
  0x41A4, 0x41A4, 0x41A4, 0x41A4, 0x41A4, 0x41A4, 0x41A4, 0x41A4, 0x41A4, 0x41A4, 0x41A4, 0x41A4,
  0x41A4, 0x41A4, 0x39A3, 0x3983, 0x3983, 0x3983, 0x41A3, 0x41A3, 0x41A4, 0x41A4, 0x41A4, 0x41A4,
  0x41A4, 0x41A4, 0x41A4, 0x41A4, 0x41C4, 0x41A4, 0x41A3, 0x41A4, 0x41A4, 0x41C4, 0x3964, 0x2923,
  0x1061, 0x0000, 0x0000, 0x0000, 0x0000, 0x0000, 0x0000, 0x0000, 0x0000, 0x0000, 0x0000, 0x0000,
  0x0000, 0x0000, 0x0000, 0x0000, 0x0000, 0x0000, 0x0000, 0x0000, 0x0000, 0x0000, 0x0000, 0x0000,
  0x0000, 0x0000, 0x0000, 0x0000, 0x0000, 0x0000, 0x0000, 0x0000, 0x0000, 0x0000, 0x0000, 0x0000,
  0x0000, 0x0000, 0x0000, 0x0000, 0x0000, 0x0000, 0x0000, 0x0000, 0x0840, 0x3985, 0x49E6, 0x41C4,
  0x3984, 0x3963, 0x3963, 0x3983, 0x3983, 0x3983, 0x3983, 0x3983, 0x41A4, 0x41A4, 0x41A4, 0x41A4,
  0x41A4, 0x41A4, 0x41A4, 0x41A4, 0x41A4, 0x41A4, 0x41A4, 0x41A4, 0x41A4, 0x41A4, 0x41A4, 0x41A4,
  0x41A4, 0x41A4, 0x3983, 0x3983, 0x3983, 0x3983, 0x3983, 0x3983, 0x3983, 0x41A4, 0x41A4, 0x41A4,
  0x41A4, 0x41A4, 0x41C4, 0x41A4, 0x41C4, 0x41C4, 0x41A4, 0x3984, 0x1081, 0x0820, 0x0000, 0x0000,
  0x0000, 0x0000, 0x0000, 0x0000, 0x0000, 0x0000, 0x0000, 0x0000, 0x0000, 0x0000, 0x0000, 0x0000,
  0x0000, 0x0000, 0x0000, 0x0000, 0x0000, 0x0000, 0x0000, 0x0000, 0x0000, 0x0000, 0x0000, 0x0000,
  0x0000, 0x0000, 0x0000, 0x0000, 0x0000, 0x0000, 0x0000, 0x0000, 0x0000, 0x0000, 0x0000, 0x0000,
  0x0000, 0x0000, 0x0000, 0x0000, 0x0000, 0x0000, 0x0000, 0x0840, 0x2102, 0x5247, 0x5226, 0x41C4,
  0x41C4, 0x3983, 0x3963, 0x3983, 0x3983, 0x41A4, 0x41A4, 0x41A3, 0x41A4, 0x41A4, 0x41A3, 0x41A4,
  0x41A4, 0x41A4, 0x41A4, 0x41A4, 0x41A4, 0x41A4, 0x41A4, 0x41A4, 0x41A4, 0x41A4, 0x41A4, 0x41A4,
  0x3983, 0x3983, 0x3983, 0x3983, 0x3983, 0x3983, 0x3983, 0x3983, 0x41A4, 0x3983, 0x3983, 0x41A4,
  0x41C4, 0x41A4, 0x41A4, 0x39A4, 0x2102, 0x1061, 0x0000, 0x0000, 0x0000, 0x0000, 0x0000, 0x0000,
  0x0000, 0x0000, 0x0000, 0x0000, 0x0000, 0x0000, 0x0000, 0x0000, 0x0000, 0x0000, 0x0000, 0x0000,
  0x0000, 0x0000, 0x0000, 0x0000, 0x0000, 0x0000, 0x0000, 0x0000, 0x0000, 0x0000, 0x0000, 0x0000,
  0x0000, 0x0000, 0x0000, 0x0000, 0x0000, 0x0000, 0x0000, 0x0000, 0x0000, 0x0000, 0x0000, 0x0000,
  0x0000, 0x0000, 0x0000, 0x0000, 0x0000, 0x0000, 0x0000, 0x18C2, 0x41E5, 0x6B09, 0x62A7, 0x49E4,
  0x41A4, 0x49C4, 0x49E5, 0x49C4, 0x41C4, 0x41A4, 0x41A3, 0x3983, 0x3983, 0x39A3, 0x39A3, 0x3983,
  0x3983, 0x3983, 0x3983, 0x41A3, 0x41A4, 0x3983, 0x39A3, 0x39A3, 0x3983, 0x3983, 0x3983, 0x3983,
  0x3983, 0x3983, 0x3983, 0x41A4, 0x41A4, 0x41A4, 0x41C4, 0x41A4, 0x3983, 0x3984, 0x3984, 0x3164,
  0x20E2, 0x1061, 0x0020, 0x0000, 0x0000, 0x0000, 0x0000, 0x0000, 0x0000, 0x0000, 0x0000, 0x0000,
  0x0000, 0x0000, 0x0000, 0x0000, 0x0000, 0x0000, 0x0000, 0x0000, 0x0000, 0x0000, 0x0000, 0x0000,
  0x0000, 0x0000, 0x0000, 0x0000, 0x0000, 0x0000, 0x0000, 0x0000, 0x0000, 0x0000, 0x0000, 0x0000,
  0x0000, 0x0000, 0x0000, 0x0000, 0x0000, 0x0000, 0x0000, 0x0000, 0x0000, 0x0000, 0x0000, 0x0000,
  0x0000, 0x0000, 0x0000, 0x0000, 0x0000, 0x0000, 0x18A1, 0x41C5, 0x5246, 0x6287, 0x6AC8, 0x62C8,
  0x5A66, 0x5205, 0x49E5, 0x41C4, 0x41C4, 0x41A4, 0x41A4, 0x41A4, 0x39A4, 0x3984, 0x3984, 0x3983,
  0x3984, 0x41A4, 0x41A4, 0x39A4, 0x39A4, 0x39A4, 0x39A4, 0x41C4, 0x41C4, 0x41C4, 0x41C4, 0x49C4,
  0x49C4, 0x49E4, 0x49E5, 0x49E5, 0x41E5, 0x39A4, 0x3143, 0x20E2, 0x1061, 0x0840, 0x0000, 0x0000,
  0x0000, 0x0000, 0x0000, 0x0000, 0x0000, 0x0000, 0x0000, 0x0000, 0x0000, 0x0000, 0x0000, 0x0000,
  0x0000, 0x0000, 0x0000, 0x0000, 0x0000, 0x0000, 0x0000, 0x0000, 0x0000, 0x0000, 0x0000, 0x0000,
  0x0000, 0x0000, 0x0000, 0x0000, 0x0000, 0x0000, 0x0000, 0x0000, 0x0000, 0x0000, 0x0000, 0x0000,
  0x0000, 0x0000, 0x0000, 0x0000, 0x0000, 0x0000, 0x0000, 0x0000, 0x0000, 0x0000, 0x0000, 0x0000,
  0x0000, 0x0000, 0x0000, 0x0000, 0x0000, 0x0020, 0x18C2, 0x39A5, 0x41C5, 0x3984, 0x3143, 0x3984,
  0x41C5, 0x4A05, 0x5246, 0x4A06, 0x41C5, 0x41C5, 0x39A4, 0x3164, 0x3164, 0x3164, 0x3984, 0x3984,
  0x3984, 0x3984, 0x39A5, 0x39A5, 0x39C5, 0x41E5, 0x4A26, 0x5A67, 0x62A8, 0x62A7, 0x5A67, 0x5206,
  0x3984, 0x2903, 0x18C2, 0x1081, 0x0840, 0x0020, 0x0000, 0x0000, 0x0000, 0x0000, 0x0000, 0x0000,
  0x0000, 0x0000, 0x0000, 0x0000, 0x0000, 0x0000, 0x0000, 0x0000, 0x0000, 0x0000, 0x0000, 0x0000,
  0x0000, 0x0000, 0x0000, 0x0000, 0x0000, 0x0000, 0x0000, 0x0000, 0x0000, 0x0000, 0x0000, 0x0000,
  0x0000, 0x0000, 0x0000, 0x0000, 0x0000, 0x0000, 0x0000, 0x0000, 0x0000, 0x0000, 0x0000, 0x0000,
  0x0000, 0x0000, 0x0000, 0x0000, 0x0000, 0x0000, 0x0000, 0x0000, 0x0000, 0x0000, 0x0000, 0x0000,
  0x0000, 0x0000, 0x0000, 0x0000, 0x0000, 0x0820, 0x0820, 0x0020, 0x0020, 0x1060, 0x18A2, 0x20E2,
  0x2923, 0x20E2, 0x1081, 0x1061, 0x0861, 0x0861, 0x0861, 0x0841, 0x0841, 0x0841, 0x0861, 0x0861,
  0x0861, 0x0861, 0x1061, 0x1081, 0x18A2, 0x2102, 0x2943, 0x3143, 0x2923, 0x2102, 0x1061, 0x0020,
  0x0000, 0x0000, 0x0000, 0x0000, 0x0000, 0x0000, 0x0000, 0x0000, 0x0000, 0x0000, 0x0000, 0x0000,
  0x0000, 0x0000, 0x0000, 0x0000, 0x0000, 0x0000, 0x0000, 0x0000, 0x0000, 0x0000, 0x0000, 0x0000,
  0x0000, 0x0000, 0x0000, 0x0000, 0x0000, 0x0000, 0x0000, 0x0000, 0x0000, 0x0000, 0x0000, 0x0000,
  0x0000, 0x0000, 0x0000, 0x0000, 0x0000, 0x0000, 0x0000, 0x0000, 0x0000, 0x0000, 0x0000, 0x0000,
  0x0000, 0x0000, 0x0000, 0x0000, 0x0000, 0x0000, 0x0000, 0x0000, 0x0000, 0x0000, 0x0000, 0x0000,
  0x0000, 0x0000, 0x0000, 0x0000, 0x0000, 0x0000, 0x0000, 0x0000, 0x0000, 0x0000, 0x0000, 0x0000,
  0x0000, 0x0000, 0x0000, 0x0000, 0x0000, 0x0000, 0x0000, 0x0000, 0x0000, 0x0000, 0x0000, 0x0000,
  0x0000, 0x0000, 0x0000, 0x0000, 0x0000, 0x0000, 0x0000, 0x0000, 0x0000, 0x0000, 0x0000, 0x0000,
  0x0000, 0x0000, 0x0000, 0x0000, 0x0000, 0x0000, 0x0000, 0x0000, 0x0000, 0x0000, 0x0000, 0x0000,
  0x0000, 0x0000, 0x0000, 0x0000, 0x0000, 0x0000, 0x0000, 0x0000, 0x0000, 0x0000, 0x0000, 0x0000,
  0x0000, 0x0000, 0x0000, 0x0000, 0x0000, 0x0000, 0x0000, 0x0000, 0x0000, 0x0000, 0x0000, 0x0000,
  0x0000, 0x0000, 0x0000, 0x0000, 0x0000, 0x0000, 0x0000, 0x0000, 0x0000, 0x0000, 0x0000, 0x0000,
  0x0000, 0x0000, 0x0000, 0x0000, 0x0000, 0x0000, 0x0000, 0x0000, 0x0000, 0x0000, 0x0000, 0x0000,
  0x0000, 0x0000, 0x0000, 0x0000, 0x0000, 0x0000, 0x0000, 0x0000, 0x0000, 0x0000, 0x0000, 0x0000,
  0x0000, 0x0000, 0x0000, 0x0000, 0x0000, 0x0000, 0x0000, 0x0000, 0x0000, 0x0000, 0x0000, 0x0000,
  0x0000, 0x0000, 0x0000, 0x0000, 0x0000, 0x0000, 0x0000, 0x0000, 0x0000, 0x0000, 0x0000, 0x0000,
  0x0000, 0x0000, 0x0000, 0x0000, 0x0000, 0x0000, 0x0000, 0x0000, 0x0000, 0x0000, 0x0000, 0x0000,
  0x0000, 0x0000, 0x0000, 0x0000, 0x0000, 0x0000, 0x0000, 0x0000, 0x0000, 0x0000, 0x0000, 0x0000,
  0x0000, 0x0000, 0x0000, 0x0000, 0x0000, 0x0000, 0x0000, 0x0000, 0x0000, 0x0000, 0x0000, 0x0000,
  0x0000, 0x0000, 0x0000, 0x0000, 0x0000, 0x0000, 0x0000, 0x0000, 0x0000, 0x0000, 0x0000, 0x0000,
  0x0000, 0x0000, 0x0000, 0x0000, 0x0000, 0x0000, 0x0000, 0x0000, 0x0000, 0x0000, 0x0000, 0x0000,
  0x0000, 0x0000, 0x0000, 0x0000, 0x0000, 0x0000, 0x0000, 0x0000, 0x0000, 0x0000, 0x0000, 0x0000,
  0x0000, 0x0000, 0x0000, 0x0000, 0x0000, 0x0000, 0x0000, 0x0000, 0x0000, 0x0000, 0x0000, 0x0000,
  0x0000, 0x0000, 0x0000, 0x0000, 0x0000, 0x0000, 0x0000, 0x0000, 0x0000, 0x0000, 0x0000, 0x0000,
  0x0000, 0x0000, 0x0000, 0x0000, 0x0000, 0x0000, 0x0000, 0x0000, 0x0000, 0x0000, 0x0000, 0x0000,
  0x0000, 0x0000, 0x0000, 0x0000, 0x0000, 0x0000, 0x0000, 0x0000, 0x0000, 0x0000, 0x0000, 0x0000,
  0x0000, 0x0000, 0x0000, 0x0000, 0x0000, 0x0000, 0x0000, 0x0000, 0x0000, 0x0000, 0x0000, 0x0000,
  0x0000, 0x0000, 0x0000, 0x0000, 0x0000, 0x0000, 0x0000, 0x0000, 0x0000, 0x0000, 0x0000, 0x0000,
  0x0000, 0x0000, 0x0000, 0x0000, 0x0000, 0x0000, 0x0000, 0x0000, 0x0000, 0x0000, 0x0000, 0x0000,
  0x0000, 0x0000, 0x0000, 0x0000, 0x0000, 0x0000, 0x0000, 0x0000, 0x0000, 0x0000, 0x0000, 0x0000,
  0x0000, 0x0000, 0x0000, 0x0000, 0x0000, 0x0000, 0x0000, 0x0000, 0x0000, 0x0000, 0x0000, 0x0000,
  0x0000, 0x0000, 0x0000, 0x0000, 0x0000, 0x0000, 0x0000, 0x0000, 0x0000, 0x0000, 0x0000, 0x0000,
  0x0000, 0x0000, 0x0000, 0x0000, 0x0000, 0x0000, 0x0000, 0x0000, 0x0000, 0x0000, 0x0000, 0x0000,
  0x0000, 0x0000, 0x0000, 0x0000, 0x0000, 0x0000, 0x0000, 0x0000, 0x0000, 0x0000, 0x0000, 0x0000,
  0x0000, 0x0000, 0x0000, 0x0000, 0x0000, 0x0000, 0x0000, 0x0000, 0x0000, 0x0000, 0x0000, 0x0000,
  0x0000, 0x0000, 0x0000, 0x0000, 0x0000, 0x0000, 0x0000, 0x0000, 0x0000, 0x0000, 0x0000, 0x0000,
  0x0000, 0x0000, 0x0000, 0x0000, 0x0000, 0x0000, 0x0000, 0x0000, 0x0000, 0x0000, 0x0000, 0x0000,
  0x0000, 0x0000, 0x0000, 0x0000, 0x0000, 0x0000, 0x0000, 0x0000, 0x0000, 0x0000, 0x0000, 0x0000,
  0x0000, 0x0000, 0x0000, 0x0000, 0x0000, 0x0000, 0x0000, 0x0000, 0x0000, 0x0000, 0x0000, 0x0000,
  0x0000, 0x0000, 0x0000, 0x0000, 0x0000, 0x0000, 0x0000, 0x0000, 0x0000, 0x0000, 0x0000, 0x0000,
  0x0000, 0x0000, 0x0000, 0x0000, 0x0000, 0x0000, 0x0000, 0x0000, 0x0000, 0x0000, 0x0000, 0x0000,
  0x0000, 0x0000, 0x0000, 0x0000, 0x0000, 0x0000, 0x0000, 0x0000, 0x0000, 0x0000, 0x0000, 0x0000,
  0x0000, 0x0000, 0x0000, 0x0000, 0x0000, 0x0000, 0x0000, 0x0000, 0x0000, 0x0000, 0x0000, 0x0000,
  0x0000, 0x0000, 0x0000, 0x0000, 0x0000, 0x0000, 0x0000, 0x0000, 0x0000, 0x0000, 0x0000, 0x0000,
  0x0000, 0x0000, 0x0000, 0x0000, 0x0000, 0x0000, 0x0000, 0x0000, 0x0000, 0x0000, 0x0000, 0x0000,
  0x0000, 0x0000, 0x0000, 0x0000, 0x0000, 0x0000, 0x0000, 0x0000, 0x0000, 0x0000, 0x0000, 0x0000,
  0x0000, 0x0000, 0x0000, 0x0000, 0x0000, 0x0000, 0x0000, 0x0000, 0x0000, 0x0000, 0x0000, 0x0000,
  0x0000, 0x0000, 0x0000, 0x0000, 0x0000, 0x0000, 0x0000, 0x0000, 0x0000, 0x0000, 0x0000, 0x0000,
  0x0000, 0x0000, 0x0000, 0x0000, 0x0000, 0x0000, 0x0000, 0x0000, 0x0000, 0x0000, 0x0000, 0x0000,
  0x0000, 0x0000, 0x0000, 0x0000, 0x0000, 0x0000, 0x0000, 0x0000, 0x0000, 0x0000, 0x0000, 0x0000,
  0x0000, 0x0000, 0x0000, 0x0000, 0x0000, 0x0000, 0x0000, 0x0000, 0x0000, 0x0000, 0x0000, 0x0000,
  0x0000, 0x0000, 0x0000, 0x0000, 0x0000, 0x0000, 0x0000, 0x0000, 0x0000, 0x0000, 0x0000, 0x0000,
  0x0000, 0x0000, 0x0000, 0x0000, 0x0000, 0x0000, 0x0000, 0x0000, 0x0000, 0x0000, 0x0000, 0x0000,
  0x0000, 0x0000, 0x0000, 0x0000, 0x0000, 0x0000, 0x0000, 0x0000, 0x0000, 0x0000, 0x0000, 0x0000,
  0x0000, 0x0000, 0x0000, 0x0000, 0x0000, 0x0000, 0x0000, 0x0000, 0x0000, 0x0000, 0x0000, 0x0000,
  0x0000, 0x0000, 0x0000, 0x0000, 0x0000, 0x0000, 0x0000, 0x0000, 0x0000, 0x0000, 0x0000, 0x0000,
  0x0000, 0x0000, 0x0000, 0x0000, 0x0000, 0x0000, 0x0000, 0x0000, 0x0000, 0x0000, 0x0000, 0x0000,
  0x0000, 0x0000, 0x0000, 0x0000, 0x0000, 0x0000, 0x0000, 0x0000, 0x0000, 0x0000, 0x0000, 0x0000
};
const int img_6_width  = 94;
const int img_6_height = 114;

// img_7  82 x 114  (RGB565)
const uint16_t img_7[] PROGMEM = {
  0x0000, 0x0000, 0x0000, 0x0000, 0x0000, 0x0000, 0x0000, 0x0000, 0x0000, 0x0000, 0x0000, 0x0000,
  0x0000, 0x0000, 0x0000, 0x0000, 0x0000, 0x0000, 0x0000, 0x0000, 0x0000, 0x0000, 0x0000, 0x0000,
  0x0000, 0x0000, 0x0000, 0x0000, 0x0000, 0x0000, 0x0000, 0x0000, 0x0000, 0x0000, 0x0000, 0x0000,
  0x0000, 0x0000, 0x0000, 0x0000, 0x0000, 0x0000, 0x0000, 0x0000, 0x0000, 0x0000, 0x0000, 0x0000,
  0x0000, 0x0000, 0x0000, 0x0000, 0x0000, 0x0000, 0x0000, 0x0000, 0x0000, 0x0000, 0x0000, 0x0000,
  0x0000, 0x0000, 0x0000, 0x0000, 0x0000, 0x0000, 0x0000, 0x0000, 0x0000, 0x0000, 0x0000, 0x0000,
  0x0000, 0x0000, 0x0000, 0x0000, 0x0000, 0x0000, 0x0000, 0x0000, 0x0000, 0x0000, 0x0000, 0x0000,
  0x0000, 0x0000, 0x0000, 0x0000, 0x0000, 0x0000, 0x0000, 0x0000, 0x0000, 0x0000, 0x0000, 0x0000,
  0x0000, 0x0000, 0x0000, 0x0000, 0x0000, 0x0000, 0x0000, 0x0000, 0x0000, 0x0000, 0x0000, 0x0000,
  0x0000, 0x0000, 0x0000, 0x0000, 0x0000, 0x0000, 0x0000, 0x0000, 0x0000, 0x0000, 0x0000, 0x0000,
  0x0000, 0x0000, 0x0000, 0x0000, 0x0000, 0x0000, 0x0000, 0x0000, 0x0000, 0x0000, 0x0000, 0x0000,
  0x0000, 0x0000, 0x0000, 0x0000, 0x0000, 0x0000, 0x0000, 0x0000, 0x0000, 0x0000, 0x0000, 0x0000,
  0x0000, 0x0000, 0x0000, 0x0000, 0x0000, 0x0000, 0x0000, 0x0000, 0x0000, 0x0000, 0x0000, 0x0000,
  0x0000, 0x0000, 0x0000, 0x0000, 0x0000, 0x0000, 0x0000, 0x0000, 0x0000, 0x0000, 0x0000, 0x0000,
  0x0000, 0x0000, 0x0000, 0x0000, 0x0000, 0x0000, 0x0000, 0x0000, 0x0000, 0x0000, 0x0000, 0x0000,
  0x0000, 0x0000, 0x0000, 0x0000, 0x0000, 0x0000, 0x0000, 0x0000, 0x0000, 0x0000, 0x0000, 0x0000,
  0x0000, 0x0000, 0x0000, 0x0000, 0x0000, 0x0000, 0x0000, 0x0000, 0x0000, 0x0000, 0x0000, 0x0000,
  0x0000, 0x0000, 0x0000, 0x0000, 0x0000, 0x0000, 0x0000, 0x0000, 0x0000, 0x0000, 0x0000, 0x0000,
  0x0000, 0x0000, 0x0000, 0x0000, 0x0000, 0x0000, 0x0000, 0x0000, 0x0000, 0x0000, 0x0000, 0x0000,
  0x0000, 0x0000, 0x0000, 0x0000, 0x0000, 0x0000, 0x0000, 0x0000, 0x0000, 0x0000, 0x0000, 0x0000,
  0x0000, 0x0000, 0x0000, 0x0000, 0x0000, 0x0000, 0x0000, 0x0000, 0x0000, 0x0000, 0x0000, 0x0000,
  0x0000, 0x0000, 0x0000, 0x0000, 0x0000, 0x0000, 0x0000, 0x0000, 0x0000, 0x0000, 0x0000, 0x0000,
  0x0000, 0x0000, 0x0000, 0x0000, 0x0000, 0x0000, 0x0000, 0x0000, 0x0000, 0x0000, 0x0000, 0x0000,
  0x0000, 0x0000, 0x0000, 0x0000, 0x0000, 0x0000, 0x0000, 0x0000, 0x0000, 0x0000, 0x0000, 0x0000,
  0x0000, 0x0000, 0x0000, 0x0000, 0x0000, 0x0000, 0x0000, 0x0000, 0x0000, 0x0000, 0x0000, 0x0000,
  0x0000, 0x0000, 0x0000, 0x0000, 0x0000, 0x0000, 0x0000, 0x0000, 0x0000, 0x0000, 0x0000, 0x0000,
  0x0000, 0x0000, 0x0000, 0x0000, 0x0000, 0x0000, 0x0000, 0x0000, 0x0000, 0x0000, 0x0000, 0x0000,
  0x0000, 0x0000, 0x0000, 0x0000, 0x0000, 0x0000, 0x0000, 0x0000, 0x0000, 0x0000, 0x0000, 0x0000,
  0x0000, 0x0000, 0x0000, 0x0000, 0x0000, 0x0000, 0x0000, 0x0000, 0x0000, 0x0000, 0x0000, 0x0000,
  0x0000, 0x0000, 0x0000, 0x0000, 0x0000, 0x0000, 0x0000, 0x0000, 0x0000, 0x0000, 0x0000, 0x0000,
  0x0000, 0x0000, 0x0000, 0x0000, 0x0000, 0x0000, 0x0000, 0x0000, 0x0000, 0x0000, 0x0000, 0x0000,
  0x0000, 0x0000, 0x0000, 0x0000, 0x0000, 0x0000, 0x0000, 0x0000, 0x0000, 0x0000, 0x0000, 0x0000,
  0x0000, 0x0000, 0x0000, 0x0000, 0x0000, 0x0000, 0x0000, 0x0000, 0x0000, 0x0000, 0x0000, 0x0000,
  0x0000, 0x0000, 0x0000, 0x0000, 0x0000, 0x0000, 0x0000, 0x0000, 0x0000, 0x0000, 0x0000, 0x0000,
  0x0000, 0x0000, 0x0000, 0x0000, 0x0000, 0x0000, 0x0000, 0x0000, 0x0000, 0x0000, 0x0000, 0x0000,
  0x0000, 0x0000, 0x0000, 0x0000, 0x0000, 0x0000, 0x0000, 0x0000, 0x0000, 0x0000, 0x0000, 0x0000,
  0x0000, 0x0000, 0x0000, 0x0000, 0x0000, 0x0000, 0x0000, 0x0000, 0x0000, 0x0000, 0x0000, 0x0000,
  0x0000, 0x0000, 0x0000, 0x0000, 0x0000, 0x0000, 0x0000, 0x0000, 0x0000, 0x0000, 0x0000, 0x0000,
  0x0000, 0x0000, 0x0000, 0x0000, 0x0000, 0x0000, 0x0000, 0x0000, 0x0000, 0x0000, 0x0000, 0x0000,
  0x0000, 0x0000, 0x0000, 0x0000, 0x0000, 0x0000, 0x0000, 0x0000, 0x0000, 0x0000, 0x0000, 0x0000,
  0x0000, 0x0000, 0x0000, 0x0000, 0x0000, 0x0000, 0x0000, 0x0000, 0x0000, 0x0000, 0x0000, 0x0000,
  0x0000, 0x0000, 0x0000, 0x0000, 0x0000, 0x0000, 0x0000, 0x0000, 0x0000, 0x0000, 0x0000, 0x0840,
  0x0841, 0x0840, 0x0020, 0x0000, 0x0000, 0x0000, 0x0000, 0x0000, 0x0000, 0x0000, 0x0000, 0x0000,
  0x0000, 0x0000, 0x0000, 0x0000, 0x0000, 0x0000, 0x0000, 0x0000, 0x0000, 0x0000, 0x0000, 0x0000,
  0x0000, 0x0000, 0x0000, 0x0000, 0x0000, 0x0000, 0x0000, 0x0000, 0x0000, 0x0000, 0x0000, 0x0000,
  0x0000, 0x0000, 0x0000, 0x0000, 0x0000, 0x0000, 0x0000, 0x0000, 0x0000, 0x0000, 0x0000, 0x0000,
  0x0000, 0x0000, 0x0000, 0x0000, 0x0000, 0x0000, 0x0000, 0x0000, 0x0000, 0x0000, 0x0000, 0x0000,
  0x0000, 0x0000, 0x0000, 0x0000, 0x0000, 0x0000, 0x0000, 0x0000, 0x0000, 0x0000, 0x0000, 0x0000,
  0x0000, 0x0000, 0x0000, 0x0000, 0x0000, 0x0000, 0x0020, 0x18C2, 0x2944, 0x3185, 0x39A5, 0x3165,
  0x2123, 0x18C2, 0x0840, 0x0020, 0x0020, 0x0020, 0x0020, 0x0020, 0x0020, 0x0020, 0x0020, 0x0020,
  0x0020, 0x0020, 0x0020, 0x0020, 0x0020, 0x0020, 0x0020, 0x0020, 0x0020, 0x0020, 0x0020, 0x0020,
  0x0020, 0x0020, 0x0020, 0x0020, 0x0020, 0x0020, 0x0020, 0x0020, 0x0020, 0x0020, 0x0020, 0x0020,
  0x0020, 0x0020, 0x0020, 0x0020, 0x0020, 0x0020, 0x0020, 0x0020, 0x0020, 0x0020, 0x0020, 0x0020,
  0x0020, 0x0020, 0x0020, 0x0020, 0x0020, 0x0020, 0x0020, 0x0020, 0x0020, 0x0020, 0x0020, 0x0020,
  0x0020, 0x0000, 0x0000, 0x0000, 0x0000, 0x0000, 0x0000, 0x0000, 0x0000, 0x0000, 0x0000, 0x0000,
  0x0000, 0x0000, 0x0000, 0x0000, 0x4A28, 0x9490, 0xAD12, 0xAD12, 0xACF1, 0xA4F1, 0x9CB1, 0x9470,
  0x738D, 0x6B6C, 0x6B6C, 0x6B6C, 0x6B4C, 0x6B6C, 0x6B6C, 0x6B6C, 0x6B6C, 0x6B6C, 0x6B6C, 0x6B6C,
  0x6B6C, 0x6B6C, 0x6B6C, 0x6B6C, 0x6B6C, 0x6B6C, 0x6B6C, 0x6B6C, 0x6B6C, 0x6B6C, 0x6B6C, 0x6B6C,
  0x6B6C, 0x6B6C, 0x6B6C, 0x6B6C, 0x6B6C, 0x6B6C, 0x6B6C, 0x6B6C, 0x6B6C, 0x6B6C, 0x6B6C, 0x6B6C,
  0x6B6C, 0x6B6C, 0x6B6C, 0x6B6C, 0x736C, 0x736C, 0x6B4C, 0x6B4B, 0x6B4B, 0x630A, 0x5AC9, 0x5289,
  0x5288, 0x5288, 0x5288, 0x5AA9, 0x5ACA, 0x630B, 0x6B2B, 0x6B4C, 0x6B6C, 0x6B6D, 0x5ACA, 0x0000,
  0x0000, 0x0000, 0x0000, 0x0000, 0x0000, 0x0000, 0x0000, 0x0000, 0x0000, 0x0000, 0x0000, 0x0000,
  0x0000, 0x0000, 0x840E, 0xEEF9, 0xF73A, 0xF759, 0xF739, 0xF759, 0xF759, 0xF75A, 0xF75A, 0xF75A,
  0xF75A, 0xEF59, 0xF75A, 0xF75A, 0xF77A, 0xF75A, 0xF75A, 0xF75A, 0xF75A, 0xF75A, 0xF75A, 0xF75A,
  0xEF5A, 0xF75A, 0xEF5A, 0xEF5A, 0xEF5A, 0xEF3A, 0xF75A, 0xEF5A, 0xEF5A, 0xEF3A, 0xEF5A, 0xEF5A,
  0xEF5A, 0xEF5A, 0xEF5A, 0xEF3A, 0xEF39, 0xEF59, 0xEF39, 0xF739, 0xEF39, 0xEF39, 0xEF39, 0xEF39,
  0xF75A, 0xEF5A, 0xEF5A, 0xEF5A, 0xF75A, 0xF75A, 0xEF39, 0xEF19, 0xDE97, 0xDE76, 0xD656, 0xD656,
  0xD635, 0xD656, 0xDE97, 0xE6D8, 0xEEF9, 0xEF3A, 0xEF3A, 0xF77C, 0x8C2F, 0x0020, 0x0000, 0x0000,
  0x0000, 0x0000, 0x0000, 0x0000, 0x0000, 0x0000, 0x0000, 0x0000, 0x0000, 0x0000, 0x0000, 0x0000,
  0x7BAD, 0xCE15, 0xD635, 0xD655, 0xDE55, 0xD654, 0xDE75, 0xDE75, 0xDE76, 0xDE75, 0xDE76, 0xDE75,
  0xDE96, 0xDE75, 0xDE75, 0xDE75, 0xDE75, 0xDE76, 0xDE96, 0xDE96, 0xDE96, 0xDE76, 0xDE76, 0xDE76,
  0xDE76, 0xDE76, 0xDE76, 0xD655, 0xD655, 0xD655, 0xD655, 0xD655, 0xD655, 0xD655, 0xD655, 0xD655,
  0xD635, 0xD635, 0xD655, 0xD635, 0xD635, 0xD635, 0xD634, 0xD635, 0xD635, 0xD634, 0xD634, 0xD635,
  0xD635, 0xD655, 0xD635, 0xD655, 0xD655, 0xD635, 0xD634, 0xD634, 0xCE14, 0xCE14, 0xCE14, 0xCDF4,
  0xCDF4, 0xCDF4, 0xCE14, 0xCDF4, 0xCE15, 0xEF19, 0x39C6, 0x0000, 0x0000, 0x0000, 0x0000, 0x0000,
  0x0000, 0x0000, 0x0000, 0x0000, 0x0000, 0x0000, 0x0000, 0x0000, 0x0000, 0x0000, 0x944F, 0xCDF4,
  0xCDF3, 0xCDF3, 0xCDF2, 0xCDF3, 0xCE13, 0xD613, 0xD613, 0xCE13, 0xCE13, 0xCE13, 0xCE13, 0xCE13,
  0xCDF3, 0xCE13, 0xCDF3, 0xCDF3, 0xCDF3, 0xD614, 0xCDF3, 0xD614, 0xCDF3, 0xCDF3, 0xD614, 0xCDF3,
  0xCDF3, 0xCDF3, 0xCDF3, 0xCDF3, 0xCDF3, 0xCDF3, 0xCDF3, 0xCDF3, 0xCDF3, 0xCDF3, 0xCDD3, 0xCDF3,
  0xCDF3, 0xCDD3, 0xCDF3, 0xCDF3, 0xCDD2, 0xCDF3, 0xCDD2, 0xC5B2, 0xC5B2, 0xC5B2, 0xC5B2, 0xCDD3,
  0xC5D2, 0xC5B2, 0xC5B2, 0xC5B2, 0xC591, 0xC591, 0xC591, 0xC592, 0xC592, 0xBD71, 0xBD71, 0xC591,
  0xC591, 0xC592, 0xC5B2, 0xEF19, 0x10A2, 0x0000, 0x0000, 0x0000, 0x0000, 0x0000, 0x0000, 0x0000,
  0x0000, 0x0000, 0x0000, 0x0000, 0x0000, 0x0000, 0x0000, 0x0820, 0xAD32, 0xCE14, 0xCDF3, 0xCDF3,
  0xCDF2, 0xD612, 0xD613, 0xD613, 0xD613, 0xCE13, 0xD613, 0xD613, 0xD613, 0xD613, 0xD613, 0xCE13,
  0xCDF2, 0xCDF3, 0xCDF3, 0xCE13, 0xCDF3, 0xCDF3, 0xCDF3, 0xCDF3, 0xCDF2, 0xD5F3, 0xCDF2, 0xCDD2,
  0xCDF3, 0xCDF3, 0xCDF2, 0xCDF2, 0xCDD2, 0xCDD2, 0xCDF2, 0xCDF2, 0xCDD2, 0xCDD2, 0xCDD2, 0xCDD2,
  0xCDF2, 0xCDD2, 0xCDD2, 0xCDF2, 0xCDD2, 0xCDB2, 0xCDB2, 0xC5B1, 0xC5B1, 0xCDD2, 0xC5B2, 0xC5B1,
  0xC5B1, 0xC5B1, 0xC591, 0xC5B1, 0xC591, 0xCDB2, 0xC5B1, 0xC5B1, 0xC591, 0xC591, 0xC591, 0xC591,
  0xBD71, 0xEEF8, 0x0840, 0x0000, 0x0000, 0x0000, 0x0000, 0x0000, 0x0000, 0x0000, 0x0000, 0x0000,
  0x0000, 0x0000, 0x0000, 0x0000, 0x0000, 0x1081, 0xC5B4, 0xD634, 0xCDF3, 0xCDF3, 0xD612, 0xD633,
  0xD613, 0xD613, 0xD613, 0xD613, 0xD613, 0xD613, 0xD613, 0xD613, 0xCDF3, 0xCDF2, 0xCDF3, 0xCDF2,
  0xCDF3, 0xCDF2, 0xCDD2, 0xD5F3, 0xD5F2, 0xD5F2, 0xCDF2, 0xD5F2, 0xD5F2, 0xD5F2, 0xD5F2, 0xD5F2,
  0xCDF2, 0xCDF2, 0xD5F2, 0xD5F2, 0xD5F2, 0xCDF2, 0xD5F2, 0xCDF2, 0xCDD2, 0xCDF2, 0xCDF2, 0xCDD2,
  0xCDD2, 0xCDD2, 0xCDD2, 0xCDB1, 0xCDB1, 0xCDB1, 0xCDB1, 0xCDB1, 0xCDB1, 0xC591, 0xC5B1, 0xC591,
  0xC591, 0xCDB1, 0xC591, 0xC591, 0xC591, 0xC591, 0xCDB1, 0xC591, 0xC591, 0xC591, 0xB551, 0xDE97,
  0x0840, 0x0000, 0x0000, 0x0000, 0x0000, 0x0000, 0x0000, 0x0000, 0x0000, 0x0000, 0x0000, 0x0000,
  0x0000, 0x0000, 0x0000, 0x18C2, 0xCDF4, 0xD635, 0xD613, 0xD613, 0xD613, 0xD613, 0xD613, 0xD613,
  0xD613, 0xD633, 0xD613, 0xCDF3, 0xD613, 0xD613, 0xCDF3, 0xCDF2, 0xCDF2, 0xCDD2, 0xCDF2, 0xCDF2,
  0xCDF2, 0xCDD2, 0xCDF2, 0xD5F2, 0xD5F2, 0xD5F2, 0xD5F2, 0xD5F2, 0xD612, 0xCDF2, 0xCDD2, 0xCDD2,
  0xD5F2, 0xD5F2, 0xCDF2, 0xCDD2, 0xCDF2, 0xCDF2, 0xCDD2, 0xCDF2, 0xCDD2, 0xCDD2, 0xCDD2, 0xCDD1,
  0xCDB1, 0xCDB1, 0xCDB1, 0xCDB1, 0xC591, 0xC591, 0xC591, 0xC591, 0xC591, 0xC591, 0xC591, 0xC591,
  0xC591, 0xC591, 0xC591, 0xC591, 0xCDB1, 0xC591, 0xC591, 0xC591, 0xB530, 0xC5F4, 0x0840, 0x0000,
  0x0000, 0x0000, 0x0000, 0x0000, 0x0000, 0x0000, 0x0000, 0x0000, 0x0000, 0x0000, 0x0000, 0x0000,
  0x0000, 0x2944, 0xCDF4, 0xD634, 0xD613, 0xD613, 0xD613, 0xD612, 0xD612, 0xD612, 0xD612, 0xCE12,
  0xCE12, 0xCDF2, 0xCDF2, 0xD612, 0xD612, 0xCDF2, 0xCDF2, 0xCDF2, 0xD5F2, 0xD5F2, 0xD5F2, 0xCDD2,
  0xCDF2, 0xD5F2, 0xCDF2, 0xD613, 0xCDD2, 0xCDF2, 0xCDF2, 0xCDD2, 0xCDD2, 0xCDF2, 0xCDF2, 0xCDF2,
  0xCDF2, 0xCDF2, 0xCDF2, 0xCDF2, 0xCDF2, 0xCDF2, 0xC5B1, 0xCDD2, 0xCDB1, 0xCDD1, 0xCDD1, 0xCDD2,
  0xC5B1, 0xCDB1, 0xC591, 0xC591, 0xC591, 0xCDB1, 0xC591, 0xC590, 0xC591, 0xC591, 0xC591, 0xC591,
  0xC591, 0xCDB1, 0xCDB1, 0xCDB1, 0xC5B1, 0xC591, 0xB530, 0xAD11, 0x0820, 0x0000, 0x0000, 0x0000,
  0x0000, 0x0000, 0x0000, 0x0000, 0x0000, 0x0000, 0x0000, 0x0000, 0x0000, 0x0000, 0x0000, 0x41E6,
  0xC5D4, 0xCE14, 0xCE13, 0xCDF3, 0xCDF3, 0xCDF2, 0xCDF2, 0xCDF2, 0xCDF2, 0xCDF2, 0xD612, 0xCDF2,
  0xCDF2, 0xD612, 0xD612, 0xCDF2, 0xCDF2, 0xCDF2, 0xD5F2, 0xCDD2, 0xCDF2, 0xD5F2, 0xD5F2, 0xD5F2,
  0xCDF2, 0xD613, 0xD5F2, 0xCDF2, 0xCDF2, 0xCDD2, 0xCDD2, 0xCDD2, 0xCDF2, 0xCDF2, 0xCDD2, 0xCDD2,
  0xCDD2, 0xCDD2, 0xCDD2, 0xCDD2, 0xCDD2, 0xCDB1, 0xCDB1, 0xCDB1, 0xCDB1, 0xC5B1, 0xC591, 0xC591,
  0xC571, 0xC590, 0xC570, 0xC570, 0xC590, 0xC590, 0xC590, 0xC591, 0xC591, 0xC591, 0xC591, 0xC591,
  0xCDB1, 0xC591, 0xC591, 0xC591, 0xBD71, 0x83CC, 0x0020, 0x0000, 0x0000, 0x0000, 0x0000, 0x0000,
  0x0000, 0x0000, 0x0000, 0x0000, 0x0000, 0x0000, 0x0000, 0x0000, 0x0000, 0x5AA9, 0xC5B3, 0xCDF3,
  0xCDF2, 0xCDF2, 0xCDF2, 0xCDD2, 0xCDF2, 0xD5F2, 0xCDF2, 0xCDF2, 0xCDF2, 0xCDD1, 0xCDF2, 0xCDF2,
  0xCDF2, 0xCDF2, 0xCDF2, 0xCDF2, 0xCDF2, 0xCDF2, 0xCDD1, 0xCDF2, 0xCDF2, 0xCDF2, 0xCDD2, 0xD5F2,
  0xCDF2, 0xCDF2, 0xCDF2, 0xCDD2, 0xCDD1, 0xCDD2, 0xCDD2, 0xCDD2, 0xCDD2, 0xCDB1, 0xCDB1, 0xCDD2,
  0xCDD2, 0xCDD1, 0xCDD1, 0xCDD1, 0xCDB1, 0xCDB1, 0xCDB1, 0xC591, 0xC591, 0xC590, 0xC590, 0xC590,
  0xC570, 0xC570, 0xC570, 0xC570, 0xC590, 0xC591, 0xC591, 0xC571, 0xC591, 0xC591, 0xC591, 0xC591,
  0xC591, 0xC591, 0xC5D3, 0x5AA8, 0x0000, 0x0000, 0x0000, 0x0000, 0x0000, 0x0000, 0x0000, 0x0000,
  0x0000, 0x0000, 0x0000, 0x0000, 0x0000, 0x0000, 0x0000, 0x7B8C, 0xC5D4, 0xCDF3, 0xD613, 0xCDF2,
  0xCDF2, 0xCDD2, 0xCDD2, 0xCDD2, 0xCDF2, 0xCDD2, 0xCDD2, 0xCDF2, 0xCDD1, 0xCDD2, 0xD5F2, 0xCDF2,
  0xCDD2, 0xCDD2, 0xCDF2, 0xCDF2, 0xCDD1, 0xCDF2, 0xCDF2, 0xCDD2, 0xCDD2, 0xCDF2, 0xCDF2, 0xCDF2,
  0xCDD2, 0xCDD1, 0xCDD1, 0xCDB1, 0xCDD1, 0xCDB1, 0xCDB1, 0xCDB1, 0xCDB1, 0xCDB1, 0xCDD2, 0xCDD1,
  0xCDB1, 0xCDB1, 0xCDB1, 0xCDB1, 0xC591, 0xC591, 0xC590, 0xC570, 0xC570, 0xC570, 0xC570, 0xC570,
  0xC570, 0xC570, 0xC570, 0xC590, 0xC590, 0xC570, 0xC571, 0xC571, 0xC571, 0xC571, 0xC571, 0xBD71,
  0xD634, 0x39A5, 0x0000, 0x0000, 0x0000, 0x0000, 0x0000, 0x0000, 0x0000, 0x0000, 0x0000, 0x0000,
  0x0000, 0x0000, 0x0000, 0x0000, 0x0000, 0x8C4F, 0xCDF4, 0xD613, 0xD613, 0xCDF2, 0xCDF2, 0xCDF2,
  0xCDD2, 0xCDD2, 0xCDD2, 0xCDD1, 0xCDF1, 0xCDD1, 0xCDD1, 0xCDD2, 0xCDD2, 0xCDD2, 0xCDF2, 0xD5F2,
  0xD5F2, 0xCDF2, 0xCDF2, 0xCDF2, 0xCDF2, 0xCDD1, 0xCDF2, 0xCDF2, 0xCDF2, 0xCDF2, 0xCDD2, 0xCDB1,
  0xCDD1, 0xCDB1, 0xCDB1, 0xCDB1, 0xCDB1, 0xCDB1, 0xCDB1, 0xCDB1, 0xCDB1, 0xCDB1, 0xC5B1, 0xCDB1,
  0xCDB1, 0xCDB1, 0xC590, 0xC570, 0xC590, 0xC570, 0xC570, 0xC570, 0xC570, 0xC570, 0xC570, 0xC570,
  0xC570, 0xC570, 0xC570, 0xC570, 0xC570, 0xC570, 0xC570, 0xC570, 0xBD70, 0xBD50, 0xDE75, 0x18E2,
  0x0000, 0x0000, 0x0000, 0x0000, 0x0000, 0x0000, 0x0000, 0x0000, 0x0000, 0x0000, 0x0000, 0x0000,
  0x0000, 0x0000, 0x0000, 0x9CB1, 0xD635, 0xD614, 0xD613, 0xD613, 0xCDD2, 0xCDF2, 0xCDD2, 0xCDD2,
  0xCDB1, 0xCDB1, 0xCDD1, 0xCDD2, 0xCDD2, 0xCDD2, 0xCDD2, 0xCDD2, 0xCDF2, 0xCDF2, 0xD613, 0xCDF2,
  0xCDD2, 0xCDF2, 0xCDF2, 0xCDF2, 0xCDD2, 0xCDF2, 0xCDD2, 0xCDB2, 0xCDB2, 0xC5B1, 0xC5B1, 0xCDB1,
  0xCDB1, 0xCDD2, 0xCDB1, 0xCDB1, 0xC5B1, 0xC5B1, 0xC5B1, 0xCDB1, 0xC5B1, 0xC5B1, 0xCDB1, 0xC591,
  0xC591, 0xC570, 0xC570, 0xC570, 0xC570, 0xC570, 0xC590, 0xC570, 0xC570, 0xC570, 0xC570, 0xC590,
  0xC570, 0xC570, 0xC570, 0xC570, 0xC570, 0xC570, 0xBD70, 0xB550, 0xE6D7, 0x0861, 0x0000, 0x0000,
  0x0000, 0x0000, 0x0000, 0x0000, 0x0000, 0x0000, 0x0000, 0x0000, 0x0000, 0x0000, 0x0000, 0x0000,
  0x0000, 0xA4F1, 0xD655, 0xD634, 0xD634, 0xD613, 0xCDF3, 0xCDF2, 0xCDD2, 0xCDB2, 0xCDD2, 0xC5B2,
  0xC5B1, 0xCDB2, 0xC5B2, 0xCDD2, 0xCDD2, 0xCDF3, 0xCDF3, 0xCDF3, 0xCDF3, 0xCDF3, 0xCDF3, 0xCDF3,
  0xCDF3, 0xCE13, 0xCDF2, 0xCDF2, 0xC5D2, 0xCDD2, 0xC5D2, 0xC5D2, 0xC5D2, 0xCDB2, 0xCDD2, 0xCDD2,
  0xCDB2, 0xC5B2, 0xC5D2, 0xC5B1, 0xC5B1, 0xC5B2, 0xC5B2, 0xCDB2, 0xC5B1, 0xC591, 0xC591, 0xC570,
  0xC570, 0xC550, 0xC550, 0xC570, 0xC570, 0xC570, 0xC570, 0xBD50, 0xBD50, 0xC570, 0xBD50, 0xBD50,
  0xBD50, 0xBD50, 0xBD50, 0xBD50, 0xBD50, 0xB530, 0xE6D7, 0x0840, 0x0000, 0x0000, 0x0000, 0x0000,
  0x0000, 0x0000, 0x0000, 0x0000, 0x0000, 0x0000, 0x0000, 0x0000, 0x0000, 0x0000, 0x0841, 0x9C90,
  0xBD93, 0xBD93, 0xC592, 0xBD72, 0xBD72, 0xB551, 0xB531, 0xB510, 0xAD10, 0xACEF, 0xACEF, 0xAD10,
  0xAD10, 0xB510, 0xB531, 0xB531, 0xB551, 0xB551, 0xB551, 0xB551, 0xB551, 0xB552, 0xB551, 0xB551,
  0xB531, 0xB531, 0xAD10, 0xAD10, 0xACF0, 0xACF0, 0xAD10, 0xAD10, 0xAD10, 0xAD10, 0xAD10, 0xACF0,
  0xACF0, 0xA4CF, 0xACF0, 0xACF0, 0xA4CF, 0xACCF, 0xACEF, 0xACEF, 0xB530, 0xBD30, 0xB50F, 0xB50F,
  0xBD4F, 0xBD50, 0xBD50, 0xBD50, 0xC570, 0xBD50, 0xBD50, 0xBD50, 0xBD2F, 0xBD4F, 0xBD4F, 0xBD4F,
  0xBD50, 0xBD50, 0xBD50, 0xB531, 0xB552, 0x0020, 0x0000, 0x0000, 0x0000, 0x0000, 0x0000, 0x0000,
  0x0000, 0x0000, 0x0000, 0x0000, 0x0000, 0x0000, 0x0000, 0x0000, 0x0861, 0x4207, 0x5288, 0x5A88,
  0x5AA8, 0x5A88, 0x5288, 0x5268, 0x5247, 0x4A47, 0x4A26, 0x4A06, 0x4A06, 0x4A27, 0x4A47, 0x5247,
  0x5268, 0x5268, 0x5268, 0x5288, 0x5268, 0x5288, 0x5288, 0x5A88, 0x5288, 0x5268, 0x4A47, 0x4A47,
  0x4206, 0x4206, 0x4206, 0x41E6, 0x4206, 0x4206, 0x4206, 0x4206, 0x4206, 0x4A06, 0x4206, 0x41E6,
  0x41E6, 0x41E6, 0x41E6, 0x41E5, 0x4206, 0x5267, 0x62E9, 0x732A, 0x7329, 0x942C, 0xBD30, 0xB52F,
  0xBD4F, 0xBD4F, 0xBD4F, 0xBD2F, 0xBD2F, 0xBD2F, 0xB50F, 0xBD2F, 0xBD2F, 0xBD2F, 0xBD2F, 0xBD30,
  0xB530, 0xBD72, 0x4A27, 0x0000, 0x0000, 0x0000, 0x0000, 0x0000, 0x0000, 0x0000, 0x0000, 0x0000,
  0x0000, 0x0000, 0x0000, 0x0000, 0x0000, 0x0000, 0x0000, 0x0020, 0x0840, 0x0840, 0x0840, 0x0840,
  0x0840, 0x0840, 0x0820, 0x0820, 0x0020, 0x0020, 0x0020, 0x0820, 0x0820, 0x0840, 0x0840, 0x0840,
  0x0840, 0x0840, 0x0840, 0x0840, 0x0840, 0x0840, 0x0840, 0x0820, 0x0820, 0x0820, 0x0020, 0x0020,
  0x0020, 0x0020, 0x0020, 0x0020, 0x0020, 0x0020, 0x0020, 0x0020, 0x0020, 0x0020, 0x0020, 0x0020,
  0x0020, 0x0020, 0x0020, 0x0840, 0x0861, 0x1881, 0x2902, 0x8C0C, 0xCDD2, 0xBD30, 0xB52F, 0xBD2F,
  0xB52F, 0xBD2F, 0xB50F, 0xB50F, 0xB50F, 0xBD0F, 0xB4EE, 0xB4EE, 0xB50F, 0xB50F, 0xB531, 0x8C0D,
  0x0861, 0x0000, 0x0000, 0x0000, 0x0000, 0x0000, 0x0000, 0x0000, 0x0000, 0x0000, 0x0000, 0x0000,
  0x0000, 0x0000, 0x0000, 0x0000, 0x0000, 0x0000, 0x0000, 0x0000, 0x0000, 0x0000, 0x0000, 0x0000,
  0x0000, 0x0000, 0x0000, 0x0000, 0x0000, 0x0000, 0x0000, 0x0000, 0x0000, 0x0000, 0x0000, 0x0000,
  0x0000, 0x0000, 0x0000, 0x0000, 0x0000, 0x0000, 0x0000, 0x0000, 0x0000, 0x0000, 0x0000, 0x0000,
  0x0000, 0x0000, 0x0000, 0x0000, 0x0000, 0x0000, 0x0000, 0x0000, 0x0000, 0x0000, 0x0000, 0x0000,
  0x0000, 0x0000, 0x0000, 0x0000, 0x1060, 0xA4D0, 0xD613, 0xBD50, 0xBD2F, 0xBD2F, 0xB50F, 0xB50F,
  0xB50E, 0xB50E, 0xB50F, 0xB4EE, 0xACEE, 0xB4EE, 0xB4EE, 0xACEF, 0xB552, 0x2103, 0x0000, 0x0000,
  0x0000, 0x0000, 0x0000, 0x0000, 0x0000, 0x0000, 0x0000, 0x0000, 0x0000, 0x0000, 0x0000, 0x0000,
  0x0000, 0x0000, 0x0000, 0x0000, 0x0000, 0x0000, 0x0000, 0x0000, 0x0000, 0x0000, 0x0000, 0x0000,
  0x0000, 0x0000, 0x0000, 0x0000, 0x0000, 0x0000, 0x0000, 0x0000, 0x0000, 0x0000, 0x0000, 0x0000,
  0x0000, 0x0000, 0x0000, 0x0000, 0x0000, 0x0000, 0x0000, 0x0000, 0x0000, 0x0000, 0x0000, 0x0000,
  0x0000, 0x0000, 0x0000, 0x0000, 0x0000, 0x0000, 0x0000, 0x0000, 0x0000, 0x0000, 0x0000, 0x0000,
  0x0000, 0x0000, 0x3185, 0xC5B3, 0xC571, 0xBD30, 0xBD30, 0xBD2F, 0xB50F, 0xB50F, 0xB4EE, 0xB4EE,
  0xB4EE, 0xACEE, 0xACEE, 0xB4EE, 0xACCE, 0xB530, 0x6B2A, 0x0020, 0x0000, 0x0000, 0x0000, 0x0000,
  0x0000, 0x0000, 0x0000, 0x0000, 0x0000, 0x0000, 0x0000, 0x0000, 0x0000, 0x0000, 0x0000, 0x0000,
  0x0000, 0x0000, 0x0000, 0x0000, 0x0000, 0x0000, 0x0000, 0x0000, 0x0000, 0x0000, 0x0000, 0x0000,
  0x0000, 0x0000, 0x0000, 0x0000, 0x0000, 0x0000, 0x0000, 0x0000, 0x0000, 0x0000, 0x0000, 0x0000,
  0x0000, 0x0000, 0x0000, 0x0000, 0x0000, 0x0000, 0x0000, 0x0000, 0x0000, 0x0000, 0x0000, 0x0000,
  0x0000, 0x0000, 0x0000, 0x0000, 0x0000, 0x0000, 0x0000, 0x0000, 0x0000, 0x0000, 0x0000, 0x0861,
  0x9C8F, 0xC592, 0xB530, 0xB50F, 0xBD0F, 0xB50F, 0xB50E, 0xB50E, 0xB4EE, 0xB4EE, 0xB4EE, 0xB4EE,
  0xB4EE, 0xACEE, 0xACCE, 0xACF0, 0x18A1, 0x0000, 0x0000, 0x0000, 0x0000, 0x0000, 0x0000, 0x0000,
  0x0000, 0x0000, 0x0000, 0x0000, 0x0000, 0x0000, 0x0000, 0x0000, 0x0000, 0x0000, 0x0000, 0x0000,
  0x0000, 0x0000, 0x0000, 0x0000, 0x0000, 0x0000, 0x0000, 0x0000, 0x0000, 0x0000, 0x0000, 0x0000,
  0x0000, 0x0000, 0x0000, 0x0000, 0x0000, 0x0000, 0x0000, 0x0000, 0x0000, 0x0000, 0x0000, 0x0000,
  0x0000, 0x0000, 0x0000, 0x0000, 0x0000, 0x0000, 0x0000, 0x0000, 0x0000, 0x0000, 0x0000, 0x0000,
  0x0000, 0x0000, 0x0000, 0x0000, 0x0000, 0x0000, 0x0000, 0x0000, 0x0000, 0x4A27, 0xC5B3, 0xB530,
  0xB50F, 0xB4EE, 0xB50F, 0xB50E, 0xB4EE, 0xB4EE, 0xB4EE, 0xB4EE, 0xB4EE, 0xB4EE, 0xB4EE, 0xACEE,
  0xB530, 0x5267, 0x0000, 0x0000, 0x0000, 0x0000, 0x0000, 0x0000, 0x0000, 0x0000, 0x0000, 0x0000,
  0x0000, 0x0000, 0x0000, 0x0000, 0x0000, 0x0000, 0x0000, 0x0000, 0x0000, 0x0000, 0x0000, 0x0000,
  0x0000, 0x0000, 0x0000, 0x0000, 0x0000, 0x0000, 0x0000, 0x0000, 0x0000, 0x0000, 0x0000, 0x0000,
  0x0000, 0x0000, 0x0000, 0x0000, 0x0000, 0x0000, 0x0000, 0x0000, 0x0000, 0x0000, 0x0000, 0x0000,
  0x0000, 0x0000, 0x0000, 0x0000, 0x0000, 0x0000, 0x0000, 0x0000, 0x0000, 0x0000, 0x0000, 0x0000,
  0x0000, 0x0000, 0x0000, 0x0000, 0x0000, 0x0000, 0x1081, 0xA4B0, 0xBD51, 0xACEF, 0xACCE, 0xB4EE,
  0xB4EE, 0xB4EE, 0xB4EE, 0xB50E, 0xB50E, 0xB50E, 0xB50E, 0xB4EE, 0xB4EF, 0xB510, 0x942D, 0x0861,
  0x0000, 0x0000, 0x0000, 0x0000, 0x0000, 0x0000, 0x0000, 0x0000, 0x0000, 0x0000, 0x0000, 0x0000,
  0x0000, 0x0000, 0x0000, 0x0000, 0x0000, 0x0000, 0x0000, 0x0000, 0x0000, 0x0000, 0x0000, 0x0000,
  0x0000, 0x0000, 0x0000, 0x0000, 0x0000, 0x0000, 0x0000, 0x0000, 0x0000, 0x0000, 0x0000, 0x0000,
  0x0000, 0x0000, 0x0000, 0x0000, 0x0000, 0x0000, 0x0000, 0x0000, 0x0000, 0x0000, 0x0000, 0x0000,
  0x0000, 0x0000, 0x0000, 0x0000, 0x0000, 0x0000, 0x0000, 0x0000, 0x0000, 0x0000, 0x0000, 0x0000,
  0x0000, 0x0000, 0x0000, 0x0020, 0x62E9, 0xC592, 0xB4EF, 0xACEE, 0xACCE, 0xACEE, 0xACEE, 0xACEE,
  0xB50E, 0xB50E, 0xB50E, 0xB50F, 0xB50F, 0xB50F, 0xACEF, 0xB531, 0x2923, 0x0000, 0x0000, 0x0000,
  0x0000, 0x0000, 0x0000, 0x0000, 0x0000, 0x0000, 0x0000, 0x0000, 0x0000, 0x0000, 0x0000, 0x0000,
  0x0000, 0x0000, 0x0000, 0x0000, 0x0000, 0x0000, 0x0000, 0x0000, 0x0000, 0x0000, 0x0000, 0x0000,
  0x0000, 0x0000, 0x0000, 0x0000, 0x0000, 0x0000, 0x0000, 0x0000, 0x0000, 0x0000, 0x0000, 0x0000,
  0x0000, 0x0000, 0x0000, 0x0000, 0x0000, 0x0000, 0x0000, 0x0000, 0x0000, 0x0000, 0x0000, 0x0000,
  0x0000, 0x0000, 0x0000, 0x0000, 0x0000, 0x0000, 0x0000, 0x0000, 0x0000, 0x0000, 0x0000, 0x0000,
  0x0000, 0x2923, 0xBD72, 0xB530, 0xACEF, 0xACEE, 0xB4EE, 0xB4EE, 0xB4EE, 0xB4EE, 0xB4EE, 0xB4EE,
  0xB4EE, 0xB50F, 0xB50F, 0xACEF, 0xAD10, 0x736B, 0x0020, 0x0000, 0x0000, 0x0000, 0x0000, 0x0000,
  0x0000, 0x0000, 0x0000, 0x0000, 0x0000, 0x0000, 0x0000, 0x0000, 0x0000, 0x0000, 0x0000, 0x0000,
  0x0000, 0x0000, 0x0000, 0x0000, 0x0000, 0x0000, 0x0000, 0x0000, 0x0000, 0x0000, 0x0000, 0x0000,
  0x0000, 0x0000, 0x0000, 0x0000, 0x0000, 0x0000, 0x0000, 0x0000, 0x0000, 0x0000, 0x0000, 0x0000,
  0x0000, 0x0000, 0x0000, 0x0000, 0x0000, 0x0000, 0x0000, 0x0000, 0x0000, 0x0000, 0x0000, 0x0000,
  0x0000, 0x0000, 0x0000, 0x0000, 0x0000, 0x0000, 0x0000, 0x0000, 0x0000, 0x0000, 0x0840, 0x83CD,
  0xCDD3, 0xB50F, 0xB4EE, 0xB50E, 0xB4EE, 0xB4EE, 0xB4EE, 0xB4EE, 0xACEE, 0xACCE, 0xB4EE, 0xB4EE,
  0xACEF, 0xACEF, 0xACF0, 0x18E2, 0x0000, 0x0000, 0x0000, 0x0000, 0x0000, 0x0000, 0x0000, 0x0000,
  0x0000, 0x0000, 0x0000, 0x0000, 0x0000, 0x0000, 0x0000, 0x0000, 0x0000, 0x0000, 0x0000, 0x0000,
  0x0000, 0x0000, 0x0000, 0x0000, 0x0000, 0x0000, 0x0000, 0x0000, 0x0000, 0x0000, 0x0000, 0x0000,
  0x0000, 0x0000, 0x0000, 0x0000, 0x0000, 0x0000, 0x0000, 0x0000, 0x0000, 0x0000, 0x0000, 0x0000,
  0x0000, 0x0000, 0x0000, 0x0000, 0x0000, 0x0000, 0x0000, 0x0000, 0x0000, 0x0000, 0x0000, 0x0000,
  0x0000, 0x0000, 0x0000, 0x0000, 0x0000, 0x0000, 0x0000, 0x0000, 0x39A5, 0xCDD3, 0xB530, 0xB4EF,
  0xB4EE, 0xB4EE, 0xACEE, 0xACEE, 0xACEE, 0xACEE, 0xACCE, 0xACCE, 0xB4EE, 0xACCE, 0xACCE, 0xB510,
  0x5AC9, 0x0000, 0x0000, 0x0000, 0x0000, 0x0000, 0x0000, 0x0000, 0x0000, 0x0000, 0x0000, 0x0000,
  0x0000, 0x0000, 0x0000, 0x0000, 0x0000, 0x0000, 0x0000, 0x0000, 0x0000, 0x0000, 0x0000, 0x0000,
  0x0000, 0x0000, 0x0000, 0x0000, 0x0000, 0x0000, 0x0000, 0x0000, 0x0000, 0x0000, 0x0000, 0x0000,
  0x0000, 0x0000, 0x0000, 0x0000, 0x0000, 0x0000, 0x0000, 0x0000, 0x0000, 0x0000, 0x0000, 0x0000,
  0x0000, 0x0000, 0x0000, 0x0000, 0x0000, 0x0000, 0x0000, 0x0000, 0x0000, 0x0000, 0x0000, 0x0000,
  0x0000, 0x0000, 0x0000, 0x0000, 0x0000, 0x1081, 0x944E, 0xBD71, 0xACCE, 0xACAD, 0xACCD, 0xACAD,
  0xACCD, 0xACCD, 0xACAD, 0xACCD, 0xACCD, 0xACCE, 0xB4EE, 0xACEE, 0xACEF, 0xA4AF, 0x10A1, 0x0000,
  0x0000, 0x0000, 0x0000, 0x0000, 0x0000, 0x0000, 0x0000, 0x0000, 0x0000, 0x0000, 0x0000, 0x0000,
  0x0000, 0x0000, 0x0000, 0x0000, 0x0000, 0x0000, 0x0000, 0x0000, 0x0000, 0x0000, 0x0000, 0x0000,
  0x0000, 0x0000, 0x0000, 0x0000, 0x0000, 0x0000, 0x0000, 0x0000, 0x0000, 0x0000, 0x0000, 0x0000,
  0x0000, 0x0000, 0x0000, 0x0000, 0x0000, 0x0000, 0x0000, 0x0000, 0x0000, 0x0000, 0x0000, 0x0000,
  0x0000, 0x0000, 0x0000, 0x0000, 0x0000, 0x0000, 0x0000, 0x0000, 0x0000, 0x0000, 0x0000, 0x0000,
  0x0000, 0x0000, 0x0020, 0x5A88, 0xC5B3, 0xACCE, 0xA48D, 0xA48D, 0xAC8D, 0xA46C, 0xA4AD, 0xACAD,
  0xA4AD, 0xACAD, 0xACAD, 0xACCE, 0xB4EE, 0xACEF, 0xB551, 0x5268, 0x0000, 0x0000, 0x0000, 0x0000,
  0x0000, 0x0000, 0x0000, 0x0000, 0x0000, 0x0000, 0x0000, 0x0000, 0x0000, 0x0000, 0x0000, 0x0000,
  0x0000, 0x0000, 0x0000, 0x0000, 0x0000, 0x0000, 0x0000, 0x0000, 0x0000, 0x0000, 0x0000, 0x0000,
  0x0000, 0x0000, 0x0000, 0x0000, 0x0000, 0x0000, 0x0000, 0x0000, 0x0000, 0x0000, 0x0000, 0x0000,
  0x0000, 0x0000, 0x0000, 0x0000, 0x0000, 0x0000, 0x0000, 0x0000, 0x0000, 0x0000, 0x0000, 0x0000,
  0x0000, 0x0000, 0x0000, 0x0000, 0x0000, 0x0000, 0x0000, 0x0000, 0x0000, 0x0000, 0x0000, 0x0000,
  0x2923, 0xAD11, 0xB510, 0xA46D, 0x9C6C, 0xA46C, 0xA46C, 0xA46C, 0xA48C, 0xA48D, 0xA48D, 0xA4AD,
  0xACAD, 0xACCE, 0xACEE, 0xB510, 0x9C6F, 0x1081, 0x0000, 0x0000, 0x0000, 0x0000, 0x0000, 0x0000,
  0x0000, 0x0000, 0x0000, 0x0000, 0x0000, 0x0000, 0x0000, 0x0000, 0x0000, 0x0000, 0x0000, 0x0000,
  0x0000, 0x0000, 0x0000, 0x0000, 0x0000, 0x0000, 0x0000, 0x0000, 0x0000, 0x0000, 0x0000, 0x0000,
  0x0000, 0x0000, 0x0000, 0x0000, 0x0000, 0x0000, 0x0000, 0x0000, 0x0000, 0x0000, 0x0000, 0x0000,
  0x0000, 0x0000, 0x0000, 0x0000, 0x0000, 0x0000, 0x0000, 0x0000, 0x0000, 0x0000, 0x0000, 0x0000,
  0x0000, 0x0000, 0x0000, 0x0000, 0x0000, 0x0000, 0x0000, 0x0000, 0x0000, 0x0840, 0x734B, 0xC5B3,
  0xA48D, 0x9C6C, 0xA46C, 0xA46C, 0xA46C, 0xA46C, 0xA46C, 0xA46C, 0xA48D, 0xA4AD, 0xACCE, 0xACCE,
  0xACCF, 0xB531, 0x41C6, 0x0000, 0x0000, 0x0000, 0x0000, 0x0000, 0x0000, 0x0000, 0x0000, 0x0000,
  0x0000, 0x0000, 0x0000, 0x0000, 0x0000, 0x0000, 0x0000, 0x0000, 0x0000, 0x0000, 0x0000, 0x0000,
  0x0000, 0x0000, 0x0000, 0x0000, 0x0000, 0x0000, 0x0000, 0x0000, 0x0000, 0x0000, 0x0000, 0x0000,
  0x0000, 0x0000, 0x0000, 0x0000, 0x0000, 0x0000, 0x0000, 0x0000, 0x0000, 0x0000, 0x0000, 0x0000,
  0x0000, 0x0000, 0x0000, 0x0000, 0x0000, 0x0000, 0x0000, 0x0000, 0x0000, 0x0000, 0x0000, 0x0000,
  0x0000, 0x0000, 0x0000, 0x0000, 0x0000, 0x0000, 0x0000, 0x3164, 0xBD72, 0xACEF, 0x9C4D, 0xA46C,
  0xA46C, 0xA46C, 0xA46C, 0xA48C, 0xA46C, 0xA46C, 0xA48D, 0xA48D, 0xA4AD, 0xA4AE, 0xAD10, 0x736B,
  0x0840, 0x0000, 0x0000, 0x0000, 0x0000, 0x0000, 0x0000, 0x0000, 0x0000, 0x0000, 0x0000, 0x0000,
  0x0000, 0x0000, 0x0000, 0x0000, 0x0000, 0x0000, 0x0000, 0x0000, 0x0000, 0x0000, 0x0000, 0x0000,
  0x0000, 0x0000, 0x0000, 0x0000, 0x0000, 0x0000, 0x0000, 0x0000, 0x0000, 0x0000, 0x0000, 0x0000,
  0x0000, 0x0000, 0x0000, 0x0000, 0x0000, 0x0000, 0x0000, 0x0000, 0x0000, 0x0000, 0x0000, 0x0000,
  0x0000, 0x0000, 0x0000, 0x0000, 0x0000, 0x0000, 0x0000, 0x0000, 0x0000, 0x0000, 0x0000, 0x0000,
  0x0000, 0x0000, 0x0000, 0x0000, 0x1061, 0x8C0D, 0xC5B2, 0xA48D, 0x9C4C, 0xA46C, 0xA46C, 0xA46C,
  0xA48C, 0xA48C, 0xA46C, 0xA46C, 0xA46C, 0xA48D, 0xA48D, 0xA4AE, 0xA4AF, 0x18C2, 0x0000, 0x0000,
  0x0000, 0x0000, 0x0000, 0x0000, 0x0000, 0x0000, 0x0000, 0x0000, 0x0000, 0x0000, 0x0000, 0x0000,
  0x0000, 0x0000, 0x0000, 0x0000, 0x0000, 0x0000, 0x0000, 0x0000, 0x0000, 0x0000, 0x0000, 0x0000,
  0x0000, 0x0000, 0x0000, 0x0000, 0x0000, 0x0000, 0x0000, 0x0000, 0x0000, 0x0000, 0x0000, 0x0000,
  0x0000, 0x0000, 0x0000, 0x0000, 0x0000, 0x0000, 0x0000, 0x0000, 0x0000, 0x0000, 0x0000, 0x0000,
  0x0000, 0x0000, 0x0000, 0x0000, 0x0000, 0x0000, 0x0000, 0x0000, 0x0000, 0x0000, 0x0000, 0x0000,
  0x0000, 0x0000, 0x5247, 0xCDF4, 0xACCF, 0x9C6D, 0x9C4C, 0xA46C, 0xA46C, 0xA44C, 0xA46C, 0xA46C,
  0x9C6C, 0xA46C, 0x9C4C, 0x9C6C, 0x9C6D, 0xAD10, 0x5267, 0x0000, 0x0000, 0x0000, 0x0000, 0x0000,
  0x0000, 0x0000, 0x0000, 0x0000, 0x0000, 0x0000, 0x0000, 0x0000, 0x0000, 0x0000, 0x0000, 0x0000,
  0x0000, 0x0000, 0x0000, 0x0000, 0x0000, 0x0000, 0x0000, 0x0000, 0x0000, 0x0000, 0x0000, 0x0000,
  0x0000, 0x0000, 0x0000, 0x0000, 0x0000, 0x0000, 0x0000, 0x0000, 0x0000, 0x0000, 0x0000, 0x0000,
  0x0000, 0x0000, 0x0000, 0x0000, 0x0000, 0x0000, 0x0000, 0x0000, 0x0000, 0x0000, 0x0000, 0x0000,
  0x0000, 0x0000, 0x0000, 0x0000, 0x0000, 0x0000, 0x0000, 0x0000, 0x0000, 0x0000, 0x0000, 0x18C2,
  0xACF0, 0xC592, 0x9C6D, 0x9C2C, 0x9C4C, 0x9C4C, 0x9C4B, 0x9C4C, 0x9C4C, 0x9C4C, 0x9C4C, 0x9C4C,
  0x942C, 0x9C4C, 0xA4AE, 0x946E, 0x1081, 0x0000, 0x0000, 0x0000, 0x0000, 0x0000, 0x0000, 0x0000,
  0x0000, 0x0000, 0x0000, 0x0000, 0x0000, 0x0000, 0x0000, 0x0000, 0x0000, 0x0000, 0x0000, 0x0000,
  0x0000, 0x0000, 0x0000, 0x0000, 0x0000, 0x0000, 0x0000, 0x0000, 0x0000, 0x0000, 0x0000, 0x0000,
  0x0000, 0x0000, 0x0000, 0x0000, 0x0000, 0x0000, 0x0000, 0x0000, 0x0000, 0x0000, 0x0000, 0x0000,
  0x0000, 0x0000, 0x0000, 0x0000, 0x0000, 0x0000, 0x0000, 0x0000, 0x0000, 0x0000, 0x0000, 0x0000,
  0x0000, 0x0000, 0x0000, 0x0000, 0x0000, 0x0000, 0x0000, 0x0000, 0x0020, 0x6B0A, 0xDE35, 0xACCF,
  0x9C4C, 0x9C2C, 0x9C2B, 0x9C2B, 0x9C2B, 0x9C2B, 0x9C2B, 0x9C2B, 0x9C2B, 0x9C2C, 0x9C2C, 0x944C,
  0xA4CF, 0x41E6, 0x0000, 0x0000, 0x0000, 0x0000, 0x0000, 0x0000, 0x0000, 0x0000, 0x0000, 0x0000,
  0x0000, 0x0000, 0x0000, 0x0000, 0x0000, 0x0000, 0x0000, 0x0000, 0x0000, 0x0000, 0x0000, 0x0000,
  0x0000, 0x0000, 0x0000, 0x0000, 0x0000, 0x0000, 0x0000, 0x0000, 0x0000, 0x0000, 0x0000, 0x0000,
  0x0000, 0x0000, 0x0000, 0x0000, 0x0000, 0x0000, 0x0000, 0x0000, 0x0000, 0x0000, 0x0000, 0x0000,
  0x0000, 0x0000, 0x0000, 0x0000, 0x0000, 0x0000, 0x0000, 0x0000, 0x0000, 0x0000, 0x0000, 0x0000,
  0x0000, 0x0000, 0x0000, 0x0000, 0x0000, 0x0000, 0x2923, 0xBD72, 0xBD51, 0x9C4D, 0x9C2C, 0x9C2C,
  0x9C2B, 0x9C2B, 0x940B, 0x9C0B, 0x9C2B, 0x9C2B, 0x9C2B, 0x9C2C, 0x942C, 0x9C8E, 0x736B, 0x0840,
  0x0000, 0x0000, 0x0000, 0x0000, 0x0000, 0x0000, 0x0000, 0x0000, 0x0000, 0x0000, 0x0000, 0x0000,
  0x0000, 0x0000, 0x0000, 0x0000, 0x0000, 0x0000, 0x0000, 0x0000, 0x0000, 0x0000, 0x0000, 0x0000,
  0x0000, 0x0000, 0x0000, 0x0000, 0x0000, 0x0000, 0x0000, 0x0000, 0x0000, 0x0000, 0x0000, 0x0000,
  0x0000, 0x0000, 0x0000, 0x0000, 0x0000, 0x0000, 0x0000, 0x0000, 0x0000, 0x0000, 0x0000, 0x0000,
  0x0000, 0x0000, 0x0000, 0x0000, 0x0000, 0x0000, 0x0000, 0x0000, 0x0000, 0x0000, 0x0000, 0x0000,
  0x0000, 0x0000, 0x0000, 0x0840, 0x7B8B, 0xCDF3, 0x9C6D, 0x940C, 0x9C2B, 0x9C2B, 0x9C2B, 0x9C2B,
  0x9C2B, 0x9C2B, 0x9C0B, 0x9C2B, 0x9C2C, 0x9C2C, 0x942C, 0xA4CF, 0x18E2, 0x0000, 0x0000, 0x0000,
  0x0000, 0x0000, 0x0000, 0x0000, 0x0000, 0x0000, 0x0000, 0x0000, 0x0000, 0x0000, 0x0000, 0x0000,
  0x0000, 0x0000, 0x0000, 0x0000, 0x0000, 0x0000, 0x0000, 0x0000, 0x0000, 0x0000, 0x0000, 0x0000,
  0x0000, 0x0000, 0x0000, 0x0000, 0x0000, 0x0000, 0x0000, 0x0000, 0x0000, 0x0000, 0x0000, 0x0000,
  0x0000, 0x0000, 0x0000, 0x0000, 0x0000, 0x0000, 0x0000, 0x0000, 0x0000, 0x0000, 0x0000, 0x0000,
  0x0000, 0x0000, 0x0000, 0x0000, 0x0000, 0x0000, 0x0000, 0x0000, 0x0000, 0x0000, 0x0000, 0x0000,
  0x0000, 0x39C5, 0xC592, 0xACCF, 0x940B, 0x940B, 0x9C0B, 0x9C2B, 0x9C2C, 0x9C2B, 0x9C0B, 0x9C2C,
  0x9C2B, 0x9C2B, 0x9C2C, 0x942C, 0xA4AE, 0x6B0A, 0x0000, 0x0000, 0x0000, 0x0000, 0x0000, 0x0000,
  0x0000, 0x0000, 0x0000, 0x0000, 0x0000, 0x0000, 0x0000, 0x0000, 0x0000, 0x0000, 0x0000, 0x0000,
  0x0000, 0x0000, 0x0000, 0x0000, 0x0000, 0x0000, 0x0000, 0x0000, 0x0000, 0x0000, 0x0000, 0x0000,
  0x0000, 0x0000, 0x0000, 0x0000, 0x0000, 0x0000, 0x0000, 0x0000, 0x0000, 0x0000, 0x0000, 0x0000,
  0x0000, 0x0000, 0x0000, 0x0000, 0x0000, 0x0000, 0x0000, 0x0000, 0x0000, 0x0000, 0x0000, 0x0000,
  0x0000, 0x0000, 0x0000, 0x0000, 0x0000, 0x0000, 0x0000, 0x0000, 0x0000, 0x0000, 0x1081, 0x942D,
  0xC5B2, 0x9C2C, 0x8BEB, 0x940B, 0x940B, 0x9C0B, 0x940B, 0x940B, 0x9C0B, 0x9C2B, 0x940B, 0x940B,
  0x940B, 0x942C, 0x9C8F, 0x18C2, 0x0000, 0x0000, 0x0000, 0x0000, 0x0000, 0x0000, 0x0000, 0x0000,
  0x0000, 0x0000, 0x0000, 0x0000, 0x0000, 0x0000, 0x0000, 0x0000, 0x0000, 0x0000, 0x0000, 0x0000,
  0x0000, 0x0000, 0x0000, 0x0000, 0x0000, 0x0000, 0x0000, 0x0000, 0x0000, 0x0000, 0x0000, 0x0000,
  0x0000, 0x0000, 0x0000, 0x0000, 0x0000, 0x0000, 0x0000, 0x0000, 0x0000, 0x0000, 0x0000, 0x0000,
  0x0000, 0x0000, 0x0000, 0x0000, 0x0000, 0x0000, 0x0000, 0x0000, 0x0000, 0x0000, 0x0000, 0x0000,
  0x0000, 0x0000, 0x0000, 0x0000, 0x0000, 0x0000, 0x0000, 0x0000, 0x5A68, 0xCDD3, 0xA4AE, 0x940B,
  0x940B, 0x940B, 0x940B, 0x940B, 0x93EB, 0x8BEA, 0x940B, 0x940B, 0x93EB, 0x940B, 0x8BEB, 0xA48E,
  0x5267, 0x0000, 0x0000, 0x0000, 0x0000, 0x0000, 0x0000, 0x0000, 0x0000, 0x0000, 0x0000, 0x0000,
  0x0000, 0x0000, 0x0000, 0x0000, 0x0000, 0x0000, 0x0000, 0x0000, 0x0000, 0x0000, 0x0000, 0x0000,
  0x0000, 0x0000, 0x0000, 0x0000, 0x0000, 0x0000, 0x0000, 0x0000, 0x0000, 0x0000, 0x0000, 0x0000,
  0x0000, 0x0000, 0x0000, 0x0000, 0x0000, 0x0000, 0x0000, 0x0000, 0x0000, 0x0000, 0x0000, 0x0000,
  0x0000, 0x0000, 0x0000, 0x0000, 0x0000, 0x0000, 0x0000, 0x0000, 0x0000, 0x0000, 0x0000, 0x0000,
  0x0000, 0x0000, 0x0000, 0x0000, 0x0000, 0x18C2, 0xA4D0, 0xB530, 0x940B, 0x93EB, 0x93EB, 0x93EB,
  0x93EB, 0x93EB, 0x940B, 0x8BEA, 0x940B, 0x93EB, 0x8BEB, 0x8BEB, 0x8C0C, 0x83AC, 0x1061, 0x0000,
  0x0000, 0x0000, 0x0000, 0x0000, 0x0000, 0x0000, 0x0000, 0x0000, 0x0000, 0x0000, 0x0000, 0x0000,
  0x0000, 0x0000, 0x0000, 0x0000, 0x0000, 0x0000, 0x0000, 0x0000, 0x0000, 0x0000, 0x0000, 0x0000,
  0x0000, 0x0000, 0x0000, 0x0000, 0x0000, 0x0000, 0x0000, 0x0000, 0x0000, 0x0000, 0x0000, 0x0000,
  0x0000, 0x0000, 0x0000, 0x0000, 0x0000, 0x0000, 0x0000, 0x0000, 0x0000, 0x0000, 0x0000, 0x0000,
  0x0000, 0x0000, 0x0000, 0x0000, 0x0000, 0x0000, 0x0000, 0x0000, 0x0000, 0x0000, 0x0000, 0x0000,
  0x0000, 0x0000, 0x0020, 0x732A, 0xCDB3, 0x9C4C, 0x8BCA, 0x93CA, 0x93EB, 0x93EA, 0x8BCA, 0x93CA,
  0x93EA, 0x93EA, 0x93EA, 0x93EB, 0x8BEB, 0x8BCB, 0x9C8E, 0x2923, 0x0000, 0x0000, 0x0000, 0x0000,
  0x0000, 0x0000, 0x0000, 0x0000, 0x0000, 0x0000, 0x0000, 0x0000, 0x0000, 0x0000, 0x0000, 0x0000,
  0x0000, 0x0000, 0x0000, 0x0000, 0x0000, 0x0000, 0x0000, 0x0000, 0x0000, 0x0000, 0x0000, 0x0000,
  0x0000, 0x0000, 0x0000, 0x0000, 0x0000, 0x0000, 0x0000, 0x0000, 0x0000, 0x0000, 0x0000, 0x0000,
  0x0000, 0x0000, 0x0000, 0x0000, 0x0000, 0x0000, 0x0000, 0x0000, 0x0000, 0x0000, 0x0000, 0x0000,
  0x0000, 0x0000, 0x0000, 0x0000, 0x0000, 0x0000, 0x0000, 0x0000, 0x0000, 0x0000, 0x0000, 0x0000,
  0x3164, 0xBD72, 0xACCF, 0x8BCB, 0x8BAA, 0x8BAA, 0x93CA, 0x93CA, 0x8BCA, 0x8BCA, 0x8BCA, 0x93EA,
  0x93CA, 0x8BEA, 0x8BCB, 0x8C0C, 0x734A, 0x0020, 0x0000, 0x0000, 0x0000, 0x0000, 0x0000, 0x0000,
  0x0000, 0x0000, 0x0000, 0x0000, 0x0000, 0x0000, 0x0000, 0x0000, 0x0000, 0x0000, 0x0000, 0x0000,
  0x0000, 0x0000, 0x0000, 0x0000, 0x0000, 0x0000, 0x0000, 0x0000, 0x0000, 0x0000, 0x0000, 0x0000,
  0x0000, 0x0000, 0x0000, 0x0000, 0x0000, 0x0000, 0x0000, 0x0000, 0x0000, 0x0000, 0x0000, 0x0000,
  0x0000, 0x0000, 0x0000, 0x0000, 0x0000, 0x0000, 0x0000, 0x0000, 0x0000, 0x0000, 0x0000, 0x0000,
  0x0000, 0x0000, 0x0000, 0x0000, 0x0000, 0x0000, 0x0000, 0x0000, 0x0000, 0x1061, 0x8C0E, 0xCDD3,
  0x93EC, 0x838A, 0x8B8A, 0x8B8A, 0x8BAA, 0x8BAA, 0x8BAA, 0x8BAA, 0x8BCA, 0x8BCA, 0x8BCA, 0x8BCA,
  0x8BCB, 0x9C6E, 0x18C2, 0x0000, 0x0000, 0x0000, 0x0000, 0x0000, 0x0000, 0x0000, 0x0000, 0x0000,
  0x0000, 0x0000, 0x0000, 0x0000, 0x0000, 0x0000, 0x0000, 0x0000, 0x0000, 0x0000, 0x0000, 0x0000,
  0x0000, 0x0000, 0x0000, 0x0000, 0x0000, 0x0000, 0x0000, 0x0000, 0x0000, 0x0000, 0x0000, 0x0000,
  0x0000, 0x0000, 0x0000, 0x0000, 0x0000, 0x0000, 0x0000, 0x0000, 0x0000, 0x0000, 0x0000, 0x0000,
  0x0000, 0x0000, 0x0000, 0x0000, 0x0000, 0x0000, 0x0000, 0x0000, 0x0000, 0x0000, 0x0000, 0x0000,
  0x0000, 0x0000, 0x0000, 0x0000, 0x0000, 0x0000, 0x0000, 0x4A27, 0xCDF4, 0xA4AE, 0x838A, 0x8389,
  0x8389, 0x8B89, 0x8389, 0x8B89, 0x8389, 0x838A, 0x8BCA, 0x8BAA, 0x8BAA, 0x838A, 0x942D, 0x5AA8,
  0x0000, 0x0000, 0x0000, 0x0000, 0x0000, 0x0000, 0x0000, 0x0000, 0x0000, 0x0000, 0x0000, 0x0000,
  0x0000, 0x0000, 0x0000, 0x0000, 0x0000, 0x0000, 0x0000, 0x0000, 0x0000, 0x0000, 0x0000, 0x0000,
  0x0000, 0x0000, 0x0000, 0x0000, 0x0000, 0x0000, 0x0000, 0x0000, 0x0000, 0x0000, 0x0000, 0x0000,
  0x0000, 0x0000, 0x0000, 0x0000, 0x0000, 0x0000, 0x0000, 0x0000, 0x0000, 0x0000, 0x0000, 0x0000,
  0x0000, 0x0000, 0x0000, 0x0000, 0x0000, 0x0000, 0x0000, 0x0000, 0x0000, 0x0000, 0x0000, 0x0000,
  0x0000, 0x0000, 0x0000, 0x0000, 0x1081, 0xA4AF, 0xCDB2, 0x8BCB, 0x8369, 0x8369, 0x8369, 0x8389,
  0x8389, 0x8389, 0x8369, 0x8389, 0x8BAA, 0x8BAA, 0x838A, 0x838A, 0x8C0D, 0x1081, 0x0000, 0x0000,
  0x0000, 0x0000, 0x0000, 0x0000, 0x0000, 0x0000, 0x0000, 0x0000, 0x0000, 0x0000, 0x0000, 0x0000,
  0x0000, 0x0000, 0x0000, 0x0000, 0x0000, 0x0000, 0x0000, 0x0000, 0x0000, 0x0000, 0x0000, 0x0000,
  0x0000, 0x0000, 0x0000, 0x0000, 0x0000, 0x0000, 0x0000, 0x0000, 0x0000, 0x0000, 0x0000, 0x0000,
  0x0000, 0x0000, 0x0000, 0x0000, 0x0000, 0x0000, 0x0000, 0x0000, 0x0000, 0x0000, 0x0000, 0x0000,
  0x0000, 0x0000, 0x0000, 0x0000, 0x0000, 0x0000, 0x0000, 0x0000, 0x0000, 0x0000, 0x0000, 0x0000,
  0x0000, 0x0000, 0x5A88, 0xD614, 0x9C6D, 0x838A, 0x8389, 0x8369, 0x8369, 0x8369, 0x8369, 0x8369,
  0x8369, 0x8369, 0x8369, 0x8389, 0x7B6A, 0x942D, 0x4206, 0x0000, 0x0000, 0x0000, 0x0000, 0x0000,
  0x0000, 0x0000, 0x0000, 0x0000, 0x0000, 0x0000, 0x0000, 0x0000, 0x0000, 0x0000, 0x0000, 0x0000,
  0x0000, 0x0000, 0x0000, 0x0000, 0x0000, 0x0000, 0x0000, 0x0000, 0x0000, 0x0000, 0x0000, 0x0000,
  0x0000, 0x0000, 0x0000, 0x0000, 0x0000, 0x0000, 0x0000, 0x0000, 0x0000, 0x0000, 0x0000, 0x0000,
  0x0000, 0x0000, 0x0000, 0x0000, 0x0000, 0x0000, 0x0000, 0x0000, 0x0000, 0x0000, 0x0000, 0x0000,
  0x0000, 0x0000, 0x0000, 0x0000, 0x0000, 0x0000, 0x0000, 0x0000, 0x0000, 0x0000, 0x0000, 0x18A2,
  0xAD11, 0xB530, 0x838A, 0x7B49, 0x8369, 0x8369, 0x8369, 0x8369, 0x8369, 0x8369, 0x8369, 0x8369,
  0x8369, 0x7B69, 0x838A, 0x736B, 0x0860, 0x0000, 0x0000, 0x0000, 0x0000, 0x0000, 0x0000, 0x0000,
  0x0000, 0x0000, 0x0000, 0x0000, 0x0000, 0x0000, 0x0000, 0x0000, 0x0000, 0x0000, 0x0000, 0x0000,
  0x0000, 0x0000, 0x0000, 0x0000, 0x0000, 0x0000, 0x0000, 0x0000, 0x0000, 0x0000, 0x0000, 0x0000,
  0x0000, 0x0000, 0x0000, 0x0000, 0x0000, 0x0000, 0x0000, 0x0000, 0x0000, 0x0000, 0x0000, 0x0000,
  0x0000, 0x0000, 0x0000, 0x0000, 0x0000, 0x0000, 0x0000, 0x0000, 0x0000, 0x0000, 0x0000, 0x0000,
  0x0000, 0x0000, 0x0000, 0x0000, 0x0000, 0x0000, 0x0000, 0x0000, 0x0000, 0x62E9, 0xD614, 0x8BEC,
  0x7328, 0x7B28, 0x7B48, 0x7B49, 0x8369, 0x8369, 0x8369, 0x8369, 0x8369, 0x8369, 0x8369, 0x7B49,
  0x944D, 0x2103, 0x0000, 0x0000, 0x0000, 0x0000, 0x0000, 0x0000, 0x0000, 0x0000, 0x0000, 0x0000,
  0x0000, 0x0000, 0x0000, 0x0000, 0x0000, 0x0000, 0x0000, 0x0000, 0x0000, 0x0000, 0x0000, 0x0000,
  0x0000, 0x0000, 0x0000, 0x0000, 0x0000, 0x0000, 0x0000, 0x0000, 0x0000, 0x0000, 0x0000, 0x0000,
  0x0000, 0x0000, 0x0000, 0x0000, 0x0000, 0x0000, 0x0000, 0x0000, 0x0000, 0x0000, 0x0000, 0x0000,
  0x0000, 0x0000, 0x0000, 0x0000, 0x0000, 0x0000, 0x0000, 0x0000, 0x0000, 0x0000, 0x0000, 0x0000,
  0x0000, 0x0000, 0x0000, 0x0000, 0x0000, 0x0000, 0x18C2, 0xB552, 0xB510, 0x7B49, 0x7328, 0x7B28,
  0x7B28, 0x7B48, 0x7B48, 0x7B49, 0x8369, 0x8369, 0x8369, 0x7B69, 0x7B49, 0x83AB, 0x732A, 0x0020,
  0x0000, 0x0000, 0x0000, 0x0000, 0x0000, 0x0000, 0x0000, 0x0000, 0x0000, 0x0000, 0x0000, 0x0000,
  0x0000, 0x0000, 0x0000, 0x0000, 0x0000, 0x0000, 0x0000, 0x0000, 0x0000, 0x0000, 0x0000, 0x0000,
  0x0000, 0x0000, 0x0000, 0x0000, 0x0000, 0x0000, 0x0000, 0x0000, 0x0000, 0x0000, 0x0000, 0x0000,
  0x0000, 0x0000, 0x0000, 0x0000, 0x0000, 0x0000, 0x0000, 0x0000, 0x0000, 0x0000, 0x0000, 0x0000,
  0x0000, 0x0000, 0x0000, 0x0000, 0x0000, 0x0000, 0x0000, 0x0000, 0x0000, 0x0000, 0x0000, 0x0000,
  0x0000, 0x0000, 0x0000, 0x0000, 0x6B2B, 0xCDD3, 0x8BAB, 0x7308, 0x7308, 0x7308, 0x7328, 0x7B28,
  0x7B28, 0x7B48, 0x7B49, 0x7B49, 0x7B69, 0x7B49, 0x7B49, 0x942D, 0x18C2, 0x0000, 0x0000, 0x0000,
  0x0000, 0x0000, 0x0000, 0x0000, 0x0000, 0x0000, 0x0000, 0x0000, 0x0000, 0x0000, 0x0000, 0x0000,
  0x0000, 0x0000, 0x0000, 0x0000, 0x0000, 0x0000, 0x0000, 0x0000, 0x0000, 0x0000, 0x0000, 0x0000,
  0x0000, 0x0000, 0x0000, 0x0000, 0x0000, 0x0000, 0x0000, 0x0000, 0x0000, 0x0000, 0x0000, 0x0000,
  0x0000, 0x0000, 0x0000, 0x0000, 0x0000, 0x0000, 0x0000, 0x0000, 0x0000, 0x0000, 0x0000, 0x0000,
  0x0000, 0x0000, 0x0000, 0x0000, 0x0000, 0x0000, 0x0000, 0x0000, 0x0000, 0x0000, 0x0000, 0x0000,
  0x0000, 0x2103, 0xBD72, 0x9C6E, 0x7328, 0x72E7, 0x7307, 0x7307, 0x7308, 0x7328, 0x7B28, 0x7B28,
  0x7B48, 0x7B49, 0x7B69, 0x7B49, 0x83AB, 0x62C9, 0x0000, 0x0000, 0x0000, 0x0000, 0x0000, 0x0000,
  0x0000, 0x0000, 0x0000, 0x0000, 0x0000, 0x0000, 0x0000, 0x0000, 0x0000, 0x0000, 0x0000, 0x0000,
  0x0000, 0x0000, 0x0000, 0x0000, 0x0000, 0x0000, 0x0000, 0x0000, 0x0000, 0x0000, 0x0000, 0x0000,
  0x0000, 0x0000, 0x0000, 0x0000, 0x0000, 0x0000, 0x0000, 0x0000, 0x0000, 0x0000, 0x0000, 0x0000,
  0x0000, 0x0000, 0x0000, 0x0000, 0x0000, 0x0000, 0x0000, 0x0000, 0x0000, 0x0000, 0x0000, 0x0000,
  0x0000, 0x0000, 0x0000, 0x0000, 0x0000, 0x0000, 0x0000, 0x0000, 0x0000, 0x0000, 0x0020, 0x83CC,
  0xBD71, 0x7B49, 0x6AE7, 0x72E7, 0x7307, 0x7307, 0x7307, 0x7308, 0x7B28, 0x7B28, 0x7B28, 0x7B48,
  0x7B49, 0x7349, 0x8C0C, 0x18A1, 0x0000, 0x0000, 0x0000, 0x0000, 0x0000, 0x0000, 0x0000, 0x0000,
  0x0000, 0x0000, 0x0000, 0x0000, 0x0000, 0x0000, 0x0000, 0x0000, 0x0000, 0x0000, 0x0000, 0x0000,
  0x0000, 0x0000, 0x0000, 0x0000, 0x0000, 0x0000, 0x0000, 0x0000, 0x0000, 0x0000, 0x0000, 0x0000,
  0x0000, 0x0000, 0x0000, 0x0000, 0x0000, 0x0000, 0x0000, 0x0000, 0x0000, 0x0000, 0x0000, 0x0000,
  0x0000, 0x0000, 0x0000, 0x0000, 0x0000, 0x0000, 0x0000, 0x0000, 0x0000, 0x0000, 0x0000, 0x0000,
  0x0000, 0x0000, 0x0000, 0x0000, 0x0000, 0x0000, 0x0000, 0x0000, 0x3144, 0xBD72, 0x8BCB, 0x6AE8,
  0x6AE7, 0x72E7, 0x72E7, 0x72E7, 0x72E7, 0x72E7, 0x7308, 0x7328, 0x7328, 0x7B28, 0x7329, 0x83CB,
  0x4A27, 0x0000, 0x0000, 0x0000, 0x0000, 0x0000, 0x0000, 0x0000, 0x0000, 0x0000, 0x0000, 0x0000,
  0x0000, 0x0000, 0x0000, 0x0000, 0x0000, 0x0000, 0x0000, 0x0000, 0x0000, 0x0000, 0x0000, 0x0000,
  0x0000, 0x0000, 0x0000, 0x0000, 0x0000, 0x0000, 0x0000, 0x0000, 0x0000, 0x0000, 0x0000, 0x0000,
  0x0000, 0x0000, 0x0000, 0x0000, 0x0000, 0x0000, 0x0000, 0x0000, 0x0000, 0x0000, 0x0000, 0x0000,
  0x0000, 0x0000, 0x0000, 0x0000, 0x0000, 0x0000, 0x0000, 0x0000, 0x0000, 0x0000, 0x0000, 0x0000,
  0x0000, 0x0000, 0x0000, 0x0000, 0x0000, 0x0840, 0x8C0E, 0xA4AF, 0x6AE8, 0x6AC7, 0x72E7, 0x72E7,
  0x72E7, 0x6AE7, 0x72E7, 0x72E7, 0x7308, 0x7308, 0x7308, 0x7308, 0x7329, 0x83CC, 0x1061, 0x0000,
  0x0000, 0x0000, 0x0000, 0x0000, 0x0000, 0x0000, 0x0000, 0x0000, 0x0000, 0x0000, 0x0000, 0x0000,
  0x0000, 0x0000, 0x0000, 0x0000, 0x0000, 0x0000, 0x0000, 0x0000, 0x0000, 0x0000, 0x0000, 0x0000,
  0x0000, 0x0000, 0x0000, 0x0000, 0x0000, 0x0000, 0x0000, 0x0000, 0x0000, 0x0000, 0x0000, 0x0000,
  0x0000, 0x0000, 0x0000, 0x0000, 0x0000, 0x0000, 0x0000, 0x0000, 0x0000, 0x0000, 0x0000, 0x0000,
  0x0000, 0x0000, 0x0000, 0x0000, 0x0000, 0x0000, 0x0000, 0x0000, 0x0000, 0x0000, 0x0000, 0x0000,
  0x0000, 0x0000, 0x0000, 0x41C5, 0xC5B3, 0x7B49, 0x62C7, 0x6AC7, 0x6AC7, 0x6AC7, 0x72E7, 0x6AC7,
  0x72E7, 0x6AE7, 0x6AE7, 0x72E7, 0x72E8, 0x6AE8, 0x838B, 0x39C5, 0x0000, 0x0000, 0x0000, 0x0000,
  0x0000, 0x0000, 0x0000, 0x0000, 0x0000, 0x0000, 0x0000, 0x0000, 0x0000, 0x0000, 0x0000, 0x0000,
  0x0000, 0x0000, 0x0000, 0x0000, 0x0000, 0x0000, 0x0000, 0x0000, 0x0000, 0x0000, 0x0000, 0x0000,
  0x0000, 0x0000, 0x0000, 0x0000, 0x0000, 0x0000, 0x0000, 0x0000, 0x0000, 0x0000, 0x0000, 0x0000,
  0x0000, 0x0000, 0x0000, 0x0000, 0x0000, 0x0000, 0x0000, 0x0000, 0x0000, 0x0000, 0x0000, 0x0000,
  0x0000, 0x0000, 0x0000, 0x0000, 0x0000, 0x0000, 0x0000, 0x0000, 0x0000, 0x0000, 0x0000, 0x0000,
  0x1081, 0xA48F, 0x9C6E, 0x6AC7, 0x6AA7, 0x6AC7, 0x6AA7, 0x6AC7, 0x6AC7, 0x6AA7, 0x6AC7, 0x6AC7,
  0x6AC7, 0x72E7, 0x6AE7, 0x7329, 0x6B09, 0x0840, 0x0000, 0x0000, 0x0000, 0x0000, 0x0000, 0x0000,
  0x0000, 0x0000, 0x0000, 0x0000, 0x0000, 0x0000, 0x0000, 0x0000, 0x0000, 0x0000, 0x0000, 0x0000,
  0x0000, 0x0000, 0x0000, 0x0000, 0x0000, 0x0000, 0x0000, 0x0000, 0x0000, 0x0000, 0x0000, 0x0000,
  0x0000, 0x0000, 0x0000, 0x0000, 0x0000, 0x0000, 0x0000, 0x0000, 0x0000, 0x0000, 0x0000, 0x0000,
  0x0000, 0x0000, 0x0000, 0x0000, 0x0000, 0x0000, 0x0000, 0x0000, 0x0000, 0x0000, 0x0000, 0x0000,
  0x0000, 0x0000, 0x0000, 0x0000, 0x0000, 0x0000, 0x0000, 0x0000, 0x0000, 0x0000, 0x5A68, 0xC592,
  0x7329, 0x62A7, 0x6AA7, 0x62A7, 0x62A6, 0x6AA7, 0x62A6, 0x6AA7, 0x6AC7, 0x6AA7, 0x6AA7, 0x6AC7,
  0x6AC7, 0x83AB, 0x20E2, 0x0000, 0x0000, 0x0000, 0x0000, 0x0000, 0x0000, 0x0000, 0x0000, 0x0000,
  0x0000, 0x0000, 0x0000, 0x0000, 0x0000, 0x0000, 0x0000, 0x0000, 0x0000, 0x0000, 0x0000, 0x0000,
  0x0000, 0x0000, 0x0000, 0x0000, 0x0000, 0x0000, 0x0000, 0x0000, 0x0000, 0x0000, 0x0000, 0x0000,
  0x0000, 0x0000, 0x0000, 0x0000, 0x0000, 0x0000, 0x0000, 0x0000, 0x0000, 0x0000, 0x0000, 0x0000,
  0x0000, 0x0000, 0x0000, 0x0000, 0x0000, 0x0000, 0x0000, 0x0000, 0x0000, 0x0000, 0x0000, 0x0000,
  0x0000, 0x0000, 0x0000, 0x0000, 0x0000, 0x0000, 0x0000, 0x18C2, 0xACF0, 0x8BEC, 0x62A7, 0x6286,
  0x62A7, 0x62A6, 0x62A6, 0x6AA7, 0x62A6, 0x6AA7, 0x6AA7, 0x6AA7, 0x6AA7, 0x6AA7, 0x7309, 0x5A67,
  0x0000, 0x0000, 0x0000, 0x0000, 0x0000, 0x0000, 0x0000, 0x0000, 0x0000, 0x0000, 0x0000, 0x0000,
  0x0000, 0x0000, 0x0000, 0x0000, 0x0000, 0x0000, 0x0000, 0x0000, 0x0000, 0x0000, 0x0000, 0x0000,
  0x0000, 0x0000, 0x0000, 0x0000, 0x0000, 0x0000, 0x0000, 0x0000, 0x0000, 0x0000, 0x0000, 0x0000,
  0x0000, 0x0000, 0x0000, 0x0000, 0x0000, 0x0000, 0x0000, 0x0000, 0x0000, 0x0000, 0x0000, 0x0000,
  0x0000, 0x0000, 0x0000, 0x0000, 0x0000, 0x0000, 0x0000, 0x0000, 0x0000, 0x0000, 0x0000, 0x0000,
  0x0000, 0x0000, 0x0000, 0x0000, 0x0000, 0x6AE9, 0xB531, 0x6AC8, 0x6286, 0x6286, 0x6286, 0x6286,
  0x62A6, 0x62A6, 0x6AA7, 0x6AA7, 0x6AA7, 0x6AA7, 0x6AC7, 0x62A7, 0x734A, 0x1081, 0x0000, 0x0000,
  0x0000, 0x0000, 0x0000, 0x0000, 0x0000, 0x0000, 0x0000, 0x0000, 0x0000, 0x0000, 0x0000, 0x0000,
  0x0000, 0x0000, 0x0000, 0x0000, 0x0000, 0x0000, 0x0000, 0x0000, 0x0000, 0x0000, 0x0000, 0x0000,
  0x0000, 0x0000, 0x0000, 0x0000, 0x0000, 0x0000, 0x0000, 0x0000, 0x0000, 0x0000, 0x0000, 0x0000,
  0x0000, 0x0000, 0x0000, 0x0000, 0x0000, 0x0000, 0x0000, 0x0000, 0x0000, 0x0000, 0x0000, 0x0000,
  0x0000, 0x0000, 0x0000, 0x0000, 0x0000, 0x0000, 0x0000, 0x0000, 0x0000, 0x0000, 0x0000, 0x0000,
  0x0000, 0x0000, 0x2923, 0xB511, 0x83AB, 0x62A7, 0x6286, 0x6286, 0x6286, 0x6286, 0x6286, 0x6286,
  0x62A6, 0x6AA6, 0x6286, 0x6286, 0x6286, 0x6AE8, 0x41E6, 0x0000, 0x0000, 0x0000, 0x0000, 0x0000,
  0x0000, 0x0000, 0x0000, 0x0000, 0x0000, 0x0000, 0x0000, 0x0000, 0x0000, 0x0000, 0x0000, 0x0000,
  0x0000, 0x0000, 0x0000, 0x0000, 0x0000, 0x0000, 0x0000, 0x0000, 0x0000, 0x0000, 0x0000, 0x0000,
  0x0000, 0x0000, 0x0000, 0x0000, 0x0000, 0x0000, 0x0000, 0x0000, 0x0000, 0x0000, 0x0000, 0x0000,
  0x0000, 0x0000, 0x0000, 0x0000, 0x0000, 0x0000, 0x0000, 0x0000, 0x0000, 0x0000, 0x0000, 0x0000,
  0x0000, 0x0000, 0x0000, 0x0000, 0x0000, 0x0000, 0x0000, 0x0000, 0x0000, 0x0000, 0x0000, 0x0861,
  0x83CC, 0xB510, 0x6AC8, 0x6286, 0x6286, 0x6286, 0x6266, 0x6286, 0x6266, 0x6286, 0x6286, 0x6286,
  0x6266, 0x5A66, 0x5A66, 0x6AE9, 0x1061, 0x0000, 0x0000, 0x0000, 0x0000, 0x0000, 0x0000, 0x0000,
  0x0000, 0x0000, 0x0000, 0x0000, 0x0000, 0x0000, 0x0000, 0x0000, 0x0000, 0x0000, 0x0000, 0x0000,
  0x0000, 0x0000, 0x0000, 0x0000, 0x0000, 0x0000, 0x0000, 0x0000, 0x0000, 0x0000, 0x0000, 0x0000,
  0x0000, 0x0000, 0x0000, 0x0000, 0x0000, 0x0000, 0x0000, 0x0000, 0x0000, 0x0000, 0x0000, 0x0000,
  0x0000, 0x0000, 0x0000, 0x0000, 0x0000, 0x0000, 0x0000, 0x0000, 0x0000, 0x0000, 0x0000, 0x0000,
  0x0000, 0x0000, 0x0000, 0x0000, 0x0000, 0x0000, 0x0000, 0x0000, 0x0000, 0x41C6, 0xBD72, 0x7B8A,
  0x6287, 0x6286, 0x6286, 0x6266, 0x5A66, 0x5A66, 0x5A66, 0x5A66, 0x5A66, 0x5A66, 0x5A66, 0x5A66,
  0x6B09, 0x39A4, 0x0000, 0x0000, 0x0000, 0x0000, 0x0000, 0x0000, 0x0000, 0x0000, 0x0000, 0x0000,
  0x0000, 0x0000, 0x0000, 0x0000, 0x0000, 0x0000, 0x0000, 0x0000, 0x0000, 0x0000, 0x0000, 0x0000,
  0x0000, 0x0000, 0x0000, 0x0000, 0x0000, 0x0000, 0x0000, 0x0000, 0x0000, 0x0000, 0x0000, 0x0000,
  0x0000, 0x0000, 0x0000, 0x0000, 0x0000, 0x0000, 0x0000, 0x0000, 0x0000, 0x0000, 0x0000, 0x0000,
  0x0000, 0x0000, 0x0000, 0x0000, 0x0000, 0x0000, 0x0000, 0x0000, 0x0000, 0x0000, 0x0000, 0x0000,
  0x0000, 0x0000, 0x0000, 0x0000, 0x0000, 0x0000, 0x1061, 0x8C0D, 0xA46E, 0x6287, 0x5A46, 0x5A66,
  0x5A66, 0x5A66, 0x5A66, 0x5A66, 0x5A66, 0x5A66, 0x6266, 0x6266, 0x5A66, 0x62A7, 0x6AE9, 0x0860,
  0x0000, 0x0000, 0x0000, 0x0000, 0x0000, 0x0000, 0x0000, 0x0000, 0x0000, 0x0000, 0x0000, 0x0000,
  0x0000, 0x0000, 0x0000, 0x0000, 0x0000, 0x0000, 0x0000, 0x0000, 0x0000, 0x0000, 0x0000, 0x0000,
  0x0000, 0x0000, 0x0000, 0x0000, 0x0000, 0x0000, 0x0000, 0x0000, 0x0000, 0x0000, 0x0000, 0x0000,
  0x0000, 0x0000, 0x0000, 0x0000, 0x0000, 0x0000, 0x0000, 0x0000, 0x0000, 0x0000, 0x0000, 0x0000,
  0x0000, 0x0000, 0x0000, 0x0000, 0x0000, 0x0000, 0x0000, 0x0000, 0x0000, 0x0000, 0x0000, 0x0000,
  0x0000, 0x0000, 0x0000, 0x0000, 0x4206, 0xB531, 0x6AE8, 0x5A46, 0x5A46, 0x5A46, 0x5A46, 0x5A66,
  0x5A45, 0x5A66, 0x5A66, 0x5A66, 0x5A66, 0x6286, 0x5A66, 0x7349, 0x3143, 0x0000, 0x0000, 0x0000,
  0x0000, 0x0000, 0x0000, 0x0000, 0x0000, 0x0000, 0x0000, 0x0000, 0x0000, 0x0000, 0x0000, 0x0000,
  0x0000, 0x0000, 0x0000, 0x0000, 0x0000, 0x0000, 0x0000, 0x0000, 0x0000, 0x0000, 0x0000, 0x0000,
  0x0000, 0x0000, 0x0000, 0x0000, 0x0000, 0x0000, 0x0000, 0x0000, 0x0000, 0x0000, 0x0000, 0x0000,
  0x0000, 0x0000, 0x0000, 0x0000, 0x0000, 0x0000, 0x0000, 0x0000, 0x0000, 0x0000, 0x0000, 0x0000,
  0x0000, 0x0000, 0x0000, 0x0000, 0x0000, 0x0000, 0x0000, 0x0000, 0x0000, 0x0000, 0x0000, 0x0000,
  0x0000, 0x1081, 0x8BED, 0x8BEC, 0x5A66, 0x5A45, 0x5A45, 0x5A45, 0x5A46, 0x5A45, 0x5A45, 0x5A46,
  0x5A66, 0x5A66, 0x5A66, 0x5A66, 0x62A7, 0x5AA8, 0x0840, 0x0000, 0x0000, 0x0000, 0x0000, 0x0000,
  0x0000, 0x0000, 0x0000, 0x0000, 0x0000, 0x0000, 0x0000, 0x0000, 0x0000, 0x0000, 0x0000, 0x0000,
  0x0000, 0x0000, 0x0000, 0x0000, 0x0000, 0x0000, 0x0000, 0x0000, 0x0000, 0x0000, 0x0000, 0x0000,
  0x0000, 0x0000, 0x0000, 0x0000, 0x0000, 0x0000, 0x0000, 0x0000, 0x0000, 0x0000, 0x0000, 0x0000,
  0x0000, 0x0000, 0x0000, 0x0000, 0x0000, 0x0000, 0x0000, 0x0000, 0x0000, 0x0000, 0x0000, 0x0000,
  0x0000, 0x0000, 0x0000, 0x0000, 0x0000, 0x0000, 0x0000, 0x0000, 0x0000, 0x0000, 0x0000, 0x5A68,
  0xA4AF, 0x62A7, 0x5245, 0x5A45, 0x5A45, 0x5A45, 0x5A45, 0x5A45, 0x5A45, 0x5A45, 0x5A45, 0x5A45,
  0x5A66, 0x5246, 0x7329, 0x20E2, 0x0000, 0x0000, 0x0000, 0x0000, 0x0000, 0x0000, 0x0000, 0x0000,
  0x0000, 0x0000, 0x0000, 0x0000, 0x0000, 0x0000, 0x0000, 0x0000, 0x0000, 0x0000, 0x0000, 0x0000,
  0x0000, 0x0000, 0x0000, 0x0000, 0x0000, 0x0000, 0x0000, 0x0000, 0x0000, 0x0000, 0x0000, 0x0000,
  0x0000, 0x0000, 0x0000, 0x0000, 0x0000, 0x0000, 0x0000, 0x0000, 0x0000, 0x0000, 0x0000, 0x0000,
  0x0000, 0x0000, 0x0000, 0x0000, 0x0000, 0x0000, 0x0000, 0x0000, 0x0000, 0x0000, 0x0000, 0x0000,
  0x0000, 0x0000, 0x0000, 0x0000, 0x0000, 0x0000, 0x0000, 0x0000, 0x20E2, 0x9C6E, 0x7B8A, 0x5A66,
  0x5A45, 0x5A46, 0x5A45, 0x5A45, 0x5A25, 0x5A25, 0x5A25, 0x5225, 0x5225, 0x5225, 0x5225, 0x5A87,
  0x5247, 0x0020, 0x0000, 0x0000, 0x0000, 0x0000, 0x0000, 0x0000, 0x0000, 0x0000, 0x0000, 0x0000,
  0x0000, 0x0000, 0x0000, 0x0000, 0x0000, 0x0000, 0x0000, 0x0000, 0x0000, 0x0000, 0x0000, 0x0000,
  0x0000, 0x0000, 0x0000, 0x0000, 0x0000, 0x0000, 0x0000, 0x0000, 0x0000, 0x0000, 0x0000, 0x0000,
  0x0000, 0x0000, 0x0000, 0x0000, 0x0000, 0x0000, 0x0000, 0x0000, 0x0000, 0x0000, 0x0000, 0x0000,
  0x0000, 0x0000, 0x0000, 0x0000, 0x0000, 0x0000, 0x0000, 0x0000, 0x0000, 0x0000, 0x0000, 0x0000,
  0x0000, 0x0000, 0x0000, 0x0000, 0x0000, 0x0820, 0x732A, 0x9C6E, 0x62A7, 0x5A46, 0x5A45, 0x5A46,
  0x5A45, 0x5225, 0x5225, 0x5225, 0x5225, 0x5225, 0x5225, 0x5225, 0x5225, 0x6AE9, 0x10A1, 0x0000,
  0x0000, 0x0000, 0x0000, 0x0000, 0x0000, 0x0000, 0x0000, 0x0000, 0x0000, 0x0000, 0x0000, 0x0000,
  0x0000, 0x0000, 0x0000, 0x0000, 0x0000, 0x0000, 0x0000, 0x0000, 0x0000, 0x0000, 0x0000, 0x0000,
  0x0000, 0x0000, 0x0000, 0x0000, 0x0000, 0x0000, 0x0000, 0x0000, 0x0000, 0x0000, 0x0000, 0x0000,
  0x0000, 0x0000, 0x0000, 0x0000, 0x0000, 0x0000, 0x0000, 0x0000, 0x0000, 0x0000, 0x0000, 0x0000,
  0x0000, 0x0000, 0x0000, 0x0000, 0x0000, 0x0000, 0x0000, 0x0000, 0x0000, 0x0000, 0x0000, 0x0000,
  0x0000, 0x0000, 0x0000, 0x3984, 0xACCF, 0x7309, 0x5A46, 0x5225, 0x5225, 0x5225, 0x5225, 0x5225,
  0x5225, 0x5205, 0x5205, 0x5205, 0x5205, 0x4A05, 0x5A87, 0x41C5, 0x0000, 0x0000, 0x0000, 0x0000,
  0x0000, 0x0000, 0x0000, 0x0000, 0x0000, 0x0000, 0x0000, 0x0000, 0x0000, 0x0000, 0x0000, 0x0000,
  0x0000, 0x0000, 0x0000, 0x0000, 0x0000, 0x0000, 0x0000, 0x0000, 0x0000, 0x0000, 0x0000, 0x0000,
  0x0000, 0x0000, 0x0000, 0x0000, 0x0000, 0x0000, 0x0000, 0x0000, 0x0000, 0x0000, 0x0000, 0x0000,
  0x0000, 0x0000, 0x0000, 0x0000, 0x0000, 0x0000, 0x0000, 0x0000, 0x0000, 0x0000, 0x0000, 0x0000,
  0x0000, 0x0000, 0x0000, 0x0000, 0x0000, 0x0000, 0x0000, 0x0000, 0x0000, 0x0000, 0x0000, 0x0000,
  0x0861, 0x83CC, 0x93EC, 0x5246, 0x4A05, 0x5205, 0x5205, 0x5205, 0x5205, 0x5205, 0x5205, 0x4A05,
  0x5205, 0x5205, 0x5205, 0x5225, 0x62C8, 0x1061, 0x0000, 0x0000, 0x0000, 0x0000, 0x0000, 0x0000,
  0x0000, 0x0000, 0x0000, 0x0000, 0x0000, 0x0000, 0x0000, 0x0000, 0x0000, 0x0000, 0x0000, 0x0000,
  0x0000, 0x0000, 0x0000, 0x0000, 0x0000, 0x0000, 0x0000, 0x0000, 0x0000, 0x0000, 0x0000, 0x0000,
  0x0000, 0x0000, 0x0000, 0x0000, 0x0000, 0x0000, 0x0000, 0x0000, 0x0000, 0x0000, 0x0000, 0x0000,
  0x0000, 0x0000, 0x0000, 0x0000, 0x0000, 0x0000, 0x0000, 0x0000, 0x0000, 0x0000, 0x0000, 0x0000,
  0x0000, 0x0000, 0x0000, 0x0000, 0x0000, 0x0000, 0x0000, 0x0000, 0x0000, 0x0000, 0x41E6, 0xA4AF,
  0x62A7, 0x4A05, 0x4A05, 0x49E5, 0x49E4, 0x49E4, 0x4A05, 0x49E4, 0x4A05, 0x4A05, 0x5205, 0x5205,
  0x5205, 0x62A7, 0x3164, 0x0000, 0x0000, 0x0000, 0x0000, 0x0000, 0x0000, 0x0000, 0x0000, 0x0000,
  0x0000, 0x0000, 0x0000, 0x0000, 0x0000, 0x0000, 0x0000, 0x0000, 0x0000, 0x0000, 0x0000, 0x0000,
  0x0000, 0x0000, 0x0000, 0x0000, 0x0000, 0x0000, 0x0000, 0x0000, 0x0000, 0x0000, 0x0000, 0x0000,
  0x0000, 0x0000, 0x0000, 0x0000, 0x0000, 0x0000, 0x0000, 0x0000, 0x0000, 0x0000, 0x0000, 0x0000,
  0x0000, 0x0000, 0x0000, 0x0000, 0x0000, 0x0000, 0x0000, 0x0000, 0x0000, 0x0000, 0x0000, 0x0000,
  0x0000, 0x0000, 0x0000, 0x0000, 0x0000, 0x0000, 0x0000, 0x1081, 0x8C0D, 0x838B, 0x5225, 0x4A05,
  0x49E4, 0x49E5, 0x49E5, 0x49E4, 0x49E4, 0x49E5, 0x49E5, 0x49E4, 0x4A05, 0x4A05, 0x5246, 0x5247,
  0x0840, 0x0000, 0x0000, 0x0000, 0x0000, 0x0000, 0x0000, 0x0000, 0x0000, 0x0000, 0x0000, 0x0000,
  0x0000, 0x0000, 0x0000, 0x0000, 0x0000, 0x0000, 0x0000, 0x0000, 0x0000, 0x0000, 0x0000, 0x0000,
  0x0000, 0x0000, 0x0000, 0x0000, 0x0000, 0x0000, 0x0000, 0x0000, 0x0000, 0x0000, 0x0000, 0x0000,
  0x0000, 0x0000, 0x0000, 0x0000, 0x0000, 0x0000, 0x0000, 0x0000, 0x0000, 0x0000, 0x0000, 0x0000,
  0x0000, 0x0000, 0x0000, 0x0000, 0x0000, 0x0000, 0x0000, 0x0000, 0x0000, 0x0000, 0x0000, 0x0000,
  0x0000, 0x0000, 0x0000, 0x0000, 0x0000, 0x5A88, 0xA48F, 0x6287, 0x5205, 0x5205, 0x49E4, 0x49E5,
  0x49E5, 0x49E4, 0x49E5, 0x49E4, 0x49E5, 0x49E4, 0x49E5, 0x49E4, 0x62A8, 0x18C2, 0x0000, 0x0000,
  0x0000, 0x0000, 0x0000, 0x0000, 0x0000, 0x0000, 0x0000, 0x0000, 0x0000, 0x0000, 0x0000, 0x0000,
  0x0000, 0x0000, 0x0000, 0x0000, 0x0000, 0x0000, 0x0000, 0x0000, 0x0000, 0x0000, 0x0000, 0x0000,
  0x0000, 0x0000, 0x0000, 0x0000, 0x0000, 0x0000, 0x0000, 0x0000, 0x0000, 0x0000, 0x0000, 0x0000,
  0x0000, 0x0000, 0x0000, 0x0000, 0x0000, 0x0000, 0x0000, 0x0000, 0x0000, 0x0000, 0x0000, 0x0000,
  0x0000, 0x0000, 0x0000, 0x0000, 0x0000, 0x0000, 0x0000, 0x0000, 0x0000, 0x0000, 0x0000, 0x0000,
  0x0000, 0x0000, 0x20C2, 0xA4AF, 0x7349, 0x5225, 0x4A05, 0x5205, 0x49E4, 0x49E5, 0x49E4, 0x49E4,
  0x49E4, 0x49E4, 0x41C4, 0x49E4, 0x41C4, 0x4A05, 0x41E5, 0x0000, 0x0000, 0x0000, 0x0000, 0x0000,
  0x0000, 0x0000, 0x0000, 0x0000, 0x0000, 0x0000, 0x0000, 0x0000, 0x0000, 0x0000, 0x0000, 0x0000,
  0x0000, 0x0000, 0x0000, 0x0000, 0x0000, 0x0000, 0x0000, 0x0000, 0x0000, 0x0000, 0x0000, 0x0000,
  0x0000, 0x0000, 0x0000, 0x0000, 0x0000, 0x0000, 0x0000, 0x0000, 0x0000, 0x0000, 0x0000, 0x0000,
  0x0000, 0x0000, 0x0000, 0x0000, 0x0000, 0x0000, 0x0000, 0x0000, 0x0000, 0x0000, 0x0000, 0x0000,
  0x0000, 0x0000, 0x0000, 0x0000, 0x0000, 0x0000, 0x0000, 0x0000, 0x0000, 0x0000, 0x0000, 0x0020,
  0x734B, 0x9C6E, 0x5A46, 0x4A05, 0x4A05, 0x4A05, 0x49E4, 0x49E4, 0x49E4, 0x41C4, 0x49E4, 0x49E4,
  0x41C4, 0x41C4, 0x41C4, 0x5A87, 0x1081, 0x0000, 0x0000, 0x0000, 0x0000, 0x0000, 0x0000, 0x0000,
  0x0000, 0x0000, 0x0000, 0x0000, 0x0000, 0x0000, 0x0000, 0x0000, 0x0000, 0x0000, 0x0000, 0x0000,
  0x0000, 0x0000, 0x0000, 0x0000, 0x0000, 0x0000, 0x0000, 0x0000, 0x0000, 0x0000, 0x0000, 0x0000,
  0x0000, 0x0000, 0x0000, 0x0000, 0x0000, 0x0000, 0x0000, 0x0000, 0x0000, 0x0000, 0x0000, 0x0000,
  0x0000, 0x0000, 0x0000, 0x0000, 0x0000, 0x0000, 0x0000, 0x0000, 0x0000, 0x0000, 0x0000, 0x0000,
  0x0000, 0x0000, 0x0000, 0x0000, 0x0000, 0x0000, 0x0000, 0x0000, 0x0000, 0x2923, 0xAD11, 0x6AE8,
  0x4A05, 0x49E5, 0x49E4, 0x49E4, 0x49E4, 0x49C4, 0x41C4, 0x41C4, 0x41C4, 0x49E4, 0x41C4, 0x41C4,
  0x5226, 0x39A4, 0x0000, 0x0000, 0x0000, 0x0000, 0x0000, 0x0000, 0x0000, 0x0000, 0x0000, 0x0000,
  0x0000, 0x0000, 0x0000, 0x0000, 0x0000, 0x0000, 0x0000, 0x0000, 0x0000, 0x0000, 0x0000, 0x0000,
  0x0000, 0x0000, 0x0000, 0x0000, 0x0000, 0x0000, 0x0000, 0x0000, 0x0000, 0x0000, 0x0000, 0x0000,
  0x0000, 0x0000, 0x0000, 0x0000, 0x0000, 0x0000, 0x0000, 0x0000, 0x0000, 0x0000, 0x0000, 0x0000,
  0x0000, 0x0000, 0x0000, 0x0000, 0x0000, 0x0000, 0x0000, 0x0000, 0x0000, 0x0000, 0x0000, 0x0000,
  0x0000, 0x0000, 0x0000, 0x0000, 0x0000, 0x0000, 0x0840, 0x7B6B, 0x940D, 0x5225, 0x49E4, 0x49E4,
  0x41C4, 0x41C4, 0x41C4, 0x41C4, 0x41C4, 0x41C4, 0x41C4, 0x41C4, 0x41A4, 0x41A4, 0x5247, 0x0840,
  0x0000, 0x0000, 0x0000, 0x0000, 0x0000, 0x0000, 0x0000, 0x0000, 0x0000, 0x0000, 0x0000, 0x0000,
  0x0000, 0x0000, 0x0000, 0x0000, 0x0000, 0x0000, 0x0000, 0x0000, 0x0000, 0x0000, 0x0000, 0x0000,
  0x0000, 0x0000, 0x0000, 0x0000, 0x0000, 0x0000, 0x0000, 0x0000, 0x0000, 0x0000, 0x0000, 0x0000,
  0x0000, 0x0000, 0x0000, 0x0000, 0x0000, 0x0000, 0x0000, 0x0000, 0x0000, 0x0000, 0x0000, 0x0000,
  0x0000, 0x0000, 0x0000, 0x0000, 0x0000, 0x0000, 0x0000, 0x0000, 0x0000, 0x0000, 0x0000, 0x0000,
  0x0000, 0x0000, 0x0000, 0x0000, 0x3164, 0xA48F, 0x62A7, 0x49E4, 0x41C4, 0x41C4, 0x41C4, 0x41C4,
  0x41C4, 0x41A4, 0x41A4, 0x41A4, 0x41C4, 0x41A4, 0x41A4, 0x5246, 0x20E2, 0x0000, 0x0000, 0x0000,
  0x0000, 0x0000, 0x0000, 0x0000, 0x0000, 0x0000, 0x0000, 0x0000, 0x0000, 0x0000, 0x0000, 0x0000,
  0x0000, 0x0000, 0x0000, 0x0000, 0x0000, 0x0000, 0x0000, 0x0000, 0x0000, 0x0000, 0x0000, 0x0000,
  0x0000, 0x0000, 0x0000, 0x0000, 0x0000, 0x0000, 0x0000, 0x0000, 0x0000, 0x0000, 0x0000, 0x0000,
  0x0000, 0x0000, 0x0000, 0x0000, 0x0000, 0x0000, 0x0000, 0x0000, 0x0000, 0x0000, 0x0000, 0x0000,
  0x0000, 0x0000, 0x0000, 0x0000, 0x0000, 0x0000, 0x0000, 0x0000, 0x0000, 0x0000, 0x0000, 0x0000,
  0x0000, 0x0840, 0x736B, 0x7B8B, 0x4A05, 0x41C4, 0x41C4, 0x41C4, 0x41C4, 0x41A4, 0x41C4, 0x41A4,
  0x41A4, 0x41A4, 0x41A4, 0x41A4, 0x41A4, 0x4A06, 0x0020, 0x0000, 0x0000, 0x0000, 0x0000, 0x0000,
  0x0000, 0x0000, 0x0000, 0x0000, 0x0000, 0x0000, 0x0000, 0x0000, 0x0000, 0x0000, 0x0000, 0x0000,
  0x0000, 0x0000, 0x0000, 0x0000, 0x0000, 0x0000, 0x0000, 0x0000, 0x0000, 0x0000, 0x0000, 0x0000,
  0x0000, 0x0000, 0x0000, 0x0000, 0x0000, 0x0000, 0x0000, 0x0000, 0x0000, 0x0000, 0x0000, 0x0000,
  0x0000, 0x0000, 0x0000, 0x0000, 0x0000, 0x0000, 0x0000, 0x0000, 0x0000, 0x0000, 0x0000, 0x0000,
  0x0000, 0x0000, 0x0000, 0x0000, 0x0000, 0x0000, 0x0000, 0x0000, 0x0000, 0x0000, 0x0000, 0x3164,
  0x942D, 0x5A67, 0x41C4, 0x41C4, 0x41A4, 0x41C4, 0x41C4, 0x41A4, 0x41A4, 0x41A4, 0x41A4, 0x41A4,
  0x41A4, 0x3984, 0x5226, 0x18A1, 0x0000, 0x0000, 0x0000, 0x0000, 0x0000, 0x0000, 0x0000, 0x0000,
  0x0000, 0x0000, 0x0000, 0x0000, 0x0000, 0x0000, 0x0000, 0x0000, 0x0000, 0x0000, 0x0000, 0x0000,
  0x0000, 0x0000, 0x0000, 0x0000, 0x0000, 0x0000, 0x0000, 0x0000, 0x0000, 0x0000, 0x0000, 0x0000,
  0x0000, 0x0000, 0x0000, 0x0000, 0x0000, 0x0000, 0x0000, 0x0000, 0x0000, 0x0000, 0x0000, 0x0000,
  0x0000, 0x0000, 0x0000, 0x0000, 0x0000, 0x0000, 0x0000, 0x0000, 0x0000, 0x0000, 0x0000, 0x0000,
  0x0000, 0x0000, 0x0000, 0x0000, 0x0000, 0x0000, 0x0000, 0x0000, 0x0840, 0x732A, 0x7309, 0x49E5,
  0x41A4, 0x41A4, 0x41A4, 0x41A4, 0x41A4, 0x41A4, 0x41A4, 0x41A4, 0x41A4, 0x41A4, 0x39A4, 0x41A4,
  0x39A5, 0x0000, 0x0000, 0x0000, 0x0000, 0x0000, 0x0000, 0x0000, 0x0000, 0x0000, 0x0000, 0x0000,
  0x0000, 0x0000, 0x0000, 0x0000, 0x0000, 0x0000, 0x0000, 0x0000, 0x0000, 0x0000, 0x0000, 0x0000,
  0x0000, 0x0000, 0x0000, 0x0000, 0x0000, 0x0000, 0x0000, 0x0000, 0x0000, 0x0000, 0x0000, 0x0000,
  0x0000, 0x0000, 0x0000, 0x0000, 0x0000, 0x0000, 0x0000, 0x0000, 0x0000, 0x0000, 0x0000, 0x0000,
  0x0000, 0x0000, 0x0000, 0x0000, 0x0000, 0x0000, 0x0000, 0x0000, 0x0000, 0x0000, 0x0000, 0x0000,
  0x0000, 0x0000, 0x0000, 0x0000, 0x0000, 0x0000, 0x3164, 0x83AC, 0x5205, 0x3984, 0x4184, 0x3983,
  0x41A4, 0x3983, 0x41A4, 0x3983, 0x3983, 0x41A4, 0x3983, 0x39A3, 0x3984, 0x4A26, 0x1061, 0x0000,
  0x0000, 0x0000, 0x0000, 0x0000, 0x0000, 0x0000, 0x0000, 0x0000, 0x0000, 0x0000, 0x0000, 0x0000,
  0x0000, 0x0000, 0x0000, 0x0000, 0x0000, 0x0000, 0x0000, 0x0000, 0x0000, 0x0000, 0x0000, 0x0000,
  0x0000, 0x0000, 0x0000, 0x0000, 0x0000, 0x0000, 0x0000, 0x0000, 0x0000, 0x0000, 0x0000, 0x0000,
  0x0000, 0x0000, 0x0000, 0x0000, 0x0000, 0x0000, 0x0000, 0x0000, 0x0000, 0x0000, 0x0000, 0x0000,
  0x0000, 0x0000, 0x0000, 0x0000, 0x0000, 0x0000, 0x0000, 0x0000, 0x0000, 0x0000, 0x0000, 0x0000,
  0x0000, 0x0000, 0x0000, 0x0840, 0x6B0A, 0x5A87, 0x41A4, 0x3983, 0x4184, 0x3983, 0x3983, 0x3983,
  0x3983, 0x3983, 0x3983, 0x3983, 0x3983, 0x3983, 0x41C5, 0x3164, 0x0000, 0x0000, 0x0000, 0x0000,
  0x0000, 0x0000, 0x0000, 0x0000, 0x0000, 0x0000, 0x0000, 0x0000, 0x0000, 0x0000, 0x0000, 0x0000,
  0x0000, 0x0000, 0x0000, 0x0000, 0x0000, 0x0000, 0x0000, 0x0000, 0x0000, 0x0000, 0x0000, 0x0000,
  0x0000, 0x0000, 0x0000, 0x0000, 0x0000, 0x0000, 0x0000, 0x0000, 0x0000, 0x0000, 0x0000, 0x0000,
  0x0000, 0x0000, 0x0000, 0x0000, 0x0000, 0x0000, 0x0000, 0x0000, 0x0000, 0x0000, 0x0000, 0x0000,
  0x0000, 0x0000, 0x0000, 0x0000, 0x0000, 0x0000, 0x0000, 0x0000, 0x0000, 0x0000, 0x0000, 0x0000,
  0x0000, 0x3985, 0x732A, 0x41C5, 0x3983, 0x3983, 0x3983, 0x3983, 0x3983, 0x3983, 0x3983, 0x3983,
  0x3983, 0x3983, 0x3983, 0x3984, 0x49E6, 0x0840, 0x0000, 0x0000, 0x0000, 0x0000, 0x0000, 0x0000,
  0x0000, 0x0000, 0x0000, 0x0000, 0x0000, 0x0000, 0x0000, 0x0000, 0x0000, 0x0000, 0x0000, 0x0000,
  0x0000, 0x0000, 0x0000, 0x0000, 0x0000, 0x0000, 0x0000, 0x0000, 0x0000, 0x0000, 0x0000, 0x0000,
  0x0000, 0x0000, 0x0000, 0x0000, 0x0000, 0x0000, 0x0000, 0x0000, 0x0000, 0x0000, 0x0000, 0x0000,
  0x0000, 0x0000, 0x0000, 0x0000, 0x0000, 0x0000, 0x0000, 0x0000, 0x0000, 0x0000, 0x0000, 0x0000,
  0x0000, 0x0000, 0x0000, 0x0000, 0x0000, 0x0000, 0x0000, 0x0000, 0x0000, 0x0000, 0x0840, 0x6B0A,
  0x5226, 0x3984, 0x3983, 0x3983, 0x3983, 0x3983, 0x3963, 0x3963, 0x3963, 0x3983, 0x3963, 0x3983,
  0x3983, 0x41C5, 0x20C2, 0x0000, 0x0000, 0x0000, 0x0000, 0x0000, 0x0000, 0x0000, 0x0000, 0x0000,
  0x0000, 0x0000, 0x0000, 0x0000, 0x0000, 0x0000, 0x0000, 0x0000, 0x0000, 0x0000, 0x0000, 0x0000,
  0x0000, 0x0000, 0x0000, 0x0000, 0x0000, 0x0000, 0x0000, 0x0000, 0x0000, 0x0000, 0x0000, 0x0000,
  0x0000, 0x0000, 0x0000, 0x0000, 0x0000, 0x0000, 0x0000, 0x0000, 0x0000, 0x0000, 0x0000, 0x0000,
  0x0000, 0x0000, 0x0000, 0x0000, 0x0000, 0x0000, 0x0000, 0x0000, 0x0000, 0x0000, 0x0000, 0x0000,
  0x0000, 0x0000, 0x0000, 0x0000, 0x0000, 0x0000, 0x0000, 0x0000, 0x41C5, 0x62C8, 0x39A4, 0x3963,
  0x3963, 0x3963, 0x3963, 0x3963, 0x3963, 0x3963, 0x3963, 0x3963, 0x3963, 0x3983, 0x3984, 0x39A5,
  0x0020, 0x0000, 0x0000, 0x0000, 0x0000, 0x0000, 0x0000, 0x0000, 0x0000, 0x0000, 0x0000, 0x0000,
  0x0000, 0x0000, 0x0000, 0x0000, 0x0000, 0x0000, 0x0000, 0x0000, 0x0000, 0x0000, 0x0000, 0x0000,
  0x0000, 0x0000, 0x0000, 0x0000, 0x0000, 0x0000, 0x0000, 0x0000, 0x0000, 0x0000, 0x0000, 0x0000,
  0x0000, 0x0000, 0x0000, 0x0000, 0x0000, 0x0000, 0x0000, 0x0000, 0x0000, 0x0000, 0x0000, 0x0000,
  0x0000, 0x0000, 0x0000, 0x0000, 0x0000, 0x0000, 0x0000, 0x0000, 0x0000, 0x0000, 0x0000, 0x0000,
  0x0000, 0x0000, 0x0000, 0x0000, 0x0000, 0x0861, 0x62E9, 0x41C5, 0x3963, 0x3963, 0x3963, 0x3963,
  0x3143, 0x3143, 0x3963, 0x3963, 0x3143, 0x3963, 0x3963, 0x3963, 0x41C5, 0x1081, 0x0000, 0x0000,
  0x0000, 0x0000, 0x0000, 0x0000, 0x0000, 0x0000, 0x0000, 0x0000, 0x0000, 0x0000, 0x0000, 0x0000,
  0x0000, 0x0000, 0x0000, 0x0000, 0x0000, 0x0000, 0x0000, 0x0000, 0x0000, 0x0000, 0x0000, 0x0000,
  0x0000, 0x0000, 0x0000, 0x0000, 0x0000, 0x0000, 0x0000, 0x0000, 0x0000, 0x0000, 0x0000, 0x0000,
  0x0000, 0x0000, 0x0000, 0x0000, 0x0000, 0x0000, 0x0000, 0x0000, 0x0000, 0x0000, 0x0000, 0x0000,
  0x0000, 0x0000, 0x0000, 0x0000, 0x0000, 0x0000, 0x0000, 0x0000, 0x0000, 0x0000, 0x0000, 0x0000,
  0x0000, 0x0000, 0x0000, 0x39C5, 0x5247, 0x3983, 0x3163, 0x3143, 0x3963, 0x3143, 0x3143, 0x3143,
  0x3143, 0x3143, 0x3143, 0x3943, 0x3143, 0x3984, 0x3143, 0x0000, 0x0000, 0x0000, 0x0000, 0x0000,
  0x0000, 0x0000, 0x0000, 0x0000, 0x0000, 0x0000, 0x0000, 0x0000, 0x0000, 0x0000, 0x0000, 0x0000,
  0x0000, 0x0000, 0x0000, 0x0000, 0x0000, 0x0000, 0x0000, 0x0000, 0x0000, 0x0000, 0x0000, 0x0000,
  0x0000, 0x0000, 0x0000, 0x0000, 0x0000, 0x0000, 0x0000, 0x0000, 0x0000, 0x0000, 0x0000, 0x0000,
  0x0000, 0x0000, 0x0000, 0x0000, 0x0000, 0x0000, 0x0000, 0x0000, 0x0000, 0x0000, 0x0000, 0x0000,
  0x0000, 0x0000, 0x0000, 0x0000, 0x0000, 0x0000, 0x0000, 0x0000, 0x0000, 0x0000, 0x0000, 0x0000,
  0x1061, 0x5A67, 0x3984, 0x3163, 0x3143, 0x3143, 0x3143, 0x3143, 0x3143, 0x3143, 0x3143, 0x3142,
  0x3143, 0x3143, 0x3143, 0x39A4, 0x0860, 0x0000, 0x0000, 0x0000, 0x0000, 0x0000, 0x0000, 0x0000,
  0x0000, 0x0000, 0x0000, 0x0000, 0x0000, 0x0000, 0x0000, 0x0000, 0x0000, 0x0000, 0x0000, 0x0000,
  0x0000, 0x0000, 0x0000, 0x0000, 0x0000, 0x0000, 0x0000, 0x0000, 0x0000, 0x0000, 0x0000, 0x0000,
  0x0000, 0x0000, 0x0000, 0x0000, 0x0000, 0x0000, 0x0000, 0x0000, 0x0000, 0x0000, 0x0000, 0x0000,
  0x0000, 0x0000, 0x0000, 0x0000, 0x0000, 0x0000, 0x0000, 0x0000, 0x0000, 0x0000, 0x0000, 0x0000,
  0x0000, 0x0000, 0x0000, 0x0000, 0x0000, 0x0000, 0x0000, 0x0000, 0x0000, 0x0000, 0x4A06, 0x41E5,
  0x3163, 0x3143, 0x3143, 0x3143, 0x3143, 0x3143, 0x3143, 0x3143, 0x3143, 0x3143, 0x3143, 0x3143,
  0x3963, 0x2903, 0x0000, 0x0000, 0x0000, 0x0000, 0x0000, 0x0000, 0x0000, 0x0000, 0x0000, 0x0000,
  0x0000, 0x0000, 0x0000, 0x0000, 0x0000, 0x0000, 0x0000, 0x0000, 0x0000, 0x0000, 0x0000, 0x0000,
  0x0000, 0x0000, 0x0000, 0x0000, 0x0000, 0x0000, 0x0000, 0x0000, 0x0000, 0x0000, 0x0000, 0x0000,
  0x0000, 0x0000, 0x0000, 0x0000, 0x0000, 0x0000, 0x0000, 0x0000, 0x0000, 0x0000, 0x0000, 0x0000,
  0x0000, 0x0000, 0x0000, 0x0000, 0x0000, 0x0000, 0x0000, 0x0000, 0x0000, 0x0000, 0x0000, 0x0000,
  0x0000, 0x0000, 0x0000, 0x0000, 0x0000, 0x0000, 0x0000, 0x18C2, 0x4A26, 0x3143, 0x3143, 0x3143,
  0x3143, 0x3143, 0x3143, 0x3143, 0x3143, 0x3143, 0x3143, 0x3143, 0x3143, 0x3143, 0x3164, 0x0820,
  0x0000, 0x0000, 0x0000, 0x0000, 0x0000, 0x0000, 0x0000, 0x0000, 0x0000, 0x0000, 0x0000, 0x0000,
  0x0000, 0x0000, 0x0000, 0x0000, 0x0000, 0x0000, 0x0000, 0x0000, 0x0000, 0x0000, 0x0000, 0x0000,
  0x0000, 0x0000, 0x0000, 0x0000, 0x0000, 0x0000, 0x0000, 0x0000, 0x0000, 0x0000, 0x0000, 0x0000,
  0x0000, 0x0000, 0x0000, 0x0000, 0x0000, 0x0000, 0x0000, 0x0000, 0x0000, 0x0000, 0x0000, 0x0000,
  0x0000, 0x0000, 0x0000, 0x0000, 0x0000, 0x0000, 0x0000, 0x0000, 0x0000, 0x0000, 0x0000, 0x0000,
  0x0000, 0x0000, 0x0000, 0x0000, 0x0000, 0x4A27, 0x3964, 0x2922, 0x2922, 0x3122, 0x3143, 0x3142,
  0x3143, 0x3143, 0x3143, 0x3143, 0x3143, 0x3122, 0x3143, 0x3164, 0x1881, 0x0000, 0x0000, 0x0000,
  0x0000, 0x0000, 0x0000, 0x0000, 0x0000, 0x0000, 0x0000, 0x0000, 0x0000, 0x0000, 0x0000, 0x0000,
  0x0000, 0x0000, 0x0000, 0x0000, 0x0000, 0x0000, 0x0000, 0x0000, 0x0000, 0x0000, 0x0000, 0x0000,
  0x0000, 0x0000, 0x0000, 0x0000, 0x0000, 0x0000, 0x0000, 0x0000, 0x0000, 0x0000, 0x0000, 0x0000,
  0x0000, 0x0000, 0x0000, 0x0000, 0x0000, 0x0000, 0x0000, 0x0000, 0x0000, 0x0000, 0x0000, 0x0000,
  0x0000, 0x0000, 0x0000, 0x0000, 0x0000, 0x0000, 0x0000, 0x0000, 0x0000, 0x0000, 0x0000, 0x0000,
  0x0000, 0x0000, 0x20E2, 0x41E5, 0x3143, 0x2922, 0x2922, 0x2922, 0x3123, 0x3123, 0x3123, 0x3123,
  0x3123, 0x3142, 0x3122, 0x3123, 0x3123, 0x2923, 0x0000, 0x0000, 0x0000, 0x0000, 0x0000, 0x0000,
  0x0000, 0x0000, 0x0000, 0x0000, 0x0000, 0x0000, 0x0000, 0x0000, 0x0000, 0x0000, 0x0000, 0x0000,
  0x0000, 0x0000, 0x0000, 0x0000, 0x0000, 0x0000, 0x0000, 0x0000, 0x0000, 0x0000, 0x0000, 0x0000,
  0x0000, 0x0000, 0x0000, 0x0000, 0x0000, 0x0000, 0x0000, 0x0000, 0x0000, 0x0000, 0x0000, 0x0000,
  0x0000, 0x0000, 0x0000, 0x0000, 0x0000, 0x0000, 0x0000, 0x0000, 0x0000, 0x0000, 0x0000, 0x0000,
  0x0000, 0x0000, 0x0000, 0x0000, 0x0000, 0x0000, 0x0000, 0x0000, 0x0000, 0x0000, 0x0000, 0x0820,
  0x4A26, 0x3163, 0x3143, 0x3143, 0x2923, 0x3123, 0x2923, 0x3123, 0x2923, 0x3123, 0x2922, 0x2922,
  0x2922, 0x2902, 0x3143, 0x0861, 0x0000, 0x0000, 0x0000, 0x0000, 0x0000, 0x0000, 0x0000, 0x0000,
  0x0000, 0x0000, 0x0000, 0x0000, 0x0000, 0x0000, 0x0000, 0x0000, 0x0000, 0x0000, 0x0000, 0x0000,
  0x0000, 0x0000, 0x0000, 0x0000, 0x0000, 0x0000, 0x0000, 0x0000, 0x0000, 0x0000, 0x0000, 0x0000,
  0x0000, 0x0000, 0x0000, 0x0000, 0x0000, 0x0000, 0x0000, 0x0000, 0x0000, 0x0000, 0x0000, 0x0000,
  0x0000, 0x0000, 0x0000, 0x0000, 0x0000, 0x0000, 0x0000, 0x0000, 0x0000, 0x0000, 0x0000, 0x0000,
  0x0000, 0x0000, 0x0000, 0x0000, 0x0000, 0x0000, 0x0000, 0x0000, 0x0000, 0x2923, 0x41C5, 0x3964,
  0x3143, 0x3163, 0x3143, 0x3163, 0x3143, 0x3143, 0x3143, 0x3143, 0x2923, 0x2923, 0x2922, 0x2923,
  0x2103, 0x0000, 0x0000, 0x0000, 0x0000, 0x0000, 0x0000, 0x0000, 0x0000, 0x0000, 0x0000, 0x0000,
  0x0000, 0x0000, 0x0000, 0x0000, 0x0000, 0x0000, 0x0000, 0x0000, 0x0000, 0x0000, 0x0000, 0x0000,
  0x0000, 0x0000, 0x0000, 0x0000, 0x0000, 0x0000, 0x0000, 0x0000, 0x0000, 0x0000, 0x0000, 0x0000,
  0x0000, 0x0000, 0x0000, 0x0000, 0x0000, 0x0000, 0x0000, 0x0000, 0x0000, 0x0000, 0x0000, 0x0000,
  0x0000, 0x0000, 0x0000, 0x0000, 0x0000, 0x0000, 0x0000, 0x0000, 0x0000, 0x0000, 0x0000, 0x0000,
  0x0000, 0x0000, 0x0000, 0x0000, 0x0000, 0x0000, 0x0020, 0x3164, 0x2923, 0x2903, 0x2923, 0x2903,
  0x2902, 0x2903, 0x2902, 0x2102, 0x2902, 0x2102, 0x2102, 0x20E2, 0x20E2, 0x2103, 0x0840, 0x0000,
  0x0000, 0x0000, 0x0000, 0x0000, 0x0000, 0x0000, 0x0000, 0x0000, 0x0000, 0x0000, 0x0000, 0x0000,
  0x0000, 0x0000, 0x0000, 0x0000, 0x0000, 0x0000, 0x0000, 0x0000, 0x0000, 0x0000, 0x0000, 0x0000,
  0x0000, 0x0000, 0x0000, 0x0000, 0x0000, 0x0000, 0x0000, 0x0000, 0x0000, 0x0000, 0x0000, 0x0000,
  0x0000, 0x0000, 0x0000, 0x0000, 0x0000, 0x0000, 0x0000, 0x0000, 0x0000, 0x0000, 0x0000, 0x0000,
  0x0000, 0x0000, 0x0000, 0x0000, 0x0000, 0x0000, 0x0000, 0x0000, 0x0000, 0x0000, 0x0000, 0x0000,
  0x0000, 0x0000, 0x0000, 0x0000, 0x0000, 0x0840, 0x0820, 0x0820, 0x0820, 0x0820, 0x0820, 0x0820,
  0x0820, 0x0820, 0x0820, 0x0820, 0x0820, 0x0020, 0x0020, 0x0840, 0x0000, 0x0000, 0x0000, 0x0000,
  0x0000, 0x0000, 0x0000, 0x0000, 0x0000, 0x0000, 0x0000, 0x0000, 0x0000, 0x0000, 0x0000, 0x0000,
  0x0000, 0x0000, 0x0000, 0x0000, 0x0000, 0x0000, 0x0000, 0x0000, 0x0000, 0x0000, 0x0000, 0x0000,
  0x0000, 0x0000, 0x0000, 0x0000, 0x0000, 0x0000, 0x0000, 0x0000, 0x0000, 0x0000, 0x0000, 0x0000,
  0x0000, 0x0000, 0x0000, 0x0000, 0x0000, 0x0000, 0x0000, 0x0000, 0x0000, 0x0000, 0x0000, 0x0000,
  0x0000, 0x0000, 0x0000, 0x0000, 0x0000, 0x0000, 0x0000, 0x0000, 0x0000, 0x0000, 0x0000, 0x0000,
  0x0000, 0x0000, 0x0000, 0x0000, 0x0000, 0x0000, 0x0000, 0x0000, 0x0000, 0x0000, 0x0000, 0x0000,
  0x0000, 0x0000, 0x0000, 0x0000, 0x0000, 0x0000, 0x0000, 0x0000, 0x0000, 0x0000, 0x0000, 0x0000,
  0x0000, 0x0000, 0x0000, 0x0000, 0x0000, 0x0000, 0x0000, 0x0000, 0x0000, 0x0000, 0x0000, 0x0000,
  0x0000, 0x0000, 0x0000, 0x0000, 0x0000, 0x0000, 0x0000, 0x0000, 0x0000, 0x0000, 0x0000, 0x0000,
  0x0000, 0x0000, 0x0000, 0x0000, 0x0000, 0x0000, 0x0000, 0x0000, 0x0000, 0x0000, 0x0000, 0x0000,
  0x0000, 0x0000, 0x0000, 0x0000, 0x0000, 0x0000, 0x0000, 0x0000, 0x0000, 0x0000, 0x0000, 0x0000,
  0x0000, 0x0000, 0x0000, 0x0000, 0x0000, 0x0000, 0x0000, 0x0000, 0x0000, 0x0000, 0x0000, 0x0000,
  0x0000, 0x0000, 0x0000, 0x0000, 0x0000, 0x0000, 0x0000, 0x0000, 0x0000, 0x0000, 0x0000, 0x0000,
  0x0000, 0x0000, 0x0000, 0x0000, 0x0000, 0x0000, 0x0000, 0x0000, 0x0000, 0x0000, 0x0000, 0x0000,
  0x0000, 0x0000, 0x0000, 0x0000, 0x0000, 0x0000, 0x0000, 0x0000, 0x0000, 0x0000, 0x0000, 0x0000,
  0x0000, 0x0000, 0x0000, 0x0000, 0x0000, 0x0000, 0x0000, 0x0000, 0x0000, 0x0000, 0x0000, 0x0000,
  0x0000, 0x0000, 0x0000, 0x0000, 0x0000, 0x0000, 0x0000, 0x0000, 0x0000, 0x0000, 0x0000, 0x0000,
  0x0000, 0x0000, 0x0000, 0x0000, 0x0000, 0x0000, 0x0000, 0x0000, 0x0000, 0x0000, 0x0000, 0x0000,
  0x0000, 0x0000, 0x0000, 0x0000, 0x0000, 0x0000, 0x0000, 0x0000, 0x0000, 0x0000, 0x0000, 0x0000,
  0x0000, 0x0000, 0x0000, 0x0000, 0x0000, 0x0000, 0x0000, 0x0000, 0x0000, 0x0000, 0x0000, 0x0000,
  0x0000, 0x0000, 0x0000, 0x0000, 0x0000, 0x0000, 0x0000, 0x0000, 0x0000, 0x0000, 0x0000, 0x0000,
  0x0000, 0x0000, 0x0000, 0x0000, 0x0000, 0x0000, 0x0000, 0x0000, 0x0000, 0x0000, 0x0000, 0x0000,
  0x0000, 0x0000, 0x0000, 0x0000, 0x0000, 0x0000, 0x0000, 0x0000, 0x0000, 0x0000, 0x0000, 0x0000,
  0x0000, 0x0000, 0x0000, 0x0000, 0x0000, 0x0000, 0x0000, 0x0000, 0x0000, 0x0000, 0x0000, 0x0000,
  0x0000, 0x0000, 0x0000, 0x0000, 0x0000, 0x0000, 0x0000, 0x0000, 0x0000, 0x0000, 0x0000, 0x0000,
  0x0000, 0x0000, 0x0000, 0x0000, 0x0000, 0x0000, 0x0000, 0x0000, 0x0000, 0x0000, 0x0000, 0x0000,
  0x0000, 0x0000, 0x0000, 0x0000, 0x0000, 0x0000, 0x0000, 0x0000, 0x0000, 0x0000, 0x0000, 0x0000,
  0x0000, 0x0000, 0x0000, 0x0000, 0x0000, 0x0000, 0x0000, 0x0000, 0x0000, 0x0000, 0x0000, 0x0000,
  0x0000, 0x0000, 0x0000, 0x0000, 0x0000, 0x0000, 0x0000, 0x0000, 0x0000, 0x0000, 0x0000, 0x0000,
  0x0000, 0x0000, 0x0000, 0x0000, 0x0000, 0x0000, 0x0000, 0x0000, 0x0000, 0x0000, 0x0000, 0x0000,
  0x0000, 0x0000, 0x0000, 0x0000, 0x0000, 0x0000, 0x0000, 0x0000, 0x0000, 0x0000, 0x0000, 0x0000,
  0x0000, 0x0000, 0x0000, 0x0000, 0x0000, 0x0000, 0x0000, 0x0000, 0x0000, 0x0000, 0x0000, 0x0000,
  0x0000, 0x0000, 0x0000, 0x0000, 0x0000, 0x0000, 0x0000, 0x0000, 0x0000, 0x0000, 0x0000, 0x0000,
  0x0000, 0x0000, 0x0000, 0x0000, 0x0000, 0x0000, 0x0000, 0x0000, 0x0000, 0x0000, 0x0000, 0x0000,
  0x0000, 0x0000, 0x0000, 0x0000, 0x0000, 0x0000, 0x0000, 0x0000, 0x0000, 0x0000, 0x0000, 0x0000,
  0x0000, 0x0000, 0x0000, 0x0000, 0x0000, 0x0000, 0x0000, 0x0000, 0x0000, 0x0000, 0x0000, 0x0000,
  0x0000, 0x0000, 0x0000, 0x0000, 0x0000, 0x0000, 0x0000, 0x0000, 0x0000, 0x0000, 0x0000, 0x0000,
  0x0000, 0x0000, 0x0000, 0x0000, 0x0000, 0x0000, 0x0000, 0x0000, 0x0000, 0x0000, 0x0000, 0x0000,
  0x0000, 0x0000, 0x0000, 0x0000, 0x0000, 0x0000, 0x0000, 0x0000, 0x0000, 0x0000, 0x0000, 0x0000,
  0x0000, 0x0000, 0x0000, 0x0000, 0x0000, 0x0000, 0x0000, 0x0000, 0x0000, 0x0000, 0x0000, 0x0000,
  0x0000, 0x0000, 0x0000, 0x0000, 0x0000, 0x0000, 0x0000, 0x0000, 0x0000, 0x0000, 0x0000, 0x0000,
  0x0000, 0x0000, 0x0000, 0x0000, 0x0000, 0x0000, 0x0000, 0x0000, 0x0000, 0x0000, 0x0000, 0x0000,
  0x0000, 0x0000, 0x0000, 0x0000, 0x0000, 0x0000, 0x0000, 0x0000, 0x0000, 0x0000, 0x0000, 0x0000,
  0x0000, 0x0000, 0x0000, 0x0000, 0x0000, 0x0000, 0x0000, 0x0000, 0x0000, 0x0000, 0x0000, 0x0000,
  0x0000, 0x0000, 0x0000, 0x0000, 0x0000, 0x0000, 0x0000, 0x0000, 0x0000, 0x0000, 0x0000, 0x0000,
  0x0000, 0x0000, 0x0000, 0x0000, 0x0000, 0x0000, 0x0000, 0x0000, 0x0000, 0x0000, 0x0000, 0x0000,
  0x0000, 0x0000, 0x0000, 0x0000, 0x0000, 0x0000, 0x0000, 0x0000, 0x0000, 0x0000, 0x0000, 0x0000,
  0x0000, 0x0000, 0x0000, 0x0000, 0x0000, 0x0000, 0x0000, 0x0000, 0x0000, 0x0000, 0x0000, 0x0000,
  0x0000, 0x0000, 0x0000, 0x0000, 0x0000, 0x0000, 0x0000, 0x0000, 0x0000, 0x0000, 0x0000, 0x0000,
  0x0000, 0x0000, 0x0000, 0x0000, 0x0000, 0x0000, 0x0000, 0x0000, 0x0000, 0x0000, 0x0000, 0x0000,
  0x0000, 0x0000, 0x0000, 0x0000, 0x0000, 0x0000, 0x0000, 0x0000, 0x0000, 0x0000, 0x0000, 0x0000,
  0x0000, 0x0000, 0x0000, 0x0000, 0x0000, 0x0000, 0x0000, 0x0000, 0x0000, 0x0000, 0x0000, 0x0000,
  0x0000, 0x0000, 0x0000, 0x0000, 0x0000, 0x0000, 0x0000, 0x0000, 0x0000, 0x0000, 0x0000, 0x0000,
  0x0000, 0x0000, 0x0000, 0x0000, 0x0000, 0x0000, 0x0000, 0x0000, 0x0000, 0x0000, 0x0000, 0x0000,
  0x0000, 0x0000, 0x0000, 0x0000, 0x0000, 0x0000, 0x0000, 0x0000, 0x0000, 0x0000, 0x0000, 0x0000,
  0x0000, 0x0000, 0x0000, 0x0000, 0x0000, 0x0000, 0x0000, 0x0000, 0x0000, 0x0000, 0x0000, 0x0000,
  0x0000, 0x0000, 0x0000, 0x0000, 0x0000, 0x0000, 0x0000, 0x0000, 0x0000, 0x0000, 0x0000, 0x0000,
  0x0000, 0x0000, 0x0000, 0x0000, 0x0000, 0x0000, 0x0000, 0x0000, 0x0000, 0x0000, 0x0000, 0x0000,
  0x0000, 0x0000, 0x0000, 0x0000, 0x0000, 0x0000, 0x0000, 0x0000, 0x0000, 0x0000, 0x0000, 0x0000
};
const int img_7_width  = 82;
const int img_7_height = 114;

// img_8  93 x 114  (RGB565)
const uint16_t img_8[] PROGMEM = {
  0x0000, 0x0000, 0x0000, 0x0000, 0x0000, 0x0000, 0x0000, 0x0000, 0x0000, 0x0000, 0x0000, 0x0000,
  0x0000, 0x0000, 0x0000, 0x0000, 0x0000, 0x0000, 0x0000, 0x0000, 0x0000, 0x0000, 0x0000, 0x0000,
  0x0000, 0x0000, 0x0000, 0x0000, 0x0000, 0x0000, 0x0000, 0x0000, 0x0000, 0x0000, 0x0000, 0x0000,
  0x0000, 0x0000, 0x0000, 0x0000, 0x0000, 0x0000, 0x0000, 0x0000, 0x0000, 0x0000, 0x0000, 0x0000,
  0x0000, 0x0000, 0x0000, 0x0000, 0x0000, 0x0000, 0x0000, 0x0000, 0x0000, 0x0000, 0x0000, 0x0000,
  0x0000, 0x0000, 0x0000, 0x0000, 0x0000, 0x0000, 0x0000, 0x0000, 0x0000, 0x0000, 0x0000, 0x0000,
  0x0000, 0x0000, 0x0000, 0x0000, 0x0000, 0x0000, 0x0000, 0x0000, 0x0000, 0x0000, 0x0000, 0x0000,
  0x0000, 0x0000, 0x0000, 0x0000, 0x0000, 0x0000, 0x0000, 0x0000, 0x0000, 0x0000, 0x0000, 0x0000,
  0x0000, 0x0000, 0x0000, 0x0000, 0x0000, 0x0000, 0x0000, 0x0000, 0x0000, 0x0000, 0x0000, 0x0000,
  0x0000, 0x0000, 0x0000, 0x0000, 0x0000, 0x0000, 0x0000, 0x0000, 0x0000, 0x0000, 0x0000, 0x0000,
  0x0000, 0x0000, 0x0000, 0x0000, 0x0000, 0x0000, 0x0000, 0x0000, 0x0000, 0x0000, 0x0000, 0x0000,
  0x0000, 0x0000, 0x0000, 0x0000, 0x0000, 0x0000, 0x0000, 0x0000, 0x0000, 0x0000, 0x0000, 0x0000,
  0x0000, 0x0000, 0x0000, 0x0000, 0x0000, 0x0000, 0x0000, 0x0000, 0x0000, 0x0000, 0x0000, 0x0000,
  0x0000, 0x0000, 0x0000, 0x0000, 0x0000, 0x0000, 0x0000, 0x0000, 0x0000, 0x0000, 0x0000, 0x0000,
  0x0000, 0x0000, 0x0000, 0x0000, 0x0000, 0x0000, 0x0000, 0x0000, 0x0000, 0x0000, 0x0000, 0x0000,
  0x0000, 0x0000, 0x0000, 0x0000, 0x0000, 0x0000, 0x0000, 0x0000, 0x0000, 0x0000, 0x0000, 0x0000,
  0x0000, 0x0000, 0x0000, 0x0000, 0x0000, 0x0000, 0x0000, 0x0000, 0x0000, 0x0000, 0x0000, 0x0000,
  0x0000, 0x0000, 0x0000, 0x0000, 0x0000, 0x0000, 0x0000, 0x0000, 0x0000, 0x0000, 0x0000, 0x0000,
  0x0000, 0x0000, 0x0000, 0x0000, 0x0000, 0x0000, 0x0000, 0x0000, 0x0000, 0x0000, 0x0000, 0x0000,
  0x0000, 0x0000, 0x0000, 0x0000, 0x0000, 0x0000, 0x0000, 0x0000, 0x0000, 0x0000, 0x0000, 0x0000,
  0x0000, 0x0000, 0x0000, 0x0000, 0x0000, 0x0000, 0x0000, 0x0000, 0x0000, 0x0000, 0x0000, 0x0000,
  0x0000, 0x0000, 0x0000, 0x0000, 0x0000, 0x0000, 0x0000, 0x0000, 0x0000, 0x0000, 0x0000, 0x0000,
  0x0000, 0x0000, 0x0000, 0x0000, 0x0000, 0x0000, 0x0000, 0x0000, 0x0000, 0x0000, 0x0000, 0x0000,
  0x0000, 0x0000, 0x0000, 0x0000, 0x0000, 0x0000, 0x0000, 0x0000, 0x0000, 0x0000, 0x0000, 0x0000,
  0x0000, 0x0000, 0x0000, 0x0000, 0x0000, 0x0000, 0x0000, 0x0000, 0x0000, 0x0000, 0x0000, 0x0000,
  0x0000, 0x0000, 0x0000, 0x0000, 0x0000, 0x0000, 0x0000, 0x0000, 0x0000, 0x0000, 0x0000, 0x0000,
  0x0000, 0x0000, 0x0000, 0x0000, 0x0000, 0x0000, 0x0000, 0x0000, 0x0000, 0x0000, 0x0000, 0x0000,
  0x0000, 0x0000, 0x0000, 0x0000, 0x0000, 0x0000, 0x0000, 0x0000, 0x0000, 0x0000, 0x0000, 0x0000,
  0x0000, 0x0000, 0x0000, 0x0000, 0x0000, 0x0000, 0x0000, 0x0000, 0x0000, 0x0000, 0x0000, 0x0000,
  0x0000, 0x0000, 0x0000, 0x0000, 0x0000, 0x0000, 0x0000, 0x0000, 0x0000, 0x0000, 0x0000, 0x0000,
  0x0000, 0x0000, 0x0000, 0x0000, 0x0000, 0x0000, 0x0000, 0x0000, 0x0000, 0x0000, 0x0000, 0x0000,
  0x0000, 0x0000, 0x0000, 0x0000, 0x0000, 0x0000, 0x0000, 0x0000, 0x0000, 0x0000, 0x0000, 0x0000,
  0x0000, 0x0000, 0x0000, 0x0000, 0x0000, 0x0000, 0x0000, 0x0000, 0x0000, 0x0000, 0x0000, 0x0000,
  0x0000, 0x0000, 0x0000, 0x0000, 0x0000, 0x0000, 0x0000, 0x0000, 0x0000, 0x0000, 0x0000, 0x0000,
  0x0000, 0x0000, 0x0000, 0x0000, 0x0000, 0x0000, 0x0000, 0x0000, 0x0000, 0x0000, 0x0000, 0x0000,
  0x0000, 0x0000, 0x0000, 0x0000, 0x0000, 0x0000, 0x0000, 0x0000, 0x0000, 0x0000, 0x0000, 0x0000,
  0x0000, 0x0000, 0x0000, 0x0000, 0x0000, 0x0000, 0x0000, 0x0000, 0x0000, 0x0000, 0x0000, 0x0000,
  0x0000, 0x0000, 0x0000, 0x0000, 0x0000, 0x0000, 0x0000, 0x0000, 0x0000, 0x0000, 0x0000, 0x0000,
  0x0000, 0x0000, 0x0000, 0x0000, 0x0000, 0x0000, 0x0000, 0x0000, 0x0000, 0x0000, 0x0000, 0x0000,
  0x0000, 0x0000, 0x0000, 0x0000, 0x0000, 0x0000, 0x0000, 0x0000, 0x0000, 0x0000, 0x0000, 0x0000,
  0x0000, 0x0000, 0x0000, 0x0000, 0x0000, 0x0000, 0x0000, 0x0000, 0x0000, 0x0000, 0x0000, 0x0000,
  0x0000, 0x0000, 0x0000, 0x0000, 0x0000, 0x0000, 0x0000, 0x0000, 0x0000, 0x0000, 0x0000, 0x0000,
  0x0000, 0x0000, 0x0000, 0x0000, 0x0000, 0x0000, 0x0000, 0x0000, 0x0000, 0x0000, 0x0000, 0x0000,
  0x0000, 0x0000, 0x0000, 0x0000, 0x0000, 0x0000, 0x0000, 0x0000, 0x0000, 0x0000, 0x0000, 0x0000,
  0x0000, 0x0000, 0x0000, 0x0000, 0x0000, 0x0000, 0x0000, 0x0000, 0x0000, 0x0000, 0x0000, 0x0000,
  0x0000, 0x0000, 0x0000, 0x0000, 0x0000, 0x0000, 0x0000, 0x0000, 0x0000, 0x0000, 0x0000, 0x0000,
  0x0000, 0x0000, 0x0000, 0x0000, 0x0000, 0x0000, 0x0000, 0x0000, 0x0000, 0x0000, 0x0000, 0x0000,
  0x0000, 0x0000, 0x0000, 0x0000, 0x0000, 0x0000, 0x0000, 0x0000, 0x0000, 0x0000, 0x0000, 0x0000,
  0x0000, 0x0000, 0x0000, 0x0000, 0x0000, 0x0000, 0x0000, 0x0000, 0x0000, 0x0000, 0x0000, 0x0000,
  0x0000, 0x0000, 0x0000, 0x0000, 0x0000, 0x0000, 0x0000, 0x0000, 0x0000, 0x0000, 0x0000, 0x0000,
  0x0000, 0x0000, 0x0000, 0x0000, 0x0000, 0x0000, 0x0000, 0x0000, 0x0000, 0x0000, 0x0000, 0x0000,
  0x0000, 0x0000, 0x0000, 0x0000, 0x0000, 0x0000, 0x0000, 0x0000, 0x0000, 0x0000, 0x0000, 0x0000,
  0x0000, 0x0000, 0x0000, 0x0000, 0x0000, 0x0000, 0x0000, 0x0000, 0x0000, 0x0000, 0x0000, 0x0000,
  0x0000, 0x0000, 0x0000, 0x0000, 0x0000, 0x0000, 0x0000, 0x0000, 0x0000, 0x0000, 0x0000, 0x0000,
  0x0000, 0x0000, 0x0000, 0x0000, 0x0000, 0x0000, 0x0000, 0x0000, 0x0000, 0x0000, 0x0000, 0x0000,
  0x0000, 0x0000, 0x0000, 0x0000, 0x0000, 0x0000, 0x0000, 0x0000, 0x0000, 0x0000, 0x0000, 0x0000,
  0x0000, 0x0000, 0x0000, 0x0000, 0x0000, 0x0000, 0x0000, 0x0000, 0x0000, 0x0000, 0x0000, 0x0000,
  0x0000, 0x0000, 0x0000, 0x0000, 0x0000, 0x0000, 0x0000, 0x0000, 0x0000, 0x0020, 0x0020, 0x0020,
  0x0020, 0x0020, 0x0020, 0x0020, 0x0020, 0x0020, 0x0020, 0x0020, 0x0020, 0x0020, 0x0020, 0x0020,
  0x0020, 0x0020, 0x0020, 0x0020, 0x0020, 0x0020, 0x0020, 0x0020, 0x0020, 0x0020, 0x0020, 0x0020,
  0x0020, 0x0020, 0x0000, 0x0000, 0x0000, 0x0000, 0x0000, 0x0000, 0x0000, 0x0000, 0x0000, 0x0000,
  0x0000, 0x0000, 0x0000, 0x0000, 0x0000, 0x0000, 0x0000, 0x0000, 0x0000, 0x0000, 0x0000, 0x0000,
  0x0000, 0x0000, 0x0000, 0x0000, 0x0000, 0x0000, 0x0000, 0x0000, 0x0000, 0x0000, 0x0000, 0x0000,
  0x0000, 0x0000, 0x0000, 0x0000, 0x0000, 0x0000, 0x0000, 0x0000, 0x0000, 0x0000, 0x0000, 0x0000,
  0x0000, 0x0000, 0x0000, 0x0000, 0x0000, 0x0000, 0x0000, 0x0000, 0x0000, 0x0000, 0x0000, 0x0000,
  0x0000, 0x0020, 0x0020, 0x0820, 0x20E3, 0x3185, 0x4A48, 0x62EB, 0x6B4C, 0x6B4C, 0x6B4C, 0x6B6C,
  0x6B6C, 0x6B6C, 0x6B6C, 0x6B4C, 0x6B6C, 0x6B6C, 0x6B6C, 0x6B6C, 0x6B6C, 0x6B6C, 0x6B6C, 0x6B6C,
  0x736C, 0x6B6C, 0x6B6C, 0x6B6C, 0x6B4C, 0x6B4C, 0x6B4C, 0x6B6C, 0x6B6C, 0x6B4C, 0x5ACA, 0x4207,
  0x2944, 0x0841, 0x0020, 0x0020, 0x0000, 0x0000, 0x0000, 0x0000, 0x0000, 0x0000, 0x0000, 0x0000,
  0x0000, 0x0000, 0x0000, 0x0000, 0x0000, 0x0000, 0x0000, 0x0000, 0x0000, 0x0000, 0x0000, 0x0000,
  0x0000, 0x0000, 0x0000, 0x0000, 0x0000, 0x0000, 0x0000, 0x0000, 0x0000, 0x0000, 0x0000, 0x0000,
  0x0000, 0x0000, 0x0000, 0x0000, 0x0000, 0x0000, 0x0000, 0x0000, 0x0000, 0x0000, 0x0000, 0x0000,
  0x0000, 0x0000, 0x0000, 0x0000, 0x0000, 0x0000, 0x0000, 0x0000, 0x0020, 0x18E3, 0x4A27, 0x630B,
  0x6B4C, 0x9CB0, 0xB573, 0xCE15, 0xE6D8, 0xEEF8, 0xE6F8, 0xEEF9, 0xEF19, 0xEF19, 0xEF19, 0xEF19,
  0xEF19, 0xEF19, 0xEF19, 0xEF19, 0xEF3A, 0xEF19, 0xEF19, 0xEF19, 0xEF19, 0xEF19, 0xEF19, 0xEF19,
  0xEF19, 0xEF19, 0xEEF9, 0xEEF9, 0xEEF9, 0xEF19, 0xEF19, 0xE6B8, 0xC5F5, 0xAD32, 0x738C, 0x6B4C,
  0x4228, 0x18E3, 0x0020, 0x0000, 0x0000, 0x0000, 0x0000, 0x0000, 0x0000, 0x0000, 0x0000, 0x0000,
  0x0000, 0x0000, 0x0000, 0x0000, 0x0000, 0x0000, 0x0000, 0x0000, 0x0000, 0x0000, 0x0000, 0x0000,
  0x0000, 0x0000, 0x0000, 0x0000, 0x0000, 0x0000, 0x0000, 0x0000, 0x0000, 0x0000, 0x0000, 0x0000,
  0x0000, 0x0000, 0x0000, 0x0000, 0x0000, 0x0000, 0x0000, 0x0000, 0x0000, 0x0000, 0x0000, 0x0000,
  0x0000, 0x0000, 0x0000, 0x0840, 0x39A6, 0x630B, 0x9C90, 0xCE16, 0xEF19, 0xEF19, 0xDE97, 0xD655,
  0xCE14, 0xCDF3, 0xC5D3, 0xC5B3, 0xC5D3, 0xC5D3, 0xC5D3, 0xCDF4, 0xC5D3, 0xCDF4, 0xCDD4, 0xCDF4,
  0xCDF4, 0xCDF4, 0xCDF4, 0xCDF4, 0xCDF4, 0xCDF4, 0xCDF4, 0xCDD4, 0xCDF4, 0xCDD4, 0xCDD3, 0xC5D3,
  0xC5B3, 0xC5B3, 0xC5D3, 0xCDD3, 0xC5D3, 0xCDF4, 0xD635, 0xE6B8, 0xEEF9, 0xC5F6, 0x9470, 0x632B,
  0x2124, 0x0840, 0x0000, 0x0000, 0x0000, 0x0000, 0x0000, 0x0000, 0x0000, 0x0000, 0x0000, 0x0000,
  0x0000, 0x0000, 0x0000, 0x0000, 0x0000, 0x0000, 0x0000, 0x0000, 0x0000, 0x0000, 0x0000, 0x0000,
  0x0000, 0x0000, 0x0000, 0x0000, 0x0000, 0x0000, 0x0000, 0x0000, 0x0000, 0x0000, 0x0000, 0x0000,
  0x0000, 0x0000, 0x0000, 0x0000, 0x0000, 0x0000, 0x0000, 0x0000, 0x0000, 0x0000, 0x0020, 0x39C6,
  0x6B4C, 0xB594, 0xE6F9, 0xE6D8, 0xDE76, 0xD634, 0xCE14, 0xC5D3, 0xC592, 0xBD71, 0xBD71, 0xBD50,
  0xBD51, 0xBD71, 0xBD71, 0xBD50, 0xBD71, 0xBD50, 0xBD51, 0xBD51, 0xBD71, 0xBD51, 0xBD71, 0xBD51,
  0xBD51, 0xBD51, 0xBD51, 0xBD51, 0xBD50, 0xBD51, 0xBD51, 0xBD30, 0xBD30, 0xBD30, 0xBD30, 0xB510,
  0xB510, 0xB510, 0xB530, 0xBD51, 0xC5B3, 0xC5D3, 0xCDF4, 0xDE77, 0xE6D9, 0xAD13, 0x6B2C, 0x2103,
  0x0020, 0x0000, 0x0000, 0x0000, 0x0000, 0x0000, 0x0000, 0x0000, 0x0000, 0x0000, 0x0000, 0x0000,
  0x0000, 0x0000, 0x0000, 0x0000, 0x0000, 0x0000, 0x0000, 0x0000, 0x0000, 0x0000, 0x0000, 0x0000,
  0x0000, 0x0000, 0x0000, 0x0000, 0x0000, 0x0000, 0x0000, 0x0000, 0x0000, 0x0000, 0x0000, 0x0000,
  0x0000, 0x0000, 0x0000, 0x0000, 0x0000, 0x0000, 0x2124, 0x5ACA, 0xBDB4, 0xE6D8, 0xD676, 0xD635,
  0xCDF4, 0xCDD2, 0xC5B2, 0xC5B1, 0xC591, 0xC591, 0xC591, 0xBD70, 0xC571, 0xC571, 0xC571, 0xBD70,
  0xBD70, 0xBD70, 0xBD50, 0xBD70, 0xBD70, 0xBD70, 0xBD50, 0xBD50, 0xBD50, 0xBD50, 0xBD50, 0xBD50,
  0xBD50, 0xBD50, 0xBD50, 0xBD50, 0xBD30, 0xBD30, 0xBD50, 0xBD30, 0xBD30, 0xBD30, 0xBD30, 0xBD30,
  0xBD50, 0xBD50, 0xB530, 0xBD51, 0xC5B3, 0xCDF4, 0xDE77, 0xE6D9, 0xA4F2, 0x4228, 0x0841, 0x0000,
  0x0000, 0x0000, 0x0000, 0x0000, 0x0000, 0x0000, 0x0000, 0x0000, 0x0000, 0x0000, 0x0000, 0x0000,
  0x0000, 0x0000, 0x0000, 0x0000, 0x0000, 0x0000, 0x0000, 0x0000, 0x0000, 0x0000, 0x0000, 0x0000,
  0x0000, 0x0000, 0x0000, 0x0000, 0x0000, 0x0000, 0x0000, 0x0000, 0x0000, 0x0000, 0x0000, 0x0000,
  0x0000, 0x0020, 0x41E6, 0x9CB0, 0xDE97, 0xDE55, 0xCDF4, 0xC592, 0xC592, 0xC591, 0xC5B1, 0xC5B1,
  0xC5B1, 0xC591, 0xC591, 0xC571, 0xC570, 0xC570, 0xC570, 0xC570, 0xC570, 0xC570, 0xC570, 0xC570,
  0xC570, 0xBD50, 0xBD50, 0xBD50, 0xBD50, 0xBD50, 0xBD50, 0xBD50, 0xBD50, 0xBD50, 0xBD30, 0xBD50,
  0xBD50, 0xC570, 0xBD50, 0xBD50, 0xBD50, 0xBD4F, 0xBD30, 0xBD30, 0xBD30, 0xBD30, 0xBD50, 0xBD50,
  0xBD70, 0xBD50, 0xBD51, 0xC592, 0xCE15, 0xEF19, 0xCE37, 0x5ACA, 0x0841, 0x0000, 0x0000, 0x0000,
  0x0000, 0x0000, 0x0000, 0x0000, 0x0000, 0x0000, 0x0000, 0x0000, 0x0000, 0x0000, 0x0000, 0x0000,
  0x0000, 0x0000, 0x0000, 0x0000, 0x0000, 0x0000, 0x0000, 0x0000, 0x0000, 0x0000, 0x0000, 0x0000,
  0x0000, 0x0000, 0x0000, 0x0000, 0x0000, 0x0000, 0x0000, 0x0000, 0x0000, 0x1081, 0x5288, 0xBD93,
  0xDE76, 0xCDF3, 0xBD71, 0xBD71, 0xBD71, 0xC591, 0xC591, 0xC591, 0xC591, 0xCDB1, 0xC591, 0xC591,
  0xC571, 0xC571, 0xC571, 0xC571, 0xC570, 0xC570, 0xC570, 0xC570, 0xC570, 0xBD50, 0xBD50, 0xBD50,
  0xBD50, 0xBD4F, 0xBD4F, 0xBD50, 0xBD4F, 0xBD2F, 0xBD50, 0xBD30, 0xBD50, 0xBD50, 0xC570, 0xBD50,
  0xBD50, 0xBD50, 0xBD50, 0xC550, 0xC550, 0xBD30, 0xBD30, 0xBD50, 0xC550, 0xBD50, 0xBD50, 0xBD70,
  0xBD51, 0xB551, 0xCDF4, 0xE6D8, 0xDE98, 0x5AEA, 0x0020, 0x0000, 0x0000, 0x0000, 0x0000, 0x0000,
  0x0000, 0x0000, 0x0000, 0x0000, 0x0000, 0x0000, 0x0000, 0x0000, 0x0000, 0x0000, 0x0000, 0x0000,
  0x0000, 0x0000, 0x0000, 0x0000, 0x0000, 0x0000, 0x0000, 0x0000, 0x0000, 0x0000, 0x0000, 0x0000,
  0x0000, 0x0000, 0x0000, 0x0000, 0x0000, 0x18A2, 0x7B8C, 0xD635, 0xD634, 0xC5B2, 0xBD71, 0xC571,
  0xC570, 0xC570, 0xC570, 0xC591, 0xC571, 0xC590, 0xC591, 0xC590, 0xC591, 0xC571, 0xC590, 0xC570,
  0xC590, 0xC591, 0xC570, 0xC570, 0xC570, 0xC570, 0xBD50, 0xBD50, 0xBD50, 0xBD50, 0xBD4F, 0xBD4F,
  0xBD4F, 0xBD4F, 0xBD2F, 0xBD50, 0xC550, 0xBD50, 0xBD50, 0xC570, 0xBD50, 0xBD50, 0xC570, 0xBD4F,
  0xC54F, 0xC54F, 0xBD30, 0xBD2F, 0xBD30, 0xBD50, 0xBD4F, 0xBD50, 0xC570, 0xBD50, 0xBD50, 0xB551,
  0xC5B3, 0xE6B7, 0xDEB8, 0x4207, 0x0000, 0x0000, 0x0000, 0x0000, 0x0000, 0x0000, 0x0000, 0x0000,
  0x0000, 0x0000, 0x0000, 0x0000, 0x0000, 0x0000, 0x0000, 0x0000, 0x0000, 0x0000, 0x0000, 0x0000,
  0x0000, 0x0000, 0x0000, 0x0000, 0x0000, 0x0000, 0x0000, 0x0000, 0x0000, 0x0000, 0x0000, 0x0000,
  0x0000, 0x18A2, 0x7BCD, 0xDE76, 0xD614, 0xC571, 0xBD70, 0xC570, 0xC570, 0xC570, 0xC570, 0xC570,
  0xC590, 0xC570, 0xC570, 0xC590, 0xC590, 0xC591, 0xC571, 0xC590, 0xC570, 0xC590, 0xC590, 0xC591,
  0xC570, 0xC570, 0xC570, 0xBD50, 0xBD50, 0xBD50, 0xBD50, 0xBD4F, 0xBD4F, 0xBD4F, 0xBD2F, 0xBD2F,
  0xBD2F, 0xC550, 0xBD2F, 0xBD50, 0xC570, 0xBD50, 0xBD4F, 0xBD50, 0xBD4F, 0xBD2F, 0xBD2F, 0xBD50,
  0xBD2F, 0xBD30, 0xBD30, 0xBD4F, 0xBD4F, 0xBD50, 0xBD50, 0xBD50, 0xBD30, 0xB530, 0xBD72, 0xDE97,
  0xBDD5, 0x1081, 0x0000, 0x0000, 0x0000, 0x0000, 0x0000, 0x0000, 0x0000, 0x0000, 0x0000, 0x0000,
  0x0000, 0x0000, 0x0000, 0x0000, 0x0000, 0x0000, 0x0000, 0x0000, 0x0000, 0x0000, 0x0000, 0x0000,
  0x0000, 0x0000, 0x0000, 0x0000, 0x0000, 0x0000, 0x0000, 0x0000, 0x0000, 0x0861, 0x7BAC, 0xDE76,
  0xD634, 0xBD71, 0xC570, 0xBD50, 0xC550, 0xC570, 0xC570, 0xC570, 0xC570, 0xC570, 0xC570, 0xC570,
  0xC570, 0xC570, 0xC590, 0xC590, 0xC590, 0xC570, 0xC590, 0xC570, 0xC570, 0xC570, 0xBD50, 0xBD50,
  0xBD4F, 0xBD4F, 0xBD4F, 0xBD4F, 0xBD50, 0xBD4F, 0xBD50, 0xBD2F, 0xBD4F, 0xBD4F, 0xC550, 0xBD50,
  0xBD50, 0xC550, 0xBD50, 0xBD2F, 0xBD4F, 0xBD4F, 0xBD2F, 0xBD2F, 0xBD4F, 0xBD4F, 0xBD2F, 0xBD2F,
  0xBD2F, 0xBD4F, 0xBD2F, 0xBD4F, 0xBD4F, 0xB50F, 0xB50F, 0xB50F, 0xBD72, 0xEEF8, 0x630A, 0x0020,
  0x0000, 0x0000, 0x0000, 0x0000, 0x0000, 0x0000, 0x0000, 0x0000, 0x0000, 0x0000, 0x0000, 0x0000,
  0x0000, 0x0000, 0x0000, 0x0000, 0x0000, 0x0000, 0x0000, 0x0000, 0x0000, 0x0000, 0x0000, 0x0000,
  0x0000, 0x0000, 0x0000, 0x0000, 0x0000, 0x0000, 0x5AA9, 0xD656, 0xCDF3, 0xBD71, 0xBD50, 0xBD50,
  0xBD50, 0xBD50, 0xBD50, 0xC550, 0xBD4F, 0xBD50, 0xBD50, 0xBD50, 0xBD50, 0xC570, 0xBD50, 0xC570,
  0xC570, 0xC570, 0xC570, 0xC570, 0xC570, 0xC570, 0xC570, 0xBD50, 0xBD50, 0xBD4F, 0xBD4F, 0xBD50,
  0xBD4F, 0xBD50, 0xBD2F, 0xBD50, 0xBD50, 0xBD4F, 0xBD4F, 0xBD30, 0xC550, 0xBD30, 0xBD30, 0xBD2F,
  0xBD4F, 0xBD4F, 0xBD2F, 0xBD2F, 0xBD2F, 0xBD2F, 0xB50F, 0xB52F, 0xBD2F, 0xBD2F, 0xBD2F, 0xB52F,
  0xB52F, 0xB50F, 0xB50F, 0xB50F, 0xB50F, 0xB50F, 0xCDD3, 0xDE77, 0x2924, 0x0000, 0x0000, 0x0000,
  0x0000, 0x0000, 0x0000, 0x0000, 0x0000, 0x0000, 0x0000, 0x0000, 0x0000, 0x0000, 0x0000, 0x0000,
  0x0000, 0x0000, 0x0000, 0x0000, 0x0000, 0x0000, 0x0000, 0x0000, 0x0000, 0x0000, 0x0000, 0x0000,
  0x0000, 0x0000, 0x2944, 0xBD93, 0xCDF3, 0xBD50, 0xBD50, 0xBD30, 0xBD30, 0xBD2F, 0xBD2F, 0xBD2F,
  0xBD50, 0xBD2F, 0xBD4F, 0xBD50, 0xBD4F, 0xBD50, 0xBD50, 0xBD4F, 0xC570, 0xC570, 0xC570, 0xC570,
  0xC570, 0xC570, 0xBD50, 0xC570, 0xC570, 0xBD4F, 0xBD4F, 0xBD4F, 0xBD4F, 0xBD4F, 0xBD4F, 0xBD4F,
  0xBD50, 0xC570, 0xBD50, 0xBD50, 0xC570, 0xBD50, 0xBD50, 0xBD50, 0xBD4F, 0xBD4F, 0xBD2F, 0xB52F,
  0xBD2F, 0xBD2F, 0xB52F, 0xB50F, 0xB52F, 0xB50F, 0xBD2F, 0xB50F, 0xB50F, 0xBD2F, 0xB50F, 0xB50F,
  0xB50F, 0xB50F, 0xB50F, 0xB530, 0xE6B7, 0x7BCD, 0x0020, 0x0000, 0x0000, 0x0000, 0x0000, 0x0000,
  0x0000, 0x0000, 0x0000, 0x0000, 0x0000, 0x0000, 0x0000, 0x0000, 0x0000, 0x0000, 0x0000, 0x0000,
  0x0000, 0x0000, 0x0000, 0x0000, 0x0000, 0x0000, 0x0000, 0x0000, 0x0000, 0x0000, 0x1061, 0x9C6F,
  0xCDD3, 0xB530, 0xB52F, 0xBD2F, 0xBD2F, 0xBD2F, 0xBD2F, 0xBD2F, 0xBD2F, 0xC54F, 0xBD2F, 0xBD4F,
  0xBD4F, 0xBD4F, 0xBD4F, 0xBD50, 0xBD4F, 0xBD50, 0xBD50, 0xBD50, 0xBD50, 0xBD50, 0xBD50, 0xBD50,
  0xBD50, 0xBD50, 0xBD4F, 0xBD4F, 0xBD50, 0xBD2F, 0xBD2F, 0xBD2F, 0xBD50, 0xBD50, 0xBD70, 0xBD50,
  0xBD50, 0xBD70, 0xBD70, 0xBD50, 0xBD50, 0xBD50, 0xBD2F, 0xBD4F, 0xB50F, 0xBD2F, 0xBD2F, 0xB50F,
  0xB50F, 0xB50F, 0xB50F, 0xB50F, 0xB50F, 0xBD2F, 0xBD2F, 0xB50F, 0xBD2F, 0xBD2F, 0xB52F, 0xBD2F,
  0xB550, 0xC5B3, 0xD656, 0x0861, 0x0000, 0x0000, 0x0000, 0x0000, 0x0000, 0x0000, 0x0000, 0x0000,
  0x0000, 0x0000, 0x0000, 0x0000, 0x0000, 0x0000, 0x0000, 0x0000, 0x0000, 0x0000, 0x0000, 0x0000,
  0x0000, 0x0000, 0x0000, 0x0000, 0x0000, 0x0000, 0x0000, 0x5268, 0xC5D3, 0xBD50, 0xB50F, 0xB52F,
  0xBD2F, 0xBD2F, 0xBD2F, 0xBD2F, 0xBD2F, 0xBD4F, 0xBD2F, 0xBD2F, 0xBD4F, 0xBD4F, 0xBD50, 0xBD50,
  0xBD50, 0xBD50, 0xBD50, 0xBD50, 0xBD50, 0xBD50, 0xBD70, 0xBD70, 0xBD70, 0xBD70, 0xC570, 0xBD70,
  0xBD50, 0xBD70, 0xBD50, 0xBD50, 0xBD71, 0xBD50, 0xBD50, 0xBD50, 0xBD50, 0xBD70, 0xC571, 0xC571,
  0xBD71, 0xBD71, 0xBD71, 0xBD50, 0xB52F, 0xB50F, 0xB50F, 0xB50F, 0xBD2F, 0xB50E, 0xB50F, 0xB50F,
  0xB50E, 0xB50F, 0xBD2F, 0xB50F, 0xBD2F, 0xBD2F, 0xBD2F, 0xBD2F, 0xB52F, 0xB52F, 0xB530, 0xE6D7,
  0x3185, 0x0000, 0x0000, 0x0000, 0x0000, 0x0000, 0x0000, 0x0000, 0x0000, 0x0000, 0x0000, 0x0000,
  0x0000, 0x0000, 0x0000, 0x0000, 0x0000, 0x0000, 0x0000, 0x0000, 0x0000, 0x0000, 0x0000, 0x0000,
  0x0000, 0x0000, 0x0000, 0x18A2, 0xACF0, 0xBD71, 0xB530, 0xBD30, 0xBD2F, 0xBD2F, 0xBD2F, 0xBD2F,
  0xBD2F, 0xBD2F, 0xBD2F, 0xBD2F, 0xBD50, 0xBD4F, 0xBD4F, 0xBD70, 0xBD70, 0xBD50, 0xBD70, 0xBD51,
  0xB530, 0xA4CF, 0xA4AE, 0xA4AF, 0xA4CF, 0xA4CF, 0xACCF, 0xACCF, 0xACEF, 0xA4CF, 0xACCF, 0xA4CF,
  0xA4CF, 0xA4AF, 0xA4AF, 0xA48F, 0x9C8F, 0x9C8F, 0x9C8F, 0xA4AF, 0xA4AF, 0xA4AF, 0xA4CF, 0xA4AF,
  0xA4CF, 0xB530, 0xB550, 0xB50F, 0xB50F, 0xB50F, 0xB4EE, 0xB50E, 0xB50E, 0xB4EE, 0xB50F, 0xB50F,
  0xB50F, 0xB50F, 0xB50F, 0xB50F, 0xB50F, 0xB52F, 0xB50F, 0xB530, 0xCDF3, 0x83ED, 0x0020, 0x0000,
  0x0000, 0x0000, 0x0000, 0x0000, 0x0000, 0x0000, 0x0000, 0x0000, 0x0000, 0x0000, 0x0000, 0x0000,
  0x0000, 0x0000, 0x0000, 0x0000, 0x0000, 0x0000, 0x0000, 0x0000, 0x0000, 0x0000, 0x0000, 0x0000,
  0x62C9, 0xC592, 0xB530, 0xB50F, 0xBD2F, 0xBD2F, 0xBD2F, 0xBD2F, 0xBD2F, 0xBD2F, 0xBD2F, 0xBD2F,
  0xBD2F, 0xBD50, 0xBD4F, 0xBD50, 0xBD50, 0xBD71, 0xB530, 0x944E, 0x8C0D, 0x734B, 0x5268, 0x41E5,
  0x41E6, 0x4206, 0x41E6, 0x41E6, 0x41E6, 0x41C5, 0x41C5, 0x39C5, 0x39C5, 0x41C6, 0x39C5, 0x39A5,
  0x3985, 0x3985, 0x3985, 0x3185, 0x39A5, 0x39A5, 0x39A5, 0x39A5, 0x39A5, 0x4A27, 0x734B, 0x8C0D,
  0x9C8E, 0xAD10, 0xB50F, 0xACEE, 0xB4EE, 0xB4EE, 0xB4EE, 0xB4EE, 0xB4EE, 0xB4EE, 0xB50E, 0xB50E,
  0xB50F, 0xB4EE, 0xB50F, 0xB50F, 0xB530, 0xB530, 0xC5F4, 0x0840, 0x0000, 0x0000, 0x0000, 0x0000,
  0x0000, 0x0000, 0x0000, 0x0000, 0x0000, 0x0000, 0x0000, 0x0000, 0x0000, 0x0000, 0x0000, 0x0000,
  0x0000, 0x0000, 0x0000, 0x0000, 0x0000, 0x0000, 0x0000, 0x0000, 0x1061, 0xA4D0, 0xB530, 0xB4EF,
  0xB50F, 0xB50F, 0xB50F, 0xB50F, 0xB50F, 0xB50F, 0xB50F, 0xB50F, 0xBD2F, 0xBD2F, 0xBD2F, 0xBD4F,
  0xBD50, 0xB510, 0x944E, 0x6B4A, 0x2103, 0x18A2, 0x1081, 0x0840, 0x0020, 0x0020, 0x0020, 0x0020,
  0x0020, 0x0020, 0x0020, 0x0020, 0x0020, 0x0020, 0x0020, 0x0000, 0x0000, 0x0000, 0x0000, 0x0000,
  0x0000, 0x0000, 0x0000, 0x0000, 0x0000, 0x0000, 0x0820, 0x1081, 0x18C2, 0x41E6, 0x7BAC, 0xA4CF,
  0xACEF, 0xACEE, 0xACCE, 0xACCE, 0xACCE, 0xB4EE, 0xACCE, 0xACEE, 0xB4EE, 0xB4EE, 0xB4EE, 0xB50F,
  0xB50F, 0xB52F, 0xAD10, 0xE6B7, 0x18C2, 0x0000, 0x0000, 0x0000, 0x0000, 0x0000, 0x0000, 0x0000,
  0x0000, 0x0000, 0x0000, 0x0000, 0x0000, 0x0000, 0x0000, 0x0000, 0x0000, 0x0000, 0x0000, 0x0000,
  0x0000, 0x0000, 0x0000, 0x0000, 0x0000, 0x3184, 0xB531, 0xB50F, 0xACEE, 0xACEE, 0xB4EE, 0xB50E,
  0xB4EE, 0xB50E, 0xB50E, 0xB50E, 0xB4EE, 0xB4EE, 0xB4EE, 0xB50F, 0xBD30, 0xA4CF, 0x7B8C, 0x2103,
  0x1081, 0x0000, 0x0000, 0x0000, 0x0000, 0x0000, 0x0000, 0x0000, 0x0000, 0x0000, 0x0000, 0x0000,
  0x0000, 0x0000, 0x0000, 0x0000, 0x0000, 0x0000, 0x0000, 0x0000, 0x0000, 0x0000, 0x0000, 0x0000,
  0x0000, 0x0000, 0x0000, 0x0000, 0x0000, 0x0000, 0x0020, 0x10A1, 0x62C9, 0xA4AF, 0xACCF, 0xACCE,
  0xACCE, 0xACCD, 0xACEE, 0xACCE, 0xACEE, 0xB4EE, 0xB4EE, 0xB50E, 0xB50F, 0xB50F, 0xB52F, 0xAD0F,
  0xE6B7, 0x3185, 0x0000, 0x0000, 0x0000, 0x0000, 0x0000, 0x0000, 0x0000, 0x0000, 0x0000, 0x0000,
  0x0000, 0x0000, 0x0000, 0x0000, 0x0000, 0x0000, 0x0000, 0x0000, 0x0000, 0x0000, 0x0000, 0x0000,
  0x0000, 0x0000, 0x5A88, 0xA4CF, 0xACEF, 0xACEE, 0xACCE, 0xB4EE, 0xB4EE, 0xACEE, 0xB4EE, 0xB50E,
  0xB50E, 0xB4EE, 0xB4EE, 0xB4EE, 0xB50F, 0xACF0, 0x5AA8, 0x18C2, 0x0000, 0x0000, 0x0000, 0x0000,
  0x0000, 0x0000, 0x0000, 0x0000, 0x0000, 0x0000, 0x0000, 0x0000, 0x0000, 0x0000, 0x0000, 0x0000,
  0x0000, 0x0000, 0x0000, 0x0000, 0x0000, 0x0000, 0x0000, 0x0000, 0x0000, 0x0000, 0x0000, 0x0000,
  0x0000, 0x0000, 0x0000, 0x0000, 0x0000, 0x0861, 0x5AA8, 0xA4AF, 0xACCE, 0xACAE, 0xACCD, 0xACEE,
  0xACCD, 0xACCD, 0xACEE, 0xB4EE, 0xB50F, 0xB50E, 0xB4EE, 0xB50F, 0xB510, 0xE696, 0x41E6, 0x0000,
  0x0000, 0x0000, 0x0000, 0x0000, 0x0000, 0x0000, 0x0000, 0x0000, 0x0000, 0x0000, 0x0000, 0x0000,
  0x0000, 0x0000, 0x0000, 0x0000, 0x0000, 0x0000, 0x0000, 0x0000, 0x0000, 0x0000, 0x0000, 0x83CC,
  0xACCF, 0xACCE, 0xACCE, 0xACEE, 0xB4EE, 0xACEE, 0xB4EE, 0xB4EE, 0xB4EE, 0xB4EE, 0xB4EE, 0xB4EE,
  0xB4EF, 0xB510, 0x62C8, 0x1061, 0x0000, 0x0000, 0x0000, 0x0000, 0x0000, 0x0000, 0x0000, 0x0000,
  0x0000, 0x0000, 0x0000, 0x0000, 0x0000, 0x0000, 0x0000, 0x0000, 0x0000, 0x0000, 0x0000, 0x0000,
  0x0000, 0x0000, 0x0000, 0x0000, 0x0000, 0x0000, 0x0000, 0x0000, 0x0000, 0x0000, 0x0000, 0x0000,
  0x0000, 0x0000, 0x0000, 0x0861, 0x7BAC, 0xACCF, 0xACAE, 0xACAD, 0xACCD, 0xACCD, 0xACCE, 0xACEE,
  0xB4EE, 0xB4EE, 0xB4EE, 0xB4EE, 0xB4EF, 0xB50F, 0xDE75, 0x39C6, 0x0000, 0x0000, 0x0000, 0x0000,
  0x0000, 0x0000, 0x0000, 0x0000, 0x0000, 0x0000, 0x0000, 0x0000, 0x0000, 0x0000, 0x0000, 0x0000,
  0x0000, 0x0000, 0x0000, 0x0000, 0x0000, 0x0000, 0x0000, 0x1081, 0x9C8F, 0xB4EF, 0xACCE, 0xACCE,
  0xACEE, 0xB4EE, 0xB4EE, 0xB4EE, 0xB4EE, 0xB50E, 0xB4EE, 0xB4EE, 0xB4EE, 0xB530, 0x7B8B, 0x1081,
  0x0000, 0x0000, 0x0000, 0x0000, 0x0000, 0x0000, 0x0000, 0x0000, 0x0000, 0x0000, 0x0000, 0x0000,
  0x0000, 0x0000, 0x0000, 0x0000, 0x0000, 0x0000, 0x0000, 0x0000, 0x0000, 0x0000, 0x0000, 0x0000,
  0x0000, 0x0000, 0x0000, 0x0000, 0x0000, 0x0000, 0x0000, 0x0000, 0x0000, 0x0000, 0x0000, 0x0000,
  0x0000, 0x3985, 0x9C6E, 0xACCE, 0xACCE, 0xACCD, 0xACCD, 0xACEE, 0xACCD, 0xACCD, 0xACCD, 0xB4EE,
  0xB4EE, 0xACCE, 0xACEF, 0xD655, 0x3985, 0x0000, 0x0000, 0x0000, 0x0000, 0x0000, 0x0000, 0x0000,
  0x0000, 0x0000, 0x0000, 0x0000, 0x0000, 0x0000, 0x0000, 0x0000, 0x0000, 0x0000, 0x0000, 0x0000,
  0x0000, 0x0000, 0x0000, 0x0000, 0x3144, 0x9C6E, 0xACCE, 0xACCD, 0xACCE, 0xACCE, 0xACCE, 0xACCE,
  0xB4EE, 0xB4EE, 0xACEE, 0xB4EE, 0xACCE, 0xACCE, 0xB510, 0x20E2, 0x0000, 0x0000, 0x0000, 0x0000,
  0x0000, 0x0000, 0x0000, 0x0000, 0x0000, 0x0000, 0x0000, 0x0000, 0x0000, 0x0000, 0x0000, 0x0000,
  0x0000, 0x0000, 0x0000, 0x0000, 0x0000, 0x0000, 0x0000, 0x0000, 0x0000, 0x0000, 0x0000, 0x0000,
  0x0000, 0x0000, 0x0000, 0x0000, 0x0000, 0x0000, 0x0000, 0x0000, 0x0000, 0x0000, 0x0020, 0x8C0D,
  0xACEF, 0xACCE, 0xACCE, 0xACAD, 0xACCD, 0xACCD, 0xACCD, 0xAC8D, 0xACCE, 0xACCD, 0xACCE, 0xACCF,
  0xD635, 0x2964, 0x0000, 0x0000, 0x0000, 0x0000, 0x0000, 0x0000, 0x0000, 0x0000, 0x0000, 0x0000,
  0x0000, 0x0000, 0x0000, 0x0000, 0x0000, 0x0000, 0x0000, 0x0000, 0x0000, 0x0000, 0x0000, 0x0000,
  0x0000, 0x5268, 0x942D, 0xA48D, 0xACAD, 0xACCD, 0xACCE, 0xACCD, 0xACCE, 0xACEE, 0xACCE, 0xACCD,
  0xACCE, 0xACCE, 0xACCF, 0x734A, 0x0020, 0x0000, 0x0000, 0x0000, 0x0000, 0x0000, 0x0000, 0x0000,
  0x0000, 0x0000, 0x0000, 0x0000, 0x0000, 0x0000, 0x0000, 0x0000, 0x0000, 0x0000, 0x0000, 0x0000,
  0x0000, 0x0000, 0x0000, 0x0000, 0x0000, 0x0000, 0x0000, 0x0000, 0x0000, 0x0000, 0x0000, 0x0000,
  0x0000, 0x0000, 0x0000, 0x0000, 0x0000, 0x0000, 0x0000, 0x0000, 0x83CC, 0xACCF, 0xACAD, 0xACCE,
  0xACAD, 0xACAD, 0xACAD, 0xACAD, 0xACAD, 0xACAD, 0xACAE, 0xACCE, 0xACCF, 0xD635, 0x20E2, 0x0000,
  0x0000, 0x0000, 0x0000, 0x0000, 0x0000, 0x0000, 0x0000, 0x0000, 0x0000, 0x0000, 0x0000, 0x0000,
  0x0000, 0x0000, 0x0000, 0x0000, 0x0000, 0x0000, 0x0000, 0x0000, 0x0000, 0x0000, 0x7B8B, 0x9C6D,
  0xA48D, 0xACAD, 0xACAD, 0xACCD, 0xACAD, 0xACAD, 0xACEE, 0xACAD, 0xACCD, 0xACCE, 0xA4AE, 0xB510,
  0x2923, 0x0000, 0x0000, 0x0000, 0x0000, 0x0000, 0x0000, 0x0000, 0x0000, 0x0000, 0x0000, 0x0000,
  0x0000, 0x0000, 0x0000, 0x0000, 0x0000, 0x0000, 0x0000, 0x0000, 0x0000, 0x0000, 0x0000, 0x0000,
  0x0000, 0x0000, 0x0000, 0x0000, 0x0000, 0x0000, 0x0000, 0x0000, 0x0000, 0x0000, 0x0000, 0x0000,
  0x0000, 0x0000, 0x0000, 0x0000, 0x0000, 0x7B8C, 0xA4AE, 0xA48D, 0xAC8D, 0xAC8D, 0xAC8D, 0xAC8D,
  0xAC8D, 0xACAD, 0xACCD, 0xACAE, 0xACAE, 0xA4AE, 0xDE75, 0x1061, 0x0000, 0x0000, 0x0000, 0x0000,
  0x0000, 0x0000, 0x0000, 0x0000, 0x0000, 0x0000, 0x0000, 0x0000, 0x0000, 0x0000, 0x0000, 0x0000,
  0x0000, 0x0000, 0x0000, 0x0000, 0x0000, 0x0000, 0x0000, 0x942D, 0xACCF, 0xA48D, 0xACAD, 0xACAD,
  0xACAD, 0xACAD, 0xA48D, 0xACAD, 0xACAD, 0xACAD, 0xACAE, 0x9C6D, 0xACF0, 0x0840, 0x0000, 0x0000,
  0x0000, 0x0000, 0x0000, 0x0000, 0x0000, 0x0000, 0x0000, 0x0000, 0x0000, 0x0000, 0x0000, 0x0000,
  0x0000, 0x0000, 0x0000, 0x0000, 0x0000, 0x0000, 0x0000, 0x0000, 0x0000, 0x0000, 0x0000, 0x0000,
  0x0000, 0x0000, 0x0000, 0x0000, 0x0000, 0x0000, 0x0000, 0x0000, 0x0000, 0x0000, 0x0000, 0x0000,
  0x0000, 0x0000, 0x7BAC, 0xACAE, 0xA46C, 0xA46D, 0xAC8D, 0xA46C, 0xA46C, 0xAC8D, 0xAC8D, 0xACCD,
  0xACCE, 0xACAE, 0xA4AE, 0xDE76, 0x0840, 0x0000, 0x0000, 0x0000, 0x0000, 0x0000, 0x0000, 0x0000,
  0x0000, 0x0000, 0x0000, 0x0000, 0x0000, 0x0000, 0x0000, 0x0000, 0x0000, 0x0000, 0x0000, 0x0000,
  0x0000, 0x0000, 0x0000, 0x0860, 0x9C8F, 0xACEF, 0xA48D, 0xACAD, 0xACAD, 0xA4AD, 0xA4AD, 0xA48D,
  0xACAD, 0xA4AD, 0xACAD, 0xACAE, 0xA4AE, 0x942E, 0x0020, 0x0000, 0x0000, 0x0000, 0x0000, 0x0000,
  0x0000, 0x0000, 0x0000, 0x0000, 0x0000, 0x0000, 0x0000, 0x0000, 0x0000, 0x0000, 0x0000, 0x0000,
  0x0000, 0x0000, 0x0000, 0x0000, 0x0000, 0x0000, 0x0000, 0x0000, 0x0000, 0x0000, 0x0000, 0x0000,
  0x0000, 0x0000, 0x0000, 0x0000, 0x0000, 0x0000, 0x0000, 0x0000, 0x0000, 0x0000, 0x0000, 0x8C0D,
  0xA4AE, 0x9C4C, 0xA46C, 0xA46C, 0xA44C, 0xA46C, 0xA48C, 0xAC8D, 0xAC8D, 0xACAD, 0xA4AD, 0x9C6D,
  0xCE15, 0x0840, 0x0000, 0x0000, 0x0000, 0x0000, 0x0000, 0x0000, 0x0000, 0x0000, 0x0000, 0x0000,
  0x0000, 0x0000, 0x0000, 0x0000, 0x0000, 0x0000, 0x0000, 0x0000, 0x0000, 0x0000, 0x0000, 0x0000,
  0x20E2, 0x9C8E, 0xACCE, 0xA48D, 0xA48D, 0xA48C, 0xA48C, 0xA48D, 0xA4AD, 0xA4AD, 0xA4AD, 0xACAD,
  0xACAE, 0xACEF, 0x734A, 0x0020, 0x0000, 0x0000, 0x0000, 0x0000, 0x0000, 0x0000, 0x0000, 0x0000,
  0x0000, 0x0000, 0x0000, 0x0000, 0x0000, 0x0000, 0x0000, 0x0000, 0x0000, 0x0000, 0x0000, 0x0000,
  0x0000, 0x0000, 0x0000, 0x0000, 0x0000, 0x0000, 0x0000, 0x0000, 0x0000, 0x0000, 0x0000, 0x0000,
  0x0000, 0x0000, 0x0000, 0x0000, 0x0000, 0x0000, 0x0000, 0x0000, 0x9C6E, 0xA4AE, 0x9C4C, 0xA46C,
  0xA46C, 0xA48C, 0xA46C, 0xA46C, 0xA46C, 0xA48C, 0xA48D, 0xA48D, 0x942C, 0xB531, 0x0820, 0x0000,
  0x0000, 0x0000, 0x0000, 0x0000, 0x0000, 0x0000, 0x0000, 0x0000, 0x0000, 0x0000, 0x0000, 0x0000,
  0x0000, 0x0000, 0x0000, 0x0000, 0x0000, 0x0000, 0x0000, 0x0000, 0x0000, 0x3164, 0x944D, 0xA48D,
  0x9C6C, 0xA44C, 0xA46C, 0xA48C, 0xAC8D, 0xACAD, 0xA4AD, 0xA4AD, 0xACAD, 0xACAE, 0xB530, 0x5A88,
  0x0000, 0x0000, 0x0000, 0x0000, 0x0000, 0x0000, 0x0000, 0x0000, 0x0000, 0x0000, 0x0000, 0x0000,
  0x0000, 0x0000, 0x0000, 0x0000, 0x0000, 0x0000, 0x0000, 0x0000, 0x0000, 0x0000, 0x0000, 0x0000,
  0x0000, 0x0000, 0x0000, 0x0000, 0x0000, 0x0000, 0x0000, 0x0000, 0x0000, 0x0000, 0x0000, 0x0000,
  0x0000, 0x0000, 0x0000, 0x0000, 0x1061, 0xA4AF, 0xA4AE, 0x9C6C, 0xA46C, 0xA46C, 0xA46C, 0xA46C,
  0xA44C, 0xA44C, 0xA46C, 0xA46C, 0x9C6D, 0x942C, 0x83ED, 0x0020, 0x0000, 0x0000, 0x0000, 0x0000,
  0x0000, 0x0000, 0x0000, 0x0000, 0x0000, 0x0000, 0x0000, 0x0000, 0x0000, 0x0000, 0x0000, 0x0000,
  0x0000, 0x0000, 0x0000, 0x0000, 0x0000, 0x0000, 0x4206, 0x8BEC, 0x9C4C, 0xA44C, 0xA44C, 0xA46C,
  0xA46C, 0xA48D, 0xAC8D, 0xA48D, 0xACAD, 0xA4AD, 0xA4AE, 0xC592, 0x41E6, 0x0000, 0x0000, 0x0000,
  0x0000, 0x0000, 0x0000, 0x0000, 0x0000, 0x0000, 0x0000, 0x0000, 0x0000, 0x0000, 0x0000, 0x0000,
  0x0000, 0x0000, 0x0000, 0x0000, 0x0000, 0x0000, 0x0000, 0x0000, 0x0000, 0x0000, 0x0000, 0x0000,
  0x0000, 0x0000, 0x0000, 0x0000, 0x0000, 0x0000, 0x0000, 0x0000, 0x0000, 0x0000, 0x0000, 0x0000,
  0x0000, 0x2103, 0xA48F, 0xA48D, 0xA44C, 0xA46C, 0xA46C, 0xA44C, 0x9C4C, 0x9C4C, 0x9C4C, 0xA44C,
  0x9C4C, 0x9C6D, 0x9C6D, 0x62C9, 0x0020, 0x0000, 0x0000, 0x0000, 0x0000, 0x0000, 0x0000, 0x0000,
  0x0000, 0x0000, 0x0000, 0x0000, 0x0000, 0x0000, 0x0000, 0x0000, 0x0000, 0x0000, 0x0000, 0x0000,
  0x0000, 0x0000, 0x0000, 0x5267, 0x83AB, 0x9C4C, 0xA44C, 0xA46C, 0xA46C, 0xA46C, 0xA46C, 0xA48C,
  0xA48C, 0xA46C, 0xA48D, 0x9C4D, 0xC5B3, 0x2943, 0x0000, 0x0000, 0x0000, 0x0000, 0x0000, 0x0000,
  0x0000, 0x0000, 0x0000, 0x0000, 0x0000, 0x0000, 0x0000, 0x0000, 0x0000, 0x0000, 0x0000, 0x0000,
  0x0000, 0x0000, 0x0000, 0x0000, 0x0000, 0x0000, 0x0000, 0x0000, 0x0000, 0x0000, 0x0000, 0x0000,
  0x0000, 0x0000, 0x0000, 0x0000, 0x0000, 0x0000, 0x0000, 0x0000, 0x0000, 0x0000, 0x3985, 0x944E,
  0x9C4D, 0x9C4C, 0x9C4C, 0x9C2C, 0xA44C, 0x9C2C, 0x9C2C, 0x9C2C, 0x9C2C, 0x9C4C, 0x9C6D, 0xACEF,
  0x4A06, 0x0000, 0x0000, 0x0000, 0x0000, 0x0000, 0x0000, 0x0000, 0x0000, 0x0000, 0x0000, 0x0000,
  0x0000, 0x0000, 0x0000, 0x0000, 0x0000, 0x0000, 0x0000, 0x0000, 0x0000, 0x0000, 0x0000, 0x0000,
  0x62C9, 0x8BCB, 0x9C4C, 0xA46C, 0xA46C, 0xA46C, 0xA46C, 0xA46C, 0xA46C, 0xA44C, 0xA44C, 0xA46C,
  0x942C, 0xCDF3, 0x18A1, 0x0000, 0x0000, 0x0000, 0x0000, 0x0000, 0x0000, 0x0000, 0x0000, 0x0000,
  0x0000, 0x0000, 0x0000, 0x0000, 0x0000, 0x0000, 0x0000, 0x0000, 0x0000, 0x0000, 0x0000, 0x0000,
  0x0000, 0x0000, 0x0000, 0x0000, 0x0000, 0x0000, 0x0000, 0x0000, 0x0000, 0x0000, 0x0000, 0x0000,
  0x0000, 0x0000, 0x0000, 0x0000, 0x0000, 0x0000, 0x0000, 0x4A27, 0x942D, 0x9C2C, 0x9C2B, 0x9C0B,
  0x9C2B, 0x9C2B, 0x9C2B, 0x9C2B, 0x9C2C, 0x9C2C, 0x9C2C, 0x9C4D, 0xC592, 0x3164, 0x0000, 0x0000,
  0x0000, 0x0000, 0x0000, 0x0000, 0x0000, 0x0000, 0x0000, 0x0000, 0x0000, 0x0000, 0x0000, 0x0000,
  0x0000, 0x0000, 0x0000, 0x0000, 0x0000, 0x0000, 0x0000, 0x0000, 0x0000, 0x6B0A, 0x8BEB, 0x9C2B,
  0x9C4C, 0x9C4C, 0xA44C, 0xA44C, 0xA44C, 0xA44C, 0x9C4C, 0x9C4C, 0x9C4C, 0x940C, 0xCDF3, 0x20E2,
  0x0000, 0x0000, 0x0000, 0x0000, 0x0000, 0x0000, 0x0000, 0x0000, 0x0000, 0x0000, 0x0000, 0x0000,
  0x0000, 0x0000, 0x0000, 0x0000, 0x0000, 0x0000, 0x0000, 0x0000, 0x0000, 0x0000, 0x0000, 0x0000,
  0x0000, 0x0000, 0x0000, 0x0000, 0x0000, 0x0000, 0x0000, 0x0000, 0x0000, 0x0000, 0x0000, 0x0000,
  0x0000, 0x0000, 0x0000, 0x0000, 0x732A, 0x942C, 0x940B, 0x940B, 0x940B, 0x940B, 0x9C0B, 0x940B,
  0x9C2B, 0x942B, 0x9C2C, 0x9C2C, 0x940C, 0xCDF4, 0x18C2, 0x0000, 0x0000, 0x0000, 0x0000, 0x0000,
  0x0000, 0x0000, 0x0000, 0x0000, 0x0000, 0x0000, 0x0000, 0x0000, 0x0000, 0x0000, 0x0000, 0x0000,
  0x0000, 0x0000, 0x0000, 0x0000, 0x0000, 0x0000, 0x62C8, 0x8BCB, 0x940B, 0x9C2B, 0x9C2B, 0x9C2C,
  0x9C2C, 0xA44C, 0x9C2C, 0x9C4C, 0x9C4C, 0x9C4C, 0x940C, 0xCDD3, 0x4A27, 0x0000, 0x0000, 0x0000,
  0x0000, 0x0000, 0x0000, 0x0000, 0x0000, 0x0000, 0x0000, 0x0000, 0x0000, 0x0000, 0x0000, 0x0000,
  0x0000, 0x0000, 0x0000, 0x0000, 0x0000, 0x0000, 0x0000, 0x0000, 0x0000, 0x0000, 0x0000, 0x0000,
  0x0000, 0x0000, 0x0000, 0x0000, 0x0000, 0x0000, 0x0000, 0x0000, 0x0000, 0x0000, 0x0000, 0x0000,
  0x1081, 0x942D, 0x9C4C, 0x940B, 0x93EA, 0x940B, 0x940B, 0x940B, 0x940B, 0x940B, 0x940B, 0x9C2C,
  0x9C2C, 0x940C, 0xB531, 0x0840, 0x0000, 0x0000, 0x0000, 0x0000, 0x0000, 0x0000, 0x0000, 0x0000,
  0x0000, 0x0000, 0x0000, 0x0000, 0x0000, 0x0000, 0x0000, 0x0000, 0x0000, 0x0000, 0x0000, 0x0000,
  0x0000, 0x0000, 0x0000, 0x5247, 0x838A, 0x940B, 0x940B, 0x9C0B, 0x9C0B, 0x9C0B, 0x9C2B, 0x9C4C,
  0xA44C, 0x9C4C, 0xA44C, 0x9C4C, 0xBD50, 0x8C2D, 0x1061, 0x0000, 0x0000, 0x0000, 0x0000, 0x0000,
  0x0000, 0x0000, 0x0000, 0x0000, 0x0000, 0x0000, 0x0000, 0x0000, 0x0000, 0x0000, 0x0000, 0x0000,
  0x0000, 0x0000, 0x0000, 0x0000, 0x0000, 0x0000, 0x0000, 0x0000, 0x0000, 0x0000, 0x0000, 0x0000,
  0x0000, 0x0000, 0x0000, 0x0000, 0x0000, 0x0000, 0x0000, 0x0000, 0x0000, 0x5247, 0xA48E, 0x9C2C,
  0x940B, 0x940B, 0x940B, 0x93EA, 0x93EB, 0x93EA, 0x93EA, 0x93EB, 0x940B, 0x940B, 0x9C4D, 0x6B0A,
  0x0020, 0x0000, 0x0000, 0x0000, 0x0000, 0x0000, 0x0000, 0x0000, 0x0000, 0x0000, 0x0000, 0x0000,
  0x0000, 0x0000, 0x0000, 0x0000, 0x0000, 0x0000, 0x0000, 0x0000, 0x0000, 0x0000, 0x0000, 0x0000,
  0x39A5, 0x7B8A, 0x93EB, 0x940B, 0x940B, 0x9C0B, 0x9C0B, 0x9C2B, 0x9C4C, 0x9C4C, 0x9C4C, 0xA46C,
  0x9C6C, 0xA4AE, 0xCDF4, 0x4A06, 0x0000, 0x0000, 0x0000, 0x0000, 0x0000, 0x0000, 0x0000, 0x0000,
  0x0000, 0x0000, 0x0000, 0x0000, 0x0000, 0x0000, 0x0000, 0x0000, 0x0000, 0x0000, 0x0000, 0x0000,
  0x0000, 0x0000, 0x0000, 0x0000, 0x0000, 0x0000, 0x0000, 0x0000, 0x0000, 0x0000, 0x0000, 0x0000,
  0x0000, 0x0000, 0x0000, 0x0000, 0x0000, 0x2102, 0x942D, 0xA46D, 0x942B, 0x940B, 0x940B, 0x940B,
  0x93EA, 0x93EB, 0x93CA, 0x8BCA, 0x8BCA, 0x8BEA, 0x8BEB, 0xAD10, 0x2903, 0x0000, 0x0000, 0x0000,
  0x0000, 0x0000, 0x0000, 0x0000, 0x0000, 0x0000, 0x0000, 0x0000, 0x0000, 0x0000, 0x0000, 0x0000,
  0x0000, 0x0000, 0x0000, 0x0000, 0x0000, 0x0000, 0x0000, 0x0000, 0x0000, 0x18C2, 0x7B8B, 0x940B,
  0x940B, 0x940B, 0x9C0B, 0x9C2C, 0x9C2B, 0x9C2B, 0xA44C, 0xA44C, 0xA46C, 0x9C4C, 0x9C4C, 0xDE55,
  0xAD11, 0x1061, 0x0000, 0x0000, 0x0000, 0x0000, 0x0000, 0x0000, 0x0000, 0x0000, 0x0000, 0x0000,
  0x0000, 0x0000, 0x0000, 0x0000, 0x0000, 0x0000, 0x0000, 0x0000, 0x0000, 0x0000, 0x0000, 0x0000,
  0x0000, 0x0000, 0x0000, 0x0000, 0x0000, 0x0000, 0x0000, 0x0000, 0x0000, 0x0000, 0x0000, 0x0000,
  0x0000, 0x18C2, 0x83AC, 0xACCF, 0x9C4C, 0x9C2C, 0x940B, 0x940B, 0x93EB, 0x8BCA, 0x93EA, 0x8BCA,
  0x8BAA, 0x8BCA, 0x8BCA, 0x8BCB, 0x8C0D, 0x0840, 0x0000, 0x0000, 0x0000, 0x0000, 0x0000, 0x0000,
  0x0000, 0x0000, 0x0000, 0x0000, 0x0000, 0x0000, 0x0000, 0x0000, 0x0000, 0x0000, 0x0000, 0x0000,
  0x0000, 0x0000, 0x0000, 0x0000, 0x0000, 0x0000, 0x0020, 0x7B8B, 0x942C, 0x940B, 0x940B, 0x940B,
  0x9C2B, 0x9C2B, 0x9C2B, 0x9C4C, 0x9C2C, 0x9C4C, 0x9C4C, 0x9C4C, 0xB530, 0xE6B7, 0x62CA, 0x0841,
  0x0000, 0x0000, 0x0000, 0x0000, 0x0000, 0x0000, 0x0000, 0x0000, 0x0000, 0x0000, 0x0000, 0x0000,
  0x0000, 0x0000, 0x0000, 0x0000, 0x0000, 0x0000, 0x0000, 0x0000, 0x0000, 0x0000, 0x0000, 0x0000,
  0x0000, 0x0000, 0x0000, 0x0000, 0x0000, 0x0000, 0x0000, 0x0000, 0x0020, 0x2944, 0x83CC, 0xB530,
  0x9C6D, 0x942B, 0x9C2B, 0x940B, 0x93EB, 0x93EB, 0x8BCA, 0x8BCA, 0x8BCA, 0x8BCA, 0x8BAA, 0x83AA,
  0x8C0C, 0x3164, 0x0000, 0x0000, 0x0000, 0x0000, 0x0000, 0x0000, 0x0000, 0x0000, 0x0000, 0x0000,
  0x0000, 0x0000, 0x0000, 0x0000, 0x0000, 0x0000, 0x0000, 0x0000, 0x0000, 0x0000, 0x0000, 0x0000,
  0x0000, 0x0000, 0x0000, 0x0000, 0x6AE9, 0x8BEB, 0x940B, 0x9C0B, 0x940B, 0x9C0B, 0x9C2B, 0x9C0B,
  0x9C2B, 0x9C2C, 0x9C2C, 0x9C4C, 0x9C4C, 0x9C4D, 0xCDD3, 0xD636, 0x5AA9, 0x0861, 0x0000, 0x0000,
  0x0000, 0x0000, 0x0000, 0x0000, 0x0000, 0x0000, 0x0000, 0x0000, 0x0000, 0x0000, 0x0000, 0x0000,
  0x0000, 0x0000, 0x0000, 0x0000, 0x0000, 0x0000, 0x0000, 0x0000, 0x0000, 0x0000, 0x0000, 0x0000,
  0x0000, 0x0000, 0x0000, 0x0020, 0x0840, 0x4207, 0xA4D0, 0xBD51, 0xA46D, 0x940B, 0x940B, 0x940B,
  0x93EB, 0x93EA, 0x93EA, 0x8BCA, 0x8BAA, 0x8BCA, 0x8BCA, 0x8BAA, 0x8BCB, 0x6B2A, 0x0820, 0x0000,
  0x0000, 0x0000, 0x0000, 0x0000, 0x0000, 0x0000, 0x0000, 0x0000, 0x0000, 0x0000, 0x0000, 0x0000,
  0x0000, 0x0000, 0x0000, 0x0000, 0x0000, 0x0000, 0x0000, 0x0000, 0x0000, 0x0000, 0x0000, 0x0000,
  0x0000, 0x3164, 0x838B, 0x93EB, 0x940B, 0x940B, 0x940B, 0x940B, 0x940B, 0x9C2B, 0x9C0B, 0x9C2C,
  0x9C2C, 0x9C2C, 0x940C, 0x9C6D, 0xCDF4, 0xCDF5, 0x7BAD, 0x2924, 0x0840, 0x0020, 0x0000, 0x0000,
  0x0000, 0x0000, 0x0000, 0x0000, 0x0000, 0x0000, 0x0000, 0x0000, 0x0000, 0x0000, 0x0000, 0x0000,
  0x0000, 0x0000, 0x0000, 0x0000, 0x0000, 0x0000, 0x0000, 0x0000, 0x0000, 0x0020, 0x0820, 0x18A2,
  0x5248, 0x6B2B, 0xC593, 0xBD71, 0xA46D, 0x940C, 0x940B, 0x940B, 0x93EA, 0x8BCA, 0x93EA, 0x8BCA,
  0x8BAA, 0x8BCA, 0x8BCA, 0x8BAA, 0x8BCA, 0x8BEC, 0x20E2, 0x0000, 0x0000, 0x0000, 0x0000, 0x0000,
  0x0000, 0x0000, 0x0000, 0x0000, 0x0000, 0x0000, 0x0000, 0x0000, 0x0000, 0x0000, 0x0000, 0x0000,
  0x0000, 0x0000, 0x0000, 0x0000, 0x0000, 0x0000, 0x0000, 0x0000, 0x0000, 0x0000, 0x0020, 0x732A,
  0x93EC, 0x93EB, 0x940B, 0x940B, 0x940B, 0x940B, 0x9C0B, 0x940B, 0x940B, 0x9C0B, 0x9C0B, 0x940B,
  0x8BEB, 0x9C6D, 0xBD71, 0xE696, 0xA4B0, 0x736C, 0x5A89, 0x2924, 0x1081, 0x10A2, 0x18C2, 0x18C2,
  0x18C2, 0x18C2, 0x18C2, 0x18C2, 0x18C2, 0x18C2, 0x18C2, 0x18C2, 0x18C2, 0x18C3, 0x18E3, 0x18E3,
  0x18E3, 0x18E3, 0x18E3, 0x18E3, 0x20E3, 0x2944, 0x5268, 0x6B0A, 0x8C0D, 0xC5D3, 0xC5B3, 0xB50F,
  0x942C, 0x93EB, 0x940B, 0x93EA, 0x93EA, 0x93EA, 0x8BCA, 0x8BCA, 0x8BAA, 0x8BAA, 0x8BCA, 0x8BCA,
  0x8BCA, 0x8BCB, 0x4A26, 0x0000, 0x0000, 0x0000, 0x0000, 0x0000, 0x0000, 0x0000, 0x0000, 0x0000,
  0x0000, 0x0000, 0x0000, 0x0000, 0x0000, 0x0000, 0x0000, 0x0000, 0x0000, 0x0000, 0x0000, 0x0000,
  0x0000, 0x0000, 0x0000, 0x0000, 0x0000, 0x0000, 0x0000, 0x0000, 0x39C5, 0x83CB, 0x8BEB, 0x93EB,
  0x93EB, 0x940B, 0x940B, 0x93EB, 0x940B, 0x940B, 0x940B, 0x940B, 0x93EB, 0x93EB, 0x8BCB, 0x942C,
  0xACAE, 0xBD51, 0xD635, 0xCE15, 0x9C8F, 0x7B8C, 0x83CD, 0x83EE, 0x840E, 0x8C0E, 0x8C0E, 0x8C0E,
  0x8C0E, 0x8C0E, 0x8C0E, 0x8C0E, 0x8C0E, 0x8C0E, 0x8C2F, 0x8C2F, 0x8C4F, 0x944F, 0x8C2F, 0x944F,
  0x8C2F, 0x8C2E, 0xA4B0, 0xCDD3, 0xCDF4, 0xBD51, 0xACCF, 0x9C4C, 0x8BEB, 0x8BCB, 0x8BEA, 0x8BEA,
  0x8BEA, 0x8BCA, 0x93CA, 0x8BCA, 0x8BCA, 0x8BAA, 0x8BCA, 0x93CA, 0x8BCB, 0x8BEB, 0x62C8, 0x0840,
  0x0000, 0x0000, 0x0000, 0x0000, 0x0000, 0x0000, 0x0000, 0x0000, 0x0000, 0x0000, 0x0000, 0x0000,
  0x0000, 0x0000, 0x0000, 0x0000, 0x0000, 0x0000, 0x0000, 0x0000, 0x0000, 0x0000, 0x0000, 0x0000,
  0x0000, 0x0000, 0x0000, 0x0000, 0x0000, 0x0820, 0x6B09, 0x8BEC, 0x8BEB, 0x93EB, 0x93EB, 0x93CA,
  0x93CA, 0x93CA, 0x93CA, 0x8BCA, 0x93EA, 0x93EA, 0x8BCA, 0x8BCA, 0x93EB, 0x8BCB, 0x940B, 0xA48E,
  0xACCF, 0xA4CF, 0xACF0, 0xB510, 0xB531, 0xB551, 0xBD51, 0xBD51, 0xBD72, 0xBD72, 0xBD92, 0xBD72,
  0xBD72, 0xBD72, 0xBD72, 0xBD72, 0xBD72, 0xBD72, 0xBD72, 0xBD51, 0xBD51, 0xBD71, 0xB510, 0xACCF,
  0xACCE, 0xA46D, 0x93EB, 0x8BAA, 0x8BAA, 0x8BAA, 0x8BAA, 0x8BCA, 0x8BAA, 0x8BAA, 0x8BCA, 0x93CA,
  0x8BAA, 0x8BCA, 0x93EB, 0x8BCA, 0x93EB, 0x940C, 0x734A, 0x18A2, 0x0000, 0x0000, 0x0000, 0x0000,
  0x0000, 0x0000, 0x0000, 0x0000, 0x0000, 0x0000, 0x0000, 0x0000, 0x0000, 0x0000, 0x0000, 0x0000,
  0x0000, 0x0000, 0x0000, 0x0000, 0x0000, 0x0000, 0x0000, 0x0000, 0x0000, 0x0000, 0x0000, 0x0000,
  0x0000, 0x0000, 0x0000, 0x2923, 0x7B6A, 0x8BCB, 0x8BCA, 0x8BCA, 0x8BCA, 0x8BAA, 0x8BCA, 0x8BCA,
  0x8BCA, 0x8BCA, 0x93EA, 0x93EA, 0x93EA, 0x93CA, 0x8BCA, 0x93EB, 0x93EB, 0x8BCA, 0x8BAA, 0x8BCB,
  0x8BEB, 0x940B, 0x940C, 0x942C, 0x942C, 0x942C, 0x942C, 0x9C4D, 0x9C4C, 0x9C4C, 0x9C4D, 0x9C2D,
  0x9C2D, 0x9C2C, 0x942C, 0x942C, 0x942C, 0x93EB, 0x940B, 0x8BEB, 0x8BCA, 0x8BCA, 0x8BAA, 0x8BCA,
  0x8BAA, 0x8BAA, 0x8BAA, 0x8B89, 0x8BAA, 0x8B89, 0x8389, 0x8BCA, 0x8BAA, 0x8BAA, 0x8BAA, 0x8BCA,
  0x8BCB, 0x8BEC, 0x736A, 0x20E2, 0x0000, 0x0000, 0x0000, 0x0000, 0x0000, 0x0000, 0x0000, 0x0000,
  0x0000, 0x0000, 0x0000, 0x0000, 0x0000, 0x0000, 0x0000, 0x0000, 0x0000, 0x0000, 0x0000, 0x0000,
  0x0000, 0x0000, 0x0000, 0x0000, 0x0000, 0x0000, 0x0000, 0x0000, 0x0000, 0x0000, 0x0000, 0x0000,
  0x0000, 0x39A5, 0x7B6A, 0x83AA, 0x8BAA, 0x8BAA, 0x8B89, 0x8BAA, 0x8BAA, 0x8BAA, 0x8BAA, 0x8BAA,
  0x93CA, 0x93CA, 0x93CA, 0x93CA, 0x93CA, 0x93CA, 0x8BCA, 0x8BCA, 0x8BCB, 0x8BCA, 0x8BEA, 0x93EB,
  0x93EB, 0x93EB, 0x93EB, 0x93EB, 0x940B, 0x940B, 0x93EB, 0x940B, 0x940B, 0x940B, 0x940B, 0x8BEA,
  0x93EB, 0x93EB, 0x8BEA, 0x8BCA, 0x8BCA, 0x93CA, 0x8BCA, 0x8BAA, 0x8BAA, 0x8BCA, 0x8BCA, 0x8BAA,
  0x8389, 0x8B89, 0x8BAA, 0x8B8A, 0x8B8A, 0x8389, 0x8B89, 0x838A, 0x8BAA, 0x83AB, 0x6B09, 0x20E2,
  0x0000, 0x0000, 0x0000, 0x0000, 0x0000, 0x0000, 0x0000, 0x0000, 0x0000, 0x0000, 0x0000, 0x0000,
  0x0000, 0x0000, 0x0000, 0x0000, 0x0000, 0x0000, 0x0000, 0x0000, 0x0000, 0x0000, 0x0000, 0x0000,
  0x0000, 0x0000, 0x0000, 0x0000, 0x0000, 0x0000, 0x0000, 0x0000, 0x0000, 0x0000, 0x0820, 0x41E6,
  0x734A, 0x838A, 0x838A, 0x8389, 0x8BAA, 0x8BAA, 0x8BAA, 0x8BAA, 0x8BAA, 0x8BAA, 0x8BAA, 0x8BAA,
  0x93CA, 0x93CA, 0x93CA, 0x8BCA, 0x8BAA, 0x8BCA, 0x8BAA, 0x8BCA, 0x8BCA, 0x8BCA, 0x8BCA, 0x93EA,
  0x8BCA, 0x8BEA, 0x93EA, 0x93EA, 0x93EA, 0x93CA, 0x93CA, 0x93EA, 0x8BCA, 0x8BCA, 0x8BCA, 0x8BCA,
  0x8BAA, 0x8BCA, 0x8BCA, 0x93CA, 0x93CA, 0x8BCA, 0x8BCA, 0x8BCA, 0x8BAA, 0x8BAA, 0x8BAA, 0x8BAA,
  0x8389, 0x8389, 0x8389, 0x8389, 0x8369, 0x7B49, 0x5267, 0x18C2, 0x0000, 0x0000, 0x0000, 0x0000,
  0x0000, 0x0000, 0x0000, 0x0000, 0x0000, 0x0000, 0x0000, 0x0000, 0x0000, 0x0000, 0x0000, 0x0000,
  0x0000, 0x0000, 0x0000, 0x0000, 0x0000, 0x0000, 0x0000, 0x0000, 0x0000, 0x0000, 0x0000, 0x0000,
  0x0000, 0x0000, 0x0000, 0x0000, 0x0000, 0x0000, 0x0000, 0x0000, 0x0840, 0x39C5, 0x6B08, 0x8369,
  0x8389, 0x8BA9, 0x8B89, 0x8BAA, 0x8BAA, 0x8BAA, 0x8BAA, 0x8BAA, 0x8BAA, 0x8BAA, 0x8BAA, 0x8BAA,
  0x8BAA, 0x8BAA, 0x8BCA, 0x8BCA, 0x8BCA, 0x8BCA, 0x8BAA, 0x8BCA, 0x8BCA, 0x8BA9, 0x8BAA, 0x8BAA,
  0x8BAA, 0x8BAA, 0x8BCA, 0x8BAA, 0x8BCA, 0x8BCA, 0x8BCA, 0x8BCA, 0x8BAA, 0x8BAA, 0x8BAA, 0x8BCA,
  0x8BAA, 0x8BAA, 0x8BCA, 0x8BCA, 0x8BCA, 0x8BCA, 0x8BAA, 0x8BAA, 0x8389, 0x8369, 0x8369, 0x8389,
  0x8369, 0x6B08, 0x41C5, 0x1081, 0x0000, 0x0000, 0x0000, 0x0000, 0x0000, 0x0000, 0x0000, 0x0000,
  0x0000, 0x0000, 0x0000, 0x0000, 0x0000, 0x0000, 0x0000, 0x0000, 0x0000, 0x0000, 0x0000, 0x0000,
  0x0000, 0x0000, 0x0000, 0x0000, 0x0000, 0x0000, 0x0000, 0x0000, 0x0000, 0x0000, 0x0000, 0x0000,
  0x0000, 0x0000, 0x0000, 0x0000, 0x0000, 0x0000, 0x0860, 0x49E5, 0x7B69, 0x838A, 0x8BA9, 0x8B89,
  0x8BAA, 0x8BAA, 0x8B89, 0x8BAA, 0x8BAA, 0x8B89, 0x8389, 0x8389, 0x8BAA, 0x8BAA, 0x8B89, 0x8BAA,
  0x8BAA, 0x8BAA, 0x8BAA, 0x8BAA, 0x8B89, 0x8389, 0x8BA9, 0x8BAA, 0x8BAA, 0x8BA9, 0x8B89, 0x8BAA,
  0x8B89, 0x8BA9, 0x8BAA, 0x8BAA, 0x8BAA, 0x8BA9, 0x8389, 0x8BAA, 0x8BAA, 0x8BAA, 0x8BAA, 0x8BAA,
  0x8BAA, 0x8BAA, 0x8BAA, 0x8B89, 0x8389, 0x8389, 0x8389, 0x8369, 0x8369, 0x7B49, 0x41E5, 0x1060,
  0x0000, 0x0000, 0x0000, 0x0000, 0x0000, 0x0000, 0x0000, 0x0000, 0x0000, 0x0000, 0x0000, 0x0000,
  0x0000, 0x0000, 0x0000, 0x0000, 0x0000, 0x0000, 0x0000, 0x0000, 0x0000, 0x0000, 0x0000, 0x0000,
  0x0000, 0x0000, 0x0000, 0x0000, 0x0000, 0x0000, 0x0000, 0x0000, 0x0000, 0x0000, 0x0000, 0x0000,
  0x0000, 0x0000, 0x0000, 0x18A1, 0x5A67, 0x836A, 0x8BAA, 0x8389, 0x8BAA, 0x8BAA, 0x8BAA, 0x8B89,
  0x8BAA, 0x8B89, 0x8389, 0x8389, 0x8389, 0x8389, 0x8BA9, 0x8389, 0x8B89, 0x8B89, 0x8BAA, 0x8B89,
  0x8B89, 0x8389, 0x8389, 0x8389, 0x8B89, 0x8B89, 0x8BAA, 0x8BAA, 0x8BAA, 0x8B89, 0x8BA9, 0x8389,
  0x8BA9, 0x8BA9, 0x8BA9, 0x8BA9, 0x8BAA, 0x8BAA, 0x8BAA, 0x8BAA, 0x8BAA, 0x8BAA, 0x8BAA, 0x8BAA,
  0x8B89, 0x8389, 0x8369, 0x8389, 0x8369, 0x7B49, 0x838A, 0x62A8, 0x1061, 0x0000, 0x0000, 0x0000,
  0x0000, 0x0000, 0x0000, 0x0000, 0x0000, 0x0000, 0x0000, 0x0000, 0x0000, 0x0000, 0x0000, 0x0000,
  0x0000, 0x0000, 0x0000, 0x0000, 0x0000, 0x0000, 0x0000, 0x0000, 0x0000, 0x0000, 0x0000, 0x0000,
  0x0000, 0x0000, 0x0000, 0x0000, 0x0000, 0x0000, 0x0000, 0x0000, 0x0000, 0x0000, 0x0020, 0x3164,
  0x7B6B, 0x8BEB, 0x838A, 0x838A, 0x8389, 0x8389, 0x8B89, 0x8389, 0x8389, 0x8389, 0x8B89, 0x8389,
  0x8389, 0x8389, 0x8389, 0x8BA9, 0x8389, 0x8B89, 0x8B89, 0x8B89, 0x8369, 0x8369, 0x8369, 0x8369,
  0x8369, 0x8389, 0x8389, 0x8B89, 0x8B89, 0x8B89, 0x8389, 0x8389, 0x8389, 0x8B89, 0x8BA9, 0x8BA9,
  0x8BA9, 0x8B89, 0x8BAA, 0x8B89, 0x8BAA, 0x8BAA, 0x8BAA, 0x8B89, 0x8B89, 0x8389, 0x8369, 0x8369,
  0x8369, 0x7B49, 0x7B49, 0x83AA, 0xACCF, 0x62EA, 0x1061, 0x0000, 0x0000, 0x0000, 0x0000, 0x0000,
  0x0000, 0x0000, 0x0000, 0x0000, 0x0000, 0x0000, 0x0000, 0x0000, 0x0000, 0x0000, 0x0000, 0x0000,
  0x0000, 0x0000, 0x0000, 0x0000, 0x0000, 0x0000, 0x0000, 0x0000, 0x0000, 0x0000, 0x0000, 0x0000,
  0x0000, 0x0000, 0x0000, 0x0000, 0x0000, 0x0000, 0x20E2, 0x5288, 0x944E, 0x9C6E, 0x8BAA, 0x8369,
  0x8369, 0x8369, 0x8369, 0x8369, 0x8369, 0x8369, 0x8389, 0x8BA9, 0x8389, 0x8389, 0x8389, 0x8389,
  0x8B89, 0x8B89, 0x8B89, 0x8B89, 0x8389, 0x8369, 0x8369, 0x8369, 0x8369, 0x8369, 0x8369, 0x8369,
  0x8B89, 0x8B89, 0x8389, 0x8389, 0x8389, 0x8389, 0x8389, 0x8389, 0x8389, 0x8389, 0x8389, 0x8BA9,
  0x8389, 0x8389, 0x8BAA, 0x8BAA, 0x8B89, 0x8369, 0x8369, 0x8369, 0x8349, 0x7B48, 0x7B48, 0x7B28,
  0x7B49, 0x942C, 0xB531, 0x736C, 0x18C2, 0x0000, 0x0000, 0x0000, 0x0000, 0x0000, 0x0000, 0x0000,
  0x0000, 0x0000, 0x0000, 0x0000, 0x0000, 0x0000, 0x0000, 0x0000, 0x0000, 0x0000, 0x0000, 0x0000,
  0x0000, 0x0000, 0x0000, 0x0000, 0x0000, 0x0000, 0x0000, 0x0000, 0x0000, 0x0000, 0x0000, 0x0000,
  0x0000, 0x0000, 0x39A5, 0x8C0D, 0xAD10, 0x9C2D, 0x7B69, 0x7B49, 0x7B49, 0x7B49, 0x7B48, 0x8369,
  0x8369, 0x8369, 0x8369, 0x8369, 0x8389, 0x8389, 0x8389, 0x8369, 0x8389, 0x8389, 0x8389, 0x8B89,
  0x8B89, 0x8369, 0x8369, 0x8369, 0x8369, 0x8369, 0x8369, 0x8369, 0x8369, 0x8B89, 0x8B89, 0x8389,
  0x8389, 0x8389, 0x8389, 0x8389, 0x8389, 0x8389, 0x8389, 0x8389, 0x8389, 0x8369, 0x8369, 0x8369,
  0x8369, 0x8369, 0x8369, 0x8349, 0x8369, 0x7B48, 0x7B28, 0x7B28, 0x7B28, 0x7B28, 0x7B49, 0x8BEC,
  0xBD73, 0x8C2F, 0x2103, 0x0000, 0x0000, 0x0000, 0x0000, 0x0000, 0x0000, 0x0000, 0x0000, 0x0000,
  0x0000, 0x0000, 0x0000, 0x0000, 0x0000, 0x0000, 0x0000, 0x0000, 0x0000, 0x0000, 0x0000, 0x0000,
  0x0000, 0x0000, 0x0000, 0x0000, 0x0000, 0x0000, 0x0000, 0x0000, 0x0000, 0x0820, 0x41E6, 0xA4D0,
  0xA4AF, 0x8BEB, 0x7B49, 0x7B49, 0x7B49, 0x7B48, 0x7B28, 0x7B48, 0x7B49, 0x7B49, 0x8369, 0x7B49,
  0x7B48, 0x7B49, 0x8369, 0x8369, 0x8389, 0x8369, 0x8369, 0x8369, 0x8369, 0x8369, 0x7B49, 0x8369,
  0x8369, 0x8369, 0x8369, 0x8369, 0x8369, 0x8369, 0x8369, 0x8369, 0x8389, 0x8369, 0x8B89, 0x8B89,
  0x8369, 0x8389, 0x8369, 0x8369, 0x8369, 0x8369, 0x7B49, 0x7B49, 0x8349, 0x8349, 0x7B48, 0x7B48,
  0x7B48, 0x7B48, 0x7B28, 0x7B28, 0x7B28, 0x7B28, 0x7B28, 0x7B49, 0x7B49, 0x8BEC, 0xC593, 0x9CB1,
  0x1082, 0x0000, 0x0000, 0x0000, 0x0000, 0x0000, 0x0000, 0x0000, 0x0000, 0x0000, 0x0000, 0x0000,
  0x0000, 0x0000, 0x0000, 0x0000, 0x0000, 0x0000, 0x0000, 0x0000, 0x0000, 0x0000, 0x0000, 0x0000,
  0x0000, 0x0000, 0x0000, 0x0000, 0x0000, 0x0820, 0x4A27, 0xACF0, 0x9C4D, 0x7B6A, 0x7B49, 0x7B49,
  0x7B49, 0x7B49, 0x7B48, 0x7B28, 0x7B28, 0x7B28, 0x7B28, 0x7B49, 0x7B48, 0x7B48, 0x7B48, 0x7B48,
  0x7B48, 0x7B49, 0x7B48, 0x7B69, 0x7B49, 0x7B49, 0x7B49, 0x7B49, 0x7B49, 0x7B49, 0x7B49, 0x8369,
  0x7B69, 0x8369, 0x8369, 0x7B69, 0x8369, 0x8369, 0x8369, 0x8369, 0x7B69, 0x7B69, 0x8369, 0x7B69,
  0x7B49, 0x7B49, 0x7B49, 0x7B48, 0x7B48, 0x7B48, 0x7B48, 0x7B28, 0x7B28, 0x7328, 0x7328, 0x7328,
  0x7328, 0x7B28, 0x7B28, 0x7B28, 0x8349, 0x7B49, 0x7B49, 0x8BEC, 0xD636, 0x83EE, 0x0861, 0x0000,
  0x0000, 0x0000, 0x0000, 0x0000, 0x0000, 0x0000, 0x0000, 0x0000, 0x0000, 0x0000, 0x0000, 0x0000,
  0x0000, 0x0000, 0x0000, 0x0000, 0x0000, 0x0000, 0x0000, 0x0000, 0x0000, 0x0000, 0x0000, 0x0000,
  0x0000, 0x0020, 0x41E6, 0xA4AF, 0x942D, 0x7329, 0x7328, 0x7B49, 0x7B49, 0x7B49, 0x7B48, 0x7B48,
  0x7B48, 0x7B48, 0x7B28, 0x7328, 0x7328, 0x7328, 0x7B28, 0x7B28, 0x7B28, 0x7B48, 0x8369, 0x8369,
  0x838A, 0x838A, 0x83AA, 0x838A, 0x83AA, 0x838A, 0x838A, 0x83AA, 0x83AA, 0x8BCB, 0x8BCB, 0x8BCB,
  0x8BCB, 0x83AA, 0x83AA, 0x8BAA, 0x8BAB, 0x83AA, 0x838A, 0x838A, 0x83AA, 0x7B6A, 0x7B49, 0x7328,
  0x7308, 0x7B28, 0x7B28, 0x7B28, 0x7B28, 0x7B28, 0x7308, 0x7307, 0x7307, 0x7308, 0x7B28, 0x7B28,
  0x7B28, 0x7B48, 0x8349, 0x7B49, 0x7B29, 0x940D, 0xE6D8, 0x6B0B, 0x0000, 0x0000, 0x0000, 0x0000,
  0x0000, 0x0000, 0x0000, 0x0000, 0x0000, 0x0000, 0x0000, 0x0000, 0x0000, 0x0000, 0x0000, 0x0000,
  0x0000, 0x0000, 0x0000, 0x0000, 0x0000, 0x0000, 0x0000, 0x0000, 0x0000, 0x0000, 0x3164, 0x9C4E,
  0x940C, 0x7308, 0x7308, 0x7328, 0x7328, 0x7B48, 0x7B28, 0x7B28, 0x7B28, 0x7B48, 0x7B28, 0x7328,
  0x7328, 0x7328, 0x7307, 0x7328, 0x7B49, 0x7308, 0x6AC8, 0x6AC8, 0x6B09, 0x7329, 0x7B6A, 0x7B8B,
  0x83AB, 0x83AB, 0x83AB, 0x83CB, 0x83CB, 0x8BEC, 0x83CB, 0x83CB, 0x83CB, 0x83AB, 0x7B8B, 0x7B8B,
  0x7B8B, 0x7B6A, 0x734A, 0x736A, 0x734A, 0x734A, 0x6B09, 0x62C8, 0x5246, 0x62C7, 0x7B29, 0x7328,
  0x7308, 0x7328, 0x7308, 0x7308, 0x7308, 0x7307, 0x7307, 0x7B28, 0x7B28, 0x7B28, 0x7B28, 0x7B28,
  0x7B28, 0x7B28, 0x7308, 0xACF0, 0xD676, 0x10A2, 0x0000, 0x0000, 0x0000, 0x0000, 0x0000, 0x0000,
  0x0000, 0x0000, 0x0000, 0x0000, 0x0000, 0x0000, 0x0000, 0x0000, 0x0000, 0x0000, 0x0000, 0x0000,
  0x0000, 0x0000, 0x0000, 0x0000, 0x0000, 0x0000, 0x20E2, 0x8BEC, 0x940C, 0x7308, 0x7308, 0x7308,
  0x7308, 0x7308, 0x7308, 0x7328, 0x7308, 0x7328, 0x7328, 0x7308, 0x7328, 0x7328, 0x7328, 0x7328,
  0x6AC8, 0x62C8, 0x4A26, 0x2943, 0x18A1, 0x18A1, 0x18A1, 0x18C2, 0x20E2, 0x2903, 0x2923, 0x2923,
  0x2923, 0x2923, 0x2923, 0x2923, 0x2923, 0x2923, 0x2103, 0x20E2, 0x20E2, 0x20E2, 0x18C2, 0x18C2,
  0x18C2, 0x18A2, 0x18A2, 0x18A1, 0x1081, 0x1081, 0x39A4, 0x62C8, 0x6AE8, 0x7B49, 0x7328, 0x7328,
  0x7B28, 0x7308, 0x7307, 0x7307, 0x7308, 0x7B28, 0x7307, 0x7307, 0x7307, 0x7307, 0x7308, 0x7308,
  0x7329, 0xD634, 0x6B2A, 0x0020, 0x0000, 0x0000, 0x0000, 0x0000, 0x0000, 0x0000, 0x0000, 0x0000,
  0x0000, 0x0000, 0x0000, 0x0000, 0x0000, 0x0000, 0x0000, 0x0000, 0x0000, 0x0000, 0x0000, 0x0000,
  0x0000, 0x0000, 0x1061, 0x6B09, 0x942C, 0x7308, 0x7308, 0x7308, 0x7308, 0x7308, 0x7307, 0x72E7,
  0x7308, 0x7307, 0x7307, 0x7307, 0x7307, 0x72E8, 0x7328, 0x6B08, 0x6AC8, 0x3184, 0x18A1, 0x0861,
  0x0020, 0x0000, 0x0000, 0x0000, 0x0000, 0x0000, 0x0000, 0x0000, 0x0000, 0x0000, 0x0000, 0x0000,
  0x0000, 0x0000, 0x0000, 0x0000, 0x0000, 0x0000, 0x0000, 0x0000, 0x0000, 0x0000, 0x0000, 0x0000,
  0x0000, 0x0000, 0x0000, 0x0840, 0x10A1, 0x3164, 0x7309, 0x7B8A, 0x7B49, 0x7B28, 0x7B28, 0x7B28,
  0x7308, 0x7307, 0x7308, 0x72E7, 0x72E7, 0x72E7, 0x6AE7, 0x6AE7, 0x6AC7, 0x62C7, 0x942C, 0xD635,
  0x10A1, 0x0000, 0x0000, 0x0000, 0x0000, 0x0000, 0x0000, 0x0000, 0x0000, 0x0000, 0x0000, 0x0000,
  0x0000, 0x0000, 0x0000, 0x0000, 0x0000, 0x0000, 0x0000, 0x0000, 0x0000, 0x0000, 0x0000, 0x3984,
  0x940C, 0x7B49, 0x6AC7, 0x72E8, 0x72E7, 0x6AE7, 0x72E7, 0x7308, 0x72E7, 0x7308, 0x72E7, 0x72E7,
  0x72E7, 0x6AE7, 0x7308, 0x7309, 0x41C5, 0x18C2, 0x0020, 0x0000, 0x0000, 0x0000, 0x0000, 0x0000,
  0x0000, 0x0000, 0x0000, 0x0000, 0x0000, 0x0000, 0x0000, 0x0000, 0x0000, 0x0000, 0x0000, 0x0000,
  0x0000, 0x0000, 0x0000, 0x0000, 0x0000, 0x0000, 0x0000, 0x0000, 0x0000, 0x0000, 0x0000, 0x0000,
  0x0000, 0x0000, 0x0020, 0x18A2, 0x62E9, 0x838B, 0x7B49, 0x7B28, 0x7328, 0x7308, 0x7307, 0x72E7,
  0x6AE7, 0x6AC7, 0x6AC7, 0x6AC7, 0x6AC7, 0x62A6, 0x62C7, 0x62C7, 0xCE14, 0x5267, 0x0000, 0x0000,
  0x0000, 0x0000, 0x0000, 0x0000, 0x0000, 0x0000, 0x0000, 0x0000, 0x0000, 0x0000, 0x0000, 0x0000,
  0x0000, 0x0000, 0x0000, 0x0000, 0x0000, 0x0000, 0x0000, 0x0860, 0x6B09, 0x8BCB, 0x6AC7, 0x62A7,
  0x6AA7, 0x6AC7, 0x6AC7, 0x6AC7, 0x6AC7, 0x6AC7, 0x6AC7, 0x6AE7, 0x72E7, 0x72E7, 0x7308, 0x6B09,
  0x3163, 0x0840, 0x0000, 0x0000, 0x0000, 0x0000, 0x0000, 0x0000, 0x0000, 0x0000, 0x0000, 0x0000,
  0x0000, 0x0000, 0x0000, 0x0000, 0x0000, 0x0000, 0x0000, 0x0000, 0x0000, 0x0000, 0x0000, 0x0000,
  0x0000, 0x0000, 0x0000, 0x0000, 0x0000, 0x0000, 0x0000, 0x0000, 0x0000, 0x0000, 0x0000, 0x0000,
  0x0000, 0x1081, 0x62C9, 0x7B8A, 0x7B28, 0x7307, 0x72E7, 0x72E7, 0x6AE7, 0x6AC7, 0x6AC7, 0x6AC7,
  0x6AA7, 0x62A6, 0x62A6, 0x6286, 0x5A86, 0xACEF, 0xA4D0, 0x0820, 0x0000, 0x0000, 0x0000, 0x0000,
  0x0000, 0x0000, 0x0000, 0x0000, 0x0000, 0x0000, 0x0000, 0x0000, 0x0000, 0x0000, 0x0000, 0x0000,
  0x0000, 0x0000, 0x0000, 0x0000, 0x2923, 0x8C0D, 0x7309, 0x62A7, 0x6286, 0x6286, 0x62A6, 0x6AA7,
  0x6AA7, 0x6AA7, 0x6AA7, 0x6AC7, 0x6AC7, 0x6AE7, 0x72E8, 0x7309, 0x3164, 0x0020, 0x0000, 0x0000,
  0x0000, 0x0000, 0x0000, 0x0000, 0x0000, 0x0000, 0x0000, 0x0000, 0x0000, 0x0000, 0x0000, 0x0000,
  0x0000, 0x0000, 0x0000, 0x0000, 0x0000, 0x0000, 0x0000, 0x0000, 0x0000, 0x0000, 0x0000, 0x0000,
  0x0000, 0x0000, 0x0000, 0x0000, 0x0000, 0x0000, 0x0000, 0x0000, 0x0000, 0x0000, 0x0000, 0x1081,
  0x732A, 0x7329, 0x6AE7, 0x6AC7, 0x6AC7, 0x6AC7, 0x6AC7, 0x6AA7, 0x6AA7, 0x6AA7, 0x6286, 0x6286,
  0x6286, 0x62A6, 0x838A, 0xD614, 0x1061, 0x0000, 0x0000, 0x0000, 0x0000, 0x0000, 0x0000, 0x0000,
  0x0000, 0x0000, 0x0000, 0x0000, 0x0000, 0x0000, 0x0000, 0x0000, 0x0000, 0x0000, 0x0000, 0x0000,
  0x0000, 0x4A27, 0x838B, 0x62C7, 0x6286, 0x6286, 0x6286, 0x6286, 0x6286, 0x6286, 0x6AA7, 0x6AA7,
  0x6AA7, 0x6AC7, 0x6AC7, 0x7309, 0x41A5, 0x0820, 0x0000, 0x0000, 0x0000, 0x0000, 0x0000, 0x0000,
  0x0000, 0x0000, 0x0000, 0x0000, 0x0000, 0x0000, 0x0000, 0x0000, 0x0000, 0x0000, 0x0000, 0x0000,
  0x0000, 0x0000, 0x0000, 0x0000, 0x0000, 0x0000, 0x0000, 0x0000, 0x0000, 0x0000, 0x0000, 0x0000,
  0x0000, 0x0000, 0x0000, 0x0000, 0x0000, 0x0000, 0x0000, 0x0000, 0x0000, 0x3985, 0x6B09, 0x6AC7,
  0x6AA7, 0x6AA7, 0x62A6, 0x62A6, 0x62A6, 0x62A6, 0x62A6, 0x6286, 0x5A66, 0x5A66, 0x5A86, 0x6287,
  0xDE55, 0x2103, 0x0000, 0x0000, 0x0000, 0x0000, 0x0000, 0x0000, 0x0000, 0x0000, 0x0000, 0x0000,
  0x0000, 0x0000, 0x0000, 0x0000, 0x0000, 0x0000, 0x0000, 0x0000, 0x0000, 0x0020, 0x734A, 0x6AE8,
  0x5A86, 0x6286, 0x6286, 0x6286, 0x62A6, 0x6286, 0x6286, 0x6286, 0x62A6, 0x62A6, 0x62A7, 0x62C7,
  0x5247, 0x0840, 0x0000, 0x0000, 0x0000, 0x0000, 0x0000, 0x0000, 0x0000, 0x0000, 0x0000, 0x0000,
  0x0000, 0x0000, 0x0000, 0x0000, 0x0000, 0x0000, 0x0000, 0x0000, 0x0000, 0x0000, 0x0000, 0x0000,
  0x0000, 0x0000, 0x0000, 0x0000, 0x0000, 0x0000, 0x0000, 0x0000, 0x0000, 0x0000, 0x0000, 0x0000,
  0x0000, 0x0000, 0x0000, 0x0000, 0x0000, 0x0000, 0x0820, 0x5A88, 0x62A7, 0x6286, 0x6286, 0x6286,
  0x6286, 0x6286, 0x6286, 0x6286, 0x6286, 0x5A66, 0x6266, 0x6286, 0x5A46, 0xD634, 0x4206, 0x0000,
  0x0000, 0x0000, 0x0000, 0x0000, 0x0000, 0x0000, 0x0000, 0x0000, 0x0000, 0x0000, 0x0000, 0x0000,
  0x0000, 0x0000, 0x0000, 0x0000, 0x0000, 0x0000, 0x18C2, 0x734A, 0x5A87, 0x5A66, 0x5A66, 0x6266,
  0x6286, 0x62A6, 0x6286, 0x6286, 0x6286, 0x6286, 0x6286, 0x6286, 0x6AE8, 0x18A1, 0x0000, 0x0000,
  0x0000, 0x0000, 0x0000, 0x0000, 0x0000, 0x0000, 0x0000, 0x0000, 0x0000, 0x0000, 0x0000, 0x0000,
  0x0000, 0x0000, 0x0000, 0x0000, 0x0000, 0x0000, 0x0000, 0x0000, 0x0000, 0x0000, 0x0000, 0x0000,
  0x0000, 0x0000, 0x0000, 0x0000, 0x0000, 0x0000, 0x0000, 0x0000, 0x0000, 0x0000, 0x0000, 0x0000,
  0x0000, 0x0000, 0x0000, 0x0000, 0x41C5, 0x6287, 0x6286, 0x6286, 0x6286, 0x6286, 0x6286, 0x6286,
  0x6286, 0x5A66, 0x5A66, 0x6286, 0x6286, 0x5A66, 0xCDF3, 0x5267, 0x0000, 0x0000, 0x0000, 0x0000,
  0x0000, 0x0000, 0x0000, 0x0000, 0x0000, 0x0000, 0x0000, 0x0000, 0x0000, 0x0000, 0x0000, 0x0000,
  0x0000, 0x0000, 0x0000, 0x41E6, 0x62C8, 0x5A86, 0x5A66, 0x5A66, 0x6266, 0x6286, 0x6286, 0x6286,
  0x6286, 0x6286, 0x6286, 0x5A86, 0x5A87, 0x62A8, 0x0020, 0x0000, 0x0000, 0x0000, 0x0000, 0x0000,
  0x0000, 0x0000, 0x0000, 0x0000, 0x0000, 0x0000, 0x0000, 0x0000, 0x0000, 0x0000, 0x0000, 0x0000,
  0x0000, 0x0000, 0x0000, 0x0000, 0x0000, 0x0000, 0x0000, 0x0000, 0x0000, 0x0000, 0x0000, 0x0000,
  0x0000, 0x0000, 0x0000, 0x0000, 0x0000, 0x0000, 0x0000, 0x0000, 0x0000, 0x0000, 0x0000, 0x0000,
  0x0000, 0x2103, 0x6287, 0x6286, 0x6266, 0x6266, 0x6286, 0x6286, 0x5A66, 0x6266, 0x5A66, 0x5A66,
  0x6286, 0x6286, 0x5A66, 0xC592, 0x5247, 0x0000, 0x0000, 0x0000, 0x0000, 0x0000, 0x0000, 0x0000,
  0x0000, 0x0000, 0x0000, 0x0000, 0x0000, 0x0000, 0x0000, 0x0000, 0x0000, 0x0000, 0x0000, 0x0000,
  0x6B0A, 0x62A7, 0x5A66, 0x5A66, 0x5A66, 0x5A66, 0x6266, 0x5A66, 0x5A66, 0x5A66, 0x5A66, 0x5A66,
  0x5A66, 0x6AC8, 0x3143, 0x0000, 0x0000, 0x0000, 0x0000, 0x0000, 0x0000, 0x0000, 0x0000, 0x0000,
  0x0000, 0x0000, 0x0000, 0x0000, 0x0000, 0x0000, 0x0000, 0x0000, 0x0000, 0x0000, 0x0000, 0x0000,
  0x0000, 0x0000, 0x0000, 0x0000, 0x0000, 0x0000, 0x0000, 0x0000, 0x0000, 0x0000, 0x0000, 0x0000,
  0x0000, 0x0000, 0x0000, 0x0000, 0x0000, 0x0000, 0x0000, 0x0000, 0x0000, 0x0000, 0x18A1, 0x62C8,
  0x62A7, 0x6266, 0x6286, 0x6286, 0x6286, 0x5A66, 0x5A66, 0x5A66, 0x5A66, 0x6266, 0x5A66, 0x5A66,
  0xBD50, 0x4A26, 0x0000, 0x0000, 0x0000, 0x0000, 0x0000, 0x0000, 0x0000, 0x0000, 0x0000, 0x0000,
  0x0000, 0x0000, 0x0000, 0x0000, 0x0000, 0x0000, 0x0000, 0x0000, 0x0020, 0x7B8B, 0x62A7, 0x5A66,
  0x5A66, 0x5A66, 0x5A66, 0x5A66, 0x5A65, 0x5A45, 0x5A46, 0x5A66, 0x5A66, 0x5225, 0x7B8B, 0x1060,
  0x0000, 0x0000, 0x0000, 0x0000, 0x0000, 0x0000, 0x0000, 0x0000, 0x0000, 0x0000, 0x0000, 0x0000,
  0x0000, 0x0000, 0x0000, 0x0000, 0x0000, 0x0000, 0x0000, 0x0000, 0x0000, 0x0000, 0x0000, 0x0000,
  0x0000, 0x0000, 0x0000, 0x0000, 0x0000, 0x0000, 0x0000, 0x0000, 0x0000, 0x0000, 0x0000, 0x0000,
  0x0000, 0x0000, 0x0000, 0x0000, 0x0000, 0x0000, 0x0000, 0x18A1, 0x6AE8, 0x6286, 0x5A66, 0x6266,
  0x6266, 0x6266, 0x5A66, 0x5A66, 0x5A66, 0x5A66, 0x5A66, 0x5A66, 0x5245, 0xBD50, 0x4A06, 0x0000,
  0x0000, 0x0000, 0x0000, 0x0000, 0x0000, 0x0000, 0x0000, 0x0000, 0x0000, 0x0000, 0x0000, 0x0000,
  0x0000, 0x0000, 0x0000, 0x0000, 0x0000, 0x1081, 0x7B6B, 0x6287, 0x5A45, 0x5A45, 0x5A66, 0x5A45,
  0x5A45, 0x5A45, 0x5A45, 0x5A45, 0x5A45, 0x5A45, 0x4A05, 0x8C0D, 0x0820, 0x0000, 0x0000, 0x0000,
  0x0000, 0x0000, 0x0000, 0x0000, 0x0000, 0x0000, 0x0000, 0x0000, 0x0000, 0x0000, 0x0000, 0x0000,
  0x0000, 0x0000, 0x0000, 0x0000, 0x0000, 0x0000, 0x0000, 0x0000, 0x0000, 0x0000, 0x0000, 0x0000,
  0x0000, 0x0000, 0x0000, 0x0000, 0x0000, 0x0000, 0x0000, 0x0000, 0x0000, 0x0000, 0x0000, 0x0000,
  0x0000, 0x0000, 0x0000, 0x0000, 0x20E2, 0x7309, 0x6286, 0x5A46, 0x5A66, 0x5A66, 0x5A66, 0x5A66,
  0x5A66, 0x5A45, 0x5A45, 0x5A45, 0x5A66, 0x4A05, 0xBD30, 0x41E5, 0x0000, 0x0000, 0x0000, 0x0000,
  0x0000, 0x0000, 0x0000, 0x0000, 0x0000, 0x0000, 0x0000, 0x0000, 0x0000, 0x0000, 0x0000, 0x0000,
  0x0000, 0x0000, 0x3144, 0x6B09, 0x5A86, 0x5245, 0x5A45, 0x5A45, 0x5A45, 0x5A45, 0x5A45, 0x5A45,
  0x5A45, 0x5A45, 0x5A46, 0x4A05, 0x8BEC, 0x0820, 0x0000, 0x0000, 0x0000, 0x0000, 0x0000, 0x0000,
  0x0000, 0x0000, 0x0000, 0x0000, 0x0000, 0x0000, 0x0000, 0x0000, 0x0000, 0x0000, 0x0000, 0x0000,
  0x0000, 0x0000, 0x0000, 0x0000, 0x0000, 0x0000, 0x0000, 0x0000, 0x0000, 0x0000, 0x0000, 0x0000,
  0x0000, 0x0000, 0x0000, 0x0000, 0x0000, 0x0000, 0x0000, 0x0000, 0x0000, 0x0000, 0x0000, 0x0000,
  0x0000, 0x3984, 0x6AE8, 0x5A66, 0x5A45, 0x5A25, 0x5A45, 0x5A45, 0x5A45, 0x5A45, 0x5225, 0x5A45,
  0x5225, 0x5225, 0x41C4, 0xACCF, 0x39A4, 0x0000, 0x0000, 0x0000, 0x0000, 0x0000, 0x0000, 0x0000,
  0x0000, 0x0000, 0x0000, 0x0000, 0x0000, 0x0000, 0x0000, 0x0000, 0x0000, 0x0000, 0x0000, 0x4206,
  0x62A8, 0x5246, 0x5225, 0x5225, 0x5225, 0x5A45, 0x5A45, 0x5A45, 0x5A45, 0x5A45, 0x5A45, 0x5A66,
  0x5225, 0x732A, 0x0020, 0x0000, 0x0000, 0x0000, 0x0000, 0x0000, 0x0000, 0x0000, 0x0000, 0x0000,
  0x0000, 0x0000, 0x0000, 0x0000, 0x0000, 0x0000, 0x0000, 0x0000, 0x0000, 0x0000, 0x0000, 0x0000,
  0x0000, 0x0000, 0x0000, 0x0000, 0x0000, 0x0000, 0x0000, 0x0000, 0x0000, 0x0000, 0x0000, 0x0000,
  0x0000, 0x0000, 0x0000, 0x0000, 0x0000, 0x0000, 0x0000, 0x0000, 0x0000, 0x0000, 0x4A27, 0x62C8,
  0x5A45, 0x5A25, 0x5225, 0x5225, 0x5225, 0x5225, 0x5225, 0x5225, 0x4A05, 0x5205, 0x5205, 0x39A3,
  0x942D, 0x2923, 0x0000, 0x0000, 0x0000, 0x0000, 0x0000, 0x0000, 0x0000, 0x0000, 0x0000, 0x0000,
  0x0000, 0x0000, 0x0000, 0x0000, 0x0000, 0x0000, 0x0000, 0x0000, 0x5A88, 0x5A67, 0x5225, 0x5225,
  0x5225, 0x5225, 0x5A45, 0x5A45, 0x5A45, 0x5A45, 0x5A45, 0x5A45, 0x5A46, 0x5A87, 0x4A26, 0x0000,
  0x0000, 0x0000, 0x0000, 0x0000, 0x0000, 0x0000, 0x0000, 0x0000, 0x0000, 0x0000, 0x0000, 0x0000,
  0x0000, 0x0000, 0x0000, 0x0000, 0x0000, 0x0000, 0x0000, 0x0000, 0x0000, 0x0000, 0x0000, 0x0000,
  0x0000, 0x0000, 0x0000, 0x0000, 0x0000, 0x0000, 0x0000, 0x0000, 0x0000, 0x0000, 0x0000, 0x0000,
  0x0000, 0x0000, 0x0000, 0x0000, 0x0000, 0x0000, 0x0000, 0x62C9, 0x6287, 0x5225, 0x5225, 0x5225,
  0x5205, 0x5205, 0x5205, 0x5205, 0x4A05, 0x49E4, 0x49E4, 0x4A05, 0x3983, 0x7B6A, 0x1061, 0x0000,
  0x0000, 0x0000, 0x0000, 0x0000, 0x0000, 0x0000, 0x0000, 0x0000, 0x0000, 0x0000, 0x0000, 0x0000,
  0x0000, 0x0000, 0x0000, 0x0000, 0x0000, 0x6B0A, 0x5246, 0x5205, 0x5225, 0x5225, 0x5225, 0x5225,
  0x5225, 0x5225, 0x5245, 0x5A45, 0x5225, 0x5225, 0x6AE8, 0x2903, 0x0000, 0x0000, 0x0000, 0x0000,
  0x0000, 0x0000, 0x0000, 0x0000, 0x0000, 0x0000, 0x0000, 0x0000, 0x0000, 0x0000, 0x0000, 0x0000,
  0x0000, 0x0000, 0x0000, 0x0000, 0x0000, 0x0000, 0x0000, 0x0000, 0x0000, 0x0000, 0x0000, 0x0000,
  0x0000, 0x0000, 0x0000, 0x0000, 0x0000, 0x0000, 0x0000, 0x0000, 0x0000, 0x0000, 0x0000, 0x0000,
  0x0000, 0x0000, 0x0000, 0x0000, 0x6B2A, 0x5A66, 0x5225, 0x5205, 0x5225, 0x5205, 0x4A05, 0x4A05,
  0x49E5, 0x49E4, 0x49E4, 0x49E4, 0x49E4, 0x41C4, 0x62C9, 0x0020, 0x0000, 0x0000, 0x0000, 0x0000,
  0x0000, 0x0000, 0x0000, 0x0000, 0x0000, 0x0000, 0x0000, 0x0000, 0x0000, 0x0000, 0x0000, 0x0000,
  0x0000, 0x0000, 0x734A, 0x5246, 0x4A05, 0x5225, 0x5205, 0x5225, 0x5205, 0x5225, 0x5225, 0x5205,
  0x5205, 0x5205, 0x49E4, 0x7B8A, 0x1061, 0x0000, 0x0000, 0x0000, 0x0000, 0x0000, 0x0000, 0x0000,
  0x0000, 0x0000, 0x0000, 0x0000, 0x0000, 0x0000, 0x0000, 0x0000, 0x0000, 0x0000, 0x0000, 0x0000,
  0x0000, 0x0000, 0x0000, 0x0000, 0x0000, 0x0000, 0x0000, 0x0000, 0x0000, 0x0000, 0x0000, 0x0000,
  0x0000, 0x0000, 0x0000, 0x0000, 0x0000, 0x0000, 0x0000, 0x0000, 0x0000, 0x0000, 0x0000, 0x0000,
  0x0000, 0x6B2A, 0x5246, 0x49E4, 0x4A05, 0x4A05, 0x4A05, 0x4A05, 0x4A05, 0x49E4, 0x49E4, 0x41C4,
  0x41C4, 0x49E4, 0x5A46, 0x5A67, 0x0020, 0x0000, 0x0000, 0x0000, 0x0000, 0x0000, 0x0000, 0x0000,
  0x0000, 0x0000, 0x0000, 0x0000, 0x0000, 0x0000, 0x0000, 0x0000, 0x0000, 0x0000, 0x0020, 0x6B0A,
  0x5246, 0x4A05, 0x5205, 0x5205, 0x5225, 0x5205, 0x5205, 0x5205, 0x4A04, 0x49E4, 0x49E4, 0x41C4,
  0x8BCC, 0x0840, 0x0000, 0x0000, 0x0000, 0x0000, 0x0000, 0x0000, 0x0000, 0x0000, 0x0000, 0x0000,
  0x0000, 0x0000, 0x0000, 0x0000, 0x0000, 0x0000, 0x0000, 0x0000, 0x0000, 0x0000, 0x0000, 0x0000,
  0x0000, 0x0000, 0x0000, 0x0000, 0x0000, 0x0000, 0x0000, 0x0000, 0x0000, 0x0000, 0x0000, 0x0000,
  0x0000, 0x0000, 0x0000, 0x0000, 0x0000, 0x0000, 0x0000, 0x0000, 0x0000, 0x0840, 0x6AE9, 0x5225,
  0x49E4, 0x49E4, 0x49E4, 0x49E4, 0x49E4, 0x49E4, 0x49E4, 0x49E4, 0x49E4, 0x41C4, 0x41E4, 0x7329,
  0x4A26, 0x0000, 0x0000, 0x0000, 0x0000, 0x0000, 0x0000, 0x0000, 0x0000, 0x0000, 0x0000, 0x0000,
  0x0000, 0x0000, 0x0000, 0x0000, 0x0000, 0x0000, 0x0000, 0x0860, 0x62A8, 0x5225, 0x49E5, 0x4A05,
  0x5205, 0x5205, 0x5205, 0x5205, 0x4A04, 0x49E4, 0x49E4, 0x49E4, 0x41A4, 0x8BEC, 0x1061, 0x0000,
  0x0000, 0x0000, 0x0000, 0x0000, 0x0000, 0x0000, 0x0000, 0x0000, 0x0000, 0x0000, 0x0000, 0x0000,
  0x0000, 0x0000, 0x0000, 0x0000, 0x0000, 0x0000, 0x0000, 0x0000, 0x0000, 0x0000, 0x0000, 0x0000,
  0x0000, 0x0000, 0x0000, 0x0000, 0x0000, 0x0000, 0x0000, 0x0000, 0x0000, 0x0000, 0x0000, 0x0000,
  0x0000, 0x0000, 0x0000, 0x0000, 0x0000, 0x0000, 0x20C2, 0x62A8, 0x4A05, 0x41C4, 0x49C4, 0x49C4,
  0x41C4, 0x41C4, 0x49E4, 0x41C4, 0x49E4, 0x49E4, 0x41C4, 0x41C4, 0x942D, 0x4A06, 0x0000, 0x0000,
  0x0000, 0x0000, 0x0000, 0x0000, 0x0000, 0x0000, 0x0000, 0x0000, 0x0000, 0x0000, 0x0000, 0x0000,
  0x0000, 0x0000, 0x0000, 0x0000, 0x0840, 0x4A06, 0x4A05, 0x49E4, 0x49E4, 0x49E4, 0x4A04, 0x4A05,
  0x49E4, 0x49E4, 0x49E4, 0x49E4, 0x49C4, 0x41A4, 0x83AB, 0x20E2, 0x0000, 0x0000, 0x0000, 0x0000,
  0x0000, 0x0000, 0x0000, 0x0000, 0x0000, 0x0000, 0x0000, 0x0000, 0x0000, 0x0000, 0x0000, 0x0000,
  0x0000, 0x0000, 0x0000, 0x0000, 0x0000, 0x0000, 0x0000, 0x0000, 0x0000, 0x0000, 0x0000, 0x0000,
  0x0000, 0x0000, 0x0000, 0x0000, 0x0000, 0x0000, 0x0000, 0x0000, 0x0000, 0x0000, 0x0000, 0x0000,
  0x0000, 0x0000, 0x0000, 0x39A5, 0x5A67, 0x49E5, 0x41C4, 0x41C4, 0x41C4, 0x41C4, 0x41C4, 0x41C4,
  0x41C4, 0x41C4, 0x41C4, 0x41C4, 0x3983, 0xA4AF, 0x39A4, 0x0000, 0x0000, 0x0000, 0x0000, 0x0000,
  0x0000, 0x0000, 0x0000, 0x0000, 0x0000, 0x0000, 0x0000, 0x0000, 0x0000, 0x0000, 0x0000, 0x0000,
  0x0000, 0x0020, 0x39A4, 0x49E5, 0x49E4, 0x49E4, 0x49E4, 0x49E4, 0x49E4, 0x49E4, 0x49E4, 0x49E4,
  0x49C4, 0x41C4, 0x41A4, 0x7329, 0x4A06, 0x0020, 0x0000, 0x0000, 0x0000, 0x0000, 0x0000, 0x0000,
  0x0000, 0x0000, 0x0000, 0x0000, 0x0000, 0x0000, 0x0000, 0x0000, 0x0000, 0x0000, 0x0000, 0x0000,
  0x0000, 0x0000, 0x0000, 0x0000, 0x0000, 0x0000, 0x0000, 0x0000, 0x0000, 0x0000, 0x0000, 0x0000,
  0x0000, 0x0000, 0x0000, 0x0000, 0x0000, 0x0000, 0x0000, 0x0000, 0x0000, 0x0000, 0x0000, 0x1061,
  0x62A8, 0x5246, 0x49C4, 0x41C4, 0x41C4, 0x41C4, 0x41A4, 0x41A4, 0x41C4, 0x41A4, 0x41A4, 0x41A4,
  0x41C4, 0x3983, 0x8BEC, 0x18A1, 0x0000, 0x0000, 0x0000, 0x0000, 0x0000, 0x0000, 0x0000, 0x0000,
  0x0000, 0x0000, 0x0000, 0x0000, 0x0000, 0x0000, 0x0000, 0x0000, 0x0000, 0x0000, 0x0000, 0x3984,
  0x41E5, 0x41C4, 0x49C4, 0x49C4, 0x49E4, 0x49E4, 0x49E4, 0x41C4, 0x41C4, 0x41C4, 0x41A4, 0x41A4,
  0x5225, 0x940D, 0x20E2, 0x0000, 0x0000, 0x0000, 0x0000, 0x0000, 0x0000, 0x0000, 0x0000, 0x0000,
  0x0000, 0x0000, 0x0000, 0x0000, 0x0000, 0x0000, 0x0000, 0x0000, 0x0000, 0x0000, 0x0000, 0x0000,
  0x0000, 0x0000, 0x0000, 0x0000, 0x0000, 0x0000, 0x0000, 0x0000, 0x0000, 0x0000, 0x0000, 0x0000,
  0x0000, 0x0000, 0x0000, 0x0000, 0x0000, 0x0000, 0x0000, 0x0840, 0x41C5, 0x62C7, 0x4A05, 0x49E4,
  0x49E4, 0x41C4, 0x41C4, 0x41A4, 0x41A4, 0x41A4, 0x41A4, 0x41A4, 0x41A4, 0x41A4, 0x41C4, 0x4A06,
  0x0020, 0x0000, 0x0000, 0x0000, 0x0000, 0x0000, 0x0000, 0x0000, 0x0000, 0x0000, 0x0000, 0x0000,
  0x0000, 0x0000, 0x0000, 0x0000, 0x0000, 0x0000, 0x0000, 0x0000, 0x3164, 0x49E5, 0x41C4, 0x49E4,
  0x41C4, 0x41C4, 0x49E4, 0x49E4, 0x49C4, 0x49C4, 0x41A4, 0x41A4, 0x41A4, 0x3983, 0xB551, 0x6B0A,
  0x0820, 0x0000, 0x0000, 0x0000, 0x0000, 0x0000, 0x0000, 0x0000, 0x0000, 0x0000, 0x0000, 0x0000,
  0x0000, 0x0000, 0x0000, 0x0000, 0x0000, 0x0000, 0x0000, 0x0000, 0x0000, 0x0000, 0x0000, 0x0000,
  0x0000, 0x0000, 0x0000, 0x0000, 0x0000, 0x0000, 0x0000, 0x0000, 0x0000, 0x0000, 0x0000, 0x0000,
  0x0000, 0x0000, 0x0000, 0x0000, 0x3143, 0x62C8, 0x5225, 0x49E4, 0x49E4, 0x49E4, 0x41C4, 0x41C4,
  0x41A4, 0x41A4, 0x41A4, 0x41A4, 0x41A4, 0x41A4, 0x41A4, 0x62A7, 0x2102, 0x0000, 0x0000, 0x0000,
  0x0000, 0x0000, 0x0000, 0x0000, 0x0000, 0x0000, 0x0000, 0x0000, 0x0000, 0x0000, 0x0000, 0x0000,
  0x0000, 0x0000, 0x0000, 0x0000, 0x0000, 0x3164, 0x49E5, 0x49C4, 0x49C4, 0x41C4, 0x41C4, 0x41C4,
  0x41C4, 0x41C4, 0x41A4, 0x41A4, 0x3983, 0x3983, 0x3983, 0x8BCC, 0xBD72, 0x39A5, 0x0000, 0x0000,
  0x0000, 0x0000, 0x0000, 0x0000, 0x0000, 0x0000, 0x0000, 0x0000, 0x0000, 0x0000, 0x0000, 0x0000,
  0x0000, 0x0000, 0x0000, 0x0000, 0x0000, 0x0000, 0x0000, 0x0000, 0x0000, 0x0000, 0x0000, 0x0000,
  0x0000, 0x0000, 0x0000, 0x0000, 0x0000, 0x0000, 0x0000, 0x0000, 0x0000, 0x0000, 0x0000, 0x0000,
  0x20E2, 0x62C8, 0x5A86, 0x41C4, 0x41A4, 0x41C4, 0x41A4, 0x41A4, 0x41A4, 0x41A4, 0x41A4, 0x41A4,
  0x41A4, 0x41A4, 0x41A4, 0x3984, 0x62A8, 0x1081, 0x0000, 0x0000, 0x0000, 0x0000, 0x0000, 0x0000,
  0x0000, 0x0000, 0x0000, 0x0000, 0x0000, 0x0000, 0x0000, 0x0000, 0x0000, 0x0000, 0x0000, 0x0000,
  0x0000, 0x0000, 0x3144, 0x41E5, 0x49E4, 0x41C4, 0x41C4, 0x41C4, 0x41C4, 0x41A4, 0x41A4, 0x41A4,
  0x3983, 0x3983, 0x3983, 0x3983, 0x4A05, 0xBD72, 0xB531, 0x2944, 0x0020, 0x0000, 0x0000, 0x0000,
  0x0000, 0x0000, 0x0000, 0x0000, 0x0000, 0x0000, 0x0000, 0x0000, 0x0000, 0x0000, 0x0000, 0x0000,
  0x0000, 0x0000, 0x0000, 0x0000, 0x0000, 0x0000, 0x0000, 0x0000, 0x0000, 0x0000, 0x0000, 0x0000,
  0x0000, 0x0000, 0x0000, 0x0000, 0x0000, 0x0000, 0x0000, 0x1061, 0x3143, 0x7309, 0x62A7, 0x41C4,
  0x41A4, 0x41A4, 0x41A4, 0x41A4, 0x41A4, 0x41A4, 0x39A3, 0x39A3, 0x3983, 0x3983, 0x3983, 0x3983,
  0x41A4, 0x3984, 0x0020, 0x0000, 0x0000, 0x0000, 0x0000, 0x0000, 0x0000, 0x0000, 0x0000, 0x0000,
  0x0000, 0x0000, 0x0000, 0x0000, 0x0000, 0x0000, 0x0000, 0x0000, 0x0000, 0x0000, 0x0000, 0x2923,
  0x41C5, 0x41C4, 0x41C4, 0x41C4, 0x41C4, 0x41C4, 0x41A4, 0x41A4, 0x41A4, 0x41A4, 0x3983, 0x3983,
  0x3983, 0x3963, 0x6AE9, 0xCDF4, 0xAD11, 0x4206, 0x0841, 0x0000, 0x0000, 0x0000, 0x0000, 0x0000,
  0x0000, 0x0000, 0x0000, 0x0000, 0x0000, 0x0000, 0x0000, 0x0000, 0x0000, 0x0000, 0x0000, 0x0000,
  0x0000, 0x0000, 0x0000, 0x0000, 0x0000, 0x0000, 0x0000, 0x0000, 0x0000, 0x0000, 0x0000, 0x0000,
  0x0000, 0x0000, 0x0020, 0x3144, 0x62A8, 0x83CB, 0x6AE8, 0x41C4, 0x3983, 0x3983, 0x3983, 0x4183,
  0x4183, 0x4183, 0x3983, 0x3983, 0x3983, 0x3983, 0x3983, 0x3983, 0x3963, 0x49E5, 0x18C2, 0x0000,
  0x0000, 0x0000, 0x0000, 0x0000, 0x0000, 0x0000, 0x0000, 0x0000, 0x0000, 0x0000, 0x0000, 0x0000,
  0x0000, 0x0000, 0x0000, 0x0000, 0x0000, 0x0000, 0x0000, 0x0000, 0x18C2, 0x39A4, 0x41C4, 0x41C4,
  0x41A4, 0x41A4, 0x41A4, 0x41A4, 0x41A4, 0x41A4, 0x3983, 0x3983, 0x3983, 0x3983, 0x3983, 0x41A4,
  0x734A, 0xCE15, 0xBD93, 0x6B4B, 0x39A5, 0x1081, 0x0020, 0x0000, 0x0000, 0x0000, 0x0000, 0x0000,
  0x0000, 0x0000, 0x0000, 0x0000, 0x0020, 0x0020, 0x0000, 0x0020, 0x0020, 0x0020, 0x0020, 0x0020,
  0x0020, 0x0020, 0x0020, 0x0020, 0x0000, 0x0000, 0x0000, 0x0020, 0x0020, 0x0840, 0x2923, 0x4A26,
  0x942D, 0x8C0C, 0x6AE8, 0x41C4, 0x41A4, 0x41A4, 0x3983, 0x3983, 0x3983, 0x3983, 0x3983, 0x3983,
  0x3983, 0x3983, 0x3983, 0x3963, 0x3963, 0x3984, 0x3984, 0x0840, 0x0000, 0x0000, 0x0000, 0x0000,
  0x0000, 0x0000, 0x0000, 0x0000, 0x0000, 0x0000, 0x0000, 0x0000, 0x0000, 0x0000, 0x0000, 0x0000,
  0x0000, 0x0000, 0x0000, 0x0000, 0x0000, 0x0840, 0x3984, 0x41C4, 0x41C4, 0x41A4, 0x41A4, 0x41A4,
  0x41A4, 0x41A4, 0x41A4, 0x3983, 0x3983, 0x3983, 0x39A3, 0x41A4, 0x41A4, 0x41E5, 0x732A, 0xA4D0,
  0xCE15, 0xB532, 0x7B8C, 0x5AA8, 0x4A27, 0x4206, 0x4206, 0x4206, 0x4206, 0x4206, 0x4206, 0x4206,
  0x4207, 0x4A27, 0x4A27, 0x4A27, 0x4A27, 0x4A48, 0x4A48, 0x4A48, 0x4A47, 0x4A47, 0x4A47, 0x4A27,
  0x4A27, 0x4A27, 0x4A27, 0x4206, 0x4206, 0x4A26, 0x5AA8, 0x942D, 0xACCF, 0x83AB, 0x5A66, 0x41A4,
  0x3983, 0x41A4, 0x41A4, 0x3983, 0x3983, 0x3983, 0x3983, 0x3983, 0x3963, 0x3963, 0x3963, 0x3963,
  0x3963, 0x3963, 0x41C5, 0x18C2, 0x0000, 0x0000, 0x0000, 0x0000, 0x0000, 0x0000, 0x0000, 0x0000,
  0x0000, 0x0000, 0x0000, 0x0000, 0x0000, 0x0000, 0x0000, 0x0000, 0x0000, 0x0000, 0x0000, 0x0000,
  0x0000, 0x0000, 0x0000, 0x3143, 0x41C4, 0x41C4, 0x41C4, 0x41A4, 0x41A4, 0x41A4, 0x41A4, 0x41A4,
  0x3983, 0x3983, 0x3983, 0x41A4, 0x41A4, 0x41A4, 0x41C4, 0x41C4, 0x5A67, 0x7B4A, 0x8C0D, 0xA4D0,
  0xB552, 0xB531, 0xB531, 0xB532, 0xB532, 0xB532, 0xB531, 0xB532, 0xB532, 0xB552, 0xB552, 0xBD73,
  0xBD73, 0xBD73, 0xBD73, 0xBD73, 0xBD94, 0xBD93, 0xBD73, 0xBD93, 0xBD73, 0xB552, 0xB552, 0xB552,
  0xAD11, 0x9C8F, 0x944E, 0x8BEC, 0x7B6A, 0x62A7, 0x41E4, 0x3983, 0x3963, 0x3983, 0x3984, 0x3983,
  0x3983, 0x3963, 0x3963, 0x3963, 0x3963, 0x3963, 0x3143, 0x3963, 0x3963, 0x3163, 0x3984, 0x2923,
  0x0840, 0x0000, 0x0000, 0x0000, 0x0000, 0x0000, 0x0000, 0x0000, 0x0000, 0x0000, 0x0000, 0x0000,
  0x0000, 0x0000, 0x0000, 0x0000, 0x0000, 0x0000, 0x0000, 0x0000, 0x0000, 0x0000, 0x0000, 0x0000,
  0x2103, 0x41A4, 0x41A4, 0x41C4, 0x41A4, 0x41A4, 0x41A4, 0x41A4, 0x3983, 0x3983, 0x3983, 0x3983,
  0x3983, 0x3983, 0x41A4, 0x41A4, 0x41A4, 0x41A4, 0x41A4, 0x49E5, 0x5246, 0x62A8, 0x6B09, 0x732A,
  0x6B09, 0x6B09, 0x6B09, 0x6B09, 0x6B09, 0x6B0A, 0x6B0A, 0x732A, 0x732A, 0x734B, 0x734A, 0x734B,
  0x734A, 0x734B, 0x734A, 0x734A, 0x734A, 0x732A, 0x732A, 0x732A, 0x6B09, 0x6B09, 0x62A8, 0x5246,
  0x41E5, 0x3984, 0x3163, 0x3963, 0x3143, 0x3963, 0x3963, 0x3963, 0x3963, 0x3963, 0x3963, 0x3963,
  0x3963, 0x3963, 0x3963, 0x3943, 0x3963, 0x3963, 0x3163, 0x3143, 0x0860, 0x0000, 0x0000, 0x0000,
  0x0000, 0x0000, 0x0000, 0x0000, 0x0000, 0x0000, 0x0000, 0x0000, 0x0000, 0x0000, 0x0000, 0x0000,
  0x0000, 0x0000, 0x0000, 0x0000, 0x0000, 0x0000, 0x0000, 0x0000, 0x0000, 0x1081, 0x3984, 0x41A4,
  0x41A4, 0x41A4, 0x41A4, 0x3983, 0x3983, 0x3983, 0x3983, 0x3983, 0x3983, 0x3983, 0x3983, 0x3983,
  0x3983, 0x3983, 0x3983, 0x3983, 0x3963, 0x3163, 0x3163, 0x3963, 0x3963, 0x3163, 0x3163, 0x3163,
  0x3163, 0x3963, 0x3163, 0x3163, 0x3963, 0x3964, 0x3984, 0x3984, 0x3964, 0x3964, 0x3984, 0x3984,
  0x3984, 0x3984, 0x3984, 0x3984, 0x3964, 0x3163, 0x3163, 0x3143, 0x3143, 0x3143, 0x3143, 0x3143,
  0x3143, 0x3143, 0x3143, 0x3143, 0x3163, 0x3143, 0x3143, 0x3143, 0x3163, 0x3143, 0x3143, 0x3143,
  0x3143, 0x3963, 0x3163, 0x3164, 0x1081, 0x0000, 0x0000, 0x0000, 0x0000, 0x0000, 0x0000, 0x0000,
  0x0000, 0x0000, 0x0000, 0x0000, 0x0000, 0x0000, 0x0000, 0x0000, 0x0000, 0x0000, 0x0000, 0x0000,
  0x0000, 0x0000, 0x0000, 0x0000, 0x0000, 0x0000, 0x0000, 0x2923, 0x3984, 0x3984, 0x3983, 0x41A4,
  0x3983, 0x3983, 0x3983, 0x3983, 0x3963, 0x3963, 0x3963, 0x3963, 0x3963, 0x3963, 0x3963, 0x3963,
  0x3963, 0x3963, 0x3963, 0x3963, 0x3963, 0x3963, 0x3963, 0x3963, 0x3963, 0x3963, 0x3963, 0x3163,
  0x3163, 0x3163, 0x3163, 0x3163, 0x3163, 0x3163, 0x3163, 0x3963, 0x3963, 0x3963, 0x3963, 0x3963,
  0x3963, 0x3963, 0x3163, 0x3143, 0x3143, 0x3143, 0x3143, 0x3143, 0x3143, 0x3143, 0x3143, 0x3143,
  0x3143, 0x3143, 0x3143, 0x3143, 0x3143, 0x3143, 0x3143, 0x3143, 0x3143, 0x3143, 0x3143, 0x3164,
  0x20E2, 0x0000, 0x0000, 0x0000, 0x0000, 0x0000, 0x0000, 0x0000, 0x0000, 0x0000, 0x0000, 0x0000,
  0x0000, 0x0000, 0x0000, 0x0000, 0x0000, 0x0000, 0x0000, 0x0000, 0x0000, 0x0000, 0x0000, 0x0000,
  0x0000, 0x0000, 0x0000, 0x0000, 0x1081, 0x3984, 0x39A4, 0x3983, 0x3983, 0x3983, 0x3983, 0x3963,
  0x3963, 0x3963, 0x3963, 0x3963, 0x3963, 0x3963, 0x3963, 0x3143, 0x3963, 0x3963, 0x3963, 0x3963,
  0x3963, 0x3943, 0x3963, 0x3963, 0x3963, 0x3963, 0x3963, 0x3963, 0x3963, 0x3163, 0x3163, 0x3143,
  0x3143, 0x3143, 0x3143, 0x3163, 0x3163, 0x3163, 0x3163, 0x3963, 0x3963, 0x3143, 0x3163, 0x3143,
  0x3143, 0x3143, 0x3143, 0x3143, 0x3143, 0x3143, 0x3143, 0x3143, 0x3143, 0x3143, 0x3143, 0x3143,
  0x3143, 0x3143, 0x3143, 0x3143, 0x3143, 0x3143, 0x3143, 0x3143, 0x20E2, 0x0020, 0x0000, 0x0000,
  0x0000, 0x0000, 0x0000, 0x0000, 0x0000, 0x0000, 0x0000, 0x0000, 0x0000, 0x0000, 0x0000, 0x0000,
  0x0000, 0x0000, 0x0000, 0x0000, 0x0000, 0x0000, 0x0000, 0x0000, 0x0000, 0x0000, 0x0000, 0x0000,
  0x0000, 0x0000, 0x20E2, 0x39A4, 0x41A4, 0x3983, 0x3983, 0x3983, 0x3963, 0x3963, 0x3963, 0x3963,
  0x3963, 0x3963, 0x3963, 0x3963, 0x3963, 0x3963, 0x3963, 0x3963, 0x3963, 0x3963, 0x3963, 0x3963,
  0x3963, 0x3963, 0x3963, 0x3143, 0x3963, 0x3143, 0x3143, 0x3143, 0x3143, 0x3143, 0x3143, 0x3143,
  0x3143, 0x3143, 0x3963, 0x3143, 0x3163, 0x3143, 0x3143, 0x3143, 0x3143, 0x3143, 0x3143, 0x3143,
  0x3143, 0x3143, 0x3143, 0x3143, 0x3143, 0x3123, 0x3142, 0x3143, 0x3143, 0x3143, 0x3143, 0x3143,
  0x3143, 0x3123, 0x3143, 0x3143, 0x2102, 0x0820, 0x0000, 0x0000, 0x0000, 0x0000, 0x0000, 0x0000,
  0x0000, 0x0000, 0x0000, 0x0000, 0x0000, 0x0000, 0x0000, 0x0000, 0x0000, 0x0000, 0x0000, 0x0000,
  0x0000, 0x0000, 0x0000, 0x0000, 0x0000, 0x0000, 0x0000, 0x0000, 0x0000, 0x0000, 0x0000, 0x0020,
  0x3164, 0x41C4, 0x41A4, 0x3983, 0x3983, 0x3983, 0x3963, 0x3963, 0x3963, 0x3963, 0x3963, 0x3963,
  0x3963, 0x3963, 0x3143, 0x3963, 0x3963, 0x3963, 0x3963, 0x3143, 0x3963, 0x3963, 0x3963, 0x3143,
  0x3143, 0x3143, 0x3143, 0x3143, 0x3143, 0x3143, 0x3143, 0x3143, 0x3143, 0x3143, 0x3143, 0x3143,
  0x3143, 0x3143, 0x3143, 0x3143, 0x3143, 0x3143, 0x3143, 0x3143, 0x3143, 0x3143, 0x3143, 0x3143,
  0x3123, 0x3123, 0x3123, 0x3123, 0x3123, 0x3123, 0x3123, 0x3143, 0x3123, 0x3123, 0x3143, 0x3143,
  0x20E2, 0x0840, 0x0000, 0x0000, 0x0000, 0x0000, 0x0000, 0x0000, 0x0000, 0x0000, 0x0000, 0x0000,
  0x0000, 0x0000, 0x0000, 0x0000, 0x0000, 0x0000, 0x0000, 0x0000, 0x0000, 0x0000, 0x0000, 0x0000,
  0x0000, 0x0000, 0x0000, 0x0000, 0x0000, 0x0000, 0x0000, 0x0000, 0x0000, 0x18A2, 0x41C5, 0x41C4,
  0x3983, 0x3963, 0x3963, 0x3963, 0x3963, 0x3963, 0x3963, 0x3963, 0x3143, 0x3143, 0x3963, 0x3143,
  0x3963, 0x3963, 0x3963, 0x3963, 0x3963, 0x3963, 0x3963, 0x3963, 0x3143, 0x3143, 0x3143, 0x3143,
  0x3143, 0x3143, 0x3143, 0x3143, 0x3143, 0x3143, 0x3143, 0x3143, 0x3143, 0x3143, 0x3143, 0x3143,
  0x3143, 0x3143, 0x3143, 0x3143, 0x3143, 0x3143, 0x3143, 0x3143, 0x3143, 0x3123, 0x3123, 0x3123,
  0x3123, 0x3123, 0x2922, 0x2923, 0x2922, 0x2923, 0x2923, 0x2903, 0x18C2, 0x0820, 0x0000, 0x0000,
  0x0000, 0x0000, 0x0000, 0x0000, 0x0000, 0x0000, 0x0000, 0x0000, 0x0000, 0x0000, 0x0000, 0x0000,
  0x0000, 0x0000, 0x0000, 0x0000, 0x0000, 0x0000, 0x0000, 0x0000, 0x0000, 0x0000, 0x0000, 0x0000,
  0x0000, 0x0000, 0x0000, 0x0000, 0x0000, 0x0000, 0x0000, 0x2103, 0x41C5, 0x41A4, 0x3963, 0x3963,
  0x3143, 0x3143, 0x3143, 0x3143, 0x3143, 0x3143, 0x3143, 0x3963, 0x3143, 0x3143, 0x3143, 0x3143,
  0x3963, 0x3963, 0x3963, 0x3143, 0x3963, 0x3963, 0x3143, 0x3143, 0x3143, 0x3143, 0x3143, 0x3143,
  0x3143, 0x3143, 0x3142, 0x3142, 0x3143, 0x3143, 0x3143, 0x3143, 0x3143, 0x3163, 0x3143, 0x3163,
  0x3163, 0x3163, 0x3143, 0x3143, 0x3143, 0x3143, 0x3143, 0x3123, 0x3123, 0x3123, 0x3123, 0x2922,
  0x2922, 0x2922, 0x2923, 0x2103, 0x0840, 0x0000, 0x0000, 0x0000, 0x0000, 0x0000, 0x0000, 0x0000,
  0x0000, 0x0000, 0x0000, 0x0000, 0x0000, 0x0000, 0x0000, 0x0000, 0x0000, 0x0000, 0x0000, 0x0000,
  0x0000, 0x0000, 0x0000, 0x0000, 0x0000, 0x0000, 0x0000, 0x0000, 0x0000, 0x0000, 0x0000, 0x0000,
  0x0000, 0x0000, 0x0000, 0x0000, 0x0020, 0x2103, 0x41E5, 0x41C4, 0x3163, 0x3143, 0x3143, 0x3143,
  0x3143, 0x3143, 0x3143, 0x3143, 0x3143, 0x3143, 0x3143, 0x3143, 0x3143, 0x3963, 0x3143, 0x3963,
  0x3143, 0x3943, 0x3963, 0x3143, 0x3143, 0x3143, 0x3143, 0x3143, 0x3143, 0x3143, 0x3143, 0x3143,
  0x3142, 0x3143, 0x3143, 0x3143, 0x3143, 0x3143, 0x3143, 0x3143, 0x3143, 0x3143, 0x3143, 0x3143,
  0x3143, 0x3143, 0x3143, 0x3143, 0x3122, 0x3123, 0x3123, 0x2923, 0x2923, 0x2923, 0x2102, 0x20E2,
  0x0840, 0x0000, 0x0000, 0x0000, 0x0000, 0x0000, 0x0000, 0x0000, 0x0000, 0x0000, 0x0000, 0x0000,
  0x0000, 0x0000, 0x0000, 0x0000, 0x0000, 0x0000, 0x0000, 0x0000, 0x0000, 0x0000, 0x0000, 0x0000,
  0x0000, 0x0000, 0x0000, 0x0000, 0x0000, 0x0000, 0x0000, 0x0000, 0x0000, 0x0000, 0x0000, 0x0000,
  0x0000, 0x0000, 0x0020, 0x2103, 0x5246, 0x41C5, 0x41A4, 0x3163, 0x3143, 0x3163, 0x3143, 0x3143,
  0x3143, 0x3143, 0x3963, 0x3143, 0x3143, 0x3143, 0x3143, 0x3143, 0x3143, 0x3143, 0x3143, 0x3143,
  0x3143, 0x3143, 0x3143, 0x3143, 0x3143, 0x3143, 0x3143, 0x3143, 0x3143, 0x3142, 0x3143, 0x3123,
  0x3123, 0x3143, 0x3143, 0x3143, 0x3143, 0x3143, 0x3143, 0x3143, 0x3143, 0x3143, 0x3143, 0x3143,
  0x3142, 0x3142, 0x3123, 0x3143, 0x3143, 0x2923, 0x2903, 0x0860, 0x0020, 0x0000, 0x0000, 0x0000,
  0x0000, 0x0000, 0x0000, 0x0000, 0x0000, 0x0000, 0x0000, 0x0000, 0x0000, 0x0000, 0x0000, 0x0000,
  0x0000, 0x0000, 0x0000, 0x0000, 0x0000, 0x0000, 0x0000, 0x0000, 0x0000, 0x0000, 0x0000, 0x0000,
  0x0000, 0x0000, 0x0000, 0x0000, 0x0000, 0x0000, 0x0000, 0x0000, 0x0000, 0x0000, 0x0000, 0x0000,
  0x0000, 0x20E2, 0x5267, 0x5A87, 0x41C4, 0x41C4, 0x41A4, 0x3963, 0x3143, 0x3163, 0x3963, 0x3963,
  0x3943, 0x3943, 0x3943, 0x3143, 0x3143, 0x3143, 0x3143, 0x3143, 0x3143, 0x3143, 0x3943, 0x3143,
  0x3143, 0x3143, 0x3143, 0x3143, 0x3143, 0x3142, 0x3143, 0x3143, 0x3143, 0x3123, 0x3143, 0x3123,
  0x3123, 0x3143, 0x3143, 0x3143, 0x3143, 0x3143, 0x3143, 0x2923, 0x3143, 0x3143, 0x3143, 0x2923,
  0x2902, 0x2903, 0x18A2, 0x0840, 0x0000, 0x0000, 0x0000, 0x0000, 0x0000, 0x0000, 0x0000, 0x0000,
  0x0000, 0x0000, 0x0000, 0x0000, 0x0000, 0x0000, 0x0000, 0x0000, 0x0000, 0x0000, 0x0000, 0x0000,
  0x0000, 0x0000, 0x0000, 0x0000, 0x0000, 0x0000, 0x0000, 0x0000, 0x0000, 0x0000, 0x0000, 0x0000,
  0x0000, 0x0000, 0x0000, 0x0000, 0x0000, 0x0000, 0x0000, 0x0000, 0x0000, 0x0000, 0x0000, 0x20E2,
  0x41C5, 0x6AC8, 0x7B29, 0x5A66, 0x41C4, 0x41A4, 0x41A4, 0x41A4, 0x41A4, 0x3963, 0x3963, 0x3163,
  0x3143, 0x3122, 0x2922, 0x2922, 0x2902, 0x2922, 0x3122, 0x2922, 0x3122, 0x3142, 0x3142, 0x3142,
  0x3143, 0x3143, 0x3142, 0x3142, 0x3142, 0x3122, 0x3122, 0x2922, 0x2922, 0x2922, 0x2922, 0x2922,
  0x2922, 0x3123, 0x3143, 0x2923, 0x2923, 0x2902, 0x20E2, 0x2103, 0x20E2, 0x1061, 0x0840, 0x0000,
  0x0000, 0x0000, 0x0000, 0x0000, 0x0000, 0x0000, 0x0000, 0x0000, 0x0000, 0x0000, 0x0000, 0x0000,
  0x0000, 0x0000, 0x0000, 0x0000, 0x0000, 0x0000, 0x0000, 0x0000, 0x0000, 0x0000, 0x0000, 0x0000,
  0x0000, 0x0000, 0x0000, 0x0000, 0x0000, 0x0000, 0x0000, 0x0000, 0x0000, 0x0000, 0x0000, 0x0000,
  0x0000, 0x0000, 0x0000, 0x0000, 0x0000, 0x0000, 0x0000, 0x0000, 0x0000, 0x1060, 0x3984, 0x5226,
  0x5A87, 0x6AC8, 0x6AC8, 0x6287, 0x5226, 0x49E5, 0x41C4, 0x41A4, 0x3984, 0x3963, 0x3963, 0x3143,
  0x3143, 0x3142, 0x3143, 0x3163, 0x3163, 0x3963, 0x3983, 0x3963, 0x3963, 0x3984, 0x3984, 0x3983,
  0x3983, 0x3983, 0x3963, 0x3963, 0x3963, 0x3143, 0x3143, 0x3143, 0x2923, 0x2902, 0x2923, 0x2902,
  0x20E2, 0x20E2, 0x18A2, 0x0840, 0x0820, 0x0020, 0x0000, 0x0000, 0x0000, 0x0000, 0x0000, 0x0000,
  0x0000, 0x0000, 0x0000, 0x0000, 0x0000, 0x0000, 0x0000, 0x0000, 0x0000, 0x0000, 0x0000, 0x0000,
  0x0000, 0x0000, 0x0000, 0x0000, 0x0000, 0x0000, 0x0000, 0x0000, 0x0000, 0x0000, 0x0000, 0x0000,
  0x0000, 0x0000, 0x0000, 0x0000, 0x0000, 0x0000, 0x0000, 0x0000, 0x0000, 0x0000, 0x0000, 0x0000,
  0x0000, 0x0000, 0x0000, 0x0000, 0x0000, 0x0000, 0x0000, 0x0020, 0x0820, 0x2103, 0x41C5, 0x39A5,
  0x3164, 0x3143, 0x3984, 0x49E5, 0x5226, 0x5A67, 0x5A67, 0x5246, 0x5226, 0x4A26, 0x4A06, 0x4A06,
  0x4A06, 0x4A06, 0x4A06, 0x4A06, 0x4A06, 0x4A26, 0x4A26, 0x4A26, 0x4A26, 0x4A26, 0x4A26, 0x4A26,
  0x4A26, 0x4A06, 0x4A06, 0x4A06, 0x41C5, 0x3164, 0x20E2, 0x18A2, 0x0840, 0x0820, 0x0020, 0x0020,
  0x0000, 0x0000, 0x0000, 0x0000, 0x0000, 0x0000, 0x0000, 0x0000, 0x0000, 0x0000, 0x0000, 0x0000,
  0x0000, 0x0000, 0x0000, 0x0000, 0x0000, 0x0000, 0x0000, 0x0000, 0x0000, 0x0000, 0x0000, 0x0000,
  0x0000, 0x0000, 0x0000, 0x0000, 0x0000, 0x0000, 0x0000, 0x0000, 0x0000, 0x0000, 0x0000, 0x0000,
  0x0000, 0x0000, 0x0000, 0x0000, 0x0000, 0x0000, 0x0000, 0x0000, 0x0000, 0x0000, 0x0000, 0x0000,
  0x0000, 0x0000, 0x0000, 0x0000, 0x0000, 0x0000, 0x0000, 0x0020, 0x0020, 0x0020, 0x0820, 0x1061,
  0x20C2, 0x2923, 0x3164, 0x3143, 0x2923, 0x2903, 0x2103, 0x2102, 0x20E2, 0x20E2, 0x20E2, 0x18C2,
  0x18C2, 0x18A2, 0x18C2, 0x18C2, 0x18C2, 0x20E2, 0x18C2, 0x20E2, 0x20E2, 0x20E2, 0x20C2, 0x20E2,
  0x20E2, 0x20E2, 0x1081, 0x0840, 0x0020, 0x0000, 0x0000, 0x0000, 0x0000, 0x0000, 0x0000, 0x0000,
  0x0000, 0x0000, 0x0000, 0x0000, 0x0000, 0x0000, 0x0000, 0x0000, 0x0000, 0x0000, 0x0000, 0x0000,
  0x0000, 0x0000, 0x0000, 0x0000, 0x0000, 0x0000, 0x0000, 0x0000, 0x0000, 0x0000, 0x0000, 0x0000,
  0x0000, 0x0000, 0x0000, 0x0000, 0x0000, 0x0000, 0x0000, 0x0000, 0x0000, 0x0000, 0x0000, 0x0000,
  0x0000, 0x0000, 0x0000, 0x0000, 0x0000, 0x0000, 0x0000, 0x0000, 0x0000, 0x0000, 0x0000, 0x0000,
  0x0000, 0x0000, 0x0000, 0x0000, 0x0000, 0x0000, 0x0000, 0x0000, 0x0000, 0x0000, 0x0000, 0x0000,
  0x0000, 0x0000, 0x0000, 0x0000, 0x0000, 0x0000, 0x0000, 0x0000, 0x0000, 0x0000, 0x0000, 0x0000,
  0x0000, 0x0000, 0x0000, 0x0000, 0x0000, 0x0000, 0x0000, 0x0000, 0x0000, 0x0000, 0x0000, 0x0000,
  0x0000, 0x0000, 0x0000, 0x0000, 0x0000, 0x0000, 0x0000, 0x0000, 0x0000, 0x0000, 0x0000, 0x0000,
  0x0000, 0x0000, 0x0000, 0x0000, 0x0000, 0x0000, 0x0000, 0x0000, 0x0000, 0x0000, 0x0000, 0x0000,
  0x0000, 0x0000, 0x0000, 0x0000, 0x0000, 0x0000, 0x0000, 0x0000, 0x0000, 0x0000, 0x0000, 0x0000,
  0x0000, 0x0000, 0x0000, 0x0000, 0x0000, 0x0000, 0x0000, 0x0000, 0x0000, 0x0000, 0x0000, 0x0000,
  0x0000, 0x0000, 0x0000, 0x0000, 0x0000, 0x0000, 0x0000, 0x0000, 0x0000, 0x0000, 0x0000, 0x0000,
  0x0000, 0x0000, 0x0000, 0x0000, 0x0000, 0x0000, 0x0000, 0x0000, 0x0000, 0x0000, 0x0000, 0x0000,
  0x0000, 0x0000, 0x0000, 0x0000, 0x0000, 0x0000, 0x0000, 0x0000, 0x0000, 0x0000, 0x0000, 0x0000,
  0x0000, 0x0000, 0x0000, 0x0000, 0x0000, 0x0000, 0x0000, 0x0000, 0x0000, 0x0000, 0x0000, 0x0000,
  0x0000, 0x0000, 0x0000, 0x0000, 0x0000, 0x0000, 0x0000, 0x0000, 0x0000, 0x0000, 0x0000, 0x0000,
  0x0000, 0x0000, 0x0000, 0x0000, 0x0000, 0x0000, 0x0000, 0x0000, 0x0000, 0x0000, 0x0000, 0x0000,
  0x0000, 0x0000, 0x0000, 0x0000, 0x0000, 0x0000, 0x0000, 0x0000, 0x0000, 0x0000, 0x0000, 0x0000,
  0x0000, 0x0000, 0x0000, 0x0000, 0x0000, 0x0000, 0x0000, 0x0000, 0x0000, 0x0000, 0x0000, 0x0000,
  0x0000, 0x0000, 0x0000, 0x0000, 0x0000, 0x0000, 0x0000, 0x0000, 0x0000, 0x0000, 0x0000, 0x0000,
  0x0000, 0x0000, 0x0000, 0x0000, 0x0000, 0x0000, 0x0000, 0x0000, 0x0000, 0x0000, 0x0000, 0x0000,
  0x0000, 0x0000, 0x0000, 0x0000, 0x0000, 0x0000, 0x0000, 0x0000, 0x0000, 0x0000, 0x0000, 0x0000,
  0x0000, 0x0000, 0x0000, 0x0000, 0x0000, 0x0000, 0x0000, 0x0000, 0x0000, 0x0000, 0x0000, 0x0000,
  0x0000, 0x0000, 0x0000, 0x0000, 0x0000, 0x0000, 0x0000, 0x0000, 0x0000, 0x0000, 0x0000, 0x0000,
  0x0000, 0x0000, 0x0000, 0x0000, 0x0000, 0x0000, 0x0000, 0x0000, 0x0000, 0x0000, 0x0000, 0x0000,
  0x0000, 0x0000, 0x0000, 0x0000, 0x0000, 0x0000, 0x0000, 0x0000, 0x0000, 0x0000, 0x0000, 0x0000,
  0x0000, 0x0000, 0x0000, 0x0000, 0x0000, 0x0000, 0x0000, 0x0000, 0x0000, 0x0000, 0x0000, 0x0000,
  0x0000, 0x0000, 0x0000, 0x0000, 0x0000, 0x0000, 0x0000, 0x0000, 0x0000, 0x0000, 0x0000, 0x0000,
  0x0000, 0x0000, 0x0000, 0x0000, 0x0000, 0x0000, 0x0000, 0x0000, 0x0000, 0x0000, 0x0000, 0x0000,
  0x0000, 0x0000, 0x0000, 0x0000, 0x0000, 0x0000, 0x0000, 0x0000, 0x0000, 0x0000, 0x0000, 0x0000,
  0x0000, 0x0000, 0x0000, 0x0000, 0x0000, 0x0000, 0x0000, 0x0000, 0x0000, 0x0000, 0x0000, 0x0000,
  0x0000, 0x0000, 0x0000, 0x0000, 0x0000, 0x0000, 0x0000, 0x0000, 0x0000, 0x0000, 0x0000, 0x0000,
  0x0000, 0x0000, 0x0000, 0x0000, 0x0000, 0x0000, 0x0000, 0x0000, 0x0000, 0x0000, 0x0000, 0x0000,
  0x0000, 0x0000, 0x0000, 0x0000, 0x0000, 0x0000, 0x0000, 0x0000, 0x0000, 0x0000, 0x0000, 0x0000,
  0x0000, 0x0000, 0x0000, 0x0000, 0x0000, 0x0000, 0x0000, 0x0000, 0x0000, 0x0000, 0x0000, 0x0000,
  0x0000, 0x0000, 0x0000, 0x0000, 0x0000, 0x0000, 0x0000, 0x0000, 0x0000, 0x0000, 0x0000, 0x0000,
  0x0000, 0x0000, 0x0000, 0x0000, 0x0000, 0x0000, 0x0000, 0x0000, 0x0000, 0x0000, 0x0000, 0x0000,
  0x0000, 0x0000, 0x0000, 0x0000, 0x0000, 0x0000, 0x0000, 0x0000, 0x0000, 0x0000, 0x0000, 0x0000,
  0x0000, 0x0000, 0x0000, 0x0000, 0x0000, 0x0000, 0x0000, 0x0000, 0x0000, 0x0000, 0x0000, 0x0000,
  0x0000, 0x0000, 0x0000, 0x0000, 0x0000, 0x0000, 0x0000, 0x0000, 0x0000, 0x0000, 0x0000, 0x0000,
  0x0000, 0x0000, 0x0000, 0x0000, 0x0000, 0x0000, 0x0000, 0x0000, 0x0000, 0x0000, 0x0000, 0x0000,
  0x0000, 0x0000, 0x0000, 0x0000, 0x0000, 0x0000, 0x0000, 0x0000, 0x0000, 0x0000, 0x0000, 0x0000,
  0x0000, 0x0000, 0x0000, 0x0000, 0x0000, 0x0000, 0x0000, 0x0000, 0x0000, 0x0000, 0x0000, 0x0000,
  0x0000, 0x0000, 0x0000, 0x0000, 0x0000, 0x0000, 0x0000, 0x0000, 0x0000, 0x0000, 0x0000, 0x0000,
  0x0000, 0x0000, 0x0000, 0x0000, 0x0000, 0x0000, 0x0000, 0x0000, 0x0000, 0x0000, 0x0000, 0x0000,
  0x0000, 0x0000, 0x0000, 0x0000, 0x0000, 0x0000, 0x0000, 0x0000, 0x0000, 0x0000, 0x0000, 0x0000,
  0x0000, 0x0000, 0x0000, 0x0000, 0x0000, 0x0000, 0x0000, 0x0000, 0x0000, 0x0000, 0x0000, 0x0000,
  0x0000, 0x0000, 0x0000, 0x0000, 0x0000, 0x0000, 0x0000, 0x0000, 0x0000, 0x0000, 0x0000, 0x0000,
  0x0000, 0x0000, 0x0000, 0x0000, 0x0000, 0x0000, 0x0000, 0x0000, 0x0000, 0x0000, 0x0000, 0x0000,
  0x0000, 0x0000, 0x0000, 0x0000, 0x0000, 0x0000, 0x0000, 0x0000, 0x0000, 0x0000, 0x0000, 0x0000,
  0x0000, 0x0000, 0x0000, 0x0000, 0x0000, 0x0000, 0x0000, 0x0000, 0x0000, 0x0000, 0x0000, 0x0000,
  0x0000, 0x0000, 0x0000, 0x0000, 0x0000, 0x0000, 0x0000, 0x0000, 0x0000, 0x0000, 0x0000, 0x0000,
  0x0000, 0x0000, 0x0000, 0x0000, 0x0000, 0x0000, 0x0000, 0x0000, 0x0000, 0x0000, 0x0000, 0x0000,
  0x0000, 0x0000, 0x0000, 0x0000, 0x0000, 0x0000, 0x0000, 0x0000, 0x0000, 0x0000, 0x0000, 0x0000,
  0x0000, 0x0000, 0x0000, 0x0000, 0x0000, 0x0000, 0x0000, 0x0000, 0x0000, 0x0000, 0x0000, 0x0000,
  0x0000, 0x0000, 0x0000, 0x0000, 0x0000, 0x0000, 0x0000, 0x0000, 0x0000, 0x0000, 0x0000, 0x0000,
  0x0000, 0x0000, 0x0000, 0x0000, 0x0000, 0x0000
};
const int img_8_width  = 93;
const int img_8_height = 114;

// img_9  96 x 114  (RGB565)
const uint16_t img_9[] PROGMEM = {
  0x0000, 0x0000, 0x0000, 0x0000, 0x0000, 0x0000, 0x0000, 0x0000, 0x0000, 0x0000, 0x0000, 0x0000,
  0x0000, 0x0000, 0x0000, 0x0000, 0x0000, 0x0000, 0x0000, 0x0000, 0x0000, 0x0000, 0x0000, 0x0000,
  0x0000, 0x0000, 0x0000, 0x0000, 0x0000, 0x0000, 0x0000, 0x0000, 0x0000, 0x0000, 0x0000, 0x0000,
  0x0000, 0x0000, 0x0000, 0x0000, 0x0000, 0x0000, 0x0000, 0x0000, 0x0000, 0x0000, 0x0000, 0x0000,
  0x0000, 0x0000, 0x0000, 0x0000, 0x0000, 0x0000, 0x0000, 0x0000, 0x0000, 0x0000, 0x0000, 0x0000,
  0x0000, 0x0000, 0x0000, 0x0000, 0x0000, 0x0000, 0x0000, 0x0000, 0x0000, 0x0000, 0x0000, 0x0000,
  0x0000, 0x0000, 0x0000, 0x0000, 0x0000, 0x0000, 0x0000, 0x0000, 0x0000, 0x0000, 0x0000, 0x0000,
  0x0000, 0x0000, 0x0000, 0x0000, 0x0000, 0x0000, 0x0000, 0x0000, 0x0000, 0x0000, 0x0000, 0x0000,
  0x0000, 0x0000, 0x0000, 0x0000, 0x0000, 0x0000, 0x0000, 0x0000, 0x0000, 0x0000, 0x0000, 0x0000,
  0x0000, 0x0000, 0x0000, 0x0000, 0x0000, 0x0000, 0x0000, 0x0000, 0x0000, 0x0000, 0x0000, 0x0000,
  0x0000, 0x0000, 0x0000, 0x0000, 0x0000, 0x0000, 0x0000, 0x0000, 0x0000, 0x0000, 0x0000, 0x0000,
  0x0000, 0x0000, 0x0000, 0x0000, 0x0000, 0x0000, 0x0000, 0x0000, 0x0000, 0x0000, 0x0000, 0x0000,
  0x0000, 0x0000, 0x0000, 0x0000, 0x0000, 0x0000, 0x0000, 0x0000, 0x0000, 0x0000, 0x0000, 0x0000,
  0x0000, 0x0000, 0x0000, 0x0000, 0x0000, 0x0000, 0x0000, 0x0000, 0x0000, 0x0000, 0x0000, 0x0000,
  0x0000, 0x0000, 0x0000, 0x0000, 0x0000, 0x0000, 0x0000, 0x0000, 0x0000, 0x0000, 0x0000, 0x0000,
  0x0000, 0x0000, 0x0000, 0x0000, 0x0000, 0x0000, 0x0000, 0x0000, 0x0000, 0x0000, 0x0000, 0x0000,
  0x0000, 0x0000, 0x0000, 0x0000, 0x0000, 0x0000, 0x0000, 0x0000, 0x0000, 0x0000, 0x0000, 0x0000,
  0x0000, 0x0000, 0x0000, 0x0000, 0x0000, 0x0000, 0x0000, 0x0000, 0x0000, 0x0000, 0x0000, 0x0000,
  0x0000, 0x0000, 0x0000, 0x0000, 0x0000, 0x0000, 0x0000, 0x0000, 0x0000, 0x0000, 0x0000, 0x0000,
  0x0000, 0x0000, 0x0000, 0x0000, 0x0000, 0x0000, 0x0000, 0x0000, 0x0000, 0x0000, 0x0000, 0x0000,
  0x0000, 0x0000, 0x0000, 0x0000, 0x0000, 0x0000, 0x0000, 0x0000, 0x0000, 0x0000, 0x0000, 0x0000,
  0x0000, 0x0000, 0x0000, 0x0000, 0x0000, 0x0000, 0x0000, 0x0000, 0x0000, 0x0000, 0x0000, 0x0000,
  0x0000, 0x0000, 0x0000, 0x0000, 0x0000, 0x0000, 0x0000, 0x0000, 0x0000, 0x0000, 0x0000, 0x0000,
  0x0000, 0x0000, 0x0000, 0x0000, 0x0000, 0x0000, 0x0000, 0x0000, 0x0000, 0x0000, 0x0000, 0x0000,
  0x0000, 0x0000, 0x0000, 0x0000, 0x0000, 0x0000, 0x0000, 0x0000, 0x0000, 0x0000, 0x0000, 0x0000,
  0x0000, 0x0000, 0x0000, 0x0000, 0x0000, 0x0000, 0x0000, 0x0000, 0x0000, 0x0000, 0x0000, 0x0000,
  0x0000, 0x0000, 0x0000, 0x0000, 0x0000, 0x0000, 0x0000, 0x0000, 0x0000, 0x0000, 0x0000, 0x0000,
  0x0000, 0x0000, 0x0000, 0x0000, 0x0000, 0x0000, 0x0000, 0x0000, 0x0000, 0x0000, 0x0000, 0x0000,
  0x0000, 0x0000, 0x0000, 0x0000, 0x0000, 0x0000, 0x0000, 0x0000, 0x0000, 0x0000, 0x0000, 0x0000,
  0x0000, 0x0000, 0x0000, 0x0000, 0x0000, 0x0000, 0x0000, 0x0000, 0x0000, 0x0000, 0x0000, 0x0000,
  0x0000, 0x0000, 0x0000, 0x0000, 0x0000, 0x0000, 0x0000, 0x0000, 0x0000, 0x0000, 0x0000, 0x0000,
  0x0000, 0x0000, 0x0000, 0x0000, 0x0000, 0x0000, 0x0000, 0x0000, 0x0000, 0x0000, 0x0000, 0x0000,
  0x0000, 0x0000, 0x0000, 0x0000, 0x0000, 0x0000, 0x0000, 0x0000, 0x0000, 0x0000, 0x0000, 0x0000,
  0x0000, 0x0000, 0x0000, 0x0000, 0x0000, 0x0000, 0x0000, 0x0000, 0x0000, 0x0000, 0x0000, 0x0000,
  0x0000, 0x0000, 0x0000, 0x0000, 0x0000, 0x0000, 0x0000, 0x0000, 0x0000, 0x0000, 0x0000, 0x0000,
  0x0000, 0x0000, 0x0000, 0x0000, 0x0000, 0x0000, 0x0000, 0x0000, 0x0000, 0x0000, 0x0000, 0x0000,
  0x0000, 0x0000, 0x0000, 0x0000, 0x0000, 0x0000, 0x0000, 0x0000, 0x0000, 0x0000, 0x0000, 0x0000,
  0x0000, 0x0000, 0x0000, 0x0000, 0x0000, 0x0000, 0x0000, 0x0000, 0x0000, 0x0000, 0x0000, 0x0000,
  0x0000, 0x0000, 0x0000, 0x0000, 0x0000, 0x0000, 0x0000, 0x0000, 0x0000, 0x0000, 0x0000, 0x0000,
  0x0000, 0x0000, 0x0000, 0x0000, 0x0000, 0x0000, 0x0000, 0x0000, 0x0000, 0x0000, 0x0000, 0x0000,
  0x0000, 0x0000, 0x0000, 0x0000, 0x0000, 0x0000, 0x0000, 0x0000, 0x0000, 0x0000, 0x0000, 0x0000,
  0x0000, 0x0000, 0x0000, 0x0000, 0x0000, 0x0000, 0x0000, 0x0000, 0x0000, 0x0000, 0x0000, 0x0000,
  0x0000, 0x0000, 0x0000, 0x0000, 0x0000, 0x0000, 0x0000, 0x0000, 0x0000, 0x0000, 0x0000, 0x0000,
  0x0000, 0x0000, 0x0000, 0x0000, 0x0000, 0x0000, 0x0000, 0x0000, 0x0000, 0x0000, 0x0000, 0x0000,
  0x0000, 0x0000, 0x0000, 0x0000, 0x0000, 0x0000, 0x0000, 0x0000, 0x0000, 0x0000, 0x0000, 0x0000,
  0x0000, 0x0000, 0x0000, 0x0000, 0x0000, 0x0000, 0x0000, 0x0000, 0x0000, 0x0000, 0x0000, 0x0000,
  0x0000, 0x0000, 0x0000, 0x0000, 0x0000, 0x0000, 0x0000, 0x0000, 0x0000, 0x0000, 0x0000, 0x0000,
  0x0000, 0x0000, 0x0000, 0x0000, 0x0000, 0x0000, 0x0000, 0x0000, 0x0000, 0x0000, 0x0000, 0x0000,
  0x0000, 0x0000, 0x0000, 0x0000, 0x0000, 0x0000, 0x0000, 0x0000, 0x0000, 0x0000, 0x0000, 0x0000,
  0x0000, 0x0000, 0x0000, 0x0000, 0x0000, 0x0000, 0x0000, 0x0000, 0x0000, 0x0000, 0x0000, 0x0000,
  0x0000, 0x0000, 0x0000, 0x0000, 0x0000, 0x0000, 0x0000, 0x0000, 0x0000, 0x0000, 0x0000, 0x0000,
  0x0000, 0x0000, 0x0000, 0x0000, 0x0000, 0x0000, 0x0000, 0x0000, 0x0000, 0x0000, 0x0000, 0x0000,
  0x0000, 0x0000, 0x0000, 0x0000, 0x0000, 0x0000, 0x0000, 0x0000, 0x0000, 0x0000, 0x0000, 0x0000,
  0x0000, 0x0000, 0x0000, 0x0000, 0x0000, 0x0000, 0x0000, 0x0000, 0x0000, 0x0000, 0x0000, 0x0000,
  0x0000, 0x0000, 0x0000, 0x0000, 0x0000, 0x0000, 0x0000, 0x0000, 0x0000, 0x0000, 0x0000, 0x0000,
  0x0000, 0x0000, 0x0000, 0x0000, 0x0000, 0x0000, 0x0000, 0x0000, 0x0000, 0x0000, 0x0000, 0x0000,
  0x0000, 0x0000, 0x0000, 0x0000, 0x0000, 0x0000, 0x0000, 0x0000, 0x0000, 0x0000, 0x0000, 0x0000,
  0x0000, 0x0000, 0x0000, 0x0000, 0x0000, 0x0000, 0x0000, 0x0000, 0x0000, 0x0000, 0x0000, 0x0000,
  0x0000, 0x0000, 0x0000, 0x0000, 0x0000, 0x0000, 0x0000, 0x0000, 0x0000, 0x0000, 0x0000, 0x0000,
  0x0000, 0x0000, 0x0000, 0x0000, 0x0000, 0x0020, 0x0020, 0x0020, 0x0020, 0x0020, 0x0020, 0x0020,
  0x0020, 0x0020, 0x0020, 0x0020, 0x0020, 0x0020, 0x0020, 0x0020, 0x0020, 0x0020, 0x0020, 0x0020,
  0x0020, 0x0020, 0x0020, 0x0020, 0x0020, 0x0020, 0x0020, 0x0000, 0x0000, 0x0000, 0x0000, 0x0000,
  0x0000, 0x0000, 0x0000, 0x0000, 0x0000, 0x0000, 0x0000, 0x0000, 0x0000, 0x0000, 0x0000, 0x0000,
  0x0000, 0x0000, 0x0000, 0x0000, 0x0000, 0x0000, 0x0000, 0x0000, 0x0000, 0x0000, 0x0000, 0x0000,
  0x0000, 0x0000, 0x0000, 0x0000, 0x0000, 0x0000, 0x0000, 0x0000, 0x0000, 0x0000, 0x0000, 0x0000,
  0x0000, 0x0000, 0x0000, 0x0000, 0x0000, 0x0000, 0x0000, 0x0000, 0x0000, 0x0000, 0x0000, 0x0000,
  0x0000, 0x0000, 0x0000, 0x0000, 0x0000, 0x0000, 0x0000, 0x0000, 0x0000, 0x0000, 0x0000, 0x0000,
  0x0020, 0x0820, 0x18C3, 0x3165, 0x4207, 0x5ACA, 0x6B2B, 0x736C, 0x6B4C, 0x6B4C, 0x6B4C, 0x736C,
  0x6B4C, 0x6B6C, 0x6B6C, 0x6B6C, 0x6B6C, 0x6B6C, 0x6B6C, 0x6B4C, 0x6B6C, 0x6B6C, 0x6B6C, 0x6B6C,
  0x6B6C, 0x6B6C, 0x6B6C, 0x6B6C, 0x6B4C, 0x630B, 0x5AA9, 0x4207, 0x3165, 0x18E3, 0x0841, 0x0020,
  0x0000, 0x0000, 0x0000, 0x0000, 0x0000, 0x0000, 0x0000, 0x0000, 0x0000, 0x0000, 0x0000, 0x0000,
  0x0000, 0x0000, 0x0000, 0x0000, 0x0000, 0x0000, 0x0000, 0x0000, 0x0000, 0x0000, 0x0000, 0x0000,
  0x0000, 0x0000, 0x0000, 0x0000, 0x0000, 0x0000, 0x0000, 0x0000, 0x0000, 0x0000, 0x0000, 0x0000,
  0x0000, 0x0000, 0x0000, 0x0000, 0x0000, 0x0000, 0x0000, 0x0000, 0x0000, 0x0000, 0x0000, 0x0000,
  0x0000, 0x0000, 0x0000, 0x0000, 0x0000, 0x0000, 0x0000, 0x0000, 0x0000, 0x0020, 0x18C2, 0x41E7,
  0x630B, 0x6B4B, 0x946F, 0xAD32, 0xC5D4, 0xDE76, 0xE6D8, 0xEEF8, 0xEEF8, 0xE6F8, 0xEEF9, 0xEEF9,
  0xEEF9, 0xEEF9, 0xEEF9, 0xEF19, 0xEF19, 0xEEF9, 0xEEF9, 0xEEF9, 0xEF19, 0xEEF9, 0xEEF9, 0xEEF9,
  0xEEF9, 0xEF19, 0xEEF9, 0xEF19, 0xEF19, 0xE6D8, 0xD656, 0xC5B4, 0xB532, 0x9470, 0x736C, 0x5AAA,
  0x3165, 0x0841, 0x0020, 0x0000, 0x0000, 0x0000, 0x0000, 0x0000, 0x0000, 0x0000, 0x0000, 0x0000,
  0x0000, 0x0000, 0x0000, 0x0000, 0x0000, 0x0000, 0x0000, 0x0000, 0x0000, 0x0000, 0x0000, 0x0000,
  0x0000, 0x0000, 0x0000, 0x0000, 0x0000, 0x0000, 0x0000, 0x0000, 0x0000, 0x0000, 0x0000, 0x0000,
  0x0000, 0x0000, 0x0000, 0x0000, 0x0000, 0x0000, 0x0000, 0x0000, 0x0000, 0x0000, 0x0000, 0x0000,
  0x0000, 0x0000, 0x0000, 0x0000, 0x0000, 0x0000, 0x0000, 0x1081, 0x39A6, 0x62EA, 0x944F, 0xC5D5,
  0xE6D8, 0xE6B7, 0xD656, 0xCE14, 0xCDF3, 0xC5D3, 0xC5B2, 0xC592, 0xC592, 0xC592, 0xC592, 0xC592,
  0xC592, 0xC592, 0xC592, 0xC5B2, 0xC5B3, 0xC5B3, 0xC5B3, 0xC5B3, 0xC5B3, 0xC5B2, 0xC593, 0xC5B2,
  0xC593, 0xC5B2, 0xC593, 0xC5B3, 0xC592, 0xBD92, 0xBD72, 0xC592, 0xC5B3, 0xCDF4, 0xDE76, 0xD656,
  0xAD12, 0x738C, 0x4A68, 0x0861, 0x0000, 0x0000, 0x0000, 0x0000, 0x0000, 0x0000, 0x0000, 0x0000,
  0x0000, 0x0000, 0x0000, 0x0000, 0x0000, 0x0000, 0x0000, 0x0000, 0x0000, 0x0000, 0x0000, 0x0000,
  0x0000, 0x0000, 0x0000, 0x0000, 0x0000, 0x0000, 0x0000, 0x0000, 0x0000, 0x0000, 0x0000, 0x0000,
  0x0000, 0x0000, 0x0000, 0x0000, 0x0000, 0x0000, 0x0000, 0x0000, 0x0000, 0x0000, 0x0000, 0x0000,
  0x0000, 0x0000, 0x0000, 0x0000, 0x0000, 0x1061, 0x41E6, 0x83CD, 0xC5B4, 0xE6D8, 0xE6B7, 0xD635,
  0xCDD3, 0xC5B2, 0xBD71, 0xBD51, 0xB530, 0xB530, 0xBD30, 0xBD50, 0xBD30, 0xB50F, 0xB530, 0xB530,
  0xB50F, 0xACEF, 0xB50F, 0xB50F, 0xB50F, 0xB50F, 0xB510, 0xB510, 0xB510, 0xACEF, 0xB50F, 0xB50F,
  0xB510, 0xACEF, 0xB50F, 0xB50F, 0xACEF, 0xACCF, 0xACCF, 0xA4AE, 0xACCF, 0xACEF, 0xB531, 0xB551,
  0xC5B3, 0xDE76, 0xCE36, 0x7BAD, 0x4A28, 0x0861, 0x0000, 0x0000, 0x0000, 0x0000, 0x0000, 0x0000,
  0x0000, 0x0000, 0x0000, 0x0000, 0x0000, 0x0000, 0x0000, 0x0000, 0x0000, 0x0000, 0x0000, 0x0000,
  0x0000, 0x0000, 0x0000, 0x0000, 0x0000, 0x0000, 0x0000, 0x0000, 0x0000, 0x0000, 0x0000, 0x0000,
  0x0000, 0x0000, 0x0000, 0x0000, 0x0000, 0x0000, 0x0000, 0x0000, 0x0000, 0x0000, 0x0000, 0x0000,
  0x0000, 0x0000, 0x0000, 0x0000, 0x2944, 0x736B, 0xC5F5, 0xEEF8, 0xDE76, 0xCE14, 0xC5B2, 0xBD71,
  0xBD50, 0xBD50, 0xBD50, 0xBD70, 0xBD70, 0xBD50, 0xBD50, 0xBD50, 0xBD50, 0xBD30, 0xBD30, 0xBD4F,
  0xB50F, 0xB50F, 0xB52F, 0xB50F, 0xB50F, 0xB50F, 0xB50F, 0xB50F, 0xB4EF, 0xB50F, 0xB50F, 0xB50F,
  0xB50F, 0xB4EE, 0xB50F, 0xB4EE, 0xB4EE, 0xB4EE, 0xACEE, 0xACCE, 0xACCE, 0xACEE, 0xACCE, 0xA48D,
  0xACCF, 0xB531, 0xBD72, 0xD656, 0xCE16, 0x738D, 0x2104, 0x0000, 0x0000, 0x0000, 0x0000, 0x0000,
  0x0000, 0x0000, 0x0000, 0x0000, 0x0000, 0x0000, 0x0000, 0x0000, 0x0000, 0x0000, 0x0000, 0x0000,
  0x0000, 0x0000, 0x0000, 0x0000, 0x0000, 0x0000, 0x0000, 0x0000, 0x0000, 0x0000, 0x0000, 0x0000,
  0x0000, 0x0000, 0x0000, 0x0000, 0x0000, 0x0000, 0x0000, 0x0000, 0x0000, 0x0000, 0x0000, 0x0000,
  0x0000, 0x0000, 0x0020, 0x39C6, 0xA4D0, 0xDE96, 0xDE55, 0xCE14, 0xBD92, 0xBD50, 0xBD71, 0xC571,
  0xC571, 0xC570, 0xBD50, 0xC570, 0xC570, 0xBD50, 0xC570, 0xC570, 0xC550, 0xBD50, 0xBD50, 0xBD50,
  0xBD2F, 0xBD2F, 0xBD2F, 0xB50F, 0xB50F, 0xB50F, 0xB50F, 0xB4EE, 0xB4EF, 0xB4EE, 0xB50F, 0xB50F,
  0xB4EE, 0xB4EE, 0xB4EE, 0xB4EE, 0xB4EE, 0xB4EE, 0xB4EE, 0xB4EE, 0xB4EE, 0xB4EE, 0xACEE, 0xACCE,
  0xACCE, 0xACCE, 0xACCF, 0xB531, 0xC5D4, 0xDEB8, 0xA4D2, 0x3185, 0x0020, 0x0000, 0x0000, 0x0000,
  0x0000, 0x0000, 0x0000, 0x0000, 0x0000, 0x0000, 0x0000, 0x0000, 0x0000, 0x0000, 0x0000, 0x0000,
  0x0000, 0x0000, 0x0000, 0x0000, 0x0000, 0x0000, 0x0000, 0x0000, 0x0000, 0x0000, 0x0000, 0x0000,
  0x0000, 0x0000, 0x0000, 0x0000, 0x0000, 0x0000, 0x0000, 0x0000, 0x0000, 0x0000, 0x0000, 0x0000,
  0x0000, 0x18A2, 0x5268, 0xC5B3, 0xDE75, 0xCDF3, 0xBD71, 0xBD50, 0xBD50, 0xBD70, 0xBD50, 0xC570,
  0xC570, 0xC570, 0xC570, 0xC570, 0xC570, 0xC570, 0xC570, 0xC570, 0xC550, 0xBD30, 0xBD50, 0xBD50,
  0xBD2F, 0xBD2F, 0xBD2F, 0xBD2F, 0xBD2F, 0xB50F, 0xB50F, 0xB50F, 0xB50F, 0xB50F, 0xB4EE, 0xB50F,
  0xB50E, 0xB50E, 0xB4EE, 0xB50E, 0xB50E, 0xB4EE, 0xB4EE, 0xB4EE, 0xB4EE, 0xB4EE, 0xB4EE, 0xB4EE,
  0xB4EE, 0xB4EE, 0xB4EF, 0xB4EF, 0xAD10, 0xBD93, 0xE6B8, 0xB574, 0x39A6, 0x0000, 0x0000, 0x0000,
  0x0000, 0x0000, 0x0000, 0x0000, 0x0000, 0x0000, 0x0000, 0x0000, 0x0000, 0x0000, 0x0000, 0x0000,
  0x0000, 0x0000, 0x0000, 0x0000, 0x0000, 0x0000, 0x0000, 0x0000, 0x0000, 0x0000, 0x0000, 0x0000,
  0x0000, 0x0000, 0x0000, 0x0000, 0x0000, 0x0000, 0x0000, 0x0000, 0x0000, 0x0000, 0x0000, 0x0000,
  0x18C2, 0x7B8C, 0xD655, 0xD634, 0xC591, 0xBD30, 0xBD30, 0xBD30, 0xBD30, 0xBD50, 0xBD50, 0xBD50,
  0xBD50, 0xC570, 0xC570, 0xC570, 0xC570, 0xC570, 0xC570, 0xC550, 0xC550, 0xBD2F, 0xBD2F, 0xBD50,
  0xBD2F, 0xBD2F, 0xBD2F, 0xBD2F, 0xBD2F, 0xBD2F, 0xB50F, 0xB50F, 0xB50F, 0xB50F, 0xB4EE, 0xB50F,
  0xB50F, 0xB50E, 0xB4EE, 0xB4EE, 0xB50E, 0xB4EE, 0xB4EE, 0xB50E, 0xB4EE, 0xB4EE, 0xB4EE, 0xB4EE,
  0xB4EE, 0xB4EE, 0xB4EE, 0xB50F, 0xB50F, 0xB510, 0xC593, 0xE6D8, 0xB574, 0x2944, 0x0000, 0x0000,
  0x0000, 0x0000, 0x0000, 0x0000, 0x0000, 0x0000, 0x0000, 0x0000, 0x0000, 0x0000, 0x0000, 0x0000,
  0x0000, 0x0000, 0x0000, 0x0000, 0x0000, 0x0000, 0x0000, 0x0000, 0x0000, 0x0000, 0x0000, 0x0000,
  0x0000, 0x0000, 0x0000, 0x0000, 0x0000, 0x0000, 0x0000, 0x0000, 0x0000, 0x0000, 0x0000, 0x18A2,
  0x7BAC, 0xDE55, 0xD614, 0xBD71, 0xBD30, 0xBD2F, 0xBD2F, 0xBD2F, 0xBD2F, 0xBD2F, 0xBD4F, 0xBD4F,
  0xBD50, 0xBD4F, 0xBD50, 0xBD4F, 0xBD4F, 0xBD4F, 0xC550, 0xBD50, 0xC550, 0xC550, 0xBD50, 0xBD2F,
  0xBD2F, 0xBD2F, 0xBD2F, 0xBD2F, 0xBD2F, 0xB50F, 0xB50F, 0xBD2F, 0xB50F, 0xB50F, 0xB50F, 0xB50F,
  0xB50F, 0xB50F, 0xB4EE, 0xB4EE, 0xB50E, 0xB4EE, 0xB4EE, 0xB50E, 0xB4EE, 0xB50E, 0xB50E, 0xB4EE,
  0xB4EE, 0xB4EE, 0xB4EE, 0xB4EE, 0xB50F, 0xB50F, 0xB510, 0xC592, 0xEEF8, 0x9CB1, 0x0861, 0x0000,
  0x0000, 0x0000, 0x0000, 0x0000, 0x0000, 0x0000, 0x0000, 0x0000, 0x0000, 0x0000, 0x0000, 0x0000,
  0x0000, 0x0000, 0x0000, 0x0000, 0x0000, 0x0000, 0x0000, 0x0000, 0x0000, 0x0000, 0x0000, 0x0000,
  0x0000, 0x0000, 0x0000, 0x0000, 0x0000, 0x0000, 0x0000, 0x0000, 0x0000, 0x0000, 0x1081, 0x7B8C,
  0xD655, 0xCE14, 0xBD51, 0xBD50, 0xBD30, 0xBD2F, 0xBD2F, 0xBD2F, 0xBD2F, 0xBD2F, 0xBD2F, 0xB52F,
  0xBD4F, 0xBD2F, 0xBD4F, 0xBD4F, 0xBD2F, 0xBD2F, 0xBD30, 0xBD50, 0xBD4F, 0xBD4F, 0xBD2F, 0xBD2F,
  0xBD2F, 0xBD2F, 0xBD2F, 0xBD2F, 0xBD2F, 0xB50F, 0xBD2F, 0xBD2F, 0xB52F, 0xB50F, 0xB50F, 0xB50F,
  0xB50F, 0xB50F, 0xB50F, 0xB50E, 0xB50F, 0xB4EE, 0xB4EE, 0xB4EE, 0xB4EE, 0xB50E, 0xB4EE, 0xACEE,
  0xB4EE, 0xB4EE, 0xB4EE, 0xB4EE, 0xB4EE, 0xB4EE, 0xACEF, 0xACEF, 0xC5B3, 0xE6D8, 0x4A47, 0x0000,
  0x0000, 0x0000, 0x0000, 0x0000, 0x0000, 0x0000, 0x0000, 0x0000, 0x0000, 0x0000, 0x0000, 0x0000,
  0x0000, 0x0000, 0x0000, 0x0000, 0x0000, 0x0000, 0x0000, 0x0000, 0x0000, 0x0000, 0x0000, 0x0000,
  0x0000, 0x0000, 0x0000, 0x0000, 0x0000, 0x0000, 0x0000, 0x0000, 0x0000, 0x0020, 0x62C9, 0xD615,
  0xD614, 0xBD51, 0xBD30, 0xBD30, 0xBD30, 0xBD30, 0xBD2F, 0xBD2F, 0xBD2F, 0xBD2F, 0xBD2F, 0xBD2F,
  0xBD2F, 0xBD2F, 0xBD2F, 0xBD4F, 0xBD4F, 0xBD4F, 0xBD30, 0xBD2F, 0xBD50, 0xBD4F, 0xBD2F, 0xBD2F,
  0xBD50, 0xBD2F, 0xBD2F, 0xB50F, 0xBD2F, 0xBD2F, 0xBD2F, 0xBD2F, 0xBD2F, 0xB52F, 0xB50F, 0xB50F,
  0xB50F, 0xB50F, 0xB50F, 0xB50F, 0xB50E, 0xB50E, 0xB4EE, 0xB4EE, 0xB4EE, 0xB4EE, 0xACEE, 0xB4EE,
  0xB4CE, 0xB4CE, 0xB4CE, 0xACCE, 0xACCE, 0xACCE, 0xACCE, 0xACEF, 0xACCF, 0xCDF4, 0xB553, 0x0861,
  0x0000, 0x0000, 0x0000, 0x0000, 0x0000, 0x0000, 0x0000, 0x0000, 0x0000, 0x0000, 0x0000, 0x0000,
  0x0000, 0x0000, 0x0000, 0x0000, 0x0000, 0x0000, 0x0000, 0x0000, 0x0000, 0x0000, 0x0000, 0x0000,
  0x0000, 0x0000, 0x0000, 0x0000, 0x0000, 0x0000, 0x0000, 0x0000, 0x0000, 0x3185, 0xBD93, 0xD634,
  0xBD51, 0xBD30, 0xBD30, 0xBD2F, 0xBD2F, 0xBD2F, 0xBD2F, 0xBD2F, 0xB52F, 0xB52F, 0xBD2F, 0xBD2F,
  0xBD4F, 0xBD2F, 0xBD2F, 0xBD2F, 0xBD4F, 0xBD2F, 0xBD2F, 0xBD2F, 0xBD2F, 0xBD4F, 0xBD4F, 0xBD4F,
  0xC550, 0xBD2F, 0xBD2F, 0xBD2F, 0xBD2F, 0xBD2F, 0xB50F, 0xBD2F, 0xBD2F, 0xBD2F, 0xB50F, 0xB50F,
  0xB50E, 0xB50E, 0xB50E, 0xB4EE, 0xB4EE, 0xB50E, 0xB4EE, 0xB4EE, 0xB4EE, 0xB4EE, 0xACCE, 0xACCD,
  0xACCE, 0xACCD, 0xACCD, 0xACCE, 0xACCD, 0xACCE, 0xACAE, 0xACAE, 0xACAE, 0xAD10, 0xDE76, 0x39C6,
  0x0000, 0x0000, 0x0000, 0x0000, 0x0000, 0x0000, 0x0000, 0x0000, 0x0000, 0x0000, 0x0000, 0x0000,
  0x0000, 0x0000, 0x0000, 0x0000, 0x0000, 0x0000, 0x0000, 0x0000, 0x0000, 0x0000, 0x0000, 0x0000,
  0x0000, 0x0000, 0x0000, 0x0000, 0x0000, 0x0000, 0x0000, 0x0000, 0x18A2, 0x946F, 0xD614, 0xBD51,
  0xB50F, 0xB50F, 0xB50F, 0xBD2F, 0xBD2F, 0xBD2F, 0xBD2F, 0xBD2F, 0xBD2F, 0xB50F, 0xB50F, 0xB52F,
  0xBD2F, 0xBD2F, 0xBD2F, 0xBD4F, 0xB52F, 0xBD2F, 0xBD2F, 0xBD2F, 0xBD2F, 0xBD4F, 0xBD4F, 0xBD4F,
  0xBD50, 0xBD50, 0xBD4F, 0xBD2F, 0xBD2F, 0xBD30, 0xBD30, 0xB50F, 0xB52F, 0xBD2F, 0xB50F, 0xB50F,
  0xB50E, 0xB50E, 0xB4EE, 0xACCE, 0xACCE, 0xACEE, 0xACEE, 0xB4CE, 0xACEE, 0xACCE, 0xACAD, 0xACCD,
  0xACAD, 0xACAD, 0xACAD, 0xACAD, 0xACAD, 0xACAD, 0xACCD, 0xACAD, 0xACAD, 0xACAE, 0xC5B2, 0x946F,
  0x0020, 0x0000, 0x0000, 0x0000, 0x0000, 0x0000, 0x0000, 0x0000, 0x0000, 0x0000, 0x0000, 0x0000,
  0x0000, 0x0000, 0x0000, 0x0000, 0x0000, 0x0000, 0x0000, 0x0000, 0x0000, 0x0000, 0x0000, 0x0000,
  0x0000, 0x0000, 0x0000, 0x0000, 0x0000, 0x0000, 0x0000, 0x0000, 0x62C9, 0xCDF4, 0xBD71, 0xB50F,
  0xB50F, 0xB4EF, 0xB50F, 0xB4EE, 0xB50F, 0xB50F, 0xB50F, 0xB50F, 0xB50F, 0xB50F, 0xBD2F, 0xB50F,
  0xBD2F, 0xBD2F, 0xB52F, 0xB52F, 0xB52F, 0xBD30, 0xBD70, 0xBD50, 0xBD71, 0xBD70, 0xC571, 0xC571,
  0xC571, 0xC571, 0xBD71, 0xB530, 0xB550, 0xBD50, 0xBD50, 0xB530, 0xBD50, 0xBD50, 0xB52F, 0xB52F,
  0xB50F, 0xB50F, 0xACEF, 0xACEE, 0xACCE, 0xACCE, 0xACCE, 0xACCD, 0xACCD, 0xACAD, 0xACAD, 0xACAD,
  0xACAD, 0xACAD, 0xACAD, 0xACAD, 0xACAD, 0xACCD, 0xB4CE, 0xACAE, 0xACCE, 0xACCE, 0xACEF, 0xCE14,
  0x1081, 0x0000, 0x0000, 0x0000, 0x0000, 0x0000, 0x0000, 0x0000, 0x0000, 0x0000, 0x0000, 0x0000,
  0x0000, 0x0000, 0x0000, 0x0000, 0x0000, 0x0000, 0x0000, 0x0000, 0x0000, 0x0000, 0x0000, 0x0000,
  0x0000, 0x0000, 0x0000, 0x0000, 0x0000, 0x0000, 0x0000, 0x20E3, 0xB531, 0xCDD3, 0xB510, 0xB50F,
  0xB50F, 0xB4EF, 0xB4EE, 0xB50F, 0xB50F, 0xB50F, 0xB4EE, 0xB50F, 0xB50F, 0xB50F, 0xB50F, 0xB50F,
  0xB50F, 0xB530, 0xB530, 0xB530, 0xACEF, 0xA4CF, 0xA4AF, 0xACCF, 0xACF0, 0xA4CF, 0xACF0, 0xACF0,
  0xACCF, 0xA4AF, 0x9C8E, 0x944D, 0x942D, 0x9C8E, 0xA4AF, 0xA4AF, 0xA4AF, 0xA48E, 0x9C6E, 0x944D,
  0x942D, 0x8BEC, 0x942D, 0x9C6E, 0xA4AF, 0xACEF, 0xACEE, 0xACAD, 0xACAD, 0xACAD, 0xACAD, 0xACCD,
  0xACAD, 0xACAD, 0xACAD, 0xACAD, 0xACCD, 0xACAD, 0xACAE, 0xACCE, 0xACCE, 0xACAE, 0xA4AE, 0xCDF3,
  0x41E6, 0x0000, 0x0000, 0x0000, 0x0000, 0x0000, 0x0000, 0x0000, 0x0000, 0x0000, 0x0000, 0x0000,
  0x0000, 0x0000, 0x0000, 0x0000, 0x0000, 0x0000, 0x0000, 0x0000, 0x0000, 0x0000, 0x0000, 0x0000,
  0x0000, 0x0000, 0x0000, 0x0000, 0x0000, 0x0000, 0x0020, 0x6B2B, 0xD614, 0xB530, 0xB50F, 0xB50F,
  0xB50F, 0xB50F, 0xB50F, 0xB50F, 0xB52F, 0xB50F, 0xB4EE, 0xB50F, 0xB50F, 0xB50F, 0xB50F, 0xB50F,
  0xB530, 0xA48E, 0x8C2D, 0x7BAC, 0x62E9, 0x4A47, 0x39A5, 0x39A5, 0x41C6, 0x41C6, 0x39C5, 0x39C5,
  0x39A5, 0x3985, 0x2944, 0x2103, 0x20E2, 0x2944, 0x39A5, 0x39C5, 0x39C5, 0x39A5, 0x3985, 0x3164,
  0x3164, 0x2103, 0x3184, 0x4A47, 0x734B, 0x8BED, 0x9C6E, 0xACEF, 0xACAE, 0xACAE, 0xACCE, 0xACCD,
  0xACCD, 0xACAD, 0xACAD, 0xACAD, 0xACAD, 0xACAD, 0xACCD, 0xACCD, 0xACAD, 0xA48D, 0xA48D, 0xACEF,
  0x942E, 0x0020, 0x0000, 0x0000, 0x0000, 0x0000, 0x0000, 0x0000, 0x0000, 0x0000, 0x0000, 0x0000,
  0x0000, 0x0000, 0x0000, 0x0000, 0x0000, 0x0000, 0x0000, 0x0000, 0x0000, 0x0000, 0x0000, 0x0000,
  0x0000, 0x0000, 0x0000, 0x0000, 0x0000, 0x0000, 0x2103, 0xB552, 0xC592, 0xB4EF, 0xB4EE, 0xB4EE,
  0xB4EE, 0xB50E, 0xB50F, 0xB50F, 0xB50F, 0xB50F, 0xB50F, 0xB50F, 0xB50F, 0xB50F, 0xB530, 0xACEF,
  0x942D, 0x5267, 0x20E2, 0x10A2, 0x0861, 0x0820, 0x0000, 0x0000, 0x0000, 0x0020, 0x0020, 0x0020,
  0x0000, 0x0000, 0x0000, 0x0000, 0x0000, 0x0000, 0x0000, 0x0020, 0x0020, 0x0000, 0x0000, 0x0000,
  0x0000, 0x0000, 0x0000, 0x0840, 0x1081, 0x18C2, 0x4A27, 0x83CC, 0xA4CF, 0xACCE, 0xACCE, 0xACCE,
  0xACCD, 0xACCD, 0xACAD, 0xACAD, 0xACAD, 0xACAD, 0xACAD, 0xACAD, 0xAC8D, 0xACAD, 0xA48D, 0xA48D,
  0xBD72, 0x0840, 0x0000, 0x0000, 0x0000, 0x0000, 0x0000, 0x0000, 0x0000, 0x0000, 0x0000, 0x0000,
  0x0000, 0x0000, 0x0000, 0x0000, 0x0000, 0x0000, 0x0000, 0x0000, 0x0000, 0x0000, 0x0000, 0x0000,
  0x0000, 0x0000, 0x0000, 0x0000, 0x0000, 0x0000, 0x6B09, 0xCDF3, 0xB50F, 0xACCE, 0xACCE, 0xACEE,
  0xB4EE, 0xB4EE, 0xB4EE, 0xB4EE, 0xB50E, 0xB50F, 0xB4EE, 0xB50F, 0xB50F, 0xB530, 0xACF0, 0x6B2A,
  0x2103, 0x0840, 0x0000, 0x0000, 0x0000, 0x0000, 0x0000, 0x0000, 0x0000, 0x0000, 0x0000, 0x0000,
  0x0000, 0x0000, 0x0000, 0x0000, 0x0000, 0x0000, 0x0000, 0x0000, 0x0000, 0x0000, 0x0000, 0x0000,
  0x0000, 0x0000, 0x0000, 0x0000, 0x0000, 0x0000, 0x0820, 0x18A2, 0x734A, 0xA4CF, 0xACCF, 0xACAE,
  0xACAD, 0xACAD, 0xACAD, 0xACAD, 0xACAD, 0xA48D, 0xA48D, 0xACAD, 0xA4AD, 0xA4AD, 0xA48D, 0x9C6D,
  0xC5B3, 0x1060, 0x0000, 0x0000, 0x0000, 0x0000, 0x0000, 0x0000, 0x0000, 0x0000, 0x0000, 0x0000,
  0x0000, 0x0000, 0x0000, 0x0000, 0x0000, 0x0000, 0x0000, 0x0000, 0x0000, 0x0000, 0x0000, 0x0000,
  0x0000, 0x0000, 0x0000, 0x0000, 0x0000, 0x1081, 0xAD10, 0xBD71, 0xACAE, 0xACCE, 0xACCD, 0xACCE,
  0xACCE, 0xACEE, 0xB4EE, 0xB4EE, 0xB4EE, 0xB50E, 0xB4EE, 0xB4EE, 0xB50F, 0xACF0, 0x5268, 0x10A1,
  0x0000, 0x0000, 0x0000, 0x0000, 0x0000, 0x0000, 0x0000, 0x0000, 0x0000, 0x0000, 0x0000, 0x0000,
  0x0000, 0x0000, 0x0000, 0x0000, 0x0000, 0x0000, 0x0000, 0x0000, 0x0000, 0x0000, 0x0000, 0x0000,
  0x0000, 0x0000, 0x0000, 0x0000, 0x0000, 0x0000, 0x0000, 0x0000, 0x1081, 0x734A, 0xA4AE, 0xA4AE,
  0xA4AD, 0xA48D, 0xA48D, 0xA48D, 0xA48D, 0xA48D, 0xAC8D, 0xAC8D, 0xA48D, 0xA48D, 0xA48D, 0x9C6D,
  0xB551, 0x2903, 0x0000, 0x0000, 0x0000, 0x0000, 0x0000, 0x0000, 0x0000, 0x0000, 0x0000, 0x0000,
  0x0000, 0x0000, 0x0000, 0x0000, 0x0000, 0x0000, 0x0000, 0x0000, 0x0000, 0x0000, 0x0000, 0x0000,
  0x0000, 0x0000, 0x0000, 0x0000, 0x0000, 0x41E6, 0xCDF3, 0xB50F, 0xA4AD, 0xACAD, 0xACCE, 0xACCE,
  0xACCD, 0xACCD, 0xACEE, 0xB4EE, 0xB4EE, 0xB4EE, 0xB4EE, 0xACCE, 0xB530, 0x5A88, 0x0861, 0x0000,
  0x0000, 0x0000, 0x0000, 0x0000, 0x0000, 0x0000, 0x0000, 0x0000, 0x0000, 0x0000, 0x0000, 0x0000,
  0x0000, 0x0000, 0x0000, 0x0000, 0x0000, 0x0000, 0x0000, 0x0000, 0x0000, 0x0000, 0x0000, 0x0000,
  0x0000, 0x0000, 0x0000, 0x0000, 0x0000, 0x0000, 0x0000, 0x0000, 0x0000, 0x1081, 0x8C0D, 0xA48E,
  0x9C6D, 0x9C6C, 0xA46C, 0xA46D, 0xA46C, 0xA48D, 0xA48D, 0xA48D, 0xA48D, 0xA48D, 0xA46C, 0xA46D,
  0xACCF, 0x4A26, 0x0000, 0x0000, 0x0000, 0x0000, 0x0000, 0x0000, 0x0000, 0x0000, 0x0000, 0x0000,
  0x0000, 0x0000, 0x0000, 0x0000, 0x0000, 0x0000, 0x0000, 0x0000, 0x0000, 0x0000, 0x0000, 0x0000,
  0x0000, 0x0000, 0x0000, 0x0000, 0x0000, 0x6B2A, 0xC592, 0xB4EF, 0xACCE, 0xACCD, 0xB4CE, 0xB4EE,
  0xACCD, 0xACCD, 0xB4EE, 0xB4EE, 0xACEE, 0xB50E, 0xB4EF, 0xACEF, 0x7BAC, 0x1081, 0x0000, 0x0000,
  0x0000, 0x0000, 0x0000, 0x0000, 0x0000, 0x0000, 0x0000, 0x0000, 0x0000, 0x0000, 0x0000, 0x0000,
  0x0000, 0x0000, 0x0000, 0x0000, 0x0000, 0x0000, 0x0000, 0x0000, 0x0000, 0x0000, 0x0000, 0x0000,
  0x0000, 0x0000, 0x0000, 0x0000, 0x0000, 0x0000, 0x0000, 0x0000, 0x0000, 0x0000, 0x5267, 0x944D,
  0x9C4D, 0x9C6C, 0x9C4C, 0xA46C, 0xA46C, 0xA46C, 0xA46C, 0xA48D, 0xA46C, 0xA46C, 0xA46C, 0xA46D,
  0xA4AE, 0x5AA8, 0x0000, 0x0000, 0x0000, 0x0000, 0x0000, 0x0000, 0x0000, 0x0000, 0x0000, 0x0000,
  0x0000, 0x0000, 0x0000, 0x0000, 0x0000, 0x0000, 0x0000, 0x0000, 0x0000, 0x0000, 0x0000, 0x0000,
  0x0000, 0x0000, 0x0000, 0x0000, 0x0820, 0x8C2E, 0xB530, 0xACCE, 0xACCE, 0xACCD, 0xACCD, 0xB4CE,
  0xACCD, 0xB4CE, 0xACCD, 0xACCE, 0xACEE, 0xACEE, 0xACCE, 0xB551, 0x2103, 0x0000, 0x0000, 0x0000,
  0x0000, 0x0000, 0x0000, 0x0000, 0x0000, 0x0000, 0x0000, 0x0000, 0x0000, 0x0000, 0x0000, 0x0000,
  0x0000, 0x0000, 0x0000, 0x0000, 0x0000, 0x0000, 0x0000, 0x0000, 0x0000, 0x0000, 0x0000, 0x0000,
  0x0000, 0x0000, 0x0000, 0x0000, 0x0000, 0x0000, 0x0000, 0x0000, 0x0000, 0x0000, 0x18A2, 0x8BEC,
  0x9C6D, 0x9C4C, 0x9C4C, 0xA46C, 0xA46C, 0xA46C, 0xA46C, 0xA46C, 0xA44C, 0xA44C, 0xA46C, 0x9C4C,
  0x9C8E, 0x5AA8, 0x0000, 0x0000, 0x0000, 0x0000, 0x0000, 0x0000, 0x0000, 0x0000, 0x0000, 0x0000,
  0x0000, 0x0000, 0x0000, 0x0000, 0x0000, 0x0000, 0x0000, 0x0000, 0x0000, 0x0000, 0x0000, 0x0000,
  0x0000, 0x0000, 0x0000, 0x0000, 0x0020, 0x942E, 0xACEF, 0xACCE, 0xACCD, 0xACCD, 0xACCD, 0xACAD,
  0xACAD, 0xACCD, 0xACCD, 0xACAD, 0xACCE, 0xACAE, 0xACCF, 0x736B, 0x0020, 0x0000, 0x0000, 0x0000,
  0x0000, 0x0000, 0x0000, 0x0000, 0x0000, 0x0000, 0x0000, 0x0000, 0x0000, 0x0000, 0x0000, 0x0000,
  0x0000, 0x0000, 0x0000, 0x0000, 0x0000, 0x0000, 0x0000, 0x0000, 0x0000, 0x0000, 0x0000, 0x0000,
  0x0000, 0x0000, 0x0000, 0x0000, 0x0000, 0x0000, 0x0000, 0x0000, 0x0000, 0x0000, 0x0000, 0x8BED,
  0xA48E, 0x9C4C, 0x9C4C, 0xA46C, 0xA46C, 0xA46C, 0xA46C, 0xA46C, 0xA44C, 0xA44C, 0xA46C, 0x9C6C,
  0x9C6D, 0x5A88, 0x0000, 0x0000, 0x0000, 0x0000, 0x0000, 0x0000, 0x0000, 0x0000, 0x0000, 0x0000,
  0x0000, 0x0000, 0x0000, 0x0000, 0x0000, 0x0000, 0x0000, 0x0000, 0x0000, 0x0000, 0x0000, 0x0000,
  0x0000, 0x0000, 0x0000, 0x0000, 0x0000, 0x8BED, 0xA4AE, 0xA48D, 0xACAD, 0xACAD, 0xACAD, 0xACAD,
  0xACAD, 0xACCD, 0xACCE, 0xACAD, 0xACCE, 0xA4AE, 0xBD71, 0x18E2, 0x0000, 0x0000, 0x0000, 0x0000,
  0x0000, 0x0000, 0x0000, 0x0000, 0x0000, 0x0000, 0x0000, 0x0000, 0x0000, 0x0000, 0x0000, 0x0000,
  0x0000, 0x0000, 0x0000, 0x0000, 0x0000, 0x0000, 0x0000, 0x0000, 0x0000, 0x0000, 0x0000, 0x0000,
  0x0000, 0x0000, 0x0000, 0x0000, 0x0000, 0x0000, 0x0000, 0x0000, 0x0000, 0x0000, 0x0000, 0x83ED,
  0x9C6D, 0x9C4C, 0x9C6C, 0xA46C, 0xA44C, 0xA46C, 0xA44C, 0xA46C, 0xA44C, 0xA46C, 0xA46C, 0x9C4C,
  0xA48E, 0x5267, 0x0000, 0x0000, 0x0000, 0x0000, 0x0000, 0x0000, 0x0000, 0x0000, 0x0000, 0x0000,
  0x0000, 0x0000, 0x0000, 0x0000, 0x0000, 0x0000, 0x0000, 0x0000, 0x0000, 0x0000, 0x0000, 0x0000,
  0x0000, 0x0000, 0x0000, 0x0000, 0x0840, 0x8C0D, 0xA48E, 0xA48D, 0xAC8D, 0xA48C, 0xAC8D, 0xACAD,
  0xACAD, 0xACCD, 0xACCD, 0xACAD, 0xACAD, 0x9C6D, 0xC5B2, 0x0840, 0x0000, 0x0000, 0x0000, 0x0000,
  0x0000, 0x0000, 0x0000, 0x0000, 0x0000, 0x0000, 0x0000, 0x0000, 0x0000, 0x0000, 0x0000, 0x0000,
  0x0000, 0x0000, 0x0000, 0x0000, 0x0000, 0x0000, 0x0000, 0x0000, 0x0000, 0x0000, 0x0000, 0x0000,
  0x0000, 0x0000, 0x0000, 0x0000, 0x0000, 0x0000, 0x0000, 0x0000, 0x0000, 0x0000, 0x0000, 0x83ED,
  0x9C6D, 0x9C4C, 0x9C6C, 0x9C4C, 0xA44C, 0xA44C, 0x9C4C, 0x9C4C, 0x9C4C, 0x9C4C, 0xA44C, 0x9C4C,
  0xACCF, 0x39A5, 0x0000, 0x0000, 0x0000, 0x0000, 0x0000, 0x0000, 0x0000, 0x0000, 0x0000, 0x0000,
  0x0000, 0x0000, 0x0000, 0x0000, 0x0000, 0x0000, 0x0000, 0x0000, 0x0000, 0x0000, 0x0000, 0x0000,
  0x0000, 0x0000, 0x0000, 0x0000, 0x2103, 0x942D, 0xA48D, 0xA48C, 0xA48C, 0xA48C, 0xA48C, 0xAC8D,
  0xACAD, 0xACCD, 0xACCD, 0xACCD, 0xACCE, 0xA48D, 0xA4AF, 0x0020, 0x0000, 0x0000, 0x0000, 0x0000,
  0x0000, 0x0000, 0x0000, 0x0000, 0x0000, 0x0000, 0x0000, 0x0000, 0x0000, 0x0000, 0x0000, 0x0000,
  0x0000, 0x0000, 0x0000, 0x0000, 0x0000, 0x0000, 0x0000, 0x0000, 0x0000, 0x0000, 0x0000, 0x0000,
  0x0000, 0x0000, 0x0000, 0x0000, 0x0000, 0x0000, 0x0000, 0x0000, 0x0000, 0x0000, 0x0000, 0x944E,
  0x9C6E, 0x942C, 0x9C4C, 0x9C4C, 0x9C2C, 0x9C2C, 0x9C2B, 0x9C4C, 0x9C2C, 0x9C2C, 0x9C2B, 0x942C,
  0xB531, 0x18A1, 0x0000, 0x0000, 0x0000, 0x0000, 0x0000, 0x0000, 0x0000, 0x0000, 0x0000, 0x0000,
  0x0000, 0x0000, 0x0000, 0x0000, 0x0000, 0x0000, 0x0000, 0x0000, 0x0000, 0x0000, 0x0000, 0x0000,
  0x0000, 0x0000, 0x0000, 0x0000, 0x41E6, 0x942D, 0xA46D, 0xA48C, 0xA46C, 0xA46C, 0xA48C, 0xAC8D,
  0xA48D, 0xACAD, 0xACCD, 0xACCD, 0xACCE, 0xA4AE, 0x734A, 0x0020, 0x0000, 0x0000, 0x0000, 0x0000,
  0x0000, 0x0000, 0x0000, 0x0000, 0x0000, 0x0000, 0x0000, 0x0000, 0x0000, 0x0000, 0x0000, 0x0000,
  0x0000, 0x0000, 0x0000, 0x0000, 0x0000, 0x0000, 0x0000, 0x0000, 0x0000, 0x0000, 0x0000, 0x0000,
  0x0000, 0x0000, 0x0000, 0x0000, 0x0000, 0x0000, 0x0000, 0x0000, 0x0000, 0x0000, 0x0000, 0x9CB0,
  0x9C8E, 0x9C2C, 0x9C2C, 0x9C2C, 0x9C2B, 0x9C2B, 0x9C2B, 0x9C2B, 0x9C0B, 0x940B, 0x940B, 0x8BEB,
  0xBD51, 0x0840, 0x0000, 0x0000, 0x0000, 0x0000, 0x0000, 0x0000, 0x0000, 0x0000, 0x0000, 0x0000,
  0x0000, 0x0000, 0x0000, 0x0000, 0x0000, 0x0000, 0x0000, 0x0000, 0x0000, 0x0000, 0x0000, 0x0000,
  0x0000, 0x0000, 0x0000, 0x0000, 0x62C9, 0x942D, 0x9C4D, 0xA46C, 0xA46C, 0xA48C, 0xA48C, 0xA48C,
  0xA48D, 0xACAD, 0xACAD, 0xACAD, 0xA48D, 0xAD0F, 0x4A06, 0x0000, 0x0000, 0x0000, 0x0000, 0x0000,
  0x0000, 0x0000, 0x0000, 0x0000, 0x0000, 0x0000, 0x0000, 0x0000, 0x0000, 0x0000, 0x0000, 0x0000,
  0x0000, 0x0000, 0x0000, 0x0000, 0x0000, 0x0000, 0x0000, 0x0000, 0x0000, 0x0000, 0x0000, 0x0000,
  0x0000, 0x0000, 0x0000, 0x0000, 0x0000, 0x0000, 0x0000, 0x0000, 0x0000, 0x0000, 0x0020, 0xAD11,
  0x9C8E, 0x942C, 0x9C2C, 0x9C2C, 0x9C2B, 0x9C2B, 0x9C2B, 0x9C0B, 0x940B, 0x93EB, 0x940B, 0x8BEB,
  0xB551, 0x0840, 0x0000, 0x0000, 0x0000, 0x0000, 0x0000, 0x0000, 0x0000, 0x0000, 0x0000, 0x0000,
  0x0000, 0x0000, 0x0000, 0x0000, 0x0000, 0x0000, 0x0000, 0x0000, 0x0000, 0x0000, 0x0000, 0x0000,
  0x0000, 0x0000, 0x0000, 0x0000, 0x7B8C, 0x944D, 0x9C4D, 0xA46C, 0xA48C, 0xA46C, 0xA46C, 0xA48D,
  0xA48D, 0xA48D, 0xACAD, 0xA4AD, 0xA46D, 0xBD71, 0x20E2, 0x0000, 0x0000, 0x0000, 0x0000, 0x0000,
  0x0000, 0x0000, 0x0000, 0x0000, 0x0000, 0x0000, 0x0000, 0x0000, 0x0000, 0x0000, 0x0000, 0x0000,
  0x0000, 0x0000, 0x0000, 0x0000, 0x0000, 0x0000, 0x0000, 0x0000, 0x0000, 0x0000, 0x0000, 0x0000,
  0x0000, 0x0000, 0x0000, 0x0000, 0x0000, 0x0000, 0x0000, 0x0000, 0x0000, 0x0000, 0x10A1, 0xAD11,
  0xA48E, 0x940B, 0x9C2C, 0x9C2B, 0x940B, 0x9C0B, 0x940B, 0x940B, 0x93EA, 0x93EA, 0x93EB, 0x8BCB,
  0xACF0, 0x0820, 0x0000, 0x0000, 0x0000, 0x0000, 0x0000, 0x0000, 0x0000, 0x0000, 0x0000, 0x0000,
  0x0000, 0x0000, 0x0000, 0x0000, 0x0000, 0x0000, 0x0000, 0x0000, 0x0000, 0x0000, 0x0000, 0x0000,
  0x0000, 0x0000, 0x0000, 0x0000, 0x83ED, 0x9C6E, 0x9C4C, 0xA46C, 0xA46C, 0xA46C, 0xA44C, 0xA46C,
  0xA46C, 0xA46C, 0xA46C, 0xA46C, 0x9C4C, 0xC5B3, 0x0861, 0x0000, 0x0000, 0x0000, 0x0000, 0x0000,
  0x0000, 0x0000, 0x0000, 0x0000, 0x0000, 0x0000, 0x0000, 0x0000, 0x0000, 0x0000, 0x0000, 0x0000,
  0x0000, 0x0000, 0x0000, 0x0000, 0x0000, 0x0000, 0x0000, 0x0000, 0x0000, 0x0000, 0x0000, 0x0000,
  0x0000, 0x0000, 0x0000, 0x0000, 0x0000, 0x0000, 0x0000, 0x0000, 0x0000, 0x0000, 0x2924, 0x9C6E,
  0x944D, 0x940B, 0x940B, 0x940B, 0x940B, 0x940B, 0x940B, 0x940B, 0x93EA, 0x93EA, 0x93EA, 0x8BEB,
  0x942D, 0x0020, 0x0000, 0x0000, 0x0000, 0x0000, 0x0000, 0x0000, 0x0000, 0x0000, 0x0000, 0x0000,
  0x0000, 0x0000, 0x0000, 0x0000, 0x0000, 0x0000, 0x0000, 0x0000, 0x0000, 0x0000, 0x0000, 0x0000,
  0x0000, 0x0000, 0x0000, 0x0000, 0x8C0D, 0x9C6E, 0x9C4C, 0xA44C, 0xA44C, 0xA44C, 0x9C4C, 0x9C2B,
  0x9C4C, 0xA44C, 0xA44C, 0x9C2C, 0x940C, 0xC5B3, 0x0840, 0x0000, 0x0000, 0x0000, 0x0000, 0x0000,
  0x0000, 0x0000, 0x0000, 0x0000, 0x0000, 0x0000, 0x0000, 0x0000, 0x0000, 0x0000, 0x0000, 0x0000,
  0x0000, 0x0000, 0x0000, 0x0000, 0x0000, 0x0000, 0x0000, 0x0000, 0x0000, 0x0000, 0x0000, 0x0000,
  0x0000, 0x0000, 0x0000, 0x0000, 0x0000, 0x0000, 0x0000, 0x0000, 0x0000, 0x0000, 0x4A27, 0x8BEC,
  0x93EB, 0x8BEB, 0x93EB, 0x93EA, 0x93EB, 0x940B, 0x93EA, 0x93CA, 0x93EA, 0x8BEA, 0x8BEA, 0x940B,
  0x734A, 0x0020, 0x0000, 0x0000, 0x0000, 0x0000, 0x0000, 0x0000, 0x0000, 0x0000, 0x0000, 0x0000,
  0x0000, 0x0000, 0x0000, 0x0000, 0x0000, 0x0000, 0x0000, 0x0000, 0x0000, 0x0000, 0x0000, 0x0000,
  0x0000, 0x0000, 0x0000, 0x0000, 0x8C0D, 0x9C6D, 0x9C6C, 0xA44C, 0x9C4C, 0x9C4C, 0x9C2C, 0x9C2B,
  0x9C2B, 0x9C4C, 0x9C2C, 0x9C2C, 0x940B, 0xC572, 0x0840, 0x0000, 0x0000, 0x0000, 0x0000, 0x0000,
  0x0000, 0x0000, 0x0000, 0x0000, 0x0000, 0x0000, 0x0000, 0x0000, 0x0000, 0x0000, 0x0000, 0x0000,
  0x0000, 0x0000, 0x0000, 0x0000, 0x0000, 0x0000, 0x0000, 0x0000, 0x0000, 0x0000, 0x0000, 0x0000,
  0x0000, 0x0000, 0x0000, 0x0000, 0x0000, 0x0000, 0x0000, 0x0000, 0x0000, 0x0000, 0x7B8C, 0x8BEC,
  0x8BCB, 0x93CA, 0x93EA, 0x93EA, 0x93EA, 0x93EA, 0x93CA, 0x8BCA, 0x93EA, 0x8BCA, 0x8BCA, 0x9C4C,
  0x5267, 0x0000, 0x0000, 0x0000, 0x0000, 0x0000, 0x0000, 0x0000, 0x0000, 0x0000, 0x0000, 0x0000,
  0x0000, 0x0000, 0x0000, 0x0000, 0x0000, 0x0000, 0x0000, 0x0000, 0x0000, 0x0000, 0x0000, 0x0000,
  0x0000, 0x0000, 0x0000, 0x0820, 0x944E, 0x9C6D, 0x9C2C, 0x9C2C, 0x9C2B, 0x9C2B, 0x9C2B, 0x9C2B,
  0x9C2B, 0x9C2B, 0x9C2B, 0x9C2B, 0x940B, 0xC592, 0x18A1, 0x0000, 0x0000, 0x0000, 0x0000, 0x0000,
  0x0000, 0x0000, 0x0000, 0x0000, 0x0000, 0x0000, 0x0000, 0x0000, 0x0000, 0x0000, 0x0000, 0x0000,
  0x0000, 0x0000, 0x0000, 0x0000, 0x0000, 0x0000, 0x0000, 0x0000, 0x0000, 0x0000, 0x0000, 0x0000,
  0x0000, 0x0000, 0x0000, 0x0000, 0x0000, 0x0000, 0x0000, 0x0000, 0x0000, 0x0840, 0xB531, 0x8BEB,
  0x8BAA, 0x8BCA, 0x8BCA, 0x8BCA, 0x8BCA, 0x8BCA, 0x8BCA, 0x8BCA, 0x93EA, 0x8BCA, 0x8BCA, 0xA48E,
  0x3184, 0x0000, 0x0000, 0x0000, 0x0000, 0x0000, 0x0000, 0x0000, 0x0000, 0x0000, 0x0000, 0x0000,
  0x0000, 0x0000, 0x0000, 0x0000, 0x0000, 0x0000, 0x0000, 0x0000, 0x0000, 0x0000, 0x0000, 0x0000,
  0x0000, 0x0000, 0x0000, 0x0840, 0x942D, 0x9C4D, 0x942B, 0x9C2B, 0x9C2B, 0x9C0B, 0x9C0B, 0x940B,
  0x940B, 0x940B, 0x940B, 0x940B, 0x940B, 0xCDB2, 0x41E5, 0x0000, 0x0000, 0x0000, 0x0000, 0x0000,
  0x0000, 0x0000, 0x0000, 0x0000, 0x0000, 0x0000, 0x0000, 0x0000, 0x0000, 0x0000, 0x0000, 0x0000,
  0x0000, 0x0000, 0x0000, 0x0000, 0x0000, 0x0000, 0x0000, 0x0000, 0x0000, 0x0000, 0x0000, 0x0000,
  0x0000, 0x0000, 0x0000, 0x0000, 0x0000, 0x0000, 0x0000, 0x0000, 0x0000, 0x3143, 0xD613, 0x8BCB,
  0x8369, 0x8BA9, 0x8BAA, 0x8BA9, 0x8BCA, 0x8BCA, 0x8BCA, 0x93CA, 0x93EA, 0x8BEA, 0x8BAA, 0xACEF,
  0x18A1, 0x0000, 0x0000, 0x0000, 0x0000, 0x0000, 0x0000, 0x0000, 0x0000, 0x0000, 0x0000, 0x0000,
  0x0000, 0x0000, 0x0000, 0x0000, 0x0000, 0x0000, 0x0000, 0x0000, 0x0000, 0x0000, 0x0000, 0x0000,
  0x0000, 0x0000, 0x0000, 0x0000, 0x8BEC, 0x942C, 0x8BEB, 0x940A, 0x940B, 0x940B, 0x940B, 0x93EA,
  0x940A, 0x940A, 0x93EA, 0x940B, 0x940B, 0xBD50, 0x83CC, 0x0840, 0x0000, 0x0000, 0x0000, 0x0000,
  0x0000, 0x0000, 0x0000, 0x0000, 0x0000, 0x0000, 0x0000, 0x0000, 0x0000, 0x0000, 0x0000, 0x0000,
  0x0000, 0x0000, 0x0000, 0x0000, 0x0000, 0x0000, 0x0000, 0x0000, 0x0000, 0x0000, 0x0000, 0x0000,
  0x0000, 0x0000, 0x0000, 0x0000, 0x0000, 0x0000, 0x0000, 0x0000, 0x2944, 0x62C8, 0xD613, 0x8BCA,
  0x7B69, 0x8389, 0x8BA9, 0x8BA9, 0x8BAA, 0x8BAA, 0x8BAA, 0x93CA, 0x8BCA, 0x8BCB, 0x8BAB, 0xB531,
  0x0840, 0x0000, 0x0000, 0x0000, 0x0000, 0x0000, 0x0000, 0x0000, 0x0000, 0x0000, 0x0000, 0x0000,
  0x0000, 0x0000, 0x0000, 0x0000, 0x0000, 0x0000, 0x0000, 0x0000, 0x0000, 0x0000, 0x0000, 0x0000,
  0x0000, 0x0000, 0x0000, 0x0000, 0x7BAC, 0x940C, 0x8BCA, 0x93EA, 0x93EA, 0x93EA, 0x940B, 0x93EA,
  0x93EA, 0x940B, 0x93EA, 0x940B, 0x9C2C, 0x9C6D, 0xC5B3, 0x39A5, 0x0000, 0x0000, 0x0000, 0x0000,
  0x0000, 0x0000, 0x0000, 0x0000, 0x0000, 0x0000, 0x0000, 0x0000, 0x0000, 0x0000, 0x0000, 0x0000,
  0x0000, 0x0000, 0x0000, 0x0000, 0x0000, 0x0000, 0x0000, 0x0000, 0x0000, 0x0000, 0x0000, 0x0000,
  0x0000, 0x0000, 0x0000, 0x0000, 0x0000, 0x0000, 0x0000, 0x10A1, 0x8BEC, 0x9C6D, 0xBD50, 0x8BEA,
  0x8369, 0x8389, 0x8389, 0x8389, 0x8B89, 0x8BAA, 0x8BAA, 0x8BAA, 0x8BCA, 0x8BCA, 0x83AA, 0xB511,
  0x0840, 0x0000, 0x0000, 0x0000, 0x0000, 0x0000, 0x0000, 0x0000, 0x0000, 0x0000, 0x0000, 0x0000,
  0x0000, 0x0000, 0x0000, 0x0000, 0x0000, 0x0000, 0x0000, 0x0000, 0x0000, 0x0000, 0x0000, 0x0000,
  0x0000, 0x0000, 0x0000, 0x0000, 0x736B, 0x8BEC, 0x8BCA, 0x8BCA, 0x8BEA, 0x93EA, 0x93EA, 0x93EA,
  0x93EA, 0x93EA, 0x940B, 0x940B, 0x940B, 0x93EB, 0xD634, 0xB532, 0x1081, 0x0000, 0x0000, 0x0000,
  0x0000, 0x0000, 0x0000, 0x0000, 0x0000, 0x0000, 0x0000, 0x0000, 0x0000, 0x0000, 0x0000, 0x0000,
  0x0000, 0x0000, 0x0000, 0x0000, 0x0000, 0x0000, 0x0000, 0x0000, 0x0000, 0x0000, 0x0000, 0x0000,
  0x0000, 0x0000, 0x0000, 0x0000, 0x0000, 0x0000, 0x0020, 0x6B2A, 0xB50F, 0xCDB1, 0xACAD, 0x8BCA,
  0x8389, 0x83A9, 0x8389, 0x8389, 0x8B89, 0x8BAA, 0x8BAA, 0x8BAA, 0x8BAA, 0x8BAA, 0x838A, 0xA4D0,
  0x0820, 0x0000, 0x0000, 0x0000, 0x0000, 0x0000, 0x0000, 0x0000, 0x0000, 0x0000, 0x0000, 0x0000,
  0x0000, 0x0000, 0x0000, 0x0000, 0x0000, 0x0000, 0x0000, 0x0000, 0x0000, 0x0000, 0x0000, 0x0000,
  0x0000, 0x0000, 0x0000, 0x0000, 0x732A, 0x8BEB, 0x8BCA, 0x8BCA, 0x93EA, 0x93EA, 0x93EB, 0x93EA,
  0x940B, 0x9C0B, 0x940B, 0x9C0B, 0x940B, 0x940B, 0xB510, 0xF719, 0x6B2B, 0x0841, 0x0000, 0x0000,
  0x0000, 0x0000, 0x0000, 0x0000, 0x0000, 0x0000, 0x0000, 0x0000, 0x0000, 0x0000, 0x0000, 0x0000,
  0x0000, 0x0000, 0x0000, 0x0000, 0x0000, 0x0000, 0x0000, 0x0000, 0x0000, 0x0000, 0x0000, 0x0000,
  0x0000, 0x0000, 0x0000, 0x0000, 0x0000, 0x1081, 0x5A87, 0xC591, 0xB50F, 0xEE94, 0x9C2C, 0x838A,
  0x8389, 0x8389, 0x8389, 0x8389, 0x8B89, 0x8B89, 0x8B89, 0x8B89, 0x8389, 0x8389, 0x838A, 0x8C0D,
  0x0820, 0x0000, 0x0000, 0x0000, 0x0000, 0x0000, 0x0000, 0x0000, 0x0000, 0x0000, 0x0000, 0x0000,
  0x0000, 0x0000, 0x0000, 0x0000, 0x0000, 0x0000, 0x0000, 0x0000, 0x0000, 0x0000, 0x0000, 0x0000,
  0x0000, 0x0000, 0x0000, 0x0000, 0x5AA8, 0x8BCB, 0x8BEB, 0x93EA, 0x8BEA, 0x93EA, 0x93EB, 0x93EB,
  0x93EA, 0x9C0B, 0x940B, 0x940B, 0x9C0B, 0x940B, 0x940C, 0xCDD3, 0xDE97, 0x62EA, 0x0861, 0x0000,
  0x0000, 0x0000, 0x0000, 0x0000, 0x0000, 0x0000, 0x0000, 0x0000, 0x0000, 0x0000, 0x0000, 0x0000,
  0x0000, 0x0000, 0x0000, 0x0000, 0x0000, 0x0000, 0x0000, 0x0000, 0x0000, 0x0000, 0x0000, 0x0000,
  0x0000, 0x0000, 0x0000, 0x0020, 0x2923, 0x736B, 0xCDF3, 0xD612, 0xACAD, 0xF716, 0x8BCA, 0x7B49,
  0x8369, 0x8389, 0x8389, 0x8389, 0x8389, 0x8389, 0x8369, 0x8369, 0x8369, 0x7B69, 0x83AA, 0x6B2A,
  0x0020, 0x0000, 0x0000, 0x0000, 0x0000, 0x0000, 0x0000, 0x0000, 0x0000, 0x0000, 0x0000, 0x0000,
  0x0000, 0x0000, 0x0000, 0x0000, 0x0000, 0x0000, 0x0000, 0x0000, 0x0000, 0x0000, 0x0000, 0x0000,
  0x0000, 0x0000, 0x0000, 0x0000, 0x3184, 0x7B8B, 0x8BEB, 0x93EA, 0x93EA, 0x93EB, 0x93EB, 0x93EB,
  0x93EA, 0x940A, 0x940B, 0x93EA, 0x9C0B, 0x93EA, 0x8BCB, 0x9C4D, 0xCDD3, 0xCE35, 0x7BAD, 0x31A6,
  0x0841, 0x0020, 0x0020, 0x0000, 0x0000, 0x0000, 0x0000, 0x0020, 0x0000, 0x0020, 0x0020, 0x0020,
  0x0020, 0x0020, 0x0020, 0x0020, 0x0020, 0x0000, 0x0000, 0x0000, 0x0000, 0x0000, 0x0000, 0x0000,
  0x0020, 0x0020, 0x18C2, 0x5268, 0x9C8E, 0xD654, 0xD633, 0xDE33, 0xACEE, 0xF6F5, 0x83AA, 0x7B49,
  0x7B49, 0x8369, 0x8369, 0x8369, 0x8389, 0x8369, 0x7B49, 0x8369, 0x7B69, 0x7B48, 0x8BEC, 0x4206,
  0x0000, 0x0000, 0x0000, 0x0000, 0x0000, 0x0000, 0x0000, 0x0000, 0x0000, 0x0000, 0x0000, 0x0000,
  0x0000, 0x0000, 0x0000, 0x0000, 0x0000, 0x0000, 0x0000, 0x0000, 0x0000, 0x0000, 0x0000, 0x0000,
  0x0000, 0x0000, 0x0000, 0x0000, 0x0861, 0x734A, 0x8BEB, 0x93EA, 0x93EB, 0x93EB, 0x93EA, 0x93EA,
  0x93EA, 0x93EA, 0x93EA, 0x93EA, 0x93EA, 0x93EA, 0x8BCA, 0x8BAA, 0x9C4D, 0xB510, 0xDE76, 0xAD32,
  0x736C, 0x62EA, 0x4A48, 0x4207, 0x41E6, 0x41E6, 0x4207, 0x4A27, 0x4A27, 0x4A27, 0x4A47, 0x4A48,
  0x4A48, 0x4A47, 0x4A27, 0x4A27, 0x4A27, 0x4227, 0x4206, 0x41E6, 0x4206, 0x41E6, 0x41E6, 0x41E6,
  0x4A27, 0x5AA8, 0x83CC, 0xCDF3, 0xDE54, 0xDE54, 0xE674, 0xEE94, 0xBD50, 0xC591, 0x8BAA, 0x8369,
  0x8369, 0x8369, 0x8369, 0x8369, 0x8369, 0x8369, 0x7B48, 0x7B48, 0x7B48, 0x7308, 0x942D, 0x18E2,
  0x0000, 0x0000, 0x0000, 0x0000, 0x0000, 0x0000, 0x0000, 0x0000, 0x0000, 0x0000, 0x0000, 0x0000,
  0x0000, 0x0000, 0x0000, 0x0000, 0x0000, 0x0000, 0x0000, 0x0000, 0x0000, 0x0000, 0x0000, 0x0000,
  0x0000, 0x0000, 0x0000, 0x0000, 0x0000, 0x6AE9, 0x8BEB, 0x93EB, 0x93EB, 0x93EB, 0x93CA, 0x93EA,
  0x8BCA, 0x8BCA, 0x93EA, 0x93EA, 0x8BCA, 0x93EA, 0x8BCA, 0x8BAA, 0x8BAA, 0x8BCB, 0xA48E, 0xB510,
  0xCDD4, 0xDE56, 0xC5D4, 0xC5B4, 0xC5B3, 0xC5B4, 0xC5D4, 0xCDF4, 0xCDF4, 0xCDF4, 0xCE15, 0xCE15,
  0xCE15, 0xCDF4, 0xCDF4, 0xCDF4, 0xCDF4, 0xCDF4, 0xC5B3, 0xC5B3, 0xBD93, 0xBD93, 0xBD72, 0xBD72,
  0xB531, 0xBD71, 0xCDD2, 0xCDB1, 0xC591, 0xC590, 0xC590, 0xC590, 0xA46D, 0x940B, 0x8389, 0x8389,
  0x8369, 0x8369, 0x8389, 0x8369, 0x8369, 0x7B49, 0x7B48, 0x7B28, 0x7328, 0x6AE8, 0x9C6E, 0x0840,
  0x0000, 0x0000, 0x0000, 0x0000, 0x0000, 0x0000, 0x0000, 0x0000, 0x0000, 0x0000, 0x0000, 0x0000,
  0x0000, 0x0000, 0x0000, 0x0000, 0x0000, 0x0000, 0x0000, 0x0000, 0x0000, 0x0000, 0x0000, 0x0000,
  0x0000, 0x0000, 0x0000, 0x0000, 0x0000, 0x4A06, 0x8BCB, 0x8BEB, 0x93EB, 0x93EB, 0x93EB, 0x93EB,
  0x8BCA, 0x8BCA, 0x8BCA, 0x8BCA, 0x8BCA, 0x93EA, 0x93CA, 0x8BCA, 0x8BA9, 0x8BAA, 0x8BAA, 0x8BAA,
  0x9C4D, 0xA48E, 0xA4AE, 0xACCF, 0xB510, 0xB510, 0xB510, 0xB510, 0xB530, 0xB530, 0xB531, 0xB531,
  0xB531, 0xB510, 0xB510, 0xACF0, 0xACF0, 0xACF0, 0xACF0, 0xACEF, 0xACCF, 0xA4AF, 0xACCF, 0xACAE,
  0x9C4D, 0x942C, 0xA46D, 0xA46C, 0xA44C, 0x9C4C, 0x9C4C, 0x9C2C, 0x7B48, 0x7B48, 0x8369, 0x8369,
  0x8348, 0x7B49, 0x8369, 0x8349, 0x7B48, 0x7B28, 0x7B28, 0x7B28, 0x7328, 0x6AC7, 0xA4AF, 0x0820,
  0x0000, 0x0000, 0x0000, 0x0000, 0x0000, 0x0000, 0x0000, 0x0000, 0x0000, 0x0000, 0x0000, 0x0000,
  0x0000, 0x0000, 0x0000, 0x0000, 0x0000, 0x0000, 0x0000, 0x0000, 0x0000, 0x0000, 0x0000, 0x0000,
  0x0000, 0x0000, 0x0000, 0x0000, 0x0000, 0x18A1, 0x7B8B, 0x8BEB, 0x8BCB, 0x93EB, 0x93EB, 0x93CA,
  0x8BCA, 0x8BCA, 0x8BCA, 0x8BAA, 0x8BCA, 0x8BCA, 0x8BCA, 0x8BCA, 0x8BA9, 0x8BAA, 0x8BAA, 0x8B8A,
  0x8BAA, 0x838A, 0x838A, 0x838A, 0x838A, 0x8BAB, 0x83AA, 0x83AB, 0x8BAB, 0x8BAA, 0x8BCB, 0x8BCB,
  0x8BAB, 0x8BAB, 0x83AA, 0x838A, 0x838A, 0x838A, 0x838A, 0x838A, 0x7B69, 0x7B49, 0x7B69, 0x7B69,
  0x8369, 0x8389, 0x8389, 0x8389, 0x8BAA, 0x8BCA, 0x8BCA, 0x8369, 0x72E7, 0x7307, 0x7B28, 0x7B48,
  0x7B28, 0x7B48, 0x7B28, 0x7B28, 0x7B28, 0x7308, 0x7308, 0x7B28, 0x7308, 0x6AC8, 0x9C8F, 0x0820,
  0x0000, 0x0000, 0x0000, 0x0000, 0x0000, 0x0000, 0x0000, 0x0000, 0x0000, 0x0000, 0x0000, 0x0000,
  0x0000, 0x0000, 0x0000, 0x0000, 0x0000, 0x0000, 0x0000, 0x0000, 0x0000, 0x0000, 0x0000, 0x0000,
  0x0000, 0x0000, 0x0000, 0x0000, 0x0000, 0x0000, 0x5247, 0x83AB, 0x8BCB, 0x8BCB, 0x93CA, 0x8BCA,
  0x8BCA, 0x8BCA, 0x8BAA, 0x8BCA, 0x8BAA, 0x8BAA, 0x8BCA, 0x8BAA, 0x8BA9, 0x8BA9, 0x8BAA, 0x8389,
  0x8B89, 0x8389, 0x8B89, 0x8389, 0x8389, 0x838A, 0x838A, 0x838A, 0x8389, 0x8389, 0x8389, 0x838A,
  0x838A, 0x838A, 0x838A, 0x8389, 0x8369, 0x7B69, 0x8369, 0x7B49, 0x7B49, 0x7B48, 0x7B49, 0x7B69,
  0x8369, 0x8369, 0x8389, 0x8389, 0x8BAA, 0x8BAA, 0x8BCA, 0x6AA6, 0x72E7, 0x7307, 0x7308, 0x7B28,
  0x7B28, 0x7B28, 0x7328, 0x7308, 0x7308, 0x7308, 0x7308, 0x7308, 0x7308, 0x6AE8, 0x944E, 0x0820,
  0x0000, 0x0000, 0x0000, 0x0000, 0x0000, 0x0000, 0x0000, 0x0000, 0x0000, 0x0000, 0x0000, 0x0000,
  0x0000, 0x0000, 0x0000, 0x0000, 0x0000, 0x0000, 0x0000, 0x0000, 0x0000, 0x0000, 0x0000, 0x0000,
  0x0000, 0x0000, 0x0000, 0x0000, 0x0000, 0x0000, 0x1081, 0x6B29, 0x83AB, 0x8BCA, 0x8BAA, 0x8BAA,
  0x8BAA, 0x8BAA, 0x8BAA, 0x8BAA, 0x8BAA, 0x8BAA, 0x8BAA, 0x8B89, 0x8BAA, 0x8389, 0x8389, 0x8B89,
  0x8389, 0x8389, 0x8389, 0x8389, 0x8369, 0x8369, 0x8369, 0x8369, 0x8369, 0x8369, 0x8369, 0x7B49,
  0x8369, 0x8369, 0x8369, 0x8369, 0x7B49, 0x7B49, 0x8349, 0x7B48, 0x7B48, 0x7B48, 0x7B48, 0x7B49,
  0x7B49, 0x7B49, 0x8369, 0x8369, 0x8389, 0x8BAA, 0x8369, 0x5A45, 0x72E7, 0x7328, 0x7308, 0x7B28,
  0x7307, 0x7307, 0x7308, 0x72E7, 0x7307, 0x7307, 0x7308, 0x7307, 0x72E8, 0x7308, 0x83CC, 0x0820,
  0x0000, 0x0000, 0x0000, 0x0000, 0x0000, 0x0000, 0x0000, 0x0000, 0x0000, 0x0000, 0x0000, 0x0000,
  0x0000, 0x0000, 0x0000, 0x0000, 0x0000, 0x0000, 0x0000, 0x0000, 0x0000, 0x0000, 0x0000, 0x0000,
  0x0000, 0x0000, 0x0000, 0x0000, 0x0000, 0x0000, 0x0000, 0x39A5, 0x7B8B, 0x83AA, 0x8BAA, 0x8BAA,
  0x8BAA, 0x8BAA, 0x8BAA, 0x8B89, 0x8B89, 0x8BAA, 0x8B89, 0x8B89, 0x8B89, 0x8389, 0x8369, 0x8369,
  0x8389, 0x8389, 0x8389, 0x8369, 0x8369, 0x8369, 0x7B48, 0x7B49, 0x8369, 0x8369, 0x8349, 0x7B48,
  0x8349, 0x8369, 0x8349, 0x8349, 0x8349, 0x8349, 0x7B48, 0x7B48, 0x7B48, 0x7B48, 0x7B48, 0x7B48,
  0x7B48, 0x7B49, 0x7B48, 0x7B49, 0x8369, 0x8369, 0x6AA7, 0x5204, 0x7308, 0x7328, 0x7B28, 0x7308,
  0x72E7, 0x72E7, 0x72E7, 0x7308, 0x7307, 0x6AE7, 0x7308, 0x72E7, 0x6AE7, 0x7B49, 0x6B09, 0x0020,
  0x0000, 0x0000, 0x0000, 0x0000, 0x0000, 0x0000, 0x0000, 0x0000, 0x0000, 0x0000, 0x0000, 0x0000,
  0x0000, 0x0000, 0x0000, 0x0000, 0x0000, 0x0000, 0x0000, 0x0000, 0x0000, 0x0000, 0x0000, 0x0000,
  0x0000, 0x0000, 0x0000, 0x0000, 0x0000, 0x0000, 0x0000, 0x0840, 0x5A88, 0x83CB, 0x8BAA, 0x8BAA,
  0x8BAA, 0x8B8A, 0x8BAA, 0x8B89, 0x8BAA, 0x8BA9, 0x8BAA, 0x8B89, 0x8369, 0x8389, 0x8369, 0x8369,
  0x8369, 0x8369, 0x8369, 0x8369, 0x7B48, 0x7B48, 0x7B48, 0x8349, 0x8349, 0x8349, 0x7B48, 0x7B48,
  0x7B48, 0x8349, 0x8349, 0x7B48, 0x7B48, 0x7B48, 0x7B48, 0x7B48, 0x7B28, 0x7B48, 0x7B48, 0x7B48,
  0x7B48, 0x7B48, 0x7B48, 0x7B48, 0x7B49, 0x6AE7, 0x5225, 0x5205, 0x72E7, 0x7308, 0x7308, 0x7308,
  0x6AE7, 0x72E7, 0x72E7, 0x72E7, 0x6AE7, 0x6AE7, 0x72E7, 0x6AE7, 0x6AC7, 0x7B6A, 0x4A26, 0x0000,
  0x0000, 0x0000, 0x0000, 0x0000, 0x0000, 0x0000, 0x0000, 0x0000, 0x0000, 0x0000, 0x0000, 0x0000,
  0x0000, 0x0000, 0x0000, 0x0000, 0x0000, 0x0000, 0x0000, 0x0000, 0x0000, 0x0000, 0x0000, 0x0000,
  0x0000, 0x0000, 0x0000, 0x0000, 0x0000, 0x0000, 0x0000, 0x0000, 0x18A1, 0x734A, 0x8C0C, 0x8BAA,
  0x8BAA, 0x8BAA, 0x8BAA, 0x8BAA, 0x8BAA, 0x8BA9, 0x8BAA, 0x8B89, 0x8369, 0x8389, 0x8369, 0x8369,
  0x8369, 0x8369, 0x8369, 0x7B48, 0x7B48, 0x7B48, 0x8349, 0x8349, 0x7B48, 0x8349, 0x7B48, 0x7B48,
  0x7B48, 0x7B48, 0x8349, 0x7B48, 0x7B48, 0x7B28, 0x7B28, 0x7B28, 0x7B28, 0x7B28, 0x7B28, 0x7B28,
  0x7B28, 0x7B28, 0x7B28, 0x7B28, 0x6AE7, 0x5A45, 0x4A04, 0x5225, 0x6AE7, 0x72E7, 0x72E7, 0x7308,
  0x6AC7, 0x6AE7, 0x6AC7, 0x6AC7, 0x6AC7, 0x6AC7, 0x6AC7, 0x6AC7, 0x6AC7, 0x83CB, 0x2923, 0x0000,
  0x0000, 0x0000, 0x0000, 0x0000, 0x0000, 0x0000, 0x0000, 0x0000, 0x0000, 0x0000, 0x0000, 0x0000,
  0x0000, 0x0000, 0x0000, 0x0000, 0x0000, 0x0000, 0x0000, 0x0000, 0x0000, 0x0000, 0x0000, 0x0000,
  0x0000, 0x0000, 0x0000, 0x0000, 0x0000, 0x0000, 0x0000, 0x0000, 0x0000, 0x2923, 0x736B, 0x8C0C,
  0x8BCB, 0x838A, 0x8BAA, 0x8BAA, 0x8BAA, 0x8BAA, 0x8BAA, 0x8BAA, 0x8389, 0x8369, 0x8369, 0x8389,
  0x8369, 0x8368, 0x8349, 0x7B48, 0x7B28, 0x7B48, 0x7B48, 0x7B48, 0x8349, 0x7B48, 0x8349, 0x7B48,
  0x7B48, 0x7B48, 0x8349, 0x8349, 0x7B48, 0x7B28, 0x7B28, 0x7B28, 0x7B28, 0x7B28, 0x7B28, 0x7B28,
  0x7B28, 0x7B28, 0x7B28, 0x7308, 0x5A45, 0x41C4, 0x41C4, 0x3963, 0x6AC7, 0x6AE8, 0x6AE7, 0x6AE7,
  0x6AC7, 0x6AC7, 0x6AC7, 0x6AC7, 0x6AA7, 0x6AC7, 0x6AC7, 0x6AC7, 0x62A7, 0x8C0D, 0x1061, 0x0000,
  0x0000, 0x0000, 0x0000, 0x0000, 0x0000, 0x0000, 0x0000, 0x0000, 0x0000, 0x0000, 0x0000, 0x0000,
  0x0000, 0x0000, 0x0000, 0x0000, 0x0000, 0x0000, 0x0000, 0x0000, 0x0000, 0x0000, 0x0000, 0x0000,
  0x0000, 0x0000, 0x0000, 0x0000, 0x0000, 0x0000, 0x0000, 0x0000, 0x0000, 0x0000, 0x18E2, 0x6B0A,
  0x8BEC, 0x8BEB, 0x8BAA, 0x8BAA, 0x8BAA, 0x8BAA, 0x8389, 0x8B89, 0x8389, 0x8369, 0x8369, 0x8369,
  0x8368, 0x8368, 0x8349, 0x7B28, 0x7B28, 0x7B28, 0x7B48, 0x7B48, 0x7B48, 0x7B48, 0x8349, 0x7B48,
  0x7B48, 0x7B48, 0x7B48, 0x7B48, 0x7B28, 0x7B28, 0x7B28, 0x7B28, 0x7B28, 0x7B28, 0x7B28, 0x7B28,
  0x7B28, 0x7B28, 0x7B28, 0x6286, 0x49E4, 0x3984, 0x3143, 0x1060, 0x5A87, 0x6AE8, 0x6AC7, 0x6AA7,
  0x6AC7, 0x6AC7, 0x6AA7, 0x6AC7, 0x6AA7, 0x6AA7, 0x6AC7, 0x6AC7, 0x6287, 0x944E, 0x0820, 0x0000,
  0x0000, 0x0000, 0x0000, 0x0000, 0x0000, 0x0000, 0x0000, 0x0000, 0x0000, 0x0000, 0x0000, 0x0000,
  0x0000, 0x0000, 0x0000, 0x0000, 0x0000, 0x0000, 0x0000, 0x0000, 0x0000, 0x0000, 0x0000, 0x0000,
  0x0000, 0x0000, 0x0000, 0x0000, 0x0000, 0x0000, 0x0000, 0x0000, 0x0000, 0x0000, 0x0000, 0x1081,
  0x5A88, 0x8BED, 0x942D, 0x8BCB, 0x838A, 0x8389, 0x8369, 0x8369, 0x8369, 0x8368, 0x7B48, 0x8348,
  0x8348, 0x8348, 0x7B68, 0x7B48, 0x7B48, 0x7B48, 0x7B48, 0x7B48, 0x7B48, 0x7B48, 0x8349, 0x7B48,
  0x7B48, 0x7B48, 0x7B48, 0x7B28, 0x7B28, 0x7B28, 0x7B28, 0x7B28, 0x7B28, 0x7328, 0x7328, 0x7B28,
  0x7328, 0x7328, 0x6AC7, 0x4A05, 0x3984, 0x2902, 0x0840, 0x0000, 0x5226, 0x6AC7, 0x6AA7, 0x6AA7,
  0x6AA6, 0x6AA7, 0x62A6, 0x6AC7, 0x6AA7, 0x62A6, 0x62A6, 0x62A7, 0x5A87, 0x9C6E, 0x0820, 0x0000,
  0x0000, 0x0000, 0x0000, 0x0000, 0x0000, 0x0000, 0x0000, 0x0000, 0x0000, 0x0000, 0x0000, 0x0000,
  0x0000, 0x0000, 0x0000, 0x0000, 0x0000, 0x0000, 0x0000, 0x0000, 0x0000, 0x0000, 0x0000, 0x0000,
  0x0000, 0x0000, 0x0000, 0x0000, 0x0000, 0x0000, 0x0000, 0x0000, 0x0000, 0x0000, 0x0000, 0x0000,
  0x0861, 0x4206, 0x83AC, 0x8C0C, 0x940C, 0x8BEB, 0x8BAA, 0x8389, 0x7B49, 0x7B69, 0x7B48, 0x7B48,
  0x7B48, 0x7B48, 0x7B48, 0x7B48, 0x7B48, 0x7B48, 0x7B49, 0x7B49, 0x7B49, 0x7B49, 0x8369, 0x7B48,
  0x7B49, 0x7B28, 0x7B28, 0x7B08, 0x7308, 0x7308, 0x7308, 0x7328, 0x7308, 0x7308, 0x7328, 0x7308,
  0x6AE8, 0x5A87, 0x41A4, 0x2923, 0x18A1, 0x0820, 0x0000, 0x0840, 0x5246, 0x62A7, 0x62A7, 0x6AA7,
  0x6AA7, 0x6AA6, 0x62A6, 0x62A6, 0x62A6, 0x62A6, 0x6286, 0x6287, 0x5A87, 0x942E, 0x0820, 0x0000,
  0x0000, 0x0000, 0x0000, 0x0000, 0x0000, 0x0000, 0x0000, 0x0000, 0x0000, 0x0000, 0x0000, 0x0000,
  0x0000, 0x0000, 0x0000, 0x0000, 0x0000, 0x0000, 0x0000, 0x0000, 0x0000, 0x0000, 0x0000, 0x0000,
  0x0000, 0x0000, 0x0000, 0x0000, 0x0000, 0x0000, 0x0000, 0x0000, 0x0000, 0x0000, 0x0000, 0x0000,
  0x0000, 0x0840, 0x20E2, 0x5247, 0x7B8B, 0x83CC, 0x83CB, 0x7B8A, 0x83AA, 0x83AA, 0x838A, 0x838A,
  0x8389, 0x8369, 0x8369, 0x8389, 0x7B69, 0x8369, 0x838A, 0x838A, 0x838A, 0x838A, 0x838A, 0x836A,
  0x838A, 0x7B69, 0x7B49, 0x7B28, 0x7328, 0x7308, 0x7308, 0x7328, 0x7329, 0x7B49, 0x7328, 0x6AE8,
  0x4A26, 0x2943, 0x1081, 0x0820, 0x0000, 0x0000, 0x0000, 0x20E2, 0x5246, 0x62A7, 0x62A6, 0x6AA7,
  0x6AA7, 0x62A6, 0x6286, 0x62A6, 0x6286, 0x6286, 0x6286, 0x5A86, 0x5AA7, 0x7B8B, 0x0020, 0x0000,
  0x0000, 0x0000, 0x0000, 0x0000, 0x0000, 0x0000, 0x0000, 0x0000, 0x0000, 0x0000, 0x0000, 0x0000,
  0x0000, 0x0000, 0x0000, 0x0000, 0x0000, 0x0000, 0x0000, 0x0000, 0x0000, 0x0000, 0x0000, 0x0000,
  0x0000, 0x0000, 0x0000, 0x0000, 0x0000, 0x0000, 0x0000, 0x0000, 0x0000, 0x0000, 0x0000, 0x0000,
  0x0000, 0x0000, 0x0000, 0x1061, 0x18C2, 0x2103, 0x41C5, 0x5AA8, 0x734A, 0x7B8B, 0x7B6A, 0x734A,
  0x7329, 0x7349, 0x7B6A, 0x7B6A, 0x7329, 0x7329, 0x734A, 0x6AE9, 0x6AE9, 0x6AE9, 0x6AE9, 0x6B09,
  0x7329, 0x7309, 0x7309, 0x6AE8, 0x62A8, 0x5A67, 0x5A67, 0x5A87, 0x62A7, 0x62C8, 0x5A87, 0x41E5,
  0x18A1, 0x0820, 0x0000, 0x0000, 0x0000, 0x0000, 0x0000, 0x39A5, 0x5A66, 0x6286, 0x62A6, 0x6AA7,
  0x62A6, 0x6286, 0x6286, 0x6286, 0x6286, 0x6286, 0x6286, 0x5A66, 0x62C8, 0x5AA8, 0x0020, 0x0000,
  0x0000, 0x0000, 0x0000, 0x0000, 0x0000, 0x0000, 0x0000, 0x0000, 0x0000, 0x0000, 0x0000, 0x0000,
  0x0000, 0x0000, 0x0000, 0x0000, 0x0000, 0x0000, 0x0000, 0x0000, 0x0000, 0x0000, 0x0000, 0x0000,
  0x0000, 0x0000, 0x0000, 0x0000, 0x0000, 0x0000, 0x0000, 0x0000, 0x0000, 0x0000, 0x0000, 0x0000,
  0x0000, 0x0000, 0x0000, 0x0000, 0x0000, 0x0000, 0x0020, 0x1061, 0x18C2, 0x18C2, 0x18A2, 0x18A2,
  0x20E2, 0x2903, 0x2943, 0x2943, 0x2103, 0x20E2, 0x20E2, 0x18A1, 0x1081, 0x1081, 0x18A2, 0x20E2,
  0x2923, 0x2903, 0x2923, 0x2903, 0x18C2, 0x1061, 0x1061, 0x1061, 0x1081, 0x1081, 0x1081, 0x0840,
  0x0000, 0x0000, 0x0000, 0x0000, 0x0000, 0x0000, 0x0000, 0x6AE9, 0x62A7, 0x6286, 0x62A6, 0x6286,
  0x6286, 0x6286, 0x6286, 0x6286, 0x6286, 0x6286, 0x6286, 0x5A86, 0x7329, 0x41E5, 0x0000, 0x0000,
  0x0000, 0x0000, 0x0000, 0x0000, 0x0000, 0x0000, 0x0000, 0x0000, 0x0000, 0x0000, 0x0000, 0x0000,
  0x0000, 0x0000, 0x0000, 0x0000, 0x0000, 0x0000, 0x0000, 0x0000, 0x0000, 0x0000, 0x0000, 0x0000,
  0x0000, 0x0000, 0x0000, 0x0000, 0x0000, 0x0000, 0x0000, 0x0000, 0x0000, 0x0000, 0x0000, 0x0000,
  0x0000, 0x0000, 0x0000, 0x0000, 0x0000, 0x0000, 0x0000, 0x0000, 0x0000, 0x0000, 0x0000, 0x0000,
  0x0000, 0x0000, 0x0000, 0x0000, 0x0000, 0x0000, 0x0000, 0x0000, 0x0000, 0x0000, 0x0000, 0x0000,
  0x0000, 0x0000, 0x0000, 0x0000, 0x0000, 0x0000, 0x0000, 0x0000, 0x0000, 0x0000, 0x0000, 0x0000,
  0x0000, 0x0000, 0x0000, 0x0000, 0x0000, 0x0000, 0x0840, 0x9C6E, 0x6AE8, 0x6286, 0x6286, 0x6266,
  0x6286, 0x6266, 0x5A66, 0x6266, 0x6286, 0x6286, 0x5A86, 0x5A66, 0x7B8A, 0x2103, 0x0000, 0x0000,
  0x0000, 0x0000, 0x0000, 0x0000, 0x0000, 0x0000, 0x0000, 0x0000, 0x0000, 0x0000, 0x0000, 0x0000,
  0x0000, 0x0000, 0x0000, 0x0000, 0x0000, 0x0000, 0x0000, 0x0000, 0x0000, 0x0000, 0x0000, 0x0000,
  0x0000, 0x0000, 0x0000, 0x0000, 0x0000, 0x0000, 0x0000, 0x0000, 0x0000, 0x0000, 0x0000, 0x0000,
  0x0000, 0x0000, 0x0000, 0x0000, 0x0000, 0x0000, 0x0000, 0x0000, 0x0000, 0x0000, 0x0000, 0x0000,
  0x0000, 0x0000, 0x0000, 0x0000, 0x0000, 0x0000, 0x0000, 0x0000, 0x0000, 0x0000, 0x0000, 0x0000,
  0x0000, 0x0000, 0x0000, 0x0000, 0x0000, 0x0000, 0x0000, 0x0000, 0x0000, 0x0000, 0x0000, 0x0000,
  0x0000, 0x0000, 0x0000, 0x0000, 0x0000, 0x0000, 0x18C2, 0xB531, 0x7308, 0x6286, 0x6286, 0x6266,
  0x6266, 0x5A66, 0x5A66, 0x5A66, 0x5A66, 0x5A66, 0x5A86, 0x5246, 0x83CC, 0x1060, 0x0000, 0x0000,
  0x0000, 0x0000, 0x0000, 0x0000, 0x0000, 0x0000, 0x0000, 0x0000, 0x0000, 0x0000, 0x0000, 0x0000,
  0x0000, 0x0000, 0x0000, 0x0000, 0x0000, 0x0000, 0x0000, 0x0000, 0x0000, 0x0000, 0x0000, 0x0000,
  0x0000, 0x0000, 0x0000, 0x0000, 0x0000, 0x0000, 0x0000, 0x0000, 0x0000, 0x0000, 0x0000, 0x0000,
  0x0000, 0x0000, 0x0000, 0x0000, 0x0000, 0x0000, 0x0000, 0x0000, 0x0000, 0x0000, 0x0000, 0x0000,
  0x0000, 0x0000, 0x0000, 0x0000, 0x0000, 0x0000, 0x0000, 0x0000, 0x0000, 0x0000, 0x0000, 0x0000,
  0x0000, 0x0000, 0x0000, 0x0000, 0x0000, 0x0000, 0x0000, 0x0000, 0x0000, 0x0000, 0x0000, 0x0000,
  0x0000, 0x0000, 0x0000, 0x0000, 0x0000, 0x0000, 0x2923, 0xACEF, 0x6B08, 0x6286, 0x6286, 0x6286,
  0x5A66, 0x5A65, 0x5A45, 0x5A66, 0x5A66, 0x5A45, 0x5A66, 0x5225, 0x8BEC, 0x0820, 0x0000, 0x0000,
  0x0000, 0x0000, 0x0000, 0x0000, 0x0000, 0x0000, 0x0000, 0x0000, 0x0000, 0x0000, 0x0000, 0x0000,
  0x0000, 0x0000, 0x0000, 0x0000, 0x0000, 0x0000, 0x0000, 0x0000, 0x0000, 0x0000, 0x0000, 0x0000,
  0x0000, 0x0000, 0x0000, 0x0000, 0x0000, 0x0000, 0x0000, 0x0000, 0x0000, 0x0000, 0x0000, 0x0000,
  0x0000, 0x0000, 0x0000, 0x0000, 0x0000, 0x0000, 0x0000, 0x0000, 0x0000, 0x0000, 0x0000, 0x0000,
  0x0000, 0x0000, 0x0000, 0x0000, 0x0000, 0x0000, 0x0000, 0x0000, 0x0000, 0x0000, 0x0000, 0x0000,
  0x0000, 0x0000, 0x0000, 0x0000, 0x0000, 0x0000, 0x0000, 0x0000, 0x0000, 0x0000, 0x0000, 0x0000,
  0x0000, 0x0000, 0x0000, 0x0000, 0x0000, 0x0000, 0x3984, 0x9C4D, 0x6AE8, 0x5A66, 0x5A66, 0x6266,
  0x5A66, 0x5A45, 0x5A45, 0x5A46, 0x5A45, 0x5A45, 0x5A46, 0x5225, 0x8C0D, 0x0820, 0x0000, 0x0000,
  0x0000, 0x0000, 0x0000, 0x0000, 0x0000, 0x0000, 0x0000, 0x0000, 0x0000, 0x0000, 0x0000, 0x0000,
  0x0000, 0x0000, 0x0000, 0x0000, 0x0000, 0x0000, 0x0000, 0x0000, 0x0000, 0x0000, 0x0000, 0x0000,
  0x0000, 0x0000, 0x0000, 0x0000, 0x0000, 0x0000, 0x0000, 0x0000, 0x0000, 0x0000, 0x0000, 0x0000,
  0x0000, 0x0000, 0x0000, 0x0000, 0x0000, 0x0000, 0x0000, 0x0000, 0x0000, 0x0000, 0x0000, 0x0000,
  0x0000, 0x0000, 0x0000, 0x0000, 0x0000, 0x0000, 0x0000, 0x0000, 0x0000, 0x0000, 0x0000, 0x0000,
  0x0000, 0x0000, 0x0000, 0x0000, 0x0000, 0x0000, 0x0000, 0x0000, 0x0000, 0x0000, 0x0000, 0x0000,
  0x0000, 0x0000, 0x0000, 0x0000, 0x0000, 0x0000, 0x4A26, 0x7B8B, 0x6AC7, 0x5A66, 0x5A45, 0x5A45,
  0x5A45, 0x5225, 0x5A45, 0x5A45, 0x5225, 0x5A45, 0x5A46, 0x5226, 0x83CC, 0x0820, 0x0000, 0x0000,
  0x0000, 0x0000, 0x0000, 0x0000, 0x0000, 0x0000, 0x0000, 0x0000, 0x0000, 0x0000, 0x0000, 0x0000,
  0x0000, 0x0000, 0x0000, 0x0000, 0x0000, 0x0000, 0x0000, 0x0000, 0x0000, 0x0000, 0x0000, 0x0000,
  0x0000, 0x0000, 0x0000, 0x0000, 0x0000, 0x0000, 0x0000, 0x0000, 0x0000, 0x0000, 0x0000, 0x0000,
  0x0000, 0x0000, 0x0000, 0x0000, 0x0000, 0x0000, 0x0000, 0x0000, 0x0000, 0x0000, 0x0000, 0x0000,
  0x0000, 0x0000, 0x0000, 0x0000, 0x0000, 0x0000, 0x0000, 0x0000, 0x0000, 0x0000, 0x0000, 0x0000,
  0x0000, 0x0000, 0x0000, 0x0000, 0x0000, 0x0000, 0x0000, 0x0000, 0x0000, 0x0000, 0x0000, 0x0000,
  0x0000, 0x0000, 0x0000, 0x0000, 0x0000, 0x0000, 0x5A88, 0x6AE8, 0x5A66, 0x5A45, 0x5A45, 0x5225,
  0x5225, 0x5225, 0x5225, 0x5225, 0x5225, 0x5A45, 0x5245, 0x5246, 0x734B, 0x0020, 0x0000, 0x0000,
  0x0000, 0x0000, 0x0000, 0x0000, 0x0000, 0x0000, 0x0000, 0x0000, 0x0000, 0x0000, 0x0000, 0x0000,
  0x0000, 0x0000, 0x0000, 0x0000, 0x0000, 0x0000, 0x0000, 0x0000, 0x0000, 0x0000, 0x0000, 0x0000,
  0x0000, 0x0000, 0x0000, 0x0000, 0x0000, 0x0000, 0x0000, 0x0000, 0x0000, 0x0000, 0x0000, 0x0000,
  0x0000, 0x0000, 0x0000, 0x0000, 0x0000, 0x0000, 0x0000, 0x0000, 0x0000, 0x0000, 0x0000, 0x0000,
  0x0000, 0x0000, 0x0000, 0x0000, 0x0000, 0x0000, 0x0000, 0x0000, 0x0000, 0x0000, 0x0000, 0x0000,
  0x0000, 0x0000, 0x0000, 0x0000, 0x0000, 0x0000, 0x0000, 0x0000, 0x0000, 0x0000, 0x0000, 0x0000,
  0x0000, 0x0000, 0x0000, 0x0000, 0x0000, 0x0000, 0x6B09, 0x5A67, 0x5225, 0x5225, 0x5225, 0x5225,
  0x5205, 0x5225, 0x5225, 0x5225, 0x5225, 0x5225, 0x5225, 0x5A87, 0x62E9, 0x0020, 0x0000, 0x0000,
  0x0000, 0x0000, 0x0000, 0x0000, 0x0000, 0x0000, 0x0000, 0x0000, 0x0000, 0x0000, 0x0000, 0x0000,
  0x0000, 0x0000, 0x0000, 0x0000, 0x0000, 0x0000, 0x0000, 0x0000, 0x0000, 0x0000, 0x0000, 0x0000,
  0x0000, 0x0000, 0x0000, 0x0000, 0x0000, 0x0000, 0x0000, 0x0000, 0x0000, 0x0000, 0x0000, 0x0000,
  0x0000, 0x0000, 0x0000, 0x0000, 0x0000, 0x0000, 0x0000, 0x0000, 0x0000, 0x0000, 0x0000, 0x0000,
  0x0000, 0x0000, 0x0000, 0x0000, 0x0000, 0x0000, 0x0000, 0x0000, 0x0000, 0x0000, 0x0000, 0x0000,
  0x0000, 0x0000, 0x0000, 0x0000, 0x0000, 0x0000, 0x0000, 0x0000, 0x0000, 0x0000, 0x0000, 0x0000,
  0x0000, 0x0000, 0x0000, 0x0000, 0x0000, 0x0000, 0x7B6B, 0x5225, 0x49E4, 0x5205, 0x4A05, 0x5205,
  0x5205, 0x5205, 0x5225, 0x5225, 0x5225, 0x5225, 0x4A05, 0x6AE8, 0x5267, 0x0000, 0x0000, 0x0000,
  0x0000, 0x0000, 0x0000, 0x0000, 0x0000, 0x0000, 0x0000, 0x0000, 0x0000, 0x0000, 0x0000, 0x0000,
  0x0000, 0x0000, 0x0000, 0x0000, 0x0000, 0x0000, 0x0000, 0x0000, 0x0000, 0x0000, 0x0000, 0x0000,
  0x0000, 0x0000, 0x0000, 0x0000, 0x0000, 0x0000, 0x0000, 0x0000, 0x0000, 0x0000, 0x0000, 0x0000,
  0x0000, 0x0000, 0x0000, 0x0000, 0x0000, 0x0000, 0x0000, 0x0000, 0x0000, 0x0000, 0x0000, 0x0000,
  0x0000, 0x0000, 0x0000, 0x0000, 0x0000, 0x0000, 0x0000, 0x0000, 0x0000, 0x0000, 0x0000, 0x0000,
  0x0000, 0x0000, 0x0000, 0x0000, 0x0000, 0x0000, 0x0000, 0x0000, 0x0000, 0x0000, 0x0000, 0x0000,
  0x0000, 0x0000, 0x0000, 0x0000, 0x0000, 0x0820, 0x8BCC, 0x4A05, 0x41C4, 0x4A04, 0x49E4, 0x49E4,
  0x5205, 0x5205, 0x5205, 0x5205, 0x5225, 0x5225, 0x49E5, 0x7B6A, 0x41C5, 0x0000, 0x0000, 0x0000,
  0x0000, 0x0000, 0x0000, 0x0000, 0x0000, 0x0000, 0x0000, 0x0000, 0x0000, 0x0000, 0x0000, 0x0000,
  0x0000, 0x0000, 0x0000, 0x0000, 0x0000, 0x0000, 0x0000, 0x0000, 0x0000, 0x0000, 0x0000, 0x0000,
  0x0000, 0x0000, 0x0000, 0x0000, 0x0000, 0x0000, 0x0000, 0x0000, 0x0000, 0x0000, 0x0000, 0x0000,
  0x0000, 0x0000, 0x0000, 0x0000, 0x0000, 0x0000, 0x0000, 0x0000, 0x0000, 0x0000, 0x0000, 0x0000,
  0x0000, 0x0000, 0x0000, 0x0000, 0x0000, 0x0000, 0x0000, 0x0000, 0x0000, 0x0000, 0x0000, 0x0000,
  0x0000, 0x0000, 0x0000, 0x0000, 0x0000, 0x0000, 0x0000, 0x0000, 0x0000, 0x0000, 0x0000, 0x0000,
  0x0000, 0x0000, 0x0000, 0x0000, 0x0000, 0x0860, 0x940D, 0x5225, 0x49E4, 0x5205, 0x49E5, 0x49E4,
  0x49E4, 0x5205, 0x5205, 0x5205, 0x5205, 0x5205, 0x49C4, 0x8BCB, 0x3143, 0x0000, 0x0000, 0x0000,
  0x0000, 0x0000, 0x0000, 0x0000, 0x0000, 0x0000, 0x0000, 0x0000, 0x0000, 0x0000, 0x0000, 0x0000,
  0x0000, 0x0000, 0x0000, 0x0000, 0x0000, 0x0000, 0x0000, 0x0000, 0x0000, 0x0000, 0x0000, 0x0000,
  0x0000, 0x0000, 0x0000, 0x0000, 0x0000, 0x0000, 0x0000, 0x0000, 0x0000, 0x0000, 0x0000, 0x0000,
  0x0000, 0x0000, 0x0000, 0x0000, 0x0000, 0x0000, 0x0000, 0x0000, 0x0000, 0x0000, 0x0000, 0x0000,
  0x0000, 0x0000, 0x0000, 0x0000, 0x0000, 0x0000, 0x0000, 0x0000, 0x0000, 0x0000, 0x0000, 0x0000,
  0x0000, 0x0000, 0x0000, 0x0000, 0x0000, 0x0000, 0x0000, 0x0000, 0x0000, 0x0000, 0x0000, 0x0000,
  0x0000, 0x0000, 0x0000, 0x0000, 0x0000, 0x1081, 0x940C, 0x5245, 0x49E4, 0x5205, 0x49E5, 0x49E5,
  0x49E4, 0x49E4, 0x49E4, 0x49E4, 0x4A05, 0x4A05, 0x41C4, 0x942D, 0x20E2, 0x0000, 0x0000, 0x0000,
  0x0000, 0x0000, 0x0000, 0x0000, 0x0000, 0x0000, 0x0000, 0x0000, 0x0000, 0x0000, 0x0000, 0x0000,
  0x0000, 0x0000, 0x0000, 0x0000, 0x0000, 0x0000, 0x0000, 0x0000, 0x0000, 0x0000, 0x0000, 0x0000,
  0x0000, 0x0000, 0x0000, 0x0000, 0x0000, 0x0000, 0x0000, 0x0000, 0x0000, 0x0000, 0x0000, 0x0000,
  0x0000, 0x0000, 0x0000, 0x0000, 0x0000, 0x0000, 0x0000, 0x0000, 0x0000, 0x0000, 0x0000, 0x0000,
  0x0000, 0x0000, 0x0000, 0x0000, 0x0000, 0x0000, 0x0000, 0x0000, 0x0000, 0x0000, 0x0000, 0x0000,
  0x0000, 0x0000, 0x0000, 0x0000, 0x0000, 0x0000, 0x0000, 0x0000, 0x0000, 0x0000, 0x0000, 0x0000,
  0x0000, 0x0000, 0x0000, 0x0000, 0x0000, 0x20E2, 0x8BCB, 0x5A66, 0x49E4, 0x4A04, 0x4A05, 0x49E4,
  0x49E4, 0x49E4, 0x49E4, 0x49E4, 0x49E4, 0x49E5, 0x41C4, 0x942D, 0x1881, 0x0000, 0x0000, 0x0000,
  0x0000, 0x0000, 0x0000, 0x0000, 0x0000, 0x0000, 0x0000, 0x0000, 0x0000, 0x0000, 0x0000, 0x0000,
  0x0000, 0x0000, 0x0000, 0x0000, 0x0000, 0x0000, 0x0000, 0x0000, 0x0000, 0x0000, 0x0000, 0x0000,
  0x0000, 0x0000, 0x0000, 0x0000, 0x0000, 0x0000, 0x0000, 0x0000, 0x0000, 0x0000, 0x0000, 0x0000,
  0x0000, 0x0000, 0x0000, 0x0000, 0x0000, 0x0000, 0x0000, 0x0000, 0x0000, 0x0000, 0x0000, 0x0000,
  0x0000, 0x0000, 0x0000, 0x0000, 0x0000, 0x0000, 0x0000, 0x0000, 0x0000, 0x0000, 0x0000, 0x0000,
  0x0000, 0x0000, 0x0000, 0x0000, 0x0000, 0x0000, 0x0000, 0x0000, 0x0000, 0x0000, 0x0000, 0x0000,
  0x0000, 0x0000, 0x0000, 0x0000, 0x0000, 0x3164, 0x7329, 0x5A46, 0x49E4, 0x49E4, 0x49E4, 0x49E4,
  0x49E4, 0x49E4, 0x49C4, 0x41C4, 0x49E4, 0x49C4, 0x41C4, 0x83CC, 0x1061, 0x0000, 0x0000, 0x0000,
  0x0000, 0x0000, 0x0000, 0x0000, 0x0000, 0x0000, 0x0000, 0x0000, 0x0000, 0x0000, 0x0000, 0x0000,
  0x0000, 0x0000, 0x0000, 0x0000, 0x0000, 0x0000, 0x0000, 0x0000, 0x0000, 0x0000, 0x0000, 0x0000,
  0x0000, 0x0000, 0x0000, 0x0000, 0x0000, 0x0000, 0x0000, 0x0000, 0x0000, 0x0000, 0x0000, 0x0000,
  0x0000, 0x0000, 0x0000, 0x0000, 0x0000, 0x0000, 0x0000, 0x0000, 0x0000, 0x0000, 0x0000, 0x0000,
  0x0000, 0x0000, 0x0000, 0x0000, 0x0000, 0x0000, 0x0000, 0x0000, 0x0000, 0x0000, 0x0000, 0x0000,
  0x0000, 0x0000, 0x0000, 0x0000, 0x0000, 0x0000, 0x0000, 0x0000, 0x0000, 0x0000, 0x0000, 0x0000,
  0x0000, 0x0000, 0x0000, 0x0000, 0x0000, 0x4A06, 0x6287, 0x5225, 0x49E4, 0x49E4, 0x49E4, 0x49E4,
  0x49E4, 0x41C4, 0x49C4, 0x49C4, 0x41C4, 0x41C4, 0x41C4, 0x732A, 0x0840, 0x0000, 0x0000, 0x0000,
  0x0000, 0x0000, 0x0000, 0x0000, 0x0000, 0x0000, 0x0000, 0x0000, 0x0000, 0x0000, 0x0000, 0x0000,
  0x0000, 0x0000, 0x0000, 0x0000, 0x0000, 0x0000, 0x0000, 0x0000, 0x0000, 0x0000, 0x0000, 0x0000,
  0x0000, 0x0000, 0x0000, 0x0000, 0x0000, 0x0000, 0x0000, 0x0000, 0x0000, 0x0000, 0x0000, 0x0000,
  0x0000, 0x0000, 0x0000, 0x0000, 0x0000, 0x0000, 0x0000, 0x0000, 0x0000, 0x0000, 0x0000, 0x0000,
  0x0000, 0x0000, 0x0000, 0x0000, 0x0000, 0x0000, 0x0000, 0x0000, 0x0000, 0x0000, 0x0000, 0x0000,
  0x0000, 0x0000, 0x0000, 0x0000, 0x0000, 0x0000, 0x0000, 0x0000, 0x0000, 0x0000, 0x0000, 0x0000,
  0x0000, 0x0000, 0x0000, 0x0000, 0x0000, 0x62A8, 0x5226, 0x49E4, 0x49E4, 0x49E4, 0x49E4, 0x41C4,
  0x41C4, 0x41C4, 0x41C4, 0x41C4, 0x41A4, 0x41A4, 0x4A05, 0x5AA8, 0x0020, 0x0000, 0x0000, 0x0000,
  0x0000, 0x0000, 0x0000, 0x0000, 0x0000, 0x0000, 0x0000, 0x0000, 0x0000, 0x0000, 0x0000, 0x0000,
  0x0000, 0x0000, 0x0000, 0x0000, 0x0000, 0x0000, 0x0000, 0x0000, 0x0000, 0x0000, 0x0000, 0x0000,
  0x0000, 0x0000, 0x0000, 0x0000, 0x0000, 0x0000, 0x0000, 0x0000, 0x0000, 0x0000, 0x0000, 0x0000,
  0x0000, 0x0000, 0x0000, 0x0000, 0x0000, 0x0000, 0x0000, 0x0000, 0x0000, 0x0000, 0x0000, 0x0000,
  0x0000, 0x0000, 0x0000, 0x0000, 0x0000, 0x0000, 0x0000, 0x0000, 0x0000, 0x0000, 0x0000, 0x0000,
  0x0000, 0x0000, 0x0000, 0x0000, 0x0000, 0x0000, 0x0000, 0x0000, 0x0000, 0x0000, 0x0000, 0x0000,
  0x0000, 0x0000, 0x0000, 0x0000, 0x1081, 0x732A, 0x4A05, 0x41C4, 0x41C4, 0x41C4, 0x41C4, 0x41A4,
  0x41A4, 0x41A4, 0x41A4, 0x41A4, 0x41A4, 0x3983, 0x5A67, 0x4A26, 0x0000, 0x0000, 0x0000, 0x0000,
  0x0000, 0x0000, 0x0000, 0x0000, 0x0000, 0x0000, 0x0000, 0x0000, 0x0000, 0x0000, 0x0000, 0x0000,
  0x0000, 0x0000, 0x0000, 0x0000, 0x0000, 0x0000, 0x0000, 0x0000, 0x0000, 0x0000, 0x0000, 0x0000,
  0x0000, 0x0000, 0x0000, 0x0000, 0x0000, 0x0000, 0x0000, 0x0000, 0x0000, 0x0000, 0x0000, 0x0000,
  0x0000, 0x0000, 0x0000, 0x0000, 0x0000, 0x0000, 0x0000, 0x0000, 0x0000, 0x0000, 0x0000, 0x0000,
  0x0000, 0x0000, 0x0000, 0x0000, 0x0000, 0x0000, 0x0000, 0x0000, 0x0000, 0x0000, 0x0000, 0x0000,
  0x0000, 0x0000, 0x0000, 0x0000, 0x0000, 0x0000, 0x0000, 0x0000, 0x0000, 0x0000, 0x0000, 0x0000,
  0x0000, 0x0000, 0x0000, 0x0000, 0x2923, 0x6B09, 0x49E5, 0x41C4, 0x41C4, 0x41A4, 0x41A4, 0x41A4,
  0x39A3, 0x39A3, 0x41A4, 0x3983, 0x3983, 0x3963, 0x7309, 0x39A5, 0x0000, 0x0000, 0x0000, 0x0000,
  0x0000, 0x0000, 0x0000, 0x0000, 0x0000, 0x0000, 0x0000, 0x0000, 0x0000, 0x0000, 0x0000, 0x0000,
  0x0000, 0x0000, 0x0000, 0x0000, 0x0000, 0x0000, 0x0000, 0x0000, 0x0000, 0x0000, 0x0000, 0x0000,
  0x0000, 0x0000, 0x0000, 0x0000, 0x0000, 0x0000, 0x0000, 0x0000, 0x0000, 0x0000, 0x0000, 0x0000,
  0x0000, 0x0000, 0x0000, 0x0000, 0x0000, 0x0000, 0x0000, 0x0000, 0x0000, 0x0000, 0x0000, 0x0000,
  0x0000, 0x0000, 0x0000, 0x0000, 0x0000, 0x0000, 0x0000, 0x0000, 0x0000, 0x0000, 0x0000, 0x0000,
  0x0000, 0x0000, 0x0000, 0x0000, 0x0000, 0x0000, 0x0000, 0x0000, 0x0000, 0x0000, 0x0000, 0x0000,
  0x0000, 0x0000, 0x0000, 0x1061, 0x5226, 0x5A66, 0x41C4, 0x41A4, 0x41A4, 0x41A4, 0x41A4, 0x3983,
  0x3983, 0x3983, 0x3983, 0x3983, 0x3963, 0x3963, 0x7B4A, 0x2923, 0x0000, 0x0000, 0x0000, 0x0000,
  0x0000, 0x0000, 0x0000, 0x0000, 0x0000, 0x0000, 0x0000, 0x0000, 0x0000, 0x0000, 0x0000, 0x0000,
  0x0000, 0x0000, 0x0000, 0x0000, 0x0000, 0x0000, 0x0000, 0x0000, 0x0000, 0x0000, 0x0000, 0x0000,
  0x0000, 0x0000, 0x0000, 0x0000, 0x0000, 0x0000, 0x0000, 0x0000, 0x0000, 0x0000, 0x0000, 0x0000,
  0x0000, 0x0000, 0x0000, 0x0000, 0x0000, 0x0000, 0x0000, 0x0000, 0x0000, 0x0000, 0x0000, 0x0000,
  0x0000, 0x0000, 0x0000, 0x0000, 0x0000, 0x0000, 0x0000, 0x0000, 0x0000, 0x0000, 0x0000, 0x0000,
  0x0000, 0x0000, 0x0000, 0x0000, 0x0000, 0x0000, 0x0000, 0x0000, 0x0000, 0x0000, 0x0000, 0x0000,
  0x0000, 0x0000, 0x0000, 0x3164, 0x6AE8, 0x41C4, 0x3983, 0x3983, 0x3983, 0x3983, 0x3983, 0x3983,
  0x3983, 0x3983, 0x3983, 0x3963, 0x3983, 0x3983, 0x6B09, 0x1081, 0x0000, 0x0000, 0x0000, 0x0000,
  0x0000, 0x0000, 0x0000, 0x0000, 0x0000, 0x0000, 0x0000, 0x0000, 0x0000, 0x0000, 0x0000, 0x0000,
  0x0000, 0x0000, 0x0000, 0x0000, 0x0000, 0x0000, 0x0000, 0x0000, 0x0000, 0x0000, 0x0000, 0x0000,
  0x0000, 0x0000, 0x0000, 0x0000, 0x0000, 0x0000, 0x0000, 0x0000, 0x0000, 0x0000, 0x0000, 0x0000,
  0x0000, 0x0000, 0x0000, 0x0000, 0x0000, 0x0000, 0x0000, 0x0000, 0x0000, 0x0000, 0x0000, 0x0000,
  0x0000, 0x0000, 0x0000, 0x0000, 0x0000, 0x0000, 0x0000, 0x0000, 0x0000, 0x0000, 0x0000, 0x0000,
  0x0000, 0x0000, 0x0000, 0x0000, 0x0000, 0x0000, 0x0000, 0x0000, 0x0000, 0x0000, 0x0000, 0x0000,
  0x0000, 0x0000, 0x18A1, 0x62A8, 0x5A46, 0x3983, 0x3963, 0x3963, 0x3963, 0x3963, 0x3983, 0x3963,
  0x3963, 0x3963, 0x3963, 0x3963, 0x3963, 0x5225, 0x4A26, 0x0020, 0x0000, 0x0000, 0x0000, 0x0000,
  0x0000, 0x0000, 0x0000, 0x0000, 0x0000, 0x0000, 0x0000, 0x0000, 0x0000, 0x0000, 0x0000, 0x0000,
  0x0000, 0x0000, 0x0000, 0x0000, 0x0000, 0x0000, 0x0000, 0x0000, 0x0000, 0x0000, 0x0000, 0x0000,
  0x0000, 0x0000, 0x0000, 0x0000, 0x0000, 0x0000, 0x0000, 0x0000, 0x0000, 0x0000, 0x0000, 0x0000,
  0x0000, 0x0000, 0x0000, 0x0000, 0x0000, 0x0000, 0x0000, 0x0000, 0x0000, 0x0000, 0x0000, 0x0000,
  0x0000, 0x0000, 0x0000, 0x0000, 0x0000, 0x0000, 0x0000, 0x0000, 0x0000, 0x0000, 0x0000, 0x0000,
  0x0000, 0x0000, 0x0000, 0x0000, 0x0000, 0x0000, 0x0000, 0x0000, 0x0000, 0x0000, 0x0000, 0x0000,
  0x0000, 0x18A1, 0x5A67, 0x732A, 0x41A4, 0x3963, 0x3963, 0x3963, 0x3963, 0x3963, 0x3963, 0x3963,
  0x3963, 0x3163, 0x3143, 0x3143, 0x3143, 0x62A7, 0x3143, 0x0000, 0x0000, 0x0000, 0x0000, 0x0000,
  0x0000, 0x0000, 0x0000, 0x0000, 0x0000, 0x0000, 0x0000, 0x0000, 0x0000, 0x0000, 0x0000, 0x0000,
  0x0000, 0x0000, 0x0000, 0x0000, 0x0000, 0x0000, 0x0000, 0x0000, 0x0000, 0x0000, 0x0000, 0x0000,
  0x0000, 0x0000, 0x0000, 0x0000, 0x0000, 0x0000, 0x0000, 0x0000, 0x0000, 0x0000, 0x0000, 0x0000,
  0x0000, 0x0000, 0x0000, 0x0000, 0x0000, 0x0000, 0x0000, 0x0000, 0x0000, 0x0000, 0x0000, 0x0000,
  0x0000, 0x0000, 0x0000, 0x0000, 0x0000, 0x0000, 0x0000, 0x0000, 0x0000, 0x0000, 0x0000, 0x0000,
  0x0000, 0x0000, 0x0000, 0x0000, 0x0000, 0x0000, 0x0000, 0x0000, 0x0000, 0x0000, 0x0000, 0x0000,
  0x18A1, 0x5A87, 0x83AB, 0x5246, 0x3983, 0x3963, 0x3963, 0x3963, 0x3983, 0x3963, 0x3963, 0x3963,
  0x3163, 0x3143, 0x3143, 0x3143, 0x3963, 0x5267, 0x1081, 0x0000, 0x0000, 0x0000, 0x0000, 0x0000,
  0x0000, 0x0000, 0x0000, 0x0000, 0x0000, 0x0000, 0x0000, 0x0000, 0x0000, 0x0000, 0x0000, 0x0000,
  0x0000, 0x0000, 0x0000, 0x0000, 0x0000, 0x0000, 0x0000, 0x0000, 0x0000, 0x0000, 0x0000, 0x0000,
  0x0000, 0x0000, 0x0000, 0x0000, 0x0000, 0x0000, 0x0000, 0x0000, 0x0000, 0x0000, 0x0000, 0x0000,
  0x0000, 0x0000, 0x0000, 0x0000, 0x0000, 0x0000, 0x0000, 0x0000, 0x0000, 0x0000, 0x0000, 0x0000,
  0x0000, 0x0000, 0x0000, 0x0000, 0x0000, 0x0000, 0x0000, 0x0000, 0x0000, 0x0000, 0x0000, 0x0000,
  0x0000, 0x0000, 0x0000, 0x0000, 0x0000, 0x0000, 0x0000, 0x0000, 0x0000, 0x0000, 0x0000, 0x20E2,
  0x62C8, 0x8BEB, 0x62C7, 0x3983, 0x3963, 0x3963, 0x3963, 0x3963, 0x3963, 0x3963, 0x3963, 0x3143,
  0x3143, 0x3143, 0x3143, 0x3142, 0x41C4, 0x3984, 0x0020, 0x0000, 0x0000, 0x0000, 0x0000, 0x0000,
  0x0000, 0x0000, 0x0000, 0x0000, 0x0000, 0x0000, 0x0000, 0x0000, 0x0000, 0x0000, 0x0000, 0x0000,
  0x0000, 0x0000, 0x0000, 0x0000, 0x0000, 0x0000, 0x0000, 0x0000, 0x0000, 0x0000, 0x0000, 0x0000,
  0x0000, 0x0000, 0x0000, 0x0000, 0x0000, 0x0000, 0x0000, 0x0000, 0x0000, 0x0000, 0x0000, 0x0000,
  0x0000, 0x0000, 0x0000, 0x0000, 0x0000, 0x0000, 0x0000, 0x0000, 0x0000, 0x0000, 0x0000, 0x0000,
  0x0000, 0x0000, 0x0000, 0x0000, 0x0000, 0x0000, 0x0000, 0x0000, 0x0000, 0x0000, 0x0000, 0x0000,
  0x0000, 0x0000, 0x0000, 0x0000, 0x0000, 0x0000, 0x0000, 0x0000, 0x0000, 0x0020, 0x3163, 0x734A,
  0x8BEB, 0x62C7, 0x41A4, 0x3983, 0x3963, 0x3963, 0x3963, 0x3963, 0x3963, 0x3963, 0x3143, 0x3143,
  0x3143, 0x3143, 0x3163, 0x3143, 0x4A06, 0x18A1, 0x0000, 0x0000, 0x0000, 0x0000, 0x0000, 0x0000,
  0x0000, 0x0000, 0x0000, 0x0000, 0x0000, 0x0000, 0x0000, 0x0000, 0x0000, 0x0000, 0x0000, 0x0000,
  0x0000, 0x0000, 0x0000, 0x0000, 0x0000, 0x0000, 0x0000, 0x0000, 0x0000, 0x0000, 0x0000, 0x0000,
  0x0000, 0x0000, 0x0000, 0x0000, 0x0000, 0x0000, 0x0000, 0x0000, 0x0000, 0x0000, 0x0000, 0x0000,
  0x0000, 0x0000, 0x0000, 0x0000, 0x0000, 0x0000, 0x0000, 0x0000, 0x0000, 0x0000, 0x0000, 0x0000,
  0x0000, 0x0000, 0x0000, 0x0000, 0x0000, 0x0000, 0x0000, 0x0000, 0x0000, 0x0000, 0x0000, 0x0000,
  0x0000, 0x0000, 0x0000, 0x0000, 0x0000, 0x0000, 0x0000, 0x0020, 0x2923, 0x41C5, 0x8BCB, 0x7B6A,
  0x5A66, 0x3983, 0x3963, 0x3963, 0x3963, 0x3143, 0x3143, 0x3963, 0x3143, 0x3143, 0x3143, 0x3143,
  0x3143, 0x3143, 0x3143, 0x39A4, 0x3164, 0x0020, 0x0000, 0x0000, 0x0000, 0x0000, 0x0000, 0x0000,
  0x0000, 0x0000, 0x0000, 0x0000, 0x0000, 0x0000, 0x0000, 0x0000, 0x0000, 0x0000, 0x0000, 0x0000,
  0x0000, 0x0000, 0x0000, 0x0000, 0x0000, 0x0000, 0x0000, 0x0000, 0x0000, 0x0000, 0x0000, 0x0000,
  0x0000, 0x0000, 0x0000, 0x0020, 0x0020, 0x0020, 0x0020, 0x0020, 0x0020, 0x0020, 0x0020, 0x0020,
  0x0020, 0x0020, 0x0020, 0x0020, 0x0020, 0x0020, 0x0020, 0x0020, 0x0020, 0x0020, 0x0020, 0x0020,
  0x0020, 0x0020, 0x0020, 0x0020, 0x0020, 0x0020, 0x0020, 0x0020, 0x0020, 0x0020, 0x0020, 0x0020,
  0x0020, 0x0020, 0x0020, 0x0020, 0x0840, 0x2103, 0x41E5, 0x4A26, 0x83AB, 0x83AB, 0x6AC8, 0x41C4,
  0x3163, 0x3143, 0x3143, 0x3143, 0x3143, 0x3143, 0x3143, 0x3143, 0x3143, 0x3143, 0x3143, 0x3122,
  0x3122, 0x3143, 0x3143, 0x41C4, 0x1081, 0x0000, 0x0000, 0x0000, 0x0000, 0x0000, 0x0000, 0x0000,
  0x0000, 0x0000, 0x0000, 0x0000, 0x0000, 0x0000, 0x0000, 0x0000, 0x0000, 0x0000, 0x0000, 0x0000,
  0x0000, 0x0000, 0x0000, 0x0000, 0x0000, 0x0000, 0x0000, 0x0000, 0x0000, 0x0000, 0x0000, 0x0000,
  0x1082, 0x2965, 0x4207, 0x4A48, 0x5289, 0x5289, 0x5289, 0x5AA9, 0x5A89, 0x5289, 0x5288, 0x5268,
  0x5268, 0x5268, 0x5248, 0x5268, 0x5248, 0x5248, 0x5248, 0x5268, 0x5268, 0x5268, 0x5268, 0x5268,
  0x5268, 0x5268, 0x5268, 0x5268, 0x4A48, 0x4A48, 0x5248, 0x5268, 0x5268, 0x5268, 0x5268, 0x5268,
  0x5268, 0x5268, 0x5268, 0x5247, 0x62A8, 0x8BEC, 0xACCF, 0x942D, 0x7329, 0x5225, 0x3963, 0x3143,
  0x3143, 0x3143, 0x3143, 0x3143, 0x3123, 0x3123, 0x3143, 0x3123, 0x3123, 0x3122, 0x3122, 0x2922,
  0x2922, 0x2902, 0x3143, 0x2102, 0x0020, 0x0000, 0x0000, 0x0000, 0x0000, 0x0000, 0x0000, 0x0000,
  0x0000, 0x0000, 0x0000, 0x0000, 0x0000, 0x0000, 0x0000, 0x0000, 0x0000, 0x0000, 0x0000, 0x0000,
  0x0000, 0x0000, 0x0000, 0x0000, 0x0000, 0x0000, 0x0000, 0x0000, 0x0000, 0x0000, 0x0000, 0x0000,
  0x5289, 0x8C0E, 0xA4F1, 0xBD73, 0xC5B4, 0xC5B4, 0xC5D4, 0xC5D4, 0xC5B4, 0xBD93, 0xBD73, 0xBD93,
  0xBD93, 0xBD73, 0xBD73, 0xBD73, 0xBD73, 0xBD73, 0xBD93, 0xBD93, 0xBD94, 0xC5B4, 0xC5B4, 0xC5B4,
  0xC5B4, 0xBD93, 0xC5B4, 0xBD73, 0xBD73, 0xB573, 0xBD73, 0xBD73, 0xBD94, 0xBD94, 0xBD73, 0xBD93,
  0xBD73, 0xBD93, 0xB552, 0xA4D0, 0x9C6E, 0x83CB, 0x7309, 0x5246, 0x3984, 0x3122, 0x3142, 0x3143,
  0x3143, 0x3143, 0x3143, 0x3143, 0x3123, 0x2922, 0x2923, 0x2922, 0x2922, 0x2922, 0x2922, 0x2922,
  0x2902, 0x2902, 0x2102, 0x0840, 0x0000, 0x0000, 0x0000, 0x0000, 0x0000, 0x0000, 0x0000, 0x0000,
  0x0000, 0x0000, 0x0000, 0x0000, 0x0000, 0x0000, 0x0000, 0x0000, 0x0000, 0x0000, 0x0000, 0x0000,
  0x0000, 0x0000, 0x0000, 0x0000, 0x0000, 0x0000, 0x0000, 0x0000, 0x0000, 0x0000, 0x0000, 0x0820,
  0x8C0E, 0x62E9, 0x62C9, 0x6B0A, 0x6B0A, 0x6B0A, 0x6B0A, 0x6B0A, 0x6AE9, 0x62E9, 0x62C9, 0x62C9,
  0x62C9, 0x62C9, 0x62C9, 0x62C9, 0x62E9, 0x6AE9, 0x6B0A, 0x6B0A, 0x6B0A, 0x6B0A, 0x6B0A, 0x6B0A,
  0x6B0A, 0x6B0A, 0x6AE9, 0x6AE9, 0x62C9, 0x62C9, 0x62C9, 0x6AE9, 0x6AE9, 0x6AE9, 0x6AEA, 0x6AE9,
  0x6AE9, 0x6AE9, 0x62C8, 0x5A67, 0x5226, 0x41C4, 0x3963, 0x3143, 0x3143, 0x3143, 0x3143, 0x3143,
  0x3143, 0x3143, 0x3123, 0x3123, 0x2922, 0x2922, 0x2922, 0x2923, 0x2922, 0x2922, 0x2922, 0x2902,
  0x2902, 0x2102, 0x0860, 0x0000, 0x0000, 0x0000, 0x0000, 0x0000, 0x0000, 0x0000, 0x0000, 0x0000,
  0x0000, 0x0000, 0x0000, 0x0000, 0x0000, 0x0000, 0x0000, 0x0000, 0x0000, 0x0000, 0x0000, 0x0000,
  0x0000, 0x0000, 0x0000, 0x0000, 0x0000, 0x0000, 0x0000, 0x0000, 0x0000, 0x0000, 0x0000, 0x18C2,
  0xA4AF, 0x41A4, 0x3963, 0x3984, 0x3984, 0x3963, 0x3163, 0x3143, 0x3143, 0x3143, 0x3123, 0x2923,
  0x2923, 0x2923, 0x2923, 0x2923, 0x2923, 0x3143, 0x3143, 0x3143, 0x3143, 0x3143, 0x3143, 0x3143,
  0x3143, 0x3143, 0x3143, 0x2923, 0x2923, 0x2923, 0x2923, 0x2923, 0x2923, 0x3143, 0x3143, 0x2923,
  0x2923, 0x2923, 0x2923, 0x3143, 0x2923, 0x3143, 0x3143, 0x3143, 0x3143, 0x3143, 0x3123, 0x3143,
  0x3143, 0x3143, 0x3123, 0x3123, 0x2922, 0x2922, 0x2922, 0x2923, 0x2922, 0x2923, 0x2922, 0x2923,
  0x2102, 0x1061, 0x0000, 0x0000, 0x0000, 0x0000, 0x0000, 0x0000, 0x0000, 0x0000, 0x0000, 0x0000,
  0x0000, 0x0000, 0x0000, 0x0000, 0x0000, 0x0000, 0x0000, 0x0000, 0x0000, 0x0000, 0x0000, 0x0000,
  0x0000, 0x0000, 0x0000, 0x0000, 0x0000, 0x0000, 0x0000, 0x0000, 0x0000, 0x0000, 0x0000, 0x3184,
  0xACF0, 0x41A4, 0x3963, 0x3963, 0x3963, 0x3963, 0x3163, 0x3143, 0x3143, 0x3143, 0x3143, 0x3143,
  0x2923, 0x2923, 0x2923, 0x2923, 0x2923, 0x3143, 0x3143, 0x3143, 0x3143, 0x3123, 0x2923, 0x3123,
  0x2923, 0x2923, 0x2923, 0x2923, 0x2922, 0x2922, 0x2923, 0x2923, 0x2923, 0x2923, 0x2923, 0x2923,
  0x2923, 0x2923, 0x2923, 0x2923, 0x3123, 0x3123, 0x3123, 0x3123, 0x3143, 0x3123, 0x3123, 0x3123,
  0x3123, 0x3123, 0x3123, 0x3123, 0x2922, 0x2922, 0x3123, 0x2923, 0x2922, 0x2922, 0x2923, 0x2102,
  0x1061, 0x0000, 0x0000, 0x0000, 0x0000, 0x0000, 0x0000, 0x0000, 0x0000, 0x0000, 0x0000, 0x0000,
  0x0000, 0x0000, 0x0000, 0x0000, 0x0000, 0x0000, 0x0000, 0x0000, 0x0000, 0x0000, 0x0000, 0x0000,
  0x0000, 0x0000, 0x0000, 0x0000, 0x0000, 0x0000, 0x0000, 0x0000, 0x0000, 0x0000, 0x0000, 0x5268,
  0x942D, 0x3983, 0x3143, 0x3143, 0x3963, 0x3143, 0x3143, 0x3143, 0x3143, 0x3143, 0x3143, 0x3143,
  0x3123, 0x3123, 0x3143, 0x3143, 0x3123, 0x3143, 0x3143, 0x3143, 0x3143, 0x2923, 0x2923, 0x2923,
  0x2922, 0x2922, 0x2922, 0x2923, 0x2922, 0x2922, 0x2923, 0x3123, 0x2923, 0x2923, 0x2923, 0x2923,
  0x2923, 0x2922, 0x2922, 0x2922, 0x2922, 0x2922, 0x2922, 0x2922, 0x2923, 0x2922, 0x2922, 0x3123,
  0x3123, 0x2922, 0x3123, 0x2922, 0x2922, 0x2922, 0x2922, 0x2923, 0x2902, 0x2903, 0x2102, 0x1061,
  0x0000, 0x0000, 0x0000, 0x0000, 0x0000, 0x0000, 0x0000, 0x0000, 0x0000, 0x0000, 0x0000, 0x0000,
  0x0000, 0x0000, 0x0000, 0x0000, 0x0000, 0x0000, 0x0000, 0x0000, 0x0000, 0x0000, 0x0000, 0x0000,
  0x0000, 0x0000, 0x0000, 0x0000, 0x0000, 0x0000, 0x0000, 0x0000, 0x0000, 0x0000, 0x0000, 0x7B8C,
  0x7B6A, 0x3983, 0x3143, 0x3143, 0x3963, 0x3943, 0x3143, 0x3143, 0x3143, 0x3143, 0x3143, 0x3123,
  0x3143, 0x3123, 0x3143, 0x2922, 0x3142, 0x3122, 0x3123, 0x3123, 0x2922, 0x2923, 0x3123, 0x2922,
  0x2922, 0x2922, 0x2922, 0x2923, 0x2922, 0x2902, 0x2922, 0x2923, 0x2922, 0x2922, 0x2922, 0x3123,
  0x2922, 0x2922, 0x2922, 0x2922, 0x2922, 0x2922, 0x2902, 0x2922, 0x2902, 0x2902, 0x2922, 0x2922,
  0x2922, 0x2922, 0x2922, 0x2922, 0x2922, 0x2922, 0x2922, 0x2902, 0x2902, 0x20E2, 0x0841, 0x0000,
  0x0000, 0x0000, 0x0000, 0x0000, 0x0000, 0x0000, 0x0000, 0x0000, 0x0000, 0x0000, 0x0000, 0x0000,
  0x0000, 0x0000, 0x0000, 0x0000, 0x0000, 0x0000, 0x0000, 0x0000, 0x0000, 0x0000, 0x0000, 0x0000,
  0x0000, 0x0000, 0x0000, 0x0000, 0x0000, 0x0000, 0x0000, 0x0000, 0x0000, 0x0000, 0x0000, 0x946F,
  0x62C8, 0x3984, 0x3963, 0x3963, 0x3963, 0x3943, 0x3143, 0x3143, 0x3143, 0x3143, 0x3123, 0x3123,
  0x3123, 0x2922, 0x3123, 0x3123, 0x2922, 0x3123, 0x3123, 0x3123, 0x2922, 0x3123, 0x2922, 0x2922,
  0x2922, 0x2922, 0x2922, 0x2922, 0x2922, 0x2922, 0x2922, 0x2922, 0x2922, 0x2922, 0x2922, 0x2922,
  0x2922, 0x2922, 0x2922, 0x2922, 0x2902, 0x2922, 0x2902, 0x2902, 0x2902, 0x2902, 0x2902, 0x2902,
  0x2902, 0x2902, 0x2902, 0x2902, 0x2902, 0x2902, 0x2922, 0x2903, 0x20E2, 0x0840, 0x0000, 0x0000,
  0x0000, 0x0000, 0x0000, 0x0000, 0x0000, 0x0000, 0x0000, 0x0000, 0x0000, 0x0000, 0x0000, 0x0000,
  0x0000, 0x0000, 0x0000, 0x0000, 0x0000, 0x0000, 0x0000, 0x0000, 0x0000, 0x0000, 0x0000, 0x0000,
  0x0000, 0x0000, 0x0000, 0x0000, 0x0000, 0x0000, 0x0000, 0x0000, 0x0000, 0x0000, 0x0000, 0xA4F1,
  0x5247, 0x3983, 0x3963, 0x3963, 0x3963, 0x3143, 0x3143, 0x3143, 0x3143, 0x3143, 0x2922, 0x2922,
  0x3123, 0x2922, 0x3123, 0x2922, 0x2922, 0x3123, 0x3123, 0x3123, 0x3123, 0x3123, 0x2922, 0x2922,
  0x2922, 0x2922, 0x3123, 0x2922, 0x2922, 0x2922, 0x3123, 0x2923, 0x2922, 0x2922, 0x2902, 0x2922,
  0x2902, 0x2902, 0x2902, 0x2902, 0x2902, 0x2902, 0x2902, 0x2902, 0x2902, 0x2902, 0x2902, 0x2902,
  0x2902, 0x2902, 0x2902, 0x2902, 0x2902, 0x2902, 0x2902, 0x20E2, 0x0840, 0x0000, 0x0000, 0x0000,
  0x0000, 0x0000, 0x0000, 0x0000, 0x0000, 0x0000, 0x0000, 0x0000, 0x0000, 0x0000, 0x0000, 0x0000,
  0x0000, 0x0000, 0x0000, 0x0000, 0x0000, 0x0000, 0x0000, 0x0000, 0x0000, 0x0000, 0x0000, 0x0000,
  0x0000, 0x0000, 0x0000, 0x0000, 0x0000, 0x0000, 0x0000, 0x0000, 0x0000, 0x0000, 0x0000, 0xAD53,
  0x4206, 0x3143, 0x3963, 0x3143, 0x3163, 0x3143, 0x3143, 0x3123, 0x3123, 0x3123, 0x2922, 0x2922,
  0x3122, 0x2922, 0x2922, 0x2922, 0x3122, 0x3122, 0x3123, 0x3123, 0x3143, 0x2922, 0x3123, 0x2922,
  0x2922, 0x2922, 0x2923, 0x2923, 0x2923, 0x2923, 0x2923, 0x2922, 0x2922, 0x2922, 0x2902, 0x2902,
  0x2902, 0x2902, 0x2902, 0x2902, 0x2902, 0x2902, 0x2902, 0x2902, 0x2902, 0x2902, 0x2902, 0x2902,
  0x2902, 0x2902, 0x2902, 0x2902, 0x2902, 0x20C2, 0x18A2, 0x0820, 0x0000, 0x0000, 0x0000, 0x0000,
  0x0000, 0x0000, 0x0000, 0x0000, 0x0000, 0x0000, 0x0000, 0x0000, 0x0000, 0x0000, 0x0000, 0x0000,
  0x0000, 0x0000, 0x0000, 0x0000, 0x0000, 0x0000, 0x0000, 0x0000, 0x0000, 0x0000, 0x0000, 0x0000,
  0x0000, 0x0000, 0x0000, 0x0000, 0x0000, 0x0000, 0x0000, 0x0000, 0x0000, 0x0000, 0x1061, 0xC5B4,
  0x41C5, 0x2923, 0x3123, 0x3142, 0x3142, 0x3142, 0x3123, 0x3122, 0x3122, 0x3123, 0x3123, 0x2922,
  0x2922, 0x3122, 0x2922, 0x3123, 0x3142, 0x3142, 0x3123, 0x3123, 0x3123, 0x3123, 0x3123, 0x3123,
  0x2922, 0x2922, 0x2922, 0x2923, 0x2922, 0x2922, 0x2922, 0x2922, 0x2902, 0x2902, 0x2902, 0x2902,
  0x2902, 0x2902, 0x2902, 0x2902, 0x2902, 0x2902, 0x2902, 0x2902, 0x2902, 0x2902, 0x2902, 0x2902,
  0x2902, 0x2902, 0x2902, 0x20E2, 0x18C2, 0x0840, 0x0020, 0x0000, 0x0000, 0x0000, 0x0000, 0x0000,
  0x0000, 0x0000, 0x0000, 0x0000, 0x0000, 0x0000, 0x0000, 0x0000, 0x0000, 0x0000, 0x0000, 0x0000,
  0x0000, 0x0000, 0x0000, 0x0000, 0x0000, 0x0000, 0x0000, 0x0000, 0x0000, 0x0000, 0x0000, 0x0000,
  0x0000, 0x0000, 0x0000, 0x0000, 0x0000, 0x0000, 0x0000, 0x0000, 0x0000, 0x0000, 0x2944, 0xCE15,
  0x3984, 0x2902, 0x2922, 0x2922, 0x2922, 0x2922, 0x2922, 0x3123, 0x2922, 0x3123, 0x3122, 0x3122,
  0x3122, 0x3122, 0x3122, 0x3143, 0x3142, 0x3142, 0x3143, 0x3123, 0x3123, 0x3123, 0x3123, 0x3122,
  0x2923, 0x2922, 0x2922, 0x2922, 0x2922, 0x2922, 0x2922, 0x2902, 0x2902, 0x2902, 0x2902, 0x2902,
  0x2902, 0x2902, 0x2902, 0x2902, 0x2902, 0x2902, 0x2902, 0x2902, 0x20E2, 0x20E2, 0x2902, 0x2902,
  0x2902, 0x20E2, 0x20C2, 0x1081, 0x0820, 0x0000, 0x0000, 0x0000, 0x0000, 0x0000, 0x0000, 0x0000,
  0x0000, 0x0000, 0x0000, 0x0000, 0x0000, 0x0000, 0x0000, 0x0000, 0x0000, 0x0000, 0x0000, 0x0000,
  0x0000, 0x0000, 0x0000, 0x0000, 0x0000, 0x0000, 0x0000, 0x0000, 0x0000, 0x0000, 0x0000, 0x0000,
  0x0000, 0x0000, 0x0000, 0x0000, 0x0000, 0x0000, 0x0000, 0x0000, 0x0000, 0x0000, 0x4A07, 0xC593,
  0x3984, 0x2902, 0x2902, 0x2922, 0x2922, 0x2922, 0x3142, 0x3142, 0x3123, 0x3123, 0x3122, 0x3122,
  0x3143, 0x3122, 0x3122, 0x3143, 0x3142, 0x3143, 0x3123, 0x2922, 0x3123, 0x3143, 0x3122, 0x2922,
  0x2922, 0x2922, 0x2922, 0x2922, 0x2922, 0x2922, 0x2922, 0x2922, 0x2902, 0x2902, 0x2902, 0x2902,
  0x2902, 0x2902, 0x2902, 0x2902, 0x2902, 0x2902, 0x2902, 0x2902, 0x2902, 0x20E2, 0x20E2, 0x18C2,
  0x18C2, 0x1081, 0x0820, 0x0000, 0x0000, 0x0000, 0x0000, 0x0000, 0x0000, 0x0000, 0x0000, 0x0000,
  0x0000, 0x0000, 0x0000, 0x0000, 0x0000, 0x0000, 0x0000, 0x0000, 0x0000, 0x0000, 0x0000, 0x0000,
  0x0000, 0x0000, 0x0000, 0x0000, 0x0000, 0x0000, 0x0000, 0x0000, 0x0000, 0x0000, 0x0000, 0x0000,
  0x0000, 0x0000, 0x0000, 0x0000, 0x0000, 0x0000, 0x0000, 0x0000, 0x0000, 0x0000, 0x62EA, 0xACD0,
  0x3163, 0x2902, 0x2922, 0x3122, 0x3122, 0x3142, 0x3143, 0x3143, 0x3143, 0x3143, 0x3143, 0x3143,
  0x3143, 0x3143, 0x3143, 0x3143, 0x3143, 0x3143, 0x3123, 0x3123, 0x3122, 0x2922, 0x2922, 0x2922,
  0x2902, 0x2902, 0x2922, 0x2922, 0x2922, 0x2922, 0x2922, 0x2922, 0x2922, 0x2922, 0x2922, 0x2902,
  0x2902, 0x2922, 0x2922, 0x2922, 0x2922, 0x2922, 0x2902, 0x2102, 0x20C2, 0x18C2, 0x18A2, 0x0840,
  0x0020, 0x0000, 0x0000, 0x0000, 0x0000, 0x0000, 0x0000, 0x0000, 0x0000, 0x0000, 0x0000, 0x0000,
  0x0000, 0x0000, 0x0000, 0x0000, 0x0000, 0x0000, 0x0000, 0x0000, 0x0000, 0x0000, 0x0000, 0x0000,
  0x0000, 0x0000, 0x0000, 0x0000, 0x0000, 0x0000, 0x0000, 0x0000, 0x0000, 0x0000, 0x0000, 0x0000,
  0x0000, 0x0000, 0x0000, 0x0000, 0x0000, 0x0000, 0x0000, 0x0000, 0x0000, 0x0000, 0x734B, 0x8BED,
  0x3984, 0x3143, 0x3143, 0x3143, 0x3143, 0x3163, 0x3143, 0x3143, 0x3143, 0x2923, 0x2923, 0x2923,
  0x2923, 0x2902, 0x2903, 0x2902, 0x2923, 0x2902, 0x2923, 0x2923, 0x2902, 0x2902, 0x2923, 0x2922,
  0x2902, 0x2922, 0x2922, 0x2923, 0x3143, 0x3143, 0x3143, 0x3143, 0x3143, 0x3123, 0x3123, 0x3123,
  0x3123, 0x2922, 0x2922, 0x2902, 0x2902, 0x2102, 0x20E2, 0x18A1, 0x0840, 0x0020, 0x0020, 0x0000,
  0x0000, 0x0000, 0x0000, 0x0000, 0x0000, 0x0000, 0x0000, 0x0000, 0x0000, 0x0000, 0x0000, 0x0000,
  0x0000, 0x0000, 0x0000, 0x0000, 0x0000, 0x0000, 0x0000, 0x0000, 0x0000, 0x0000, 0x0000, 0x0000,
  0x0000, 0x0000, 0x0000, 0x0000, 0x0000, 0x0000, 0x0000, 0x0000, 0x0000, 0x0000, 0x0000, 0x0000,
  0x0000, 0x0000, 0x0000, 0x0000, 0x0000, 0x0000, 0x0000, 0x0000, 0x0000, 0x0000, 0x5268, 0x4A47,
  0x3984, 0x3984, 0x3984, 0x3984, 0x3963, 0x3143, 0x2902, 0x20C2, 0x18C2, 0x18A1, 0x18A1, 0x18A1,
  0x18A1, 0x1081, 0x1081, 0x1081, 0x18A1, 0x18A1, 0x18A2, 0x18C2, 0x18C2, 0x20E2, 0x20E2, 0x2102,
  0x2102, 0x2903, 0x2923, 0x2923, 0x2923, 0x2943, 0x3143, 0x3143, 0x3143, 0x3163, 0x3984, 0x3984,
  0x3163, 0x2922, 0x20E2, 0x18A1, 0x1060, 0x0840, 0x0840, 0x0020, 0x0000, 0x0000, 0x0000, 0x0000,
  0x0000, 0x0000, 0x0000, 0x0000, 0x0000, 0x0000, 0x0000, 0x0000, 0x0000, 0x0000, 0x0000, 0x0000,
  0x0000, 0x0000, 0x0000, 0x0000, 0x0000, 0x0000, 0x0000, 0x0000, 0x0000, 0x0000, 0x0000, 0x0000,
  0x0000, 0x0000, 0x0000, 0x0000, 0x0000, 0x0000, 0x0000, 0x0000, 0x0000, 0x0000, 0x0000, 0x0000,
  0x0000, 0x0000, 0x0000, 0x0000, 0x0000, 0x0000, 0x0000, 0x0000, 0x0000, 0x0000, 0x0861, 0x1081,
  0x18C2, 0x20C2, 0x20E2, 0x20E2, 0x20C2, 0x18A1, 0x1061, 0x0820, 0x0020, 0x0000, 0x0000, 0x0000,
  0x0000, 0x0000, 0x0000, 0x0000, 0x0000, 0x0020, 0x0020, 0x0020, 0x0020, 0x0020, 0x0820, 0x0820,
  0x0820, 0x0840, 0x0840, 0x0841, 0x1061, 0x1081, 0x1081, 0x1081, 0x18A1, 0x18C1, 0x18C2, 0x20E2,
  0x20C2, 0x1081, 0x0840, 0x0000, 0x0000, 0x0000, 0x0000, 0x0000, 0x0000, 0x0000, 0x0000, 0x0000,
  0x0000, 0x0000, 0x0000, 0x0000, 0x0000, 0x0000, 0x0000, 0x0000, 0x0000, 0x0000, 0x0000, 0x0000,
  0x0000, 0x0000, 0x0000, 0x0000, 0x0000, 0x0000, 0x0000, 0x0000, 0x0000, 0x0000, 0x0000, 0x0000,
  0x0000, 0x0000, 0x0000, 0x0000, 0x0000, 0x0000, 0x0000, 0x0000, 0x0000, 0x0000, 0x0000, 0x0000,
  0x0000, 0x0000, 0x0000, 0x0000, 0x0000, 0x0000, 0x0000, 0x0000, 0x0000, 0x0000, 0x0000, 0x0000,
  0x0000, 0x0000, 0x0000, 0x0000, 0x0000, 0x0000, 0x0000, 0x0000, 0x0000, 0x0000, 0x0000, 0x0000,
  0x0000, 0x0000, 0x0000, 0x0000, 0x0000, 0x0000, 0x0000, 0x0000, 0x0000, 0x0000, 0x0000, 0x0000,
  0x0000, 0x0000, 0x0000, 0x0000, 0x0000, 0x0000, 0x0000, 0x0000, 0x0000, 0x0000, 0x0000, 0x0000,
  0x0000, 0x0000, 0x0000, 0x0000, 0x0000, 0x0000, 0x0000, 0x0000, 0x0000, 0x0000, 0x0000, 0x0000,
  0x0000, 0x0000, 0x0000, 0x0000, 0x0000, 0x0000, 0x0000, 0x0000, 0x0000, 0x0000, 0x0000, 0x0000,
  0x0000, 0x0000, 0x0000, 0x0000, 0x0000, 0x0000, 0x0000, 0x0000, 0x0000, 0x0000, 0x0000, 0x0000,
  0x0000, 0x0000, 0x0000, 0x0000, 0x0000, 0x0000, 0x0000, 0x0000, 0x0000, 0x0000, 0x0000, 0x0000,
  0x0000, 0x0000, 0x0000, 0x0000, 0x0000, 0x0000, 0x0000, 0x0000, 0x0000, 0x0000, 0x0000, 0x0000,
  0x0000, 0x0000, 0x0000, 0x0000, 0x0000, 0x0000, 0x0000, 0x0000, 0x0000, 0x0000, 0x0000, 0x0000,
  0x0000, 0x0000, 0x0000, 0x0000, 0x0000, 0x0000, 0x0000, 0x0000, 0x0000, 0x0000, 0x0000, 0x0000,
  0x0000, 0x0000, 0x0000, 0x0000, 0x0000, 0x0000, 0x0000, 0x0000, 0x0000, 0x0000, 0x0000, 0x0000,
  0x0000, 0x0000, 0x0000, 0x0000, 0x0000, 0x0000, 0x0000, 0x0000, 0x0000, 0x0000, 0x0000, 0x0000,
  0x0000, 0x0000, 0x0000, 0x0000, 0x0000, 0x0000, 0x0000, 0x0000, 0x0000, 0x0000, 0x0000, 0x0000,
  0x0000, 0x0000, 0x0000, 0x0000, 0x0000, 0x0000, 0x0000, 0x0000, 0x0000, 0x0000, 0x0000, 0x0000,
  0x0000, 0x0000, 0x0000, 0x0000, 0x0000, 0x0000, 0x0000, 0x0000, 0x0000, 0x0000, 0x0000, 0x0000,
  0x0000, 0x0000, 0x0000, 0x0000, 0x0000, 0x0000, 0x0000, 0x0000, 0x0000, 0x0000, 0x0000, 0x0000,
  0x0000, 0x0000, 0x0000, 0x0000, 0x0000, 0x0000, 0x0000, 0x0000, 0x0000, 0x0000, 0x0000, 0x0000,
  0x0000, 0x0000, 0x0000, 0x0000, 0x0000, 0x0000, 0x0000, 0x0000, 0x0000, 0x0000, 0x0000, 0x0000,
  0x0000, 0x0000, 0x0000, 0x0000, 0x0000, 0x0000, 0x0000, 0x0000, 0x0000, 0x0000, 0x0000, 0x0000,
  0x0000, 0x0000, 0x0000, 0x0000, 0x0000, 0x0000, 0x0000, 0x0000, 0x0000, 0x0000, 0x0000, 0x0000,
  0x0000, 0x0000, 0x0000, 0x0000, 0x0000, 0x0000, 0x0000, 0x0000, 0x0000, 0x0000, 0x0000, 0x0000,
  0x0000, 0x0000, 0x0000, 0x0000, 0x0000, 0x0000, 0x0000, 0x0000, 0x0000, 0x0000, 0x0000, 0x0000,
  0x0000, 0x0000, 0x0000, 0x0000, 0x0000, 0x0000, 0x0000, 0x0000, 0x0000, 0x0000, 0x0000, 0x0000,
  0x0000, 0x0000, 0x0000, 0x0000, 0x0000, 0x0000, 0x0000, 0x0000, 0x0000, 0x0000, 0x0000, 0x0000,
  0x0000, 0x0000, 0x0000, 0x0000, 0x0000, 0x0000, 0x0000, 0x0000, 0x0000, 0x0000, 0x0000, 0x0000,
  0x0000, 0x0000, 0x0000, 0x0000, 0x0000, 0x0000, 0x0000, 0x0000, 0x0000, 0x0000, 0x0000, 0x0000,
  0x0000, 0x0000, 0x0000, 0x0000, 0x0000, 0x0000, 0x0000, 0x0000, 0x0000, 0x0000, 0x0000, 0x0000,
  0x0000, 0x0000, 0x0000, 0x0000, 0x0000, 0x0000, 0x0000, 0x0000, 0x0000, 0x0000, 0x0000, 0x0000,
  0x0000, 0x0000, 0x0000, 0x0000, 0x0000, 0x0000, 0x0000, 0x0000, 0x0000, 0x0000, 0x0000, 0x0000,
  0x0000, 0x0000, 0x0000, 0x0000, 0x0000, 0x0000, 0x0000, 0x0000, 0x0000, 0x0000, 0x0000, 0x0000,
  0x0000, 0x0000, 0x0000, 0x0000, 0x0000, 0x0000, 0x0000, 0x0000, 0x0000, 0x0000, 0x0000, 0x0000,
  0x0000, 0x0000, 0x0000, 0x0000, 0x0000, 0x0000, 0x0000, 0x0000, 0x0000, 0x0000, 0x0000, 0x0000,
  0x0000, 0x0000, 0x0000, 0x0000, 0x0000, 0x0000, 0x0000, 0x0000, 0x0000, 0x0000, 0x0000, 0x0000,
  0x0000, 0x0000, 0x0000, 0x0000, 0x0000, 0x0000, 0x0000, 0x0000, 0x0000, 0x0000, 0x0000, 0x0000,
  0x0000, 0x0000, 0x0000, 0x0000, 0x0000, 0x0000, 0x0000, 0x0000, 0x0000, 0x0000, 0x0000, 0x0000,
  0x0000, 0x0000, 0x0000, 0x0000, 0x0000, 0x0000, 0x0000, 0x0000, 0x0000, 0x0000, 0x0000, 0x0000,
  0x0000, 0x0000, 0x0000, 0x0000, 0x0000, 0x0000, 0x0000, 0x0000, 0x0000, 0x0000, 0x0000, 0x0000,
  0x0000, 0x0000, 0x0000, 0x0000, 0x0000, 0x0000, 0x0000, 0x0000, 0x0000, 0x0000, 0x0000, 0x0000,
  0x0000, 0x0000, 0x0000, 0x0000, 0x0000, 0x0000, 0x0000, 0x0000, 0x0000, 0x0000, 0x0000, 0x0000,
  0x0000, 0x0000, 0x0000, 0x0000, 0x0000, 0x0000, 0x0000, 0x0000, 0x0000, 0x0000, 0x0000, 0x0000,
  0x0000, 0x0000, 0x0000, 0x0000, 0x0000, 0x0000, 0x0000, 0x0000, 0x0000, 0x0000, 0x0000, 0x0000,
  0x0000, 0x0000, 0x0000, 0x0000, 0x0000, 0x0000, 0x0000, 0x0000, 0x0000, 0x0000, 0x0000, 0x0000,
  0x0000, 0x0000, 0x0000, 0x0000, 0x0000, 0x0000, 0x0000, 0x0000, 0x0000, 0x0000, 0x0000, 0x0000,
  0x0000, 0x0000, 0x0000, 0x0000, 0x0000, 0x0000, 0x0000, 0x0000, 0x0000, 0x0000, 0x0000, 0x0000,
  0x0000, 0x0000, 0x0000, 0x0000, 0x0000, 0x0000, 0x0000, 0x0000, 0x0000, 0x0000, 0x0000, 0x0000,
  0x0000, 0x0000, 0x0000, 0x0000, 0x0000, 0x0000, 0x0000, 0x0000, 0x0000, 0x0000, 0x0000, 0x0000,
  0x0000, 0x0000, 0x0000, 0x0000, 0x0000, 0x0000, 0x0000, 0x0000, 0x0000, 0x0000, 0x0000, 0x0000,
  0x0000, 0x0000, 0x0000, 0x0000, 0x0000, 0x0000, 0x0000, 0x0000, 0x0000, 0x0000, 0x0000, 0x0000,
  0x0000, 0x0000, 0x0000, 0x0000, 0x0000, 0x0000, 0x0000, 0x0000, 0x0000, 0x0000, 0x0000, 0x0000,
  0x0000, 0x0000, 0x0000, 0x0000, 0x0000, 0x0000, 0x0000, 0x0000, 0x0000, 0x0000, 0x0000, 0x0000,
  0x0000, 0x0000, 0x0000, 0x0000, 0x0000, 0x0000, 0x0000, 0x0000, 0x0000, 0x0000, 0x0000, 0x0000,
  0x0000, 0x0000, 0x0000, 0x0000, 0x0000, 0x0000, 0x0000, 0x0000, 0x0000, 0x0000, 0x0000, 0x0000,
  0x0000, 0x0000, 0x0000, 0x0000, 0x0000, 0x0000, 0x0000, 0x0000, 0x0000, 0x0000, 0x0000, 0x0000,
  0x0000, 0x0000, 0x0000, 0x0000, 0x0000, 0x0000, 0x0000, 0x0000, 0x0000, 0x0000, 0x0000, 0x0000,
  0x0000, 0x0000, 0x0000, 0x0000, 0x0000, 0x0000, 0x0000, 0x0000, 0x0000, 0x0000, 0x0000, 0x0000
};
const int img_9_width  = 96;
const int img_9_height = 114;

struct PhotoDigit {
  const uint16_t *data;
  uint8_t w, h;
};

const PhotoDigit PHOTO_GOLD_DIGITS[10] = {
  {img_0, img_0_width, img_0_height},
  {img_1, img_1_width, img_1_height},
  {img_2, img_2_width, img_2_height},
  {img_3, img_3_width, img_3_height},
  {img_4, img_4_width, img_4_height},
  {img_5, img_5_width, img_5_height},
  {img_6, img_6_width, img_6_height},
  {img_7, img_7_width, img_7_height},
  {img_8, img_8_width, img_8_height},
  {img_9, img_9_width, img_9_height},
};
